tree
version=v4
num_class=1
num_tree_per_iteration=1
label_index=0
max_feature_idx=7
objective=regression
feature_names=population jobs job_balance n_neighbors_3km mean_dist_to_5_neighbors_km density_proxy dist_to_center_km centrality
feature_infos=[1745:119808.00000000006] [362.10897114140073:103736.68141316395] [0.089773116150910548:4.5033564580293381] [1:8] [1.597595568515755:5.0100417154133376] [0.19959913645499419:0.62594064462074672] [3.1658053994289075:22.139596774830107] [0.011939305303867097:0.53091089391789137]
tree_sizes=1690 1773 1936 1639 1772 1742 1952 1797 1823 1627 1686 1692 1752 1749 1692 1784 1707 1705 1626 1706 1831 1696 1751 1821 1894 1787 1836 1762 1798 1749 1756 1611 1712 1686 1772 1771 1601 1675 1597 1770 1861 1736 1763 1943 1755 1851 1838 1733 1763 1690 1689 1753 1680 1675 1603 1688 1748 1743 1744 1733 1698 1687 1754 1759 1655 1722 1566 1636 1609 1527 1772 1754 1962 1809 1750 1747 1736 1740 1736 1764 1771 1765 1766 1753 1860 1871 1793 1785 1789 1856 1705 1837 1708 1765 1762 1662 1694 1770 1880 1874 1810 1685 1679 1771 1845 1803 1808 1886 1800 1856 1676 1701 1622 1771 1734 1781 1722 1783 1685 1685 1885 1883 1960 1778 1788 1792 1735 1812 1810 1806 1793 1783 1895 1849 1868 1730 1866 1778 1771 1670 1682 1680 1686 1623 1770 1854 1937 1804 1954 2058 1853 1684 1705 1836 1724 1696 1620 1883 1596 1594 1631 1633 1850 1796 1964 1833 1821 1797 1746 1885 1786 1769 1711 1857 1967 1619 1600 1601 1656 1566 1610 1714 1619 1682 1885 1808 2011 1962 1879 1782 1783 1775 1786 1712 1721 1670 1685 1686 1675 1788 1723 1705 1730 1695 1809 1908 1794 1852 1729 1877 1752 1875 1684 1951 1856 1928 1964 2023 1928 1857 1833 1908 1739 1890 1845 1542 1636 1611 1572 1663 1698 1849 1780 1846 1785 1778 1791 1847 1849 1788 1990 1908 1931 1818 1723 1668 1664 1565 1676 1701 1856 1731 1809 1731 1761 1763 1768 1769 1718 1780 1765 1785 1864 1691 1801 1781 1794 1904 1773 1957 1819 1882 1802 1639 1718 1854 1866 1845 1890 1913 1823 1707 1981 1744 1924 1891 1738 1719 1857 1970 1882 1987 1792 1865 1941 1962 1804 1711 1917 1809 1767 1689 1778 1789 1769 1717 1803 1822 1824 1873 1783 1704 1791 1771 1710 1895 1664 1779 1743 1811 1836 1809 1920 1724 1774 1877 2067 1926 1818 2007 1954 1941 1883 1884 1823 1701 1702 1698 1825 1975 1910 1795 1967 1957 1948 1913 1963 1894 1870 1891 1725 1735 1834 1902 1899 1813 1832 1871 1822 1933 1899 1975 1982 1979 2066 1875 1847 1866 1840 1715 1883 1773 1808 1803 1836 1898 1897 1899 1711 1782 1863 1903 1841 1941 1863 1790 1891 1856 1907 1859 1746 1897 1833 1714 1732 1853 1834 1876 1831 1866

Tree=0
num_leaves=17
num_cat=0
split_feature=1 1 1 1 1 1 0 1 0 1 4 1 1 2 5 2
split_gain=8.8419e+09 2.16785e+09 3.3007e+08 2.85018e+08 8.44106e+07 6.78479e+07 5.07343e+07 1.14436e+07 7.41638e+06 6.85897e+06 3.44518e+06 2.38163e+06 1.43882e+06 1.40534e+06 793530 180103
threshold=52757.674236056024 15719.604082849797 7387.5125544820748 24205.677865591173 4405.9086795478224 11399.273390776547 43685.500000000007 31062.671928726599 8615.0000000000073 9442.0625753316071 2.3934212238621493 5451.4444842065941 2608.015573342022 0.27447364996027118 0.39292474761446045 0.23674119032890859
decision_type=2 2 2 2 2 2 2 2 2 2 2 2 2 2 2 2
left_child=1 2 4 6 8 9 -3 -5 15 13 -7 -6 -10 -4 -13 -1
right_child=-2 3 5 7 11 10 -8 -9 12 -11 -12 14 -14 -15 -16 -17
leaf_value=9630.1527598608991 11606.353239461594 10072.734449237731 9896.2399066707949 10474.891176202045 9787.4751219214468 10020.061582289285 10271.379964722011 10568.993218845275 9678.7918907202748 9935.9842894019148 10073.643145603086 9805.7031163062111 9716.7237168921492 9864.2285826148054 9830.546417087462 9643.573013767149
leaf_weight=5.0000000000000018 8.9999999999999982 5.0000000000000027 6.0000000000000027 5.9999999999999982 8.0000000000000018 5.9999999999999982 8.9999999999999982 7 4.9999999999999982 7.9999999999999991 6 4.9999999999999991 5 7.9999999999999991 8.9999999999999982 5
leaf_count=5 9 5 6 6 8 6 9 7 5 8 6 5 5 8 9 5
internal_value=10103.4 9972.13 9835.41 10357 9741.65 9951.22 10200.4 10525.6 9667.31 9899.05 10046.9 9809.24 9697.76 9877.95 9821.67 9636.86
internal_weight=112 103 76 27 42 34 14 13 20 22 12 22 10 14 14 10
internal_count=112 103 76 27 42 34 14 13 20 22 12 22 10 14 14 10
is_linear=0
shrinkage=1


Tree=1
num_leaves=18
num_cat=0
split_feature=1 1 1 1 1 1 2 1 1 1 5 1 4 2 1 2 1
split_gain=7.97981e+09 1.95847e+09 4.12795e+08 1.37212e+08 8.90976e+07 8.65299e+07 1.64505e+07 7.04049e+06 6.61148e+06 4.27144e+06 3.10928e+06 3.03023e+06 2.0984e+06 843410 742819 451044 414888
threshold=52757.674236056024 17549.64770584663 7607.5887173799301 29628.349800647582 11399.273390776547 4405.9086795478224 0.3433574889033712 15719.604082849797 1926.3337192909112 9442.0625753316071 0.44412785151983714 5451.4444842065941 2.4709768464156912 0.27702064154860279 1117.7490461145278 0.35245113372703452 6093.7564319131534
decision_type=2 2 2 2 2 2 2 2 2 2 2 2 2 2 2 2 2
left_child=1 2 5 6 9 8 -3 10 14 15 -6 -7 -5 16 -1 -4 -13
right_child=-2 3 4 12 7 11 -8 -9 -10 -11 -12 13 -14 -15 -16 -17 -18
leaf_value=-457.94739583333313 1420.0558919270834 243.49472534179677 -205.56884562174469 409.51421386718761 -36.018754577636706 -307.8783752441405 120.69543142318724 4.8648076375325529 -386.82621459960939 -166.79467086791993 -86.921236673990876 -271.20045572916655 455.32254882812498 -285.64068603515625 -433.06737467447914 -225.90248046874996 -251.69880859374996
leaf_weight=6.0000000000000018 8.9999999999999982 5.0000000000000018 6.0000000000000018 4.9999999999999982 6.0000000000000018 8.0000000000000018 6 5.9999999999999991 7.9999999999999991 7.9999999999999991 6 6.0000000000000018 5 5.9999999999999991 6 5 5
leaf_count=6 9 5 6 5 6 8 6 6 8 8 6 6 5 6 6 5 5
internal_value=-7.70239 -132.458 -242.793 298.373 -119.074 -344.517 176.513 -39.3584 -422.035 -194.594 -61.47 -282.503 432.418 -270.561 -445.507 -214.811 -262.336
internal_weight=112 103 82 21 37 45 11 18 20 19 12 25 10 17 12 11 11
internal_count=112 103 82 21 37 45 11 18 20 19 12 25 10 17 12 11 11
is_linear=0
shrinkage=0.05


Tree=2
num_leaves=20
num_cat=0
split_feature=1 1 1 1 1 1 0 0 0 0 3 1 5 1 6 6 7 0 2
split_gain=7.20178e+09 1.76752e+09 3.72977e+08 1.23834e+08 8.89439e+07 6.77828e+07 4.25713e+07 6.9324e+06 6.20866e+06 4.56939e+06 3.44198e+06 2.33149e+06 1.89381e+06 1.20048e+06 1.11923e+06 753362 219601 214477 127501
threshold=52757.674236056024 17549.64770584663 8017.8764203639594 29628.349800647582 4405.9086795478224 11399.273390776547 66429.000000000015 43685.500000000007 8615.0000000000073 23817.000000000018 4.5000000000000009 7387.5125544820748 0.40469831891852054 2608.015573342022 11.029932159873381 9.1127472625752919 0.097445459401076309 30461.999999999993 0.23674119032890859
decision_type=2 2 2 2 2 2 2 2 2 2 2 2 2 2 2 2 2 2 2
left_child=1 2 4 6 8 10 -3 15 18 14 16 17 -5 -10 -6 -7 -4 -11 -1
right_child=-2 3 5 12 9 7 -8 -9 13 11 -12 -13 -14 -15 -16 -17 -18 -19 -20
leaf_value=-434.43724609374976 1349.0531141493057 77.89484138488767 -168.27674072265631 432.55642578125008 -270.93063964843736 -51.420431518554665 275.43897949218746 -2.6983856201171879 -390.3989062500001 -251.8796020507813 -208.76983235677085 -217.07505371093748 389.03851074218744 -355.75089843749993 -301.47067464192708 -78.867864990234366 -153.45781616210934 -265.90115234374997 -423.14562499999994
leaf_weight=5.0000000000000018 8.9999999999999982 6.0000000000000018 4.9999999999999982 4.9999999999999982 6.0000000000000018 5.0000000000000018 5 7.9999999999999991 4.9999999999999982 5.9999999999999982 5.9999999999999991 4.9999999999999991 5 5 6 5 5 5 5
leaf_count=5 9 6 5 5 6 5 5 8 5 6 6 5 5 5 6 5 5 5 5
internal_value=-7.31726 -125.835 -230.653 283.454 -320.401 -103.951 167.688 -37.3905 -400.933 -262.877 -178.831 -245.385 410.797 -373.075 -286.201 -65.1441 -160.867 -258.253 -428.791
internal_weight=112 103 82 21 48 34 11 18 20 28 16 16 10 10 12 10 10 11 10
internal_count=112 103 82 21 48 34 11 18 20 28 16 16 10 10 12 10 10 11 10
is_linear=0
shrinkage=0.05


Tree=3
num_leaves=16
num_cat=0
split_feature=1 1 1 1 1 1 2 6 1 1 4 1 2 4 1
split_gain=6.49961e+09 1.59932e+09 2.41668e+08 2.12533e+08 6.19493e+07 4.87502e+07 3.90361e+07 8.22534e+06 5.47618e+06 5.13006e+06 2.56974e+06 1.82015e+06 1.18782e+06 695240 599258
threshold=52757.674236056024 15719.604082849797 7387.5125544820748 24205.677865591173 4405.9086795478224 11399.273390776547 0.41711654529755943 12.204789657770361 1926.3337192909112 9442.0625753316071 2.3934212238621493 5451.4444842065941 0.27447364996027118 2.5450332819636068 1117.7490461145278
decision_type=2 2 2 2 2 2 2 2 2 2 2 2 2 2 2
left_child=1 2 4 6 8 9 -3 -5 14 12 -7 -6 -4 -13 -1
right_child=-2 3 5 7 11 10 -8 -9 -10 -11 -12 13 -14 -15 -16
leaf_value=-413.42224527994779 1281.6004231770835 138.06292317708329 -183.53331298828115 388.03139038085942 -278.32492675781236 -79.952716573079442 -36.182270507812504 306.28120605468746 -348.84303894042972 -150.15848464965822 -33.67688064575195 -240.12310384114585 -212.96315307617189 -263.37696777343751 -391.07539876302076
leaf_weight=6.0000000000000018 8.9999999999999982 9.0000000000000018 6.0000000000000027 7.9999999999999982 8.0000000000000018 5.9999999999999982 4.9999999999999991 5 7.9999999999999991 7.9999999999999991 6 8.9999999999999982 7.9999999999999991 4.9999999999999991 6
leaf_count=6 9 9 6 8 8 6 5 5 8 8 6 9 8 5 6
internal_value=-6.9514 -119.543 -236.977 211.012 -317.198 -137.881 75.8325 356.589 -380.887 -182.099 -56.8148 -259.3 -200.35 -248.428 -402.249
internal_weight=112 103 76 27 42 34 14 13 20 22 12 22 14 14 12
internal_count=112 103 76 27 42 34 14 13 20 22 12 22 14 14 12
is_linear=0
shrinkage=0.05


Tree=4
num_leaves=18
num_cat=0
split_feature=1 1 1 1 1 1 0 7 0 1 0 4 1 7 0 2 2
split_gain=5.8659e+09 1.44338e+09 2.18408e+08 1.91811e+08 6.34174e+07 3.73203e+07 3.67854e+07 7.42337e+06 5.20064e+06 3.1715e+06 2.50065e+06 2.31919e+06 1.00164e+06 924903 584582 439606 88564.2
threshold=52757.674236056024 15719.604082849797 7607.5887173799301 24205.677865591173 4405.9086795478224 11399.273390776547 54773.500000000007 0.11342507648198333 8615.0000000000073 9442.0625753316071 23817.000000000018 2.3934212238621493 2608.015573342022 0.11014458600331878 27800.999999999996 0.2079265850607315 0.23674119032890859
decision_type=2 2 2 2 2 2 2 2 2 2 2 2 2 2 2 2 2
left_child=1 2 4 6 8 9 -3 -5 16 14 13 -7 -10 -6 -4 -12 -1
right_child=-2 3 5 7 10 11 -8 -9 12 -11 15 -13 -14 -15 -16 -17 -18
leaf_value=-392.0442822265623 1217.5204210069446 1.8509670257568354 -194.54774780273419 290.96714416503909 -272.73001708984361 -75.95508117675783 165.62740987141927 368.62982177734375 -352.16983398437509 -142.65056228637695 -235.70907854352683 -31.993036651611323 -320.52120117187496 -244.96759033203122 -171.39894042968749 -217.26534830729167 -382.63342773437495
leaf_weight=5.0000000000000018 8.9999999999999982 8.0000000000000018 6.0000000000000053 4.9999999999999991 6.0000000000000018 5.9999999999999982 5.9999999999999991 7.9999999999999991 4.9999999999999982 7.9999999999999991 6.9999999999999982 6 5 6 5 6 5
leaf_count=5 9 8 6 5 6 6 6 8 5 8 7 6 5 6 5 6 5
internal_value=-6.60383 -113.566 -225.128 200.461 -295.48 -123.006 72.0409 338.76 -361.842 -166.605 -242.39 -53.9741 -336.346 -258.849 -184.026 -227.197 -387.339
internal_weight=112 103 76 27 45 31 14 13 20 19 25 12 10 12 11 13 10
internal_count=112 103 76 27 45 31 14 13 20 19 25 12 10 12 11 13 10
is_linear=0
shrinkage=0.05


Tree=5
num_leaves=17
num_cat=0
split_feature=0 2 2 0 0 0 2 2 0 0 7 2 0 2 0 0
split_gain=3.95527e+09 1.56203e+09 5.97765e+08 2.33238e+08 1.11132e+08 6.08219e+07 5.61574e+07 4.63173e+07 1.9397e+07 1.48852e+07 1.35783e+07 9.11876e+06 5.60679e+06 5.14894e+06 1.72487e+06 1.43494e+06
threshold=54773.500000000007 0.56505205340798936 0.56505205340798936 28397.000000000015 77954.999999999985 12372.000000000005 0.3433574889033712 0.38140948671013492 37401.000000000015 37401.000000000015 0.11928437684421113 0.35245113372703452 23817.000000000018 0.2079265850607315 6414.0000000000009 20369.499999999996
decision_type=2 2 2 2 2 2 2 2 2 2 2 2 2 2 2 2
left_child=2 4 3 5 7 14 8 -2 13 -8 -10 12 15 -5 -1 -7
right_child=1 -3 -4 6 -6 11 9 -9 10 -11 -12 -13 -14 -15 -16 -17
leaf_value=-369.95072195870534 95.349566650390528 1130.6822143554689 256.18485984802248 -226.6727514648436 456.52100830078126 -277.97028808593728 -62.009259033203136 301.40186035156245 -155.6905415852865 54.801462707519526 -53.186698477608815 -188.10406765407987 -208.26897379557292 -161.9926696777344 -336.85760633680559 -244.56269042968754
leaf_weight=6.9999999999999991 6.0000000000000053 7.9999999999999991 7.9999999999999991 5.0000000000000027 5.9999999999999991 9.0000000000000053 5.9999999999999982 5 5.9999999999999982 5 7 8.9999999999999982 5.9999999999999991 7.9999999999999991 8.9999999999999982 4.9999999999999991
leaf_count=7 6 8 8 5 6 9 6 5 6 5 7 9 6 8 9 5
internal_value=-1.8183 554.548 -156.364 -196.613 283.425 -273.077 -103.616 189.01 -143.683 -8.91348 -100.496 -229.9 -248.708 -186.87 -351.336 -266.039
internal_weight=115 25 90 82 17 45 37 11 26 11 13 29 20 13 16 14
internal_count=115 25 90 82 17 45 37 11 26 11 13 29 20 13 16 14
is_linear=0
shrinkage=0.05


Tree=6
num_leaves=20
num_cat=0
split_feature=1 1 0 1 0 1 1 1 7 7 1 6 1 4 4 1 3 1 1
split_gain=4.86817e+09 1.0709e+09 4.06227e+08 1.83929e+08 1.51989e+08 5.35525e+07 4.98297e+07 2.78181e+07 6.66506e+06 3.87441e+06 3.66701e+06 2.38805e+06 2.30241e+06 2.26215e+06 1.09244e+06 800888 517465 699719 213740
threshold=39566.250451175925 15719.604082849797 77954.999999999985 7607.5887173799301 50610.999999999993 24205.677865591173 4405.9086795478224 10621.309512456515 0.090753606681850285 0.16161402610131517 1580.3453037190059 7.6506066014448839 5451.4444842065941 2.3934212238621493 2.3934212238621493 2608.015573342022 4.5000000000000009 6093.7564319131534 9442.0625753316071
decision_type=2 2 2 2 2 2 2 2 2 2 2 2 2 2 2 2 2 2 2
left_child=1 3 -2 6 8 -6 10 13 -3 -9 -1 -7 -8 -5 -11 -12 17 -14 -15
right_child=2 4 -4 7 5 11 12 9 -10 14 15 -13 16 18 -16 -17 -18 -19 -20
leaf_value=-350.95726013183582 665.70922851562511 -23.361335754394521 1275.9341959635415 -172.22514343261713 147.85169881184896 361.23440917968759 -240.96983337402335 -96.149289550781248 58.278499755859372 -58.769833374023449 -320.17196044921883 312.36669433593744 -228.35826416015612 -143.86349365234378 -25.717692260742183 -294.33774820963538 -194.92727050781252 -203.86828962053571 -129.24364257812496
leaf_weight=8.0000000000000018 4.9999999999999982 5.0000000000000018 6 8.0000000000000018 5.9999999999999991 4.9999999999999982 8.0000000000000018 4.9999999999999991 5 4.9999999999999982 5.9999999999999982 5 5.0000000000000018 4.9999999999999982 5 6 4.9999999999999991 7 5
leaf_count=8 5 5 6 8 6 5 8 5 5 5 6 5 5 5 5 6 5 7 5
internal_value=-1.72738 -107.527 998.559 -200.16 170.373 265.945 -265.911 -110.501 17.4586 -60.2123 -324.736 336.801 -218.851 -152.408 -42.2438 -307.255 -208.442 -214.072 -136.554
internal_weight=115 104 11 78 26 16 45 33 10 15 20 10 25 18 10 12 17 12 10
internal_count=115 104 11 78 26 16 45 33 10 15 20 10 25 18 10 12 17 12 10
is_linear=0
shrinkage=0.05


Tree=7
num_leaves=18
num_cat=0
split_feature=1 1 0 1 0 1 1 1 2 1 3 1 6 1 1 4 1
split_gain=4.39353e+09 9.68747e+08 3.6662e+08 2.24536e+08 6.98061e+07 5.11839e+07 3.68831e+07 3.57626e+07 5.11948e+06 3.33225e+06 3.17868e+06 2.83381e+06 2.15522e+06 1.22851e+06 1.02445e+06 660104 359950
threshold=39566.250451175925 17549.64770584663 77954.999999999985 8017.8764203639594 50610.999999999993 4405.9086795478224 24205.677865591173 11399.273390776547 0.41711654529755943 1926.3337192909112 4.5000000000000009 5451.4444842065941 7.6506066014448839 9833.536278827658 7387.5125544820748 2.4924571051868147 1117.7490461145278
decision_type=2 2 2 2 2 2 2 2 2 2 2 2 2 2 2 2 2
left_child=1 3 -2 5 -3 9 -6 10 -9 16 13 -7 -8 -5 15 -13 -1
right_child=2 4 -4 7 6 11 12 8 -10 -11 -12 14 -14 -15 -16 -17 -18
leaf_value=-336.86773437499983 632.42377929687518 48.795195922851534 1212.1374999999998 -130.71721540178567 153.64058105468752 -228.92134704589836 343.17269042968758 -5.7186893039279489 -59.049291144477003 -285.93591037326388 -161.76852213541667 -190.26181466238833 296.74835937499995 -98.267158203124993 -176.42490641276044 -211.97593645368303 -318.70310465494788
leaf_weight=5.0000000000000018 4.9999999999999982 5.0000000000000027 6 7.0000000000000018 4.9999999999999991 8.0000000000000018 4.9999999999999982 9.0000000000000018 8.9999999999999982 8.9999999999999982 5.9999999999999991 7.0000000000000018 5 5 5.9999999999999991 7 6
leaf_count=5 5 5 6 7 5 8 5 9 9 9 6 7 5 5 6 7 6
internal_value=-1.64101 -102.151 948.631 -176.612 210.589 -247.408 264.521 -82.2189 -32.384 -308.499 -132.054 -203.771 319.961 -117.196 -193.711 -201.119 -326.96
internal_weight=115 104 11 84 20 48 15 36 18 20 18 28 10 12 20 14 11
internal_count=115 104 11 84 20 48 15 36 18 20 18 28 10 12 20 14 11
is_linear=0
shrinkage=0.05


Tree=8
num_leaves=18
num_cat=0
split_feature=0 2 2 0 0 0 2 2 0 0 7 2 0 2 0 0 2
split_gain=2.91199e+09 1.1588e+09 4.37484e+08 1.72619e+08 8.02009e+07 4.46686e+07 4.1982e+07 3.30569e+07 1.39713e+07 1.17777e+07 9.78546e+06 6.53468e+06 4.11566e+06 3.81045e+06 1.28851e+06 1.03666e+06 103802
threshold=54773.500000000007 0.56505205340798936 0.56505205340798936 28397.000000000015 77954.999999999985 12372.000000000005 0.3433574889033712 0.38140948671013492 37401.000000000015 37401.000000000015 0.11928437684421113 0.35245113372703452 23817.000000000018 0.2079265850607315 8615.0000000000073 20369.499999999996 0.2566042183329999
decision_type=2 2 2 2 2 2 2 2 2 2 2 2 2 2 2 2 2
left_child=2 4 3 5 7 14 8 -2 13 -8 -10 12 15 -5 16 -7 -1
right_child=1 -3 -4 6 -6 11 9 -9 10 -11 -12 -13 -14 -15 -16 -17 -18
leaf_value=-317.5302587890626 82.971208190917878 972.05586547851567 218.76713428497317 -194.12973144531236 389.35065714518231 -238.28848198784704 -53.940755971272793 257.04640380859371 -133.43978271484377 49.964085083007802 -46.42207990373884 -161.99542371961809 -178.65188802083333 -138.48809280395508 -283.12730712890624 -209.89317871093749 -307.34192382812495
leaf_weight=4.9999999999999982 6.0000000000000053 7.9999999999999991 7.9999999999999991 5.0000000000000027 5.9999999999999991 9.0000000000000053 5.9999999999999982 5 5.9999999999999982 5 7 8.9999999999999982 5.9999999999999991 7.9999999999999991 5.9999999999999991 4.9999999999999991 5
leaf_count=5 6 8 8 5 6 9 6 5 6 5 7 9 6 8 6 5 5
internal_value=-1.55896 475.824 -134.165 -168.598 242.304 -234.379 -88.5938 162.096 -123.236 -6.71128 -86.5841 -197.377 -213.299 -159.889 -301.445 -228.147 -312.436
internal_weight=115 25 90 82 17 45 37 11 26 11 13 29 20 13 16 14 10
internal_count=115 25 90 82 17 45 37 11 26 11 13 29 20 13 16 14 10
is_linear=0
shrinkage=0.05


Tree=9
num_leaves=16
num_cat=0
split_feature=1 1 1 1 1 0 1 2 1 3 1 1 1 3 1
split_gain=3.63285e+09 9.47533e+08 1.81262e+08 7.74387e+07 4.1717e+07 3.23807e+07 2.74436e+07 4.71923e+06 2.73017e+06 2.67433e+06 2.22466e+06 997044 808659 580495 290855
threshold=52757.674236056024 17549.64770584663 8017.8764203639594 29628.349800647582 4405.9086795478224 66429.000000000015 11399.273390776547 0.41711654529755943 1926.3337192909112 4.5000000000000009 5451.4444842065941 9833.536278827658 7387.5125544820748 3.5000000000000004 1117.7490461145278
decision_type=2 2 2 2 2 2 2 2 2 2 2 2 2 2 2
left_child=1 2 4 5 8 -3 9 -8 14 11 -6 -4 13 -12 -1
right_child=-2 3 6 -5 10 -7 7 -9 -10 -11 12 -13 -14 -15 -16
leaf_value=-304.24972167968735 962.96206597222226 57.629055622645765 -117.26933768136158 321.4822998046875 -206.36925506591788 215.92155965169269 -5.8036851671006922 -57.007124922010632 -258.21011555989588 -145.97211507161458 -195.41324462890611 -88.035640869140607 -159.8139587402344 -174.16480034722224 -287.92132161458329
leaf_weight=5.0000000000000018 8.9999999999999982 7.0000000000000018 7.0000000000000018 8.9999999999999982 8.0000000000000018 6 9.0000000000000018 8.9999999999999982 8.9999999999999982 5.9999999999999991 5.0000000000000027 5 5.9999999999999991 8.9999999999999982 6
leaf_count=5 9 7 7 9 8 6 9 9 9 6 5 5 6 9 6
internal_value=-1.48101 -83.3677 -159.872 208.74 -223.48 130.687 -75.0609 -31.4054 -278.633 -118.716 -184.085 -105.089 -175.172 -181.754 -295.343
internal_weight=115 106 84 22 48 13 36 18 20 18 28 12 20 14 11
internal_count=115 106 84 22 48 13 36 18 20 18 28 12 20 14 11
is_linear=0
shrinkage=0.05


Tree=10
num_leaves=17
num_cat=0
split_feature=1 1 1 1 0 1 1 1 0 1 5 1 1 0 2 7
split_gain=3.21537e+09 9.29045e+08 1.38159e+08 7.2862e+07 3.53925e+07 3.32999e+07 2.78228e+07 9.97677e+06 4.01733e+06 2.88778e+06 1.37381e+06 835525 310472 300657 209002 208524
threshold=52757.674236056024 17549.64770584663 7607.5887173799301 29628.349800647582 66429.000000000015 4405.9086795478224 11399.273390776547 33902.646891508019 46235.500000000007 1926.3337192909112 0.42201395357088417 5451.4444842065941 1117.7490461145278 29848.500000000004 0.27447364996027118 0.11928437684421113
decision_type=2 2 2 2 2 2 2 2 2 2 2 2 2 2 2 2
left_child=1 2 5 4 -3 9 10 -5 13 12 14 -7 -1 -8 -4 -13
right_child=-2 3 6 7 -6 11 8 -9 -10 -11 -12 15 -14 -15 -16 -17
leaf_value=-289.61024576822905 966.49552001953134 46.639422907148074 -106.58465779622391 253.89768676757819 220.81305664062498 -192.6164254324776 -59.291007486979176 349.52912597656245 2.3077053833007812 -241.15769391741074 -140.10750885009767 -177.31241726345479 -273.52525634765624 -42.689725036621091 -120.42608764648435 -166.21794433593752
leaf_weight=6.0000000000000018 7.9999999999999991 7.0000000000000018 6.0000000000000018 5.9999999999999982 5 7.0000000000000027 5.9999999999999982 5 4.9999999999999991 6.9999999999999991 7.9999999999999991 9.0000000000000018 6 5 5 7.9999999999999991
leaf_count=6 8 7 6 6 5 7 6 5 5 7 8 9 6 5 5 8
internal_value=1.58344 -74.8452 -157.192 204.416 119.212 -217.228 -83.433 297.367 -34.8535 -266.68 -124.342 -178.078 -281.568 -51.745 -112.876 -172.091
internal_weight=109 101 78 23 12 43 35 11 16 19 19 24 12 11 11 17
internal_count=109 101 78 23 12 43 35 11 16 19 19 24 12 11 11 17
is_linear=0
shrinkage=0.05


Tree=11
num_leaves=17
num_cat=0
split_feature=1 1 1 1 1 1 2 1 7 1 2 5 1 1 2 6
split_gain=2.90187e+09 8.38463e+08 1.24688e+08 6.57579e+07 3.00531e+07 2.511e+07 1.86875e+07 9.00404e+06 3.09962e+06 2.60622e+06 1.46851e+06 1.23986e+06 754061 280201 188624 188193
threshold=52757.674236056024 17549.64770584663 7607.5887173799301 29628.349800647582 4405.9086795478224 11399.273390776547 0.3433574889033712 33902.646891508019 0.15165859421828662 1926.3337192909112 0.32534461537208209 0.42201395357088417 5451.4444842065941 1117.7490461145278 0.27447364996027118 10.883215456439848
decision_type=2 2 2 2 2 2 2 2 2 2 2 2 2 2 2 2
left_child=1 2 4 6 9 11 -3 -5 -7 13 -10 14 -6 -1 -4 -14
right_child=-2 3 5 7 12 8 -8 -9 10 -11 -12 -13 15 -15 -16 -17
leaf_value=-275.12973225911446 918.1707763671875 187.07888305664054 -101.25542399088538 241.20280558268234 -182.98560267857135 -65.752760009765623 60.517111369541709 332.05267578124995 1.7389529418945315 -229.09980817522325 -34.950716527303051 -133.10213623046874 -157.90704956054682 -259.84899088541664 -114.40478393554686 -168.4467990451389
leaf_weight=6.0000000000000018 7.9999999999999991 5.0000000000000018 6.0000000000000018 5.9999999999999982 7.0000000000000027 4.9999999999999991 7 5 4.9999999999999982 6.9999999999999991 6 7.9999999999999991 8.0000000000000018 6 5 8.9999999999999982
leaf_count=6 8 5 6 6 7 5 7 5 5 7 6 8 8 6 5 9
internal_value=1.50427 -71.103 -149.332 194.195 -206.366 -79.2613 113.251 282.498 -33.1108 -253.346 -18.2736 -118.125 -169.174 -267.489 -107.232 -163.487
internal_weight=109 101 78 23 43 35 12 11 16 19 11 19 24 12 11 17
internal_count=109 101 78 23 43 35 12 11 16 19 11 19 24 12 11 17
is_linear=0
shrinkage=0.05


Tree=12
num_leaves=18
num_cat=0
split_feature=1 1 1 1 1 1 4 1 7 1 2 5 2 6 6 2 1
split_gain=2.61894e+09 7.56713e+08 1.12531e+08 5.93465e+07 2.71229e+07 2.26618e+07 1.81826e+07 8.12614e+06 2.79741e+06 2.36802e+06 1.32533e+06 1.11897e+06 705208 774555 253084 170233 114429
threshold=52757.674236056024 17549.64770584663 7607.5887173799301 29628.349800647582 4405.9086795478224 11399.273390776547 2.7535771856059377 33902.646891508019 0.15165859421828662 1580.3453037190059 0.32534461537208209 0.42201395357088417 0.24472592425180703 11.029932159873381 15.008018257059971 0.27447364996027118 5657.3230438461069
decision_type=2 2 2 2 2 2 2 2 2 2 2 2 2 2 2 2 2
left_child=1 2 4 6 9 11 -3 -5 -7 -1 -10 15 16 -14 -11 -4 -6
right_child=-2 3 5 7 12 8 -8 -9 10 14 -12 -13 13 -15 -16 -17 -18
leaf_value=-259.28504774305549 872.26220703125 34.765129394531236 -96.192653401692667 229.1426635742188 -156.98424804687494 -62.465123596191404 159.60540902273996 315.45003906249997 1.6520065307617191 -215.97839355468756 -33.20318024953206 -126.44703063964845 -158.95074768066411 -184.03711669921873 -231.88699707031247 -108.68454467773437 -146.74252929687498
leaf_weight=9.0000000000000018 7.9999999999999991 5.0000000000000018 6.0000000000000018 5.9999999999999982 5.0000000000000018 4.9999999999999991 7 5 4.9999999999999982 4.9999999999999982 6 7.9999999999999991 7.9999999999999982 5 5 5 6
leaf_count=9 8 5 6 6 5 5 7 5 5 5 6 8 8 5 5 5 6
internal_value=1.42906 -67.5478 -141.865 184.486 -196.048 -75.2983 107.589 268.373 -31.4553 -240.679 -17.3599 -112.219 -160.715 -168.599 -223.933 -101.871 -151.398
internal_weight=109 101 78 23 43 35 12 11 16 19 11 19 24 13 10 11 11
internal_count=109 101 78 23 43 35 12 11 16 19 11 19 24 13 10 11 11
is_linear=0
shrinkage=0.05


Tree=13
num_leaves=18
num_cat=0
split_feature=1 1 1 1 0 1 1 1 0 1 5 0 6 2 1 2 2
split_gain=2.36359e+09 6.82933e+08 1.0156e+08 5.35602e+07 2.94901e+07 2.44785e+07 2.04523e+07 7.33384e+06 3.21065e+06 2.17306e+06 1.00987e+06 719111 624930 260438 225201 153636 97394.7
threshold=52757.674236056024 17549.64770584663 7607.5887173799301 29628.349800647582 66429.000000000015 4405.9086795478224 11399.273390776547 33902.646891508019 46235.500000000007 1926.3337192909112 0.42201395357088417 23817.000000000018 11.029932159873381 0.45754712422382926 1117.7490461145278 0.27447364996027118 0.2079265850607315
decision_type=2 2 2 2 2 2 2 2 2 2 2 2 2 2 2 2 2
left_child=1 2 5 4 -3 9 10 -5 13 14 15 12 -7 -8 -1 -4 -13
right_child=-2 3 6 7 -6 11 8 -9 -10 -11 -12 16 -14 -15 -16 -17 -18
leaf_value=-248.40899251302073 828.64912109375007 35.964178030831462 -91.383022054036417 217.68553059895837 194.95221191406247 -151.69104875837047 -53.410995330810557 299.67754394531244 3.3388616943359377 -206.50499790736609 -120.12467956542969 -147.83166329520091 -174.83526123046875 -37.959958648681635 -234.70981038411458 -103.25031616210936 -138.69486083984373
leaf_weight=6.0000000000000018 7.9999999999999991 7.0000000000000018 6.0000000000000018 5.9999999999999982 5 7.0000000000000018 4.9999999999999982 5 4.9999999999999991 6.9999999999999991 7.9999999999999991 6.9999999999999982 5 6 6 5 5
leaf_count=6 8 7 6 6 5 7 5 5 5 7 8 7 5 6 6 5 5
internal_value=1.35761 -64.1704 -134.772 175.261 102.209 -186.246 -71.5334 254.955 -29.8825 -228.645 -106.608 -152.68 -161.334 -44.9832 -241.559 -96.7772 -144.025
internal_weight=109 101 78 23 12 43 35 11 16 19 19 24 12 11 12 11 12
internal_count=109 101 78 23 12 43 35 11 16 19 19 24 12 11 12 11 12
is_linear=0
shrinkage=0.05


Tree=14
num_leaves=17
num_cat=0
split_feature=1 1 1 7 1 1 1 2 7 1 2 4 1 1 6 2
split_gain=2.13314e+09 6.16347e+08 9.16575e+07 4.85772e+07 2.20918e+07 1.84582e+07 7.96487e+06 5.66922e+06 2.47352e+06 1.96118e+06 1.07268e+06 911412 598854 203244 158590 138656
threshold=52757.674236056024 17549.64770584663 7607.5887173799301 0.11342507648198333 4405.9086795478224 11399.273390776547 31062.671928726599 0.52592071588983369 0.15165859421828662 1926.3337192909112 0.32534461537208209 2.3934212238621493 5451.4444842065941 1117.7490461145278 10.883215456439848 0.27447364996027118
decision_type=2 2 2 2 2 2 2 2 2 2 2 2 2 2 2 2
left_child=1 2 4 7 9 11 -5 -3 -7 13 -10 -4 -6 -1 -14 -13
right_child=-2 3 5 6 12 8 -8 -9 10 -11 -12 15 14 -15 -16 -17
leaf_value=-235.98854573567698 787.21667785644536 121.29505920410151 -114.11844406127926 193.99548078264513 -157.35395333426334 -57.547835693359382 272.50210571289057 46.000870361328118 1.9699615478515629 -196.17974504743304 -29.387506087621052 -86.813869222005223 -134.85519561767572 -222.97432454427081 -144.53054334852433 -98.087801513671863
leaf_weight=6.0000000000000018 7.9999999999999991 5.0000000000000018 8.0000000000000018 6.9999999999999982 7.0000000000000027 4.9999999999999991 6 5 4.9999999999999982 6.9999999999999991 6 5.9999999999999982 8.0000000000000018 6 8.9999999999999982 5
leaf_count=6 8 5 8 7 7 5 6 5 5 7 6 6 8 6 9 5
internal_value=1.28973 -60.9619 -128.034 166.498 -176.933 -67.9567 230.229 83.648 -28.3884 -217.212 -15.1341 -101.277 -145.046 -229.481 -139.977 -91.9384
internal_weight=109 101 78 23 43 35 13 10 16 19 11 19 24 12 17 11
internal_count=109 101 78 23 43 35 13 10 16 19 11 19 24 12 17 11
is_linear=0
shrinkage=0.05


Tree=15
num_leaves=18
num_cat=0
split_feature=1 1 1 0 1 1 1 3 0 0 4 5 1 2 2 4 1
split_gain=1.90837e+09 4.82608e+08 7.15574e+07 6.89304e+07 3.52341e+07 1.83765e+07 9.22797e+06 2.73817e+06 2.09231e+06 1.72798e+06 1.66649e+06 1.40353e+06 497402 487151 355266 111825 73693.1
threshold=52757.674236056024 15719.604082849797 7387.5125544820748 43685.500000000007 27797.939671950877 4405.9086795478224 10621.309512456515 3.5000000000000004 45841.500000000007 8615.0000000000073 2.5278384386296175 0.42201395357088417 6093.7564319131534 0.28437702154139949 0.24878814255985207 2.4924571051868147 1117.7490461145278
decision_type=2 2 2 2 2 2 2 2 2 2 2 2 2 2 2 2 2
left_child=1 2 5 -3 10 9 11 -6 -8 16 -5 14 13 15 -4 -7 -1
right_child=-2 3 6 4 7 12 8 -9 -10 -11 -12 -13 -14 -15 -16 -17 -18
leaf_value=-224.18911539713531 696.17425672743059 -36.139122557640057 -93.311290283203078 65.325046386718711 188.9307556152344 -135.05757039388007 -57.688258022732207 236.69901733398433 -17.347814941406252 -190.91145562065972 106.14772491455076 -111.10376586914063 -128.66066691080729 -158.4822705078125 -74.462801513671863 -145.18211669921874 -215.97011474609371
leaf_weight=6.0000000000000018 8.9999999999999982 6.0000000000000027 5.0000000000000018 5.0000000000000018 5.9999999999999982 6.0000000000000053 8.9999999999999982 6 4.9999999999999991 8.9999999999999982 5 8.9999999999999982 5.9999999999999991 4.9999999999999991 5 5 5
leaf_count=6 9 6 5 5 6 6 9 6 5 9 5 9 6 5 5 5 5
internal_value=-2.0418 -63.051 -129.181 114.082 155.052 -172.472 -74.083 212.815 -43.281 -207.159 85.7364 -96.7792 -140.938 -145.542 -83.887 -139.66 -220.453
internal_weight=112 103 75 28 22 42 33 12 14 20 10 19 22 16 10 11 11
internal_count=112 103 75 28 22 42 33 12 14 20 10 19 22 16 10 11 11
is_linear=0
shrinkage=0.05


Tree=16
num_leaves=17
num_cat=0
split_feature=1 1 1 0 1 1 1 1 0 0 4 4 1 2 2 1
split_gain=1.72231e+09 4.35554e+08 6.47187e+07 6.22097e+07 3.17987e+07 1.88247e+07 6.41609e+06 2.73326e+06 1.88831e+06 1.5595e+06 1.50401e+06 860354 761395 439653 102020 66507.9
threshold=52757.674236056024 15719.604082849797 7607.5887173799301 43685.500000000007 27797.939671950877 4405.9086795478224 10621.309512456515 33902.646891508019 45841.500000000007 8615.0000000000073 2.5278384386296175 2.3934212238621493 6093.7564319131534 0.28437702154139949 0.18761642588800242 1117.7490461145278
decision_type=2 2 2 2 2 2 2 2 2 2 2 2 2 2 2 2
left_child=1 2 5 -3 10 9 11 -6 -8 15 -5 -4 13 14 -7 -1
right_child=-2 3 6 4 7 12 8 -9 -10 -11 -12 -13 -14 -15 -16 -17
leaf_value=-212.97966308593743 661.36552191840281 -34.332166131337466 -100.6128888811383 62.058795776367155 182.00647844587058 -127.40184082031236 -54.803844875759552 230.40886962890625 -16.480422973632812 -181.36588541666669 100.84033950805663 -77.240759955512161 -120.08587714301217 -150.55814941406251 -137.07233276367185 -205.17161621093749
leaf_weight=6.0000000000000018 8.9999999999999982 6.0000000000000027 7.0000000000000062 5.0000000000000018 6.9999999999999982 5.0000000000000053 8.9999999999999982 5 4.9999999999999991 8.9999999999999982 5 8.9999999999999982 8.9999999999999982 4.9999999999999991 6 5
leaf_count=6 9 6 7 5 7 5 9 5 5 9 5 9 9 5 6 5
internal_value=-1.93971 -59.8984 -122.722 108.378 147.299 -160.645 -65.8365 202.174 -41.1169 -196.801 81.4496 -87.4661 -131.72 -138.265 -132.677 -209.431
internal_weight=112 103 75 28 22 45 30 12 14 20 10 16 25 16 11 11
internal_count=112 103 75 28 22 45 30 12 14 20 10 16 25 16 11 11
is_linear=0
shrinkage=0.05


Tree=17
num_leaves=17
num_cat=0
split_feature=1 1 1 0 1 1 1 3 0 0 4 4 1 2 4 1
split_gain=1.55438e+09 3.93088e+08 5.84086e+07 5.61443e+07 2.86984e+07 1.69893e+07 5.79052e+06 2.51532e+06 1.7042e+06 1.40745e+06 1.35737e+06 776469 687159 396787 99910.1 60023.5
threshold=52757.674236056024 15719.604082849797 7607.5887173799301 43685.500000000007 27797.939671950877 4405.9086795478224 10621.309512456515 3.5000000000000004 45841.500000000007 8615.0000000000073 2.5278384386296175 2.3934212238621493 6093.7564319131534 0.28437702154139949 2.4924571051868147 1117.7490461145278
decision_type=2 2 2 2 2 2 2 2 2 2 2 2 2 2 2 2
left_child=1 2 5 -3 10 9 11 -6 -8 15 -5 -4 13 14 -7 -1
right_child=-2 3 6 4 7 12 8 -9 -10 -11 -12 -13 -14 -15 -16 -17
leaf_value=-202.33068033854158 628.29724392361118 -32.615557988484682 -95.58224138532357 58.955854187011688 169.17382812500003 -121.69283752441393 -52.063653818766277 214.9570393880208 -15.656402587890625 -172.29758843315972 95.798322906494136 -73.378721788194454 -114.08158433702256 -143.030244140625 -131.26280273437499 -194.91302978515623
leaf_weight=6.0000000000000018 8.9999999999999982 6.0000000000000027 7.0000000000000062 5.0000000000000018 5.9999999999999982 6.0000000000000053 8.9999999999999982 6 4.9999999999999991 8.9999999999999982 5 8.9999999999999982 8.9999999999999982 4.9999999999999991 5 5
leaf_count=6 9 6 7 5 6 6 9 6 5 9 5 9 9 5 5 5
internal_value=-1.84272 -56.9035 -116.586 102.959 139.934 -152.613 -62.5446 192.065 -39.0611 -186.961 77.3771 -83.0928 -125.134 -131.351 -126.043 -198.959
internal_weight=112 103 75 28 22 45 30 12 14 20 10 16 25 16 11 11
internal_count=112 103 75 28 22 45 30 12 14 20 10 16 25 16 11 11
is_linear=0
shrinkage=0.05


Tree=18
num_leaves=16
num_cat=0
split_feature=1 1 1 0 1 1 1 1 0 0 5 0 7 1 0
split_gain=1.40283e+09 3.54762e+08 5.27138e+07 5.06702e+07 2.5953e+07 1.53328e+07 5.22594e+06 3.20245e+06 1.53804e+06 1.27022e+06 700763 649803 314211 176372 58181
threshold=52757.674236056024 15719.604082849797 7607.5887173799301 43685.500000000007 24205.677865591173 4405.9086795478224 10621.309512456515 33902.646891508019 45841.500000000007 8615.0000000000073 0.42201395357088417 24627.000000000004 0.11014458600331878 6093.7564319131534 4944.0000000000009
decision_type=2 2 2 2 2 2 2 2 2 2 2 2 2 2 2
left_child=1 2 5 -3 -5 9 10 -6 -8 14 -4 12 -7 -13 -1
right_child=-2 3 6 4 7 11 8 -9 -10 -11 -12 13 -14 -15 -16
leaf_value=-192.33057657877598 596.88238661024309 -30.984780184427876 -69.70978529188362 67.669217416975215 158.50437011718753 -134.67229817708326 -49.460470241970484 209.51407226562497 -14.873582153320314 -163.68270806206598 -90.803129359654022 -115.56308085123699 -119.53583755493165 -102.84794067382812 -185.02765869140623
leaf_weight=6.0000000000000018 8.9999999999999982 6.0000000000000027 9.0000000000000053 9.0000000000000018 7.9999999999999982 6.0000000000000027 8.9999999999999982 5 4.9999999999999991 8.9999999999999982 6.9999999999999991 5.9999999999999982 7.9999999999999991 5 5
leaf_count=6 9 6 9 9 8 6 9 5 5 9 7 6 8 5 5
internal_value=-1.75059 -54.0583 -110.756 97.8114 132.938 -144.982 -59.4174 178.123 -37.108 -177.613 -78.9381 -118.878 -126.023 -109.783 -189.011
internal_weight=112 103 75 28 22 45 30 13 14 20 16 25 14 11 11
internal_count=112 103 75 28 22 45 30 13 14 20 16 25 14 11 11
is_linear=0
shrinkage=0.05


Tree=19
num_leaves=17
num_cat=0
split_feature=1 1 1 0 1 0 1 6 3 4 0 1 1 1 4 5
split_gain=1.26605e+09 3.20172e+08 4.75905e+07 4.57299e+07 2.35095e+07 1.23487e+07 6.27201e+06 2.38617e+06 2.31467e+06 1.16226e+06 1.01732e+06 845775 497743 226668 217016 215131
threshold=52757.674236056024 15719.604082849797 7387.5125544820748 43685.500000000007 27797.939671950877 12372.000000000005 9833.536278827658 10.631232603955729 3.5000000000000004 2.5278384386296175 30461.999999999993 5052.4392740799294 1580.3453037190059 6093.7564319131534 2.2516050081241255 0.41781195714099434
decision_type=2 2 2 2 2 2 2 2 2 2 2 2 2 2 2 2
left_child=1 2 5 -3 9 12 10 15 -6 -5 -4 -7 -1 14 -13 -8
right_child=-2 3 6 4 8 11 7 -9 -10 -11 -12 13 -14 -15 -16 -17
leaf_value=-181.46710205078119 567.03827853732639 -29.435541407267237 -97.050063650948672 52.62460205078122 151.51467895507815 -134.53186442057284 -16.131772155761709 -61.527819606236051 195.43380533854165 86.716594238281232 -71.635199652777786 -109.73072102864579 -164.32631225585939 -104.95966898600261 -122.68947056361606 -30.799113159179683
leaf_weight=9.0000000000000018 8.9999999999999982 6.0000000000000027 6.9999999999999991 5.0000000000000018 5.9999999999999982 6.0000000000000027 5.0000000000000018 6.9999999999999991 6 5 8.9999999999999982 6.0000000000000018 7.9999999999999991 5.9999999999999991 7 5
leaf_count=9 9 6 7 5 6 6 5 7 6 5 9 6 8 6 7 5
internal_value=-1.66306 -51.3554 -105.219 92.9208 126.291 -140.523 -60.2853 -39.1382 173.474 69.6706 -82.7542 -118.166 -173.401 -112.998 -116.709 -23.4654
internal_weight=112 103 75 28 22 42 33 17 12 10 16 25 17 19 13 10
internal_count=112 103 75 28 22 42 33 17 12 10 16 25 17 19 13 10
is_linear=0
shrinkage=0.05


Tree=20
num_leaves=19
num_cat=0
split_feature=1 1 1 1 0 1 1 5 1 0 0 6 2 1 1 1 4 1
split_gain=1.16113e+09 3.01642e+08 1.22133e+08 2.91833e+07 2.26481e+07 1.625e+07 6.75841e+06 5.97844e+06 1.45282e+06 1.11958e+06 869143 772115 506309 313207 284633 224017 141904 49564.2
threshold=29628.349800647582 62105.199800608134 12221.392818450666 4405.9086795478224 48227.499999999993 39566.250451175925 8017.8764203639594 0.39439240646744306 9833.536278827658 8615.0000000000073 23817.000000000018 10.631232603955729 0.35245113372703452 2608.015573342022 7387.5125544820748 5657.3230438461069 2.3193823819540831 1117.7490461145278
decision_type=2 2 2 2 2 2 2 2 2 2 2 2 2 2 2 2 2 2
left_child=2 5 3 9 11 -2 10 -6 12 17 15 -4 -8 -11 16 -5 -12 -1
right_child=1 -3 4 6 7 -7 8 -9 -10 13 14 -13 -14 -15 -16 -17 -18 -19
leaf_value=-173.70683390299473 170.30133666992182 640.68458251953132 -9.312797317504879 -121.43830159505204 121.86841629028322 279.15426839192713 -67.651933797200499 44.548055725097647 -49.440946578979492 -156.37587402343752 -95.467333984375017 -37.099759368896478 -89.195305175781243 -138.67821044921874 -86.812716064453127 -107.77517293294271 -107.37967041015622 -166.96636962890625
leaf_weight=6.0000000000000018 8.0000000000000018 5.9999999999999991 5.0000000000000018 6.0000000000000018 4.9999999999999982 5.9999999999999991 6.0000000000000018 5 7.9999999999999991 4.9999999999999982 4.9999999999999982 5 5 5 4.9999999999999991 6 5 5
leaf_count=6 8 6 5 6 5 6 6 5 8 5 5 5 5 5 5 6 5 5
internal_value=0.543224 344.072 -78.429 -110.796 30.001 216.953 -88.4999 83.2082 -65.6535 -159.635 -104.577 -23.2063 -77.4444 -147.527 -96.5532 -114.607 -101.424 -170.643
internal_weight=107 20 87 67 20 14 46 10 19 21 27 10 11 10 15 12 10 11
internal_count=107 20 87 67 20 14 46 10 19 21 27 10 11 10 15 12 10 11
is_linear=0
shrinkage=0.05


Tree=21
num_leaves=17
num_cat=0
split_feature=1 1 1 1 0 0 0 1 1 1 0 1 0 5 4 6
split_gain=1.04792e+09 2.72232e+08 1.10506e+08 2.93259e+07 1.87941e+07 1.52801e+07 8.13864e+06 1.74952e+06 1.73659e+06 1.6128e+06 457615 305256 303257 216149 141110 2591.5
threshold=29628.349800647582 62105.199800608134 13301.812676166339 5052.4392740799294 48227.499999999993 66429.000000000015 37401.000000000015 2608.015573342022 10621.309512456515 7607.5887173799301 23817.000000000018 9833.536278827658 8615.0000000000073 0.44006687884785706 2.4924571051868147 16.260692376199078
decision_type=2 2 2 2 2 2 2 2 2 2 2 2 2 2 2 2
left_child=2 5 3 7 -4 -2 9 12 -8 10 13 -11 15 -5 -12 -1
right_child=1 -3 4 6 -6 -7 8 -9 -10 11 14 -13 -14 -15 -16 -17
leaf_value=-162.83338867187493 167.17061564127599 608.65033772786455 -15.921188354492182 -100.13038574218746 89.405630408393023 276.18677978515626 -63.760916748046888 -129.6575881958008 -23.86259307861328 -83.376117621527783 -88.416565813337073 -67.967637329101564 -148.55708251953124 -114.83238281249999 -99.414361572265605 -164.44320312499997
leaf_weight=5.0000000000000018 9.0000000000000018 5.9999999999999991 8.0000000000000018 5.0000000000000018 8.9999999999999982 4.9999999999999991 4.9999999999999982 7.9999999999999991 6 8.9999999999999982 6.9999999999999982 4.9999999999999991 4.9999999999999991 5 5 5
leaf_count=5 9 6 8 5 9 5 5 8 6 9 7 5 5 5 5 5
internal_value=0.516061 326.869 -74.5075 -102.278 39.8401 206.105 -79.6384 -148.54 -41.9982 -91.1396 -99.5819 -77.8731 -158.611 -107.481 -92.999 -163.638
internal_weight=107 20 87 70 17 14 47 23 11 36 22 14 15 10 12 10
internal_count=107 20 87 70 17 14 47 23 11 36 22 14 15 10 12 10
is_linear=0
shrinkage=0.05


Tree=22
num_leaves=18
num_cat=0
split_feature=1 1 1 1 0 1 0 1 1 0 1 2 6 4 1 0 0
split_gain=9.45748e+08 2.45689e+08 9.97312e+07 2.64775e+07 1.69617e+07 1.38401e+07 7.82372e+06 1.7335e+06 1.56727e+06 914175 364565 390421 318295 289550 251787 204795 42741
threshold=29628.349800647582 62105.199800608134 13301.812676166339 4405.9086795478224 48227.499999999993 39566.250451175925 37401.000000000015 7387.5125544820748 10621.309512456515 8615.0000000000073 9833.536278827658 0.40053970387469134 11.642466352918628 2.1883376604767633 2608.015573342022 27800.999999999996 4944.0000000000009
decision_type=2 2 2 2 2 2 2 2 2 2 2 2 2 2 2 2 2
left_child=2 5 3 9 -4 -2 7 12 -8 16 11 -9 13 -5 -11 -14 -1
right_child=1 -3 4 6 -6 -7 8 10 -10 14 -12 -13 15 -15 -16 -17 -18
leaf_value=-156.92853190104162 152.74639129638666 578.21782735188799 -15.125129318237299 -100.40756347656246 84.935347493489587 253.20414835611979 -60.572872924804699 -73.016685267857113 -22.669463602701821 -141.12922851562504 -64.569256591796872 -91.310031738281239 -111.00181030273438 -84.115824381510407 -125.26142333984374 -96.691152343749991 -150.66919677734373
leaf_weight=6.0000000000000018 8.0000000000000018 5.9999999999999991 8.0000000000000018 5.0000000000000018 8.9999999999999982 5.9999999999999991 4.9999999999999982 7.0000000000000018 6 4.9999999999999982 4.9999999999999991 5 4.9999999999999982 6 5 5 5
leaf_count=6 8 6 8 5 9 6 5 7 6 5 5 5 5 6 5 5 5
internal_value=0.490259 310.525 -70.7821 -97.1637 37.8481 195.8 -77.0325 -87.7819 -39.8983 -144.137 -75.9125 -80.6389 -97.3904 -91.5212 -133.195 -103.846 -154.083
internal_weight=107 20 87 70 17 14 49 38 11 21 17 12 21 11 10 10 11
internal_count=107 20 87 70 17 14 49 38 11 21 17 12 21 11 10 10 11
is_linear=0
shrinkage=0.05


Tree=23
num_leaves=19
num_cat=0
split_feature=0 1 2 1 4 1 1 7 0 1 2 1 0 1 1 2 3 1
split_gain=8.66329e+08 2.28026e+08 1.78805e+08 4.55375e+07 1.35504e+07 1.05331e+07 9.34701e+06 6.68642e+06 1.97616e+06 1.41447e+06 1.09558e+06 830419 639439 211237 174691 169492 117189 63454.5
threshold=77954.999999999985 22348.395371591363 0.56505205340798936 8017.8764203639594 2.535545779047951 4405.9086795478224 13301.812676166339 0.2165094734714553 37401.000000000015 10621.309512456515 0.3433574889033712 1926.3337192909112 23817.000000000018 7387.5125544820748 5657.3230438461069 0.40053970387469134 4.5000000000000009 1117.7490461145278
decision_type=2 2 2 2 2 2 2 2 2 2 2 2 2 2 2 2 2 2
left_child=1 3 -2 5 7 11 8 -3 15 -10 -8 17 14 16 -7 -5 -14 -1
right_child=2 4 -4 6 -6 12 10 -9 9 -11 -12 -13 13 -15 -16 -17 -18 -19
leaf_value=-149.17646280924473 232.14291015625005 203.80031005859379 654.99587890624991 -61.075330810546852 67.869749641418466 -104.35072733561195 20.845831756591803 122.02974975585936 -57.544229125976578 -21.535989904403685 -10.844633293151855 -125.44888916015626 -92.441142578125024 -74.441654052734378 -92.285253906249991 -73.539988199869782 -81.615761718749994 -141.90468546549479
leaf_weight=6.0000000000000018 4.9999999999999982 4.9999999999999982 5 5.0000000000000018 5.9999999999999991 6.0000000000000018 4.9999999999999982 5 4.9999999999999982 6 6 8.9999999999999982 4.9999999999999982 4.9999999999999991 6 6 5 6
leaf_count=6 5 5 5 5 6 6 5 5 5 6 6 9 5 5 6 6 5 6
internal_value=0.465746 -45.215 443.569 -79.2868 127.273 -110.372 -34.0725 162.915 -52.8888 -37.9034 3.56012 -136.93 -89.7151 -82.8329 -98.318 -67.8742 -87.0285 -145.541
internal_weight=107 97 10 81 16 48 33 10 22 11 11 21 27 15 12 11 10 12
internal_count=107 97 10 81 16 48 33 10 22 11 11 21 27 15 12 11 10 12
is_linear=0
shrinkage=0.05


Tree=24
num_leaves=20
num_cat=0
split_feature=0 1 2 1 5 1 1 1 0 1 0 0 0 1 1 6 2 3 0
split_gain=7.81862e+08 2.05794e+08 1.61371e+08 4.10976e+07 1.22292e+07 9.50613e+06 8.43568e+06 6.0345e+06 1.78348e+06 1.27655e+06 1.02655e+06 773916 577093 212598 190641 171542 152966 105763 34869.1
threshold=77954.999999999985 22348.395371591363 0.56505205340798936 8017.8764203639594 0.40121061746896597 4405.9086795478224 13301.812676166339 33902.646891508019 37401.000000000015 10621.309512456515 53055.999999999993 8615.0000000000073 23817.000000000018 2608.015573342022 7387.5125544820748 12.796655641163168 0.40053970387469134 4.5000000000000009 4944.0000000000009
decision_type=2 2 2 2 2 2 2 2 2 2 2 2 2 2 2 2 2 2 2
left_child=1 3 -2 5 -3 11 8 -6 16 -10 -8 18 15 -13 17 -7 -5 -14 -1
right_child=2 4 -4 6 7 12 10 -9 9 -11 -12 13 14 -15 -16 -17 -18 -19 -20
leaf_value=-141.80507609049474 220.5357641601563 64.476263173421231 622.2461083984374 -58.021564941406226 115.92826171875002 -88.349662562778988 -10.56144002278646 193.61029541015623 -54.667016601562516 -20.459191195170082 20.114386596679687 -127.30665039062504 -87.819086914062524 -112.72590454101561 -70.719571533203123 -100.47549438476561 -69.862987772623683 -77.53497314453125 -136.15146484374998
leaf_weight=6.0000000000000018 4.9999999999999982 5.9999999999999991 5 5.0000000000000018 4.9999999999999982 7.0000000000000018 5.9999999999999982 5 4.9999999999999982 6 5 4.9999999999999982 4.9999999999999982 5 4.9999999999999991 5 6 5 5
leaf_count=6 5 6 5 5 5 7 6 5 5 6 5 5 5 5 5 5 6 5 5
internal_value=0.44246 -42.9543 421.391 -75.3224 120.909 -104.853 -32.3689 154.769 -50.2444 -36.0082 3.38212 -130.083 -85.2294 -120.016 -78.6912 -93.4021 -64.4805 -82.677 -139.235
internal_weight=107 97 10 81 16 48 33 10 22 11 11 21 27 10 15 12 11 10 11
internal_count=107 97 10 81 16 48 33 10 22 11 11 21 27 10 15 12 11 10 11
is_linear=0
shrinkage=0.05


Tree=25
num_leaves=18
num_cat=0
split_feature=1 1 0 1 1 1 1 0 4 1 0 0 0 2 3 7 1
split_gain=6.4213e+08 1.87589e+08 2.88929e+07 2.42127e+07 2.18473e+07 6.95877e+06 3.98005e+06 2.87852e+06 1.23913e+06 982702 855161 356910 351626 295692 139307 51597.5 32874.4
threshold=52757.674236056024 15719.604082849797 43685.500000000007 5657.3230438461069 24205.677865591173 9833.536278827658 3269.5990641405679 58162.500000000022 2.2221563262003503 18300.224719541544 31244.499999999993 20369.499999999996 8615.0000000000073 0.2566042183329999 4.5000000000000009 0.14610001537467651 1117.7490461145278
decision_type=2 2 2 2 2 2 2 2 2 2 2 2 2 2 2 2 2
left_child=1 3 -3 6 9 10 12 -6 -7 -4 14 -8 16 -10 15 -5 -1
right_child=-2 2 4 5 7 8 11 -9 13 -11 -12 -13 -14 -15 -16 -17 -18
leaf_value=-134.76872762044266 429.15716514587405 -37.06100662231443 22.941403427124012 -74.355713907877529 104.96098022460939 -47.468461751937866 -99.871637834821442 152.27745700412328 -8.4685469055175808 54.289477806091305 -53.401801409040189 -84.411942291259777 -117.22603556315106 -24.932177225748696 -69.093852064344617 -81.233046874999999 -129.27920654296872
leaf_weight=6.0000000000000018 7.9999999999999991 5.0000000000000027 5.0000000000000018 6.0000000000000053 4.9999999999999991 4.9999999999999991 6.9999999999999991 8.9999999999999982 4.9999999999999982 5 6.9999999999999991 7.9999999999999991 5.9999999999999991 6 8.9999999999999982 5 5
leaf_count=6 8 5 5 6 5 5 7 9 5 5 7 8 6 6 9 5 5
internal_value=-2.50525 -35.71 72.2811 -77.4666 95.0607 -52.959 -110.399 135.379 -26.8299 38.6154 -68.4428 -91.6265 -126.963 -17.4487 -73.7072 -77.4818 -132.273
internal_weight=112 104 29 75 24 43 32 14 16 10 27 15 17 11 20 11 11
internal_count=112 104 29 75 24 43 32 14 16 10 27 15 17 11 20 11 11
is_linear=0
shrinkage=0.05


Tree=26
num_leaves=19
num_cat=0
split_feature=0 2 0 2 0 0 6 2 2 6 6 2 0 0 2 0 0 3
split_gain=5.48107e+08 1.91488e+08 1.35286e+08 4.88928e+07 1.40766e+07 1.11059e+07 8.15453e+06 4.2407e+06 3.3041e+06 2.58565e+06 1.16719e+06 1.06292e+06 984319 957895 310876 178110 154078 95633.4
threshold=77954.999999999985 0.56505205340798936 39777.5 0.50562705853824974 17132.500000000004 54773.500000000007 8.8564046125742681 0.32534461537208209 0.28965910529666361 13.8610787059551 11.029932159873381 0.51592895015361084 23817.000000000018 24627.000000000004 0.24472592425180703 6414.0000000000009 20369.499999999996 3.5000000000000004
decision_type=2 2 2 2 2 2 2 2 2 2 2 2 2 2 2 2 2 2
left_child=2 -2 4 5 9 8 -5 12 10 -1 -4 13 16 -9 17 -11 -6 -14
right_child=1 -3 3 6 7 -7 -8 11 -10 15 -12 -13 14 -15 -16 -17 -18 -19
leaf_value=-87.375454330444313 132.08264931201936 569.67594238281242 -23.20815887451171 90.649024454752634 -93.490209960937463 46.559496053059895 177.10704345703124 -68.713001708984336 9.4900582885742182 -127.67075347900393 -57.372304687499991 -26.223670196533206 -77.575000000000017 -40.058975846426826 -58.289177449544276 -116.74967389787945 -81.077390136718748 -67.795769042968743
leaf_weight=8.0000000000000018 4.9999999999999982 5 5.0000000000000018 5.9999999999999982 5.0000000000000018 8.9999999999999982 5 5.0000000000000018 4.9999999999999991 7.9999999999999982 5 5.9999999999999991 4.9999999999999982 7 5.9999999999999991 7 5 5
leaf_count=8 5 5 5 6 5 9 5 5 5 8 5 6 5 7 6 7 5 5
internal_value=-2.37999 350.879 -37.0132 42.6575 -78.6323 2.64931 129.948 -62.0624 -23.6968 -110.331 -40.2902 -43.4067 -74.978 -51.9982 -67.2868 -122.574 -87.2838 -72.6854
internal_weight=112 10 102 35 67 24 11 44 15 23 10 18 26 12 16 15 10 10
internal_count=112 10 102 35 67 24 11 44 15 23 10 18 26 12 16 15 10 10
is_linear=0
shrinkage=0.05


Tree=27
num_leaves=18
num_cat=0
split_feature=1 1 1 7 1 1 5 5 5 1 0 1 1 0 5 2 1
split_gain=5.35866e+08 1.80133e+08 2.97327e+07 1.80527e+07 1.03947e+07 8.58493e+06 2.9077e+06 2.37971e+06 2.30115e+06 1.17115e+06 591313 423890 399416 324037 170914 77739.3 28237.1
threshold=62105.199800608134 18300.224719541544 9833.536278827658 0.090753606681850285 4405.9086795478224 33902.646891508019 0.41781195714099434 0.48402602529779554 0.39439240646744306 7607.5887173799301 8615.0000000000073 13956.18840917876 5657.3230438461069 28397.000000000015 0.4500170190692121 0.27447364996027118 1117.7490461145278
decision_type=2 2 2 2 2 2 2 2 2 2 2 2 2 2 2 2 2
left_child=1 2 4 -3 10 6 -5 8 -4 12 16 -10 14 -11 -6 -14 -1
right_child=-2 3 7 5 9 -7 -8 -9 11 13 -12 -13 15 -15 -16 -17 -18
leaf_value=-121.73776245117183 457.43033053080245 24.61990770612443 -29.256129237583675 117.25899536132806 -86.10051167805986 162.49354509626119 63.335862121582025 -45.837407989501955 -3.3362604522705084 -63.585906473795582 -102.14391208224828 16.375820541381835 -63.976248604910722 -47.751033238002229 -74.166184488932274 -71.427963692801328 -116.65013183593749
leaf_weight=6.0000000000000018 5.9999999999999991 7.0000000000000027 7.0000000000000062 5.0000000000000018 6.0000000000000018 6.9999999999999991 5 4.9999999999999991 4.9999999999999982 5.9999999999999982 8.9999999999999982 6 6.9999999999999982 7 6 7 5
leaf_count=6 6 7 7 5 6 7 5 5 5 6 9 6 7 7 6 7 5
internal_value=-2.26099 -28.2813 -63.5437 92.1987 -82.3419 120.025 90.2974 -15.322 -6.84552 -67.3129 -111.649 7.41578 -73.4396 -55.0594 -80.1333 -67.7021 -119.425
internal_weight=112 106 82 24 59 17 10 23 18 39 20 11 26 13 12 14 11
internal_count=112 106 82 24 59 17 10 23 18 39 20 11 26 13 12 14 11
is_linear=0
shrinkage=0.05


Tree=28
num_leaves=18
num_cat=0
split_feature=1 1 1 7 4 1 1 1 2 1 0 1 7 4 0 7 0
split_gain=4.83619e+08 1.6257e+08 2.6851e+07 1.62925e+07 8.0283e+06 6.41002e+06 4.18218e+06 3.61385e+06 2.02331e+06 2.09936e+06 533660 426106 296022 154250 126228 97379.2 28332.1
threshold=62105.199800608134 18300.224719541544 8017.8764203639594 0.090753606681850285 2.7535771856059377 4405.9086795478224 10621.309512456515 31062.671928726599 0.38140948671013492 12221.392818450666 8615.0000000000073 5657.3230438461069 0.12281249521708473 2.2516050081241255 28397.000000000015 0.13023781247678756 4944.0000000000009
decision_type=2 2 2 2 2 2 2 2 2 2 2 2 2 2 2 2 2
left_child=1 2 5 -3 7 10 12 -5 9 -8 16 13 -4 -7 15 -13 -1
right_child=-2 3 6 4 -6 11 8 -9 -10 -11 -12 14 -14 -15 -16 -17 -18
leaf_value=-115.77038981119786 434.55883661905932 23.388913835797979 -41.911182488335506 57.252991790771461 160.5480946858724 -70.457875061035125 -25.444921493530259 114.80901896158854 -33.371497126988004 15.855601859092713 -97.036716715494791 -62.362322998046892 -57.084812622070309 -81.795485432942712 -57.075523071289062 -71.81030151367186 -110.67420654296873
leaf_weight=6.0000000000000018 5.9999999999999991 7.0000000000000027 8.9999999999999982 5.0000000000000018 5.9999999999999991 6.0000000000000018 5.0000000000000027 6 6.9999999999999991 7.9999999999999991 8.9999999999999982 5.9999999999999982 4.9999999999999991 6 4.9999999999999991 5 5
leaf_count=6 6 7 9 5 6 6 5 6 7 8 9 6 5 6 5 5 5
internal_value=-2.14794 -26.8672 -60.3665 87.5888 114.024 -84.4468 -26.3707 88.6472 -11.699 -0.0292148 -106.066 -69.0044 -47.3303 -76.1267 -63.6627 -66.6569 -113.454
internal_weight=112 106 82 24 17 48 34 11 20 13 20 28 14 12 16 11 11
internal_count=112 106 82 24 17 48 34 11 20 13 20 28 14 12 16 11 11
is_linear=0
shrinkage=0.05


Tree=29
num_leaves=18
num_cat=0
split_feature=1 1 1 6 4 1 1 5 4 1 1 1 1 0 4 2 1
split_gain=4.36466e+08 1.46719e+08 2.42778e+07 1.49027e+07 1.0154e+07 8.453e+06 3.2615e+06 2.01745e+06 1.9252e+06 949996 496819 382334 323110 271891 139210 62063.1 23255.8
threshold=62105.199800608134 18300.224719541544 9833.536278827658 11.642466352918628 2.7535771856059377 4405.9086795478224 31062.671928726599 0.48402602529779554 2.535545779047951 7607.5887173799301 1926.3337192909112 13956.18840917876 5657.3230438461069 28397.000000000015 2.2516050081241255 0.27447364996027118 1117.7490461145278
decision_type=2 2 2 2 2 2 2 2 2 2 2 2 2 2 2 2 2
left_child=1 2 5 4 6 10 -3 8 11 12 16 -4 14 -11 -7 -14 -1
right_child=-2 3 7 -5 -6 9 -8 -9 -10 13 -12 -13 15 -15 -16 -17 -18
leaf_value=-109.989756266276 412.83086853027345 54.390339813232359 -3.1362171173095668 27.489136123657229 170.14946533203124 -66.934981791178359 109.06856791178384 -41.870832901000981 -26.467611040387837 -57.556106567382827 -92.050656467013894 15.584702555338541 -57.810372052873895 -43.051222011021203 -77.705711873372394 -64.468506731305794 -105.37262939453124
leaf_weight=6.0000000000000018 5.9999999999999991 5.0000000000000053 5.0000000000000053 7.9999999999999991 4.9999999999999991 6.0000000000000018 6 4.9999999999999991 6.9999999999999991 5.9999999999999982 8.9999999999999982 6 6.9999999999999982 7 6 7 5
leaf_count=6 6 5 5 8 5 6 6 5 7 6 9 6 7 7 6 7 5
internal_value=-2.04054 -25.5238 -57.3482 83.2093 111.069 -74.3347 84.2148 -13.7739 -5.96923 -60.7818 -100.763 7.07519 -66.2999 -49.7458 -72.3203 -61.1394 -107.891
internal_weight=112 106 82 24 16 59 11 23 18 39 20 11 26 13 12 14 11
internal_count=112 106 82 24 16 59 11 23 18 39 20 11 26 13 12 14 11
is_linear=0
shrinkage=0.05


Tree=30
num_leaves=18
num_cat=0
split_feature=0 2 0 2 0 0 6 2 0 6 0 4 4 2 3 4 6
split_gain=3.82205e+08 1.38976e+08 8.75475e+07 3.17209e+07 1.09215e+07 6.86067e+06 4.84928e+06 3.65658e+06 3.249e+06 1.50495e+06 1.16351e+06 650180 244902 232661 105376 54637.6 1203.57
threshold=77954.999999999985 0.56505205340798936 39777.5 0.40053970387469134 17132.500000000004 62016 10.883215456439848 0.43149840856083482 50610.999999999993 15.008018257059971 33369.000000000007 2.6272356579924998 1.9905416946811754 0.33522895219823584 4.5000000000000009 3.0531436581951543 11.998065177793462
decision_type=2 2 2 2 2 2 2 2 2 2 2 2 2 2 2 2 2
left_child=2 -2 4 6 9 -5 8 10 -4 -1 11 12 -6 14 -14 -11 -9
right_child=1 -3 3 5 7 -7 -8 16 -10 15 -12 -13 13 -15 -16 -17 -18
leaf_value=-74.158082580566372 111.27208404541018 484.06742675781243 -3.6424534661429258 122.46243794759114 -64.048766479492102 49.413992309570318 -31.910234248638154 -20.499659605026253 49.129260864257809 -99.303570556640636 -35.83230470929827 -71.816871861049108 -60.247852579752582 -43.54037653605144 -50.419584350585929 -106.1469787597656 -19.402588348388669
leaf_weight=8.0000000000000018 4.9999999999999982 5 7.0000000000000018 8.9999999999999982 5.0000000000000062 4.9999999999999991 7.9999999999999991 4.9999999999999982 5 6.9999999999999982 6.9999999999999991 6.9999999999999991 6.0000000000000018 5.9999999999999991 5 5 5
leaf_count=8 5 5 7 9 5 5 8 5 5 7 7 7 6 6 5 5 5
internal_value=2.94132 297.67 -26.5315 38.65 -60.1099 96.3737 -1.75664 -46.6984 18.3458 -90.9562 -54.1282 -58.5445 -54.3214 -51.4604 -55.7805 -102.155 -19.9511
internal_weight=110 10 100 34 66 14 20 46 12 20 36 29 22 17 11 12 10
internal_count=110 10 100 34 66 14 20 46 12 20 36 29 22 17 11 12 10
is_linear=0
shrinkage=0.05


Tree=31
num_leaves=16
num_cat=0
split_feature=1 1 0 1 1 0 3 6 1 3 1 3 0 4 4
split_gain=3.81775e+08 8.76497e+07 1.52763e+07 1.25734e+07 9.45145e+06 5.00772e+06 1.52741e+06 937492 567202 525715 290072 204159 139328 74907.2 15473.9
threshold=52757.674236056024 15719.604082849797 43685.500000000007 8017.8764203639594 24205.677865591173 12372.000000000005 3.5000000000000004 9.6179462059860477 12221.392818450666 4.5000000000000009 5166.7437459527355 3.5000000000000004 28397.000000000015 3.0531436581951543 2.7535771856059377
decision_type=2 2 2 2 2 2 2 2 2 2 2 2 2 2 2
left_child=1 3 -3 5 -4 13 -6 8 -5 14 -7 -12 -13 -1 -9
right_child=-2 2 4 7 6 10 -8 9 -10 -11 11 12 -14 -15 -16
leaf_value=-93.206730821397571 314.83913472493492 -22.670013809204089 26.93991722530788 -29.833301289876289 78.312009048461931 -67.870710754394494 111.68465220133463 -28.311670227050787 -8.8832135881696423 -50.135150146484378 -63.80351911272318 -57.396897718641497 -47.560467020670579 -100.83963012695312 -32.24535736083984
leaf_weight=8.9999999999999982 8.9999999999999982 6.0000000000000027 9.0000000000000018 6.0000000000000018 7.9999999999999982 8.0000000000000018 6 4.9999999999999982 7 4.9999999999999991 7.0000000000000027 8.9999999999999982 5.9999999999999991 4.9999999999999991 5
leaf_count=9 9 6 9 6 8 8 6 5 7 5 7 9 6 5 5
internal_value=2.79426 -25.0117 48.3808 -54.5726 66.9158 -71.2405 92.6146 -28.3801 -18.5525 -36.8974 -59.7175 -56.7527 -53.4623 -95.9328 -30.2785
internal_weight=110 101 29 72 23 44 14 28 13 15 30 22 15 14 10
internal_count=110 101 29 72 23 44 14 28 13 15 30 22 15 14 10
is_linear=0
shrinkage=0.05


Tree=32
num_leaves=17
num_cat=0
split_feature=1 1 1 1 1 7 2 1 2 6 2 1 3 1 2 1
split_gain=3.45325e+08 5.9996e+07 5.09789e+07 9.99779e+06 8.19816e+06 4.76166e+06 4.43039e+06 3.77943e+06 894360 1.03095e+06 318446 286280 167599 166206 126039 33524.3
threshold=39566.250451175925 13956.18840917876 62105.199800608134 4405.9086795478224 24205.677865591173 0.11342507648198333 0.56505205340798936 8017.8764203639594 0.40053970387469134 11.49094878481216 0.24472592425180703 1926.3337192909112 3.5000000000000004 5166.7437459527355 0.27447364996027118 1117.7490461145278
decision_type=2 2 2 2 2 2 2 2 2 2 2 2 2 2 2 2
left_child=1 3 -2 11 5 -3 -6 12 9 10 -9 15 -5 -14 -15 -1
right_child=2 4 -4 7 6 -7 -8 8 -10 -11 -12 -13 13 14 -16 -17
leaf_value=-95.880920410156264 152.76694755554203 -22.892047800336542 358.87949727376298 -61.983774185180643 84.568467712402366 32.092283285988707 24.571027526855467 -5.9949096679687415 -45.94949010213216 -40.949995422363287 -22.080225181579593 -78.427927246093759 -61.315552978515591 -45.889477975027908 -55.076474761962892 -90.337399291992185
leaf_weight=4.9999999999999982 5.9999999999999982 7.0000000000000062 6 8.0000000000000018 7.9999999999999982 8.9999999999999982 5 5.0000000000000062 5.9999999999999991 5.9999999999999991 7.9999999999999991 4.9999999999999991 5.0000000000000027 6.9999999999999991 7.9999999999999991 6
leaf_count=5 6 7 6 8 8 9 5 5 6 6 8 5 5 7 8 6
internal_value=2.65454 -28.3457 255.823 -53.7082 31.9996 8.03664 61.4925 -43.2509 -29.1205 -23.8061 -15.8936 -88.348 -55.8674 -53.4208 -50.7892 -92.8572
internal_weight=110 98 12 69 29 16 13 53 25 19 13 16 28 20 15 11
internal_count=110 98 12 69 29 16 13 53 25 19 13 16 28 20 15 11
is_linear=0
shrinkage=0.05


Tree=33
num_leaves=17
num_cat=0
split_feature=1 1 1 1 2 1 3 6 2 1 3 1 3 2 4 4
split_gain=3.11944e+08 7.14319e+07 1.17815e+07 1.01767e+07 4.21122e+06 4.10395e+06 1.58488e+06 750876 652423 466746 451086 234470 163856 113750 67013.7 16134.9
threshold=52757.674236056024 15719.604082849797 29628.349800647582 8017.8764203639594 0.41711654529755943 3269.5990641405679 3.5000000000000004 9.6179462059860477 0.3433574889033712 12221.392818450666 4.5000000000000009 5166.7437459527355 3.5000000000000004 0.27447364996027118 3.0531436581951543 2.7535771856059377
decision_type=2 2 2 2 2 2 2 2 2 2 2 2 2 2 2 2
left_child=1 3 4 5 8 14 -4 9 -3 -5 15 -7 -13 -14 -1 -9
right_child=-2 2 6 7 -6 11 -8 10 -10 -11 -12 12 13 -15 -16 -17
leaf_value=-84.069458685980919 284.58841571807864 51.36125122070306 63.61962799072267 -27.172758674621573 -11.587396975925991 -61.193315887451149 101.73531468709308 -25.217863922119147 26.906107250849402 -8.1682299000876295 -45.619605102539062 -57.514154488699752 -43.595004708426345 -52.322650909423828 -91.289000244140638 -29.234696807861322
leaf_weight=8.9999999999999982 8.9999999999999982 5.0000000000000053 4.9999999999999982 6.0000000000000018 6.9999999999999991 8.0000000000000018 6 4.9999999999999982 6 7 4.9999999999999991 7.0000000000000027 6.9999999999999991 7.9999999999999991 4.9999999999999991 5
leaf_count=9 9 5 5 6 7 8 6 5 6 7 5 7 7 8 5 5
internal_value=2.52182 -22.6128 43.6428 -49.2991 18.7295 -64.2946 84.41 -25.7348 38.0221 -16.9396 -33.3574 -53.8631 -51.1975 -48.2497 -86.6479 -27.2263
internal_weight=110 101 29 72 18 44 11 28 11 13 15 30 22 15 14 10
internal_count=110 101 29 72 18 44 11 28 11 13 15 30 22 15 14 10
is_linear=0
shrinkage=0.05


Tree=34
num_leaves=18
num_cat=0
split_feature=1 1 1 1 7 2 1 5 1 6 1 3 1 3 2 1 5
split_gain=2.82173e+08 4.88219e+07 4.37396e+07 9.18447e+06 7.83617e+06 4.0676e+06 3.70381e+06 2.41364e+06 1.14976e+06 677666 421238 407105 211609 147880 102659 60877.2 14561.8
threshold=39566.250451175925 15719.604082849797 62105.199800608134 8017.8764203639594 0.20086655430696435 0.3433574889033712 3269.5990641405679 0.41243257855243948 24205.677865591173 9.6179462059860477 12221.392818450666 4.5000000000000009 5166.7437459527355 3.5000000000000004 0.27447364996027118 1117.7490461145278 0.37358923902760793
decision_type=2 2 2 2 2 2 2 2 2 2 2 2 2 2 2 2 2
left_child=1 3 -2 6 5 -3 15 -6 -7 10 -5 16 -8 -14 -15 -1 -11
right_child=2 4 -4 9 7 8 12 -9 -10 11 -12 -13 13 14 -16 -17 -18
leaf_value=-86.739011230468748 135.78813832600915 48.793187112808162 326.70609944661459 -25.814120944341013 92.38655944824221 -20.353235371907559 -58.133650207519509 43.257790946960448 12.111244659423827 -27.772961730957036 -7.7598180464335842 -43.338626708984378 -54.638446916852651 -41.415253993443088 -49.706519317626956 -79.857952880859386 -23.956970672607419
leaf_weight=4.9999999999999991 5.9999999999999982 5.0000000000000062 6 6.0000000000000018 4.9999999999999982 5.9999999999999982 8.0000000000000018 5 5 4.9999999999999982 7 4.9999999999999991 7.0000000000000027 6.9999999999999991 7.9999999999999991 8.9999999999999982 5
leaf_count=5 6 5 6 6 5 6 8 5 5 5 7 5 7 7 8 9 5
internal_value=2.39573 -25.6269 231.247 -46.8342 33.1009 11.4002 -61.0799 67.8222 -5.59665 -24.4481 -16.0926 -31.6895 -51.1699 -48.6376 -45.8373 -82.3155 -25.865
internal_weight=110 98 12 72 26 16 44 10 11 28 13 15 30 22 15 14 10
internal_count=110 98 12 72 26 16 44 10 11 28 13 15 30 22 15 14 10
is_linear=0
shrinkage=0.05


Tree=35
num_leaves=18
num_cat=0
split_feature=0 1 0 1 1 0 1 1 3 7 2 2 0 1 1 4 0
split_gain=2.6644e+08 1.08748e+08 4.38909e+07 9.37533e+06 9.21858e+06 6.54238e+06 1.72605e+06 1.33538e+06 1.05657e+06 920836 564652 310593 306531 283698 151222 70521.3 14215.4
threshold=77954.999999999985 52757.674236056024 46235.500000000007 18300.224719541544 6093.7564319131534 66429.000000000015 3269.5990641405679 8587.5259268539885 4.5000000000000009 0.11928437684421113 0.51592895015361084 0.28437702154139949 28397.000000000015 12221.392818450666 1926.3337192909112 2.1883376604767633 4944.0000000000009
decision_type=2 2 2 2 2 2 2 2 2 2 2 2 2 2 2 2 2
left_child=2 -2 4 -4 6 8 14 12 -5 10 -9 15 -6 -11 16 -8 -1
right_child=1 -3 3 5 7 -7 11 9 -10 13 -12 -13 -14 -15 -16 -17 -18
leaf_value=-81.406045532226528 60.544096984863295 376.27412109374995 -10.407831827799477 89.083983866373714 -47.07742377387153 5.9590747070312506 -54.651129760742151 -40.788509041922424 57.962817077636707 -20.280975952148442 -19.885559908548988 -64.656691284179701 -31.636793212890627 -4.1547106444835658 -69.897201538085938 -47.081550598144531 -77.796234130859375
leaf_weight=6.0000000000000018 4.9999999999999982 6 9.0000000000000018 5.9999999999999982 8.9999999999999982 4.9999999999999991 5.0000000000000027 7.0000000000000018 5 4.9999999999999982 6 4.9999999999999991 4.9999999999999991 6 5.9999999999999991 7.9999999999999991 5
leaf_count=6 5 6 9 6 9 5 5 7 5 5 6 5 5 6 6 8 5
internal_value=-0.570926 232.76 -26.7612 30.4177 -46.343 53.3821 -64.8569 -29.2907 74.938 -22.1319 -31.141 -54.0662 -41.5629 -11.4848 -76.2824 -49.9929 -79.7652
internal_weight=109 11 98 25 73 16 35 38 11 24 13 18 14 11 17 13 11
internal_count=109 11 98 25 73 16 35 38 11 24 13 18 14 11 17 13 11
is_linear=0
shrinkage=0.05


Tree=36
num_leaves=16
num_cat=0
split_feature=0 1 0 1 1 0 1 1 6 1 0 6 1 1 0
split_gain=2.40462e+08 9.81449e+07 3.97596e+07 9.4237e+06 7.05155e+06 7.28346e+06 1.55776e+06 1.48034e+06 1.02794e+06 595553 276644 226778 136478 128529 12829.3
threshold=77954.999999999985 52757.674236056024 48227.499999999993 6093.7564319131534 18300.224719541544 62016 3269.5990641405679 8587.5259268539885 10.631232603955729 13956.18840917876 28397.000000000015 11.029932159873381 1926.3337192909112 13956.18840917876 4944.0000000000009
decision_type=2 2 2 2 2 2 2 2 2 2 2 2 2 2 2
left_child=2 -2 3 6 -4 -6 12 10 9 -9 -5 -8 14 -10 -1
right_child=1 -3 4 7 5 -7 11 8 13 -11 -12 -13 -14 -15 -16
leaf_value=-77.335740152994759 57.516892395019546 357.46041259765622 -7.667560904366626 -44.723553466796879 90.35482984270368 20.517026519775392 -45.750671725802931 -17.785661506652826 -33.641331808907651 4.2117689657211299 -30.054952697753908 -56.975099690755215 -66.402340698242185 -24.059766442435127 -73.906420898437489
leaf_weight=6.0000000000000018 4.9999999999999982 6 7.0000000000000027 8.9999999999999982 6.9999999999999991 7.9999999999999991 9.0000000000000018 8.0000000000000018 6.9999999999999982 4.9999999999999991 4.9999999999999991 8.9999999999999982 5.9999999999999991 7 5
leaf_count=6 5 6 7 9 7 8 9 8 7 5 5 9 6 7 5
internal_value=-0.54238 221.122 -25.4231 -42.5581 33.7703 53.108 -61.6141 -26.2908 -19.4494 -9.32511 -39.4848 -51.3629 -72.4683 -28.8505 -75.777
internal_weight=109 11 98 76 22 15 35 41 27 13 14 18 17 14 11
internal_count=109 11 98 76 22 15 35 41 27 13 14 18 17 14 11
is_linear=0
shrinkage=0.05


Tree=37
num_leaves=17
num_cat=0
split_feature=0 1 0 1 1 0 0 1 6 1 0 4 1 1 1 1
split_gain=2.17017e+08 8.85757e+07 3.58831e+07 8.50489e+06 6.36402e+06 6.57332e+06 1.41544e+06 1.33601e+06 927719 537487 249672 176367 241169 153476 115997 11963.2
threshold=77954.999999999985 52757.674236056024 48227.499999999993 6093.7564319131534 18300.224719541544 62016 14717.500000000004 8587.5259268539885 10.631232603955729 13956.18840917876 28397.000000000015 2.6272356579924998 5451.4444842065941 1926.3337192909112 13956.18840917876 1117.7490461145278
decision_type=2 2 2 2 2 2 2 2 2 2 2 2 2 2 2 2
left_child=2 -2 3 6 -4 -6 13 10 9 -9 -5 12 -8 15 -10 -1
right_child=1 -3 4 7 5 -7 11 8 14 -11 -12 -13 -14 -15 -16 -17
leaf_value=-73.493353271484338 54.641048889160167 339.5873982747396 -7.2841831752232116 -42.487375895182296 85.837085614885609 19.491175079345705 -51.987752787272115 -16.896378231048576 -31.959265354701458 4.0011807417869569 -28.552206115722658 -56.076558227539067 -37.811224365234374 -62.517432512555814 -22.856778444562636 -70.181823730468736
leaf_weight=6.0000000000000018 4.9999999999999982 6 7.0000000000000027 8.9999999999999982 6.9999999999999991 7.9999999999999991 6.0000000000000018 8.0000000000000018 6.9999999999999982 4.9999999999999991 4.9999999999999991 4.9999999999999991 6 6.9999999999999991 7 5
leaf_count=6 5 6 7 9 7 8 6 8 7 5 5 5 6 7 7 5
internal_value=-0.515261 210.066 -24.152 -40.4302 32.0818 50.4526 -58.5334 -24.9762 -18.4769 -8.85886 -37.5105 -48.1869 -44.8995 -68.3051 -27.408 -71.9881
internal_weight=109 11 98 76 22 15 35 41 27 13 14 17 12 18 14 11
internal_count=109 11 98 76 22 15 35 41 27 13 14 17 12 18 14 11
is_linear=0
shrinkage=0.05


Tree=38
num_leaves=16
num_cat=0
split_feature=0 1 0 1 1 0 0 1 6 1 2 0 6 1 0
split_gain=1.95858e+08 7.99396e+07 3.23845e+07 7.67566e+06 5.74353e+06 5.93243e+06 1.27744e+06 1.20575e+06 837266 485082 390942 225329 163387 138512 11696.5
threshold=77954.999999999985 52757.674236056024 48227.499999999993 6093.7564319131534 18300.224719541544 62016 14717.500000000004 8587.5259268539885 10.631232603955729 13956.18840917876 0.51592895015361084 28397.000000000015 11.642466352918628 1926.3337192909112 4944.0000000000009
decision_type=2 2 2 2 2 2 2 2 2 2 2 2 2 2 2
left_child=2 -2 3 6 -4 -6 13 11 9 -9 -10 -5 -8 14 -1
right_child=1 -3 4 7 5 -7 12 8 10 -11 -12 -13 -14 -15 -16
leaf_value=-69.877074178059871 51.908995056152357 322.6080362955729 -6.919974163600374 -40.363006930881085 81.545231410435278 18.5166166305542 -41.156069098578541 -16.051559257507318 -33.273520469665534 3.8011214411258702 -16.389754358927405 -27.124595336914066 -50.976650619506842 -59.391559709821436 -66.602662353515612
leaf_weight=6.0000000000000018 4.9999999999999982 6 7.0000000000000027 8.9999999999999982 6.9999999999999991 7.9999999999999991 9.0000000000000018 8.0000000000000018 7.9999999999999982 4.9999999999999991 6 4.9999999999999991 7.9999999999999991 6.9999999999999991 5
leaf_count=6 5 6 7 9 7 8 9 8 8 5 6 5 8 7 5
internal_value=-0.489497 199.563 -22.9444 -38.4087 30.4777 47.93 -55.6067 -23.7274 -17.5531 -8.41591 -26.0376 -35.635 -45.7775 -64.8898 -68.3887
internal_weight=109 11 98 76 22 15 35 41 27 13 14 14 17 18 11
internal_count=109 11 98 76 22 15 35 41 27 13 14 14 17 18 11
is_linear=0
shrinkage=0.05


Tree=39
num_leaves=18
num_cat=0
split_feature=0 1 0 1 1 0 1 3 1 7 2 2 0 1 0 5 4
split_gain=1.76762e+08 7.21455e+07 2.92693e+07 6.20221e+06 6.08231e+06 4.85196e+06 1.16068e+06 1.12326e+06 871898 606042 436030 232924 203359 190898 96060.4 70738.7 19673.8
threshold=77954.999999999985 52757.674236056024 46235.500000000007 18300.224719541544 6093.7564319131534 66429.000000000015 3269.5990641405679 4.5000000000000009 8587.5259268539885 0.11928437684421113 0.51592895015361084 0.28437702154139949 28397.000000000015 12221.392818450666 8615.0000000000073 0.45698816419450822 3.0531436581951543
decision_type=2 2 2 2 2 2 2 2 2 2 2 2 2 2 2 2 2
left_child=2 -2 4 -4 6 7 14 -5 12 10 -10 15 -6 -11 16 -8 -1
right_child=1 -3 3 5 8 -7 11 -9 9 13 -12 -13 -14 -15 -16 -17 -18
leaf_value=-62.655098876953097 49.313547134399428 306.47763264973958 -8.3095198101467513 76.723233540852888 -38.344855584038633 2.7348800659179688 -37.534371376037583 44.63504875183105 -33.938835580008359 -16.730247802734379 -15.570266850789388 -53.148867187500002 -25.768365173339845 -3.5018839597702023 -57.106540934244791 -45.11561340332031 -66.901778157552073
leaf_weight=5.0000000000000018 4.9999999999999982 6 9.0000000000000018 5.9999999999999982 8.9999999999999982 4.9999999999999991 8.0000000000000018 5 7.0000000000000018 4.9999999999999982 6 4.9999999999999991 4.9999999999999991 6 5.9999999999999991 4.9999999999999991 6
leaf_count=5 5 6 9 6 9 5 8 5 7 5 6 5 5 6 6 5 6
internal_value=-0.465022 189.585 -21.7972 24.8961 -37.788 43.5743 -52.8264 62.1377 -23.9369 -18.1523 -25.461 -43.9776 -33.8533 -9.51478 -62.1956 -40.4502 -64.9715
internal_weight=109 11 98 25 73 16 35 11 38 24 13 18 14 11 17 13 11
internal_count=109 11 98 25 73 16 35 11 38 24 13 18 14 11 17 13 11
is_linear=0
shrinkage=0.05


Tree=40
num_leaves=19
num_cat=0
split_feature=1 1 1 7 2 1 6 1 7 2 1 4 5 1 4 5 2 1
split_gain=1.65651e+08 6.1894e+07 1.35881e+07 4.86328e+06 2.58698e+06 2.43952e+06 2.27555e+06 3.03511e+06 390069 287860 290583 236049 172029 157025 74605.9 78738.5 23557.7 13961.5
threshold=24205.677865591173 62105.199800608134 9833.536278827658 0.16161402610131517 0.55662553940215431 4405.9086795478224 10.485838715812053 15719.604082849797 0.08708707792479202 0.28437702154139949 7387.5125544820748 2.3193823819540831 0.40949729383885825 1926.3337192909112 2.1883376604767633 0.39559492442219535 0.28965910529666361 1117.7490461145278
decision_type=2 2 2 2 2 2 2 2 2 2 2 2 2 2 2 2 2 2
left_child=2 3 5 -2 -5 13 7 16 -8 10 14 -11 -12 17 -7 -16 -4 -1
right_child=1 -3 6 4 -6 9 8 -9 -10 11 12 -13 -14 -15 15 -17 -18 -19
leaf_value=-63.167769368489559 43.527922799852128 253.88674723307292 -5.9725655364990162 115.22300071716312 66.526026000976557 -42.785905151367132 -29.46818786621094 34.52779780796596 -11.665630147745834 -51.177671508789068 -33.414675292968759 -37.328842544555663 -20.298710403442382 -52.725486246744794 -39.281531778971363 -30.785827331542965 -10.826193710565565 -59.75682067871093
leaf_weight=6.0000000000000018 9.0000000000000053 5.9999999999999991 5.0000000000000053 5.9999999999999982 5 5.0000000000000062 4.9999999999999991 6.9999999999999991 7.9999999999999991 4.9999999999999991 4.9999999999999982 7.9999999999999991 5 8.9999999999999982 5.9999999999999982 5 5 6
leaf_count=6 9 6 5 6 5 5 5 7 8 5 5 8 5 9 6 5 5 6
internal_value=1.87383 113.04 -30.2408 70.786 93.088 -43.9785 -2.76551 9.27652 -18.5128 -36.5804 -33.5429 -42.6553 -26.8567 -57.7179 -37.7217 -35.4198 -8.39938 -61.4623
internal_weight=116 26 90 20 11 60 30 17 13 39 26 13 10 21 16 11 10 12
internal_count=116 26 90 20 11 60 30 17 13 39 26 13 10 21 16 11 10 12
is_linear=0
shrinkage=0.05


Tree=41
num_leaves=18
num_cat=0
split_feature=0 2 1 5 7 1 5 1 1 2 2 7 5 5 5 0 5
split_gain=1.5527e+08 5.95528e+07 3.76527e+07 7.79663e+06 1.18024e+07 4.4107e+06 3.45487e+06 1.37705e+06 687263 543673 292734 246040 151175 133764 113172 77436.4 17802.6
threshold=77954.999999999985 0.56505205340798936 15719.604082849797 0.45698816419450822 0.11014458600331878 5657.3230438461069 0.40469831891852054 9833.536278827658 3269.5990641405679 0.2566042183329999 0.27447364996027118 0.2165094734714553 0.4500170190692121 0.40949729383885825 0.44006687884785706 8615.0000000000073 0.36316424738755676
decision_type=2 2 2 2 2 2 2 2 2 2 2 2 2 2 2 2 2
left_child=2 -2 5 4 -4 8 -6 10 15 -9 13 -11 -10 -7 -12 16 -1
right_child=1 -3 3 -5 6 7 -8 9 12 11 14 -13 -14 -15 -16 -17 -18
leaf_value=-60.542170206705705 77.940567861284535 303.8725708007812 -2.701353573799131 -23.423367271423341 48.590700422014521 -32.210528128487709 98.267286464146196 -0.32152267456054667 -46.293902587890635 -25.996411950247634 -34.054644203186044 -11.474314680099486 -36.232424708775106 -22.435770307268413 -43.643806762695306 -51.978763689313624 -56.502487792968736
leaf_weight=6.0000000000000018 6.9999999999999982 5 8.0000000000000053 4.9999999999999991 6.9999999999999982 7.0000000000000018 7 5.0000000000000027 7.9999999999999982 6.9999999999999982 7.9999999999999982 5 7 7 5 6.9999999999999991 5
leaf_count=6 7 5 8 5 7 7 7 5 8 7 8 5 7 7 5 7 5
internal_value=1.78014 172.079 -17.8697 32.9362 45.7452 -35.6848 73.429 -25.3212 -49.5029 -14.1738 -32.34 -19.9455 -41.5985 -27.3231 -37.7428 -56.0898 -58.706
internal_weight=116 12 104 27 22 77 14 44 33 17 27 12 15 14 13 18 11
internal_count=116 12 104 27 22 77 14 44 33 17 27 12 15 14 13 18 11
is_linear=0
shrinkage=0.05


Tree=42
num_leaves=18
num_cat=0
split_feature=0 1 1 4 7 1 4 1 1 0 0 3 4 0 4 0 6
split_gain=1.40132e+08 5.24996e+07 3.39815e+07 7.03646e+06 1.06517e+07 3.98066e+06 3.11802e+06 1.24279e+06 624706 506409 262105 187763 151019 113630 111681 46183.4 6339.5
threshold=77954.999999999985 52757.674236056024 15719.604082849797 2.2221563262003503 0.11014458600331878 5657.3230438461069 2.4709768464156912 9833.536278827658 2608.015573342022 37401.000000000015 27800.999999999996 3.5000000000000004 2.4924571051868147 21486.000000000011 2.3193823819540831 8615.0000000000073 16.260692376199078
decision_type=2 2 2 2 2 2 2 2 2 2 2 2 2 2 2 2 2
left_child=2 -2 5 -4 -5 8 -6 10 15 -9 14 -10 -12 -13 -7 16 -1
right_child=1 -3 3 4 6 7 -8 9 11 -11 12 13 -14 -15 -16 -17 -18
leaf_value=-55.266618041992196 58.89283580780031 268.05706990559895 -22.252196645736678 -2.5662858307361596 93.353922380719894 -41.461616210937478 46.161165509905132 -22.618273496627797 -48.982007446289032 -5.328908411661784 -19.789824867248541 -41.276290512084969 -30.600001307896203 -31.667736206054684 -32.141580878363719 -50.64017028808594 -57.784454345703118
leaf_weight=4.9999999999999982 5.9999999999999982 6 5.0000000000000027 8.0000000000000018 6.9999999999999982 5.0000000000000027 7 8.0000000000000018 5.0000000000000027 8.9999999999999982 5.9999999999999982 7.9999999999999982 7 5 8.9999999999999982 4.9999999999999991 5
leaf_count=5 6 6 5 8 7 5 7 8 5 9 6 8 7 5 9 5 5
internal_value=1.69113 163.475 -16.9762 31.2894 43.458 -33.9006 69.7575 -24.0552 -47.0277 -13.4651 -30.723 -40.7477 -25.6107 -37.5807 -35.4702 -54.5637 -56.5255
internal_weight=116 12 104 27 22 77 14 44 33 17 27 18 13 13 14 15 10
internal_count=116 12 104 27 22 77 14 44 33 17 27 18 13 13 14 15 10
is_linear=0
shrinkage=0.05


Tree=43
num_leaves=20
num_cat=0
split_feature=0 2 1 4 7 1 4 1 2 1 0 7 4 2 2 0 0 1 6
split_gain=1.26469e+08 4.93508e+07 3.06683e+07 6.3504e+06 9.61314e+06 3.59326e+06 2.81401e+06 1.239e+06 460798 448079 260475 218882 101538 93489.8 81788.7 41680.5 25529.3 22070.1 5721.38
threshold=77954.999999999985 0.56505205340798936 15719.604082849797 2.2221563262003503 0.11014458600331878 5451.4444842065941 2.4709768464156912 9833.536278827658 0.2566042183329999 2608.015573342022 33369.000000000007 0.2165094734714553 2.5967981128142408 0.41711654529755943 0.28965910529666361 8615.0000000000073 20369.499999999996 7387.5125544820748 16.260692376199078
decision_type=2 2 2 2 2 2 2 2 2 2 2 2 2 2 2 2 2 2 2
left_child=2 -2 5 -4 -5 9 -6 10 -9 15 12 -10 13 17 16 18 -11 -7 -1
right_child=1 -3 3 4 6 7 -8 8 11 14 -12 -13 -14 -15 -16 -17 -18 -19 -20
leaf_value=-52.503287353515603 69.604865809849343 275.27608642578122 -21.139586791992173 -2.4379716157913198 88.686226545061402 -30.073343113490473 43.853106689453121 -0.039001083374023415 -23.812667942047124 -39.529915771484383 -21.961155843734744 -10.115472526550292 -38.760134277343752 -36.398785705566404 -44.83567321777344 -48.108161010742187 -34.477264709472649 -25.723952941894527 -54.895228881835934
leaf_weight=5.0000000000000018 6.9999999999999982 5 5.0000000000000027 8.0000000000000018 6.9999999999999982 7.0000000000000089 7 5.0000000000000027 6.9999999999999982 4.9999999999999982 7.9999999999999991 5 4.9999999999999991 4.9999999999999991 4.9999999999999991 4.9999999999999991 5 5 5
leaf_count=5 7 5 5 8 7 7 7 5 7 5 8 5 5 5 5 5 5 5 5
internal_value=1.60657 155.301 -16.1274 29.7249 41.2851 -32.2055 66.2697 -23.5761 -12.7918 -45.7249 -29.6872 -18.1055 -32.4967 -30.6545 -39.6143 -51.8356 -37.0036 -28.2611 -53.6993
internal_weight=116 12 104 27 22 77 14 47 17 30 30 12 22 17 15 15 10 12 10
internal_count=116 12 104 27 22 77 14 47 17 30 30 12 22 17 15 15 10 12 10
is_linear=0
shrinkage=0.05


Tree=44
num_leaves=18
num_cat=0
split_feature=0 2 1 4 7 1 4 1 1 5 4 2 5 4 4 1 6
split_gain=1.14138e+08 4.45391e+07 2.76782e+07 5.73124e+06 8.67586e+06 3.25879e+06 2.53965e+06 1.00748e+06 505371 431691 334205 223418 121342 106755 90757.4 60977 11044.8
threshold=77954.999999999985 0.56505205340798936 15719.604082849797 2.2221563262003503 0.11014458600331878 5657.3230438461069 2.4709768464156912 9833.536278827658 3269.5990641405679 0.48402602529779554 2.6272356579924998 0.27447364996027118 0.4500170190692121 2.4924571051868147 2.3193823819540831 1926.3337192909112 15.896966433889316
decision_type=2 2 2 2 2 2 2 2 2 2 2 2 2 2 2 2 2
left_child=2 -2 5 -4 -5 8 -6 11 15 10 -9 13 -10 -7 -13 16 -1
right_child=1 -3 3 4 6 7 -8 9 12 -11 -12 14 -14 -15 -16 -17 -18
leaf_value=-48.661984761555971 66.124624960763114 261.51227050781245 -20.082609272003161 -2.3160726904869069 84.251914760044656 -18.941686483791891 41.660451616559705 0.043038122994559141 -39.901180267333991 -24.495721321105961 -16.882130403518673 -37.695104980468749 -30.886977495465956 -27.674013846261161 -29.10788097381592 -44.005507914225262 -51.695789591471353
leaf_weight=6.0000000000000018 6.9999999999999982 5 5.0000000000000027 8.0000000000000018 6.9999999999999982 7.0000000000000018 7 7.0000000000000018 7.9999999999999982 4.9999999999999991 5 4.9999999999999991 7 7 7.9999999999999991 5.9999999999999991 6
leaf_count=6 7 5 5 8 7 7 7 7 8 5 5 5 7 7 8 6 6
internal_value=1.52624 147.536 -15.3211 28.2387 39.2208 -30.5953 62.9562 -21.6872 -42.4727 -12.1522 -7.00912 -27.6907 -35.6946 -23.3079 -32.4107 -48.1211 -50.1789
internal_weight=116 12 104 27 22 77 14 44 33 17 12 27 15 14 13 18 12
internal_count=116 12 104 27 22 77 14 44 33 17 12 27 15 14 13 18 12
is_linear=0
shrinkage=0.05


Tree=45
num_leaves=19
num_cat=0
split_feature=1 1 1 7 6 2 5 5 1 6 6 0 1 0 1 5 1 6
split_gain=1.48705e+08 3.31295e+07 5.86908e+06 5.65779e+06 2.25861e+06 2.20158e+06 1.9133e+06 1.67165e+06 1.24944e+06 450524 363297 341126 112879 95593.6 74419.6 28537.2 21606.6 21444.2
threshold=62105.199800608134 24205.677865591173 9833.536278827658 0.16161402610131517 12.377843983455618 0.55662553940215431 0.39559492442219535 0.34079229426713314 4405.9086795478224 8.3629238554085266 6.6798556851379809 33369.000000000007 5657.3230438461069 21486.000000000011 1926.3337192909112 0.4500170190692121 7387.5125544820748 15.896966433889316
decision_type=2 2 2 2 2 2 2 2 2 2 2 2 2 2 2 2 2 2
left_child=1 2 8 7 6 -5 -4 -3 14 10 -8 12 15 -14 17 -10 -15 -1
right_child=-2 3 4 5 -6 -7 9 -9 11 -11 -12 -13 13 16 -16 -17 -18 -19
leaf_value=-45.094935913085919 269.77718505859377 42.045297851562481 22.877079827444874 98.250238304138207 -36.063525390625003 51.329267120361322 -10.902430152893061 1.1594558715820311 -37.557531738281227 -17.911075278690884 8.1579203796386714 -18.288768809182304 -32.482301139831527 -27.321977742513027 -40.688476998465404 -32.215509948730464 -22.871577758789059 -49.72572753906249
leaf_weight=5.0000000000000018 4.9999999999999991 5.0000000000000018 7.0000000000000062 4.9999999999999982 4.9999999999999991 5 5.0000000000000018 5 5.0000000000000018 6.9999999999999991 5 6.9999999999999991 8.0000000000000018 5.9999999999999982 6.9999999999999991 5 5 5
leaf_count=5 5 5 7 5 5 5 5 5 5 7 5 7 8 6 7 5 5 5
internal_value=3.5474 -9.50308 -23.576 48.1961 -5.49235 74.7898 0.876645 21.6024 -33.4709 -8.18236 -1.37225 -28.1954 -30.5867 -28.3236 -44.6425 -34.8865 -25.2991 -47.4103
internal_weight=107 102 82 20 29 10 24 10 53 17 10 36 29 19 17 10 11 10
internal_count=107 102 82 20 29 10 24 10 53 17 10 36 29 19 17 10 11 10
is_linear=0
shrinkage=0.05


Tree=46
num_leaves=19
num_cat=0
split_feature=1 1 1 7 6 2 4 4 1 2 0 0 1 0 1 4 1 6
split_gain=1.34207e+08 2.98994e+07 5.29685e+06 5.10616e+06 2.03839e+06 1.98692e+06 1.72675e+06 1.50867e+06 1.12762e+06 443494 946867 307867 101873 86273.2 67163.7 25754.8 19500 19353.4
threshold=62105.199800608134 24205.677865591173 9833.536278827658 0.16161402610131517 12.377843983455618 0.55662553940215431 2.5278384386296175 2.9765045141594961 4405.9086795478224 0.28965910529666361 35195 33369.000000000007 5657.3230438461069 21486.000000000011 1926.3337192909112 2.2516050081241255 7387.5125544820748 15.896966433889316
decision_type=2 2 2 2 2 2 2 2 2 2 2 2 2 2 2 2 2 2
left_child=1 2 8 7 6 -5 9 -3 14 -4 -11 12 15 -14 17 -10 -15 -1
right_child=-2 3 4 5 -6 -7 -8 -9 11 10 -12 -13 13 16 -16 -17 -18 -19
leaf_value=-42.840189819335919 256.28832519531255 1.1014831542968746 -20.284333343505818 93.337726173400895 -34.260350341796872 48.762803268432606 21.733225758799488 39.943032073974607 -30.604734802246078 -16.605353490511579 11.484784825642903 -17.374330023356848 -30.858186149597159 -25.955878957112635 -38.654053170340404 -35.679654235839841 -21.727999267578124 -47.23944030761718
leaf_weight=5.0000000000000018 4.9999999999999991 5.0000000000000018 5.0000000000000098 4.9999999999999982 4.9999999999999991 5 6.9999999999999991 5 5.0000000000000018 5.9999999999999982 6 6.9999999999999991 8.0000000000000018 5.9999999999999982 6.9999999999999991 5 5 5
leaf_count=5 5 5 5 5 5 5 7 5 5 6 6 7 8 6 7 5 5 5
internal_value=3.37003 -9.02793 -22.3972 45.7863 -5.21773 71.0503 0.832813 20.5223 -31.7973 -7.77324 -2.56028 -26.7856 -29.0573 -26.9074 -42.4104 -33.1422 -24.0341 -45.0398
internal_weight=107 102 82 20 29 10 24 10 53 17 12 36 29 19 17 10 11 10
internal_count=107 102 82 20 29 10 24 10 53 17 12 36 29 19 17 10 11 10
is_linear=0
shrinkage=0.05


Tree=47
num_leaves=18
num_cat=0
split_feature=1 0 0 6 2 1 6 0 6 1 0 3 0 6 0 0 6
split_gain=1.21122e+08 2.70818e+07 5.42841e+06 4.53043e+06 2.07927e+06 1.09523e+06 1.05941e+06 605971 403721 210701 191884 70067 48477.3 61383.6 39356.1 37990.1 17466.5
threshold=62105.199800608134 54773.500000000007 33369.000000000007 9.1127472625752919 0.32534461537208209 5657.3230438461069 11.49094878481216 62016 11.998065177793462 1926.3337192909112 29848.500000000004 3.5000000000000004 21486.000000000011 10.485838715812053 19519.500000000011 20369.499999999996 15.896966433889316
decision_type=2 2 2 2 2 2 2 2 2 2 2 2 2 2 2 2 2
left_child=1 2 5 7 8 9 -6 -3 -4 16 12 -11 14 -14 -7 -13 -1
right_child=-2 3 4 -5 6 10 -8 -9 -10 11 -12 15 13 -15 -16 -17 -18
leaf_value=-40.698179931640603 243.47390869140628 56.125819549560518 -9.5298435052235888 19.535610961914063 23.195410871505743 -24.763585205078098 -6.1434893417358394 80.742303161621081 -27.250042572021485 -37.47785295758927 -15.824729973929269 -34.037336730957037 -18.955372333526615 -26.208956255231584 -31.037026062011712 -27.873729553222656 -44.87746887207031
leaf_weight=5.0000000000000018 4.9999999999999991 5.0000000000000018 9.0000000000000018 8.9999999999999982 7.9999999999999982 5.0000000000000053 5 5 4.9999999999999991 7.0000000000000027 6.9999999999999991 4.9999999999999982 4.9999999999999982 7 5 5 5
leaf_count=5 5 5 9 9 8 5 5 5 5 7 7 5 5 7 5 5 5
internal_value=3.20153 -8.57653 -20.9032 45.2716 -2.48789 -29.782 11.9112 68.4341 -15.8585 -37.0288 -23.035 -33.6412 -25.3292 -23.1866 -27.9003 -30.9555 -42.7878
internal_weight=107 102 83 19 27 56 13 10 14 27 29 17 22 12 10 10 10
internal_count=107 102 83 19 27 56 13 10 14 27 29 17 22 12 10 10 10
is_linear=0
shrinkage=0.05


Tree=48
num_leaves=18
num_cat=0
split_feature=1 1 0 1 6 6 4 1 6 7 0 1 0 1 4 1 6
split_gain=1.09312e+08 2.48621e+07 4.22938e+06 4.18951e+06 4.0574e+06 1.76501e+06 1.52178e+06 919002 370579 299376 260172 80896.8 69034.7 54490.5 20861.6 17191.8 15763.5
threshold=62105.199800608134 24205.677865591173 54773.500000000007 9833.536278827658 9.1127472625752919 12.377843983455618 2.5278384386296175 4405.9086795478224 8.3629238554085266 0.26290725193472908 33369.000000000007 5657.3230438461069 21486.000000000011 1926.3337192909112 2.2516050081241255 7387.5125544820748 15.896966433889316
decision_type=2 2 2 2 2 2 2 2 2 2 2 2 2 2 2 2 2
left_child=1 3 -3 7 -4 6 8 13 9 -5 11 14 -13 16 -9 -14 -1
right_child=-2 2 4 5 -6 -7 -8 10 -10 -11 -12 12 15 -15 -16 -17 -18
leaf_value=-38.663270874023425 231.30020996093751 10.502197919573099 84.569595663888137 7.3183963775634631 28.536974334716792 -32.085228576660157 20.190669064862391 -27.619175109863267 -16.332664816720147 -9.9840911483764643 -15.522830200195314 -27.881052780151357 -23.581154632568364 -34.896607317243301 -32.186630554199212 -19.611371459960935 -42.633596191406241
leaf_weight=5.0000000000000018 4.9999999999999991 7.0000000000000027 6.9999999999999982 5.0000000000000089 6 4.9999999999999991 6.9999999999999991 5.0000000000000018 6.9999999999999991 5 6.9999999999999991 8.0000000000000018 5.9999999999999982 6.9999999999999991 5 5 5
leaf_count=5 5 7 7 5 6 5 7 5 7 5 7 8 6 7 5 5 5
internal_value=3.04145 -8.1477 41.8362 -20.3389 58.7084 -5.0603 0.569898 -28.6989 -7.50924 -1.33285 -24.1745 -26.2628 -24.347 -38.28 -29.9029 -21.7767 -40.6484
internal_weight=107 102 20 82 13 29 24 53 17 10 36 29 19 17 10 11 10
internal_count=107 102 20 82 13 29 24 53 17 10 36 29 19 17 10 11 10
is_linear=0
shrinkage=0.05


Tree=49
num_leaves=17
num_cat=0
split_feature=1 1 0 1 4 6 4 1 3 7 0 3 4 0 1 6
split_gain=9.86542e+07 2.2438e+07 3.95e+06 3.78104e+06 3.3825e+06 1.62772e+06 1.64489e+06 829399 629360 349354 234805 76193.5 88137.9 177063 49177.7 14226.5
threshold=62105.199800608134 24205.677865591173 77954.999999999985 9833.536278827658 2.535545779047951 10.631232603955729 2.5278384386296175 4405.9086795478224 4.5000000000000009 0.08708707792479202 33369.000000000007 3.5000000000000004 2.2723896376949191 27800.999999999996 1926.3337192909112 15.896966433889316
decision_type=2 2 2 2 2 2 2 2 2 2 2 2 2 2 2 2
left_child=1 3 4 7 -3 6 8 14 -5 -7 11 -9 13 -13 15 -1
right_child=-2 2 -4 5 -6 9 -8 10 -10 -11 -12 12 -14 -15 -16 -17
leaf_value=-36.730107421874983 219.73520507812501 47.051634979248036 70.025826481410434 -17.246629206339499 -4.109007914861043 -30.480966796875006 28.403805999755861 -29.493178667340949 4.1755228042602539 -11.789951610565184 -14.7466888155256 -30.76600799560546 -19.317420578002931 -19.403415934244791 -33.151776994977681 -40.501915893554681
leaf_weight=5.0000000000000018 4.9999999999999991 7.0000000000000018 6.9999999999999991 6.0000000000000062 6 4.9999999999999982 4.9999999999999991 7.0000000000000027 7.9999999999999991 5 6.9999999999999991 8.0000000000000018 7.9999999999999991 5.9999999999999991 6.9999999999999991 5
leaf_count=5 5 7 7 6 6 5 5 7 8 5 7 8 8 6 7 5
internal_value=2.88938 -7.74032 39.7444 -19.322 23.439 -4.80728 3.7865 -27.264 -5.0054 -21.1355 -22.9657 -24.9497 -23.504 -25.8963 -36.366 -38.616
internal_weight=107 102 20 82 13 29 19 53 14 10 36 29 22 14 17 10
internal_count=107 102 20 82 13 29 19 53 14 10 36 29 22 14 17 10
is_linear=0
shrinkage=0.05


Tree=50
num_leaves=17
num_cat=0
split_feature=1 1 1 7 6 4 5 1 3 4 1 2 7 7 6 1
split_gain=4.13526e+07 9.06343e+06 3.95686e+06 2.74694e+06 1.05515e+06 1.27556e+06 1.01892e+06 850057 526422 298642 126131 98473.2 78251.4 70969.7 35640.2 11045.6
threshold=24205.677865591173 52757.674236056024 9442.0625753316071 0.11342507648198333 10.485838715812053 2.4709768464156912 0.40949729383885825 4405.9086795478224 5.5000000000000009 2.7535771856059377 6093.7564319131534 0.18761642588800242 0.12281249521708473 0.10044078237494418 15.896966433889316 1926.3337192909112
decision_type=2 2 2 2 2 2 2 2 2 2 2 2 2 2 2 2
left_child=2 3 7 -2 5 8 -5 14 -4 -6 11 -9 -12 -13 15 -1
right_child=1 -3 4 6 9 -7 -8 10 -10 -11 12 13 -14 -15 -16 -17
leaf_value=-34.893602294921884 13.407583182198648 104.94325648716517 -12.266939926147458 67.366098149617528 -6.4405434078640411 26.642509460449219 36.80449172973632 -18.495902404785156 8.9749626159667955 -20.210581166403635 -14.915964847140836 -31.358050231933603 -21.50936957465278 -23.292350006103515 -38.106294250488283 -31.570109252929683
leaf_weight=4.9999999999999982 7.0000000000000062 6.9999999999999991 7.0000000000000018 5.9999999999999982 8.9999999999999982 4.9999999999999991 5 4.9999999999999991 5 6.9999999999999991 9.0000000000000018 4.9999999999999982 8.9999999999999982 6 5.9999999999999991 5
leaf_count=5 7 7 7 6 9 5 5 5 5 7 9 5 9 6 6 5
internal_value=0.293024 56.667 -16.6871 37.8929 -3.2491 5.42463 53.4745 -25.5562 -3.41615 -12.4649 -21.0839 -24.314 -18.2127 -26.9586 -35.0598 -33.2319
internal_weight=108 25 83 18 33 17 11 50 12 16 34 16 18 11 16 10
internal_count=108 25 83 18 33 17 11 50 12 16 34 16 18 11 16 10
is_linear=0
shrinkage=0.05


Tree=51
num_leaves=18
num_cat=0
split_feature=1 1 1 7 6 4 4 1 3 6 6 1 2 6 7 7 1
split_gain=3.73207e+07 8.17975e+06 3.57107e+06 2.47911e+06 952274 1.15119e+06 919577 767176 475095 278756 135482 113833 88872 70621.9 64050.1 32165.3 9968.65
threshold=24205.677865591173 52757.674236056024 9442.0625753316071 0.11342507648198333 10.485838715812053 2.4709768464156912 2.4420260066434127 4405.9086795478224 5.5000000000000009 12.377843983455618 11.49094878481216 6093.7564319131534 0.18761642588800242 10.485838715812053 0.10044078237494418 0.041624110544038653 1926.3337192909112
decision_type=2 2 2 2 2 2 2 2 2 2 2 2 2 2 2 2 2
left_child=2 3 7 -2 5 8 -5 15 -4 10 -6 12 -9 -13 -14 -1 -17
right_child=1 -3 4 6 9 -7 -8 11 -10 -11 -12 13 14 -15 -16 16 -18
leaf_value=-36.200980122884111 12.7372039249965 99.696093750000003 -11.653592818123951 34.964267578125003 -12.549434280395511 25.310384826660158 63.997791576385488 -17.571107177734376 8.5262143325805653 -20.361826197306314 -0.90977656364440895 -20.43390079074435 -29.790146789550789 -14.170166524251304 -22.127732340494788 -33.148921508789066 -29.991604003906247
leaf_weight=5.9999999999999991 7.0000000000000062 6.9999999999999991 7.0000000000000018 4.9999999999999982 4.9999999999999982 4.9999999999999991 6 4.9999999999999991 5 5.9999999999999991 5 9.0000000000000018 4.9999999999999982 8.9999999999999982 6 4.9999999999999982 5
leaf_count=6 7 7 7 5 5 5 6 5 5 6 5 9 5 9 6 5 5
internal_value=0.278372 53.8336 -15.8527 35.9983 -3.08664 5.1534 50.8007 -24.2784 -3.24534 -11.8417 -6.72961 -20.0297 -23.0983 -17.302 -25.6106 -33.3068 -31.5703
internal_weight=108 25 83 18 33 17 11 50 12 16 10 34 16 18 11 16 10
internal_count=108 25 83 18 33 17 11 50 12 16 10 34 16 18 11 16 10
is_linear=0
shrinkage=0.05


Tree=52
num_leaves=17
num_cat=0
split_feature=0 1 1 4 7 4 0 1 0 0 4 6 4 1 0 2
split_gain=4.61723e+07 1.47226e+07 7.67856e+06 5.2701e+06 4.36723e+06 2.3574e+06 1.20477e+06 624157 506124 466542 178255 288622 170449 127219 35204.6 28804.7
threshold=77954.999999999985 39566.250451175925 13956.18840917876 2.2221563262003503 0.11014458600331878 2.3934212238621493 37401.000000000015 4405.9086795478224 54773.500000000007 46235.500000000007 1.9905416946811754 13.491940612647864 2.535545779047951 9024.029416178264 8615.0000000000073 0.27447364996027118
decision_type=2 2 2 2 2 2 2 2 2 2 2 2 2 2 2 2
left_child=2 -2 6 -4 9 -6 7 14 -7 -5 -9 13 -8 15 -1 -12
right_child=1 -3 3 4 5 8 12 10 -10 -11 11 -13 -14 -15 -16 -17
leaf_value=-34.300833129882811 41.940074768066417 163.27666831970214 -32.922930908203128 -14.769481531778965 64.02323287963867 10.868244323730472 0.11369075775146487 -26.429693222045898 32.407676506042478 5.9105342102050775 -15.064656257629375 -26.842263575962615 -11.804382228851317 -8.1747232246398926 -29.573027716742622 -19.188097212049694
leaf_weight=6.9999999999999991 4.9999999999999982 5 5.9999999999999991 6.0000000000000018 4.9999999999999991 4.9999999999999982 5.9999999999999982 7.9999999999999991 6 5 8.0000000000000089 6.9999999999999991 6 4.9999999999999991 8.9999999999999982 8.9999999999999982
leaf_count=7 5 5 6 6 5 5 6 8 6 5 8 7 6 5 9 9
internal_value=0.264454 102.608 -10.1788 9.46369 18.8829 35.5565 -20.1511 -23.3902 22.617 -5.36947 -19.8221 -17.9993 -5.84535 -15.1856 -31.6414 -17.2477
internal_weight=108 10 98 33 27 16 65 53 11 11 37 29 12 22 16 17
internal_count=108 10 98 33 27 16 65 53 11 11 37 29 12 22 16 17
is_linear=0
shrinkage=0.05


Tree=53
num_leaves=17
num_cat=0
split_feature=0 1 1 4 1 0 0 6 1 4 6 5 1 0 0 7
split_gain=4.16705e+07 1.32871e+07 6.9299e+06 4.75627e+06 3.95282e+06 1.53809e+06 1.0873e+06 637910 563301 160875 260481 153830 114815 31772.2 21605.9 11520
threshold=77954.999999999985 39566.250451175925 13956.18840917876 2.2221563262003503 29628.349800647582 43685.500000000007 37401.000000000015 10.737411773725453 4405.9086795478224 1.9905416946811754 13.491940612647864 0.39439240646744306 9024.029416178264 8615.0000000000073 29586.000000000004 0.12281249521708473
decision_type=2 2 2 2 2 2 2 2 2 2 2 2 2 2 2 2
left_child=2 -2 6 -4 5 -5 8 -7 13 -10 12 -8 14 -1 15 -11
right_child=1 -3 3 4 -6 7 11 -9 9 10 -12 -13 -14 -15 -16 -17
leaf_value=-32.585791451590403 39.843072814941415 155.112838973999 -31.276784769694014 -13.910977826799652 44.994355222913953 29.260426673889171 -11.21416308085124 5.0787977536519371 -25.108208751678468 -15.986682319641089 -25.500149536132813 0.10800612767537435 -7.7659866142272946 -28.094376458062069 -13.623818054199219 -19.085072580973304
leaf_weight=6.9999999999999991 4.9999999999999982 5 5.9999999999999991 7.0000000000000062 8.9999999999999982 4.9999999999999982 5.9999999999999982 6 7.9999999999999991 6.0000000000000089 6.9999999999999991 6 4.9999999999999991 8.9999999999999982 4.9999999999999991 6
leaf_count=7 5 5 6 7 9 5 6 6 8 6 7 6 5 9 5 6
internal_value=0.251231 97.478 -9.66986 8.9905 17.9388 4.411 -19.1436 16.0704 -22.2207 -18.831 -17.0993 -5.55308 -14.4263 -30.0594 -16.3853 -17.5359
internal_weight=108 10 98 33 27 18 65 11 53 37 29 12 22 16 17 12
internal_count=108 10 98 33 27 18 65 11 53 37 29 12 22 16 17 12
is_linear=0
shrinkage=0.05


Tree=54
num_leaves=16
num_cat=0
split_feature=0 1 1 4 1 0 0 7 1 4 7 5 1 0 2
split_gain=3.76077e+07 1.19916e+07 6.25423e+06 4.29253e+06 3.56742e+06 1.38813e+06 981290 575714 508380 145190 235084 138831 103621 28674.4 24164.3
threshold=77954.999999999985 39566.250451175925 13956.18840917876 2.2221563262003503 29628.349800647582 43685.500000000007 37401.000000000015 0.12281249521708473 4405.9086795478224 1.9905416946811754 0.067318377819845662 0.39439240646744306 9024.029416178264 8615.0000000000073 0.27447364996027118
decision_type=2 2 2 2 2 2 2 2 2 2 2 2 2 2 2
left_child=2 -2 6 -4 5 -5 8 -7 13 -10 -11 -8 14 -1 -12
right_child=1 -3 3 4 -6 7 11 -9 9 10 12 -13 -14 -15 -16
leaf_value=-30.956502641950337 37.850918884277348 147.35719894409178 -29.712945238749189 -13.215428924560534 42.744637044270831 4.824857838948569 -10.653454780578615 27.797405543327329 -23.852797985076904 -24.225142560686372 -13.566564178466786 0.10260559717814127 -7.3776872253417967 -26.68965810139974 -17.343291939629449
leaf_weight=6.9999999999999991 4.9999999999999982 5 5.9999999999999991 7.0000000000000062 8.9999999999999982 5.9999999999999982 5.9999999999999982 5 7.9999999999999991 7.0000000000000027 8.0000000000000053 6 4.9999999999999991 8.9999999999999982 8.9999999999999982
leaf_count=7 5 5 6 7 9 6 6 5 8 7 8 6 5 9 9
internal_value=0.23867 92.6041 -9.18637 8.54098 17.0418 4.19045 -18.1864 15.2669 -21.1096 -17.8894 -16.2444 -5.27542 -13.705 -28.5564 -15.566
internal_weight=108 10 98 33 27 18 65 11 53 37 29 12 22 16 17
internal_count=108 10 98 33 27 18 65 11 53 37 29 12 22 16 17
is_linear=0
shrinkage=0.05


Tree=55
num_leaves=17
num_cat=0
split_feature=0 0 4 2 4 0 2 6 0 2 0 2 6 2 4 6
split_gain=3.57046e+07 6.72269e+06 5.82702e+06 3.91285e+06 2.9836e+06 2.57696e+06 1.69458e+06 749097 708210 260668 201235 103842 57730.9 114623 50064.6 3690.35
threshold=91530 33369.000000000007 2.1883376604767633 0.38140948671013492 2.4709768464156912 70868.500000000015 0.52592071588983369 10.883215456439848 21486.000000000011 0.50562705853824974 8615.0000000000073 0.22605089977735515 13.8610787059551 0.32534461537208209 2.0660216113510246 16.260692376199078
decision_type=2 2 2 2 2 2 2 2 2 2 2 2 2 2 2 2
left_child=1 8 -3 5 -5 7 -6 -4 10 11 15 -10 13 -12 -13 -1
right_child=-2 2 3 4 6 -7 -8 -9 9 -11 12 14 -14 -15 -16 -17
leaf_value=-30.822976175944014 116.66543019612629 -36.504864065987725 1.2090425915188252 59.901863288879397 35.885569915771491 31.584769630432131 -5.2797587585449213 -19.191074286566842 -21.633710734049455 -3.3618359375 -16.04258375167846 -17.0330312093099 -25.285121345520022 -25.184738159179688 -10.808844627652849 -29.069325510660804
leaf_weight=5.9999999999999982 5.9999999999999991 6.9999999999999991 9.0000000000000053 5.9999999999999991 4.9999999999999982 4.9999999999999991 5 8.9999999999999982 6.0000000000000062 4.9999999999999991 8.0000000000000018 5.9999999999999982 7.9999999999999991 5.9999999999999991 7 6
leaf_count=6 6 7 9 6 5 5 5 9 6 5 8 6 8 6 7 6
internal_value=-1.93246 -8.77465 5.49982 13.0391 32.0275 -0.170193 15.3029 -8.99102 -20.0958 -13.5196 -24.7378 -16.1928 -21.8968 -19.9606 -13.6815 -29.9462
internal_weight=110 104 46 39 16 23 10 18 58 24 34 19 22 14 13 12
internal_count=110 104 46 39 16 23 10 18 58 24 34 19 22 14 13 12
is_linear=0
shrinkage=0.05


Tree=56
num_leaves=18
num_cat=0
split_feature=0 1 4 7 5 2 2 0 6 4 6 2 0 0 1 2 5
split_gain=3.22234e+07 7.06387e+06 6.14127e+06 3.78587e+06 1.03355e+06 1.43451e+06 979409 856220 418722 386363 173022 78863.1 63002.6 40896 26075.4 26754.2 17996.4
threshold=91530 13956.18840917876 2.2221563262003503 0.090753606681850285 0.41781195714099434 0.52592071588983369 0.41711654529755943 24627.000000000004 9.8202207392153866 2.0660216113510246 13.8610787059551 0.32534461537208209 37401.000000000015 29848.500000000004 1117.7490461145278 0.28437702154139949 0.45698816419450822
decision_type=2 2 2 2 2 2 2 2 2 2 2 2 2 2 2 2 2
left_child=1 7 -3 6 5 -5 -4 10 9 -9 11 16 13 -10 -12 -16 -1
right_child=-2 2 3 4 -6 -7 -8 8 12 -11 14 -13 -14 -15 15 -17 -18
leaf_value=-14.045843505859366 110.83215688069662 -31.372636522565571 12.417793273925774 44.870803801218649 54.640580196380625 10.295842496554057 -18.877710571289061 -15.479564666748047 -15.475393803914381 2.2382203437387944 -28.694436391194643 -22.827317619323733 -12.66595950126648 -21.313199361165363 -22.916334724426275 -27.578713989257807 -18.288059387207028
leaf_weight=5.0000000000000018 5.9999999999999991 6.9999999999999991 5.0000000000000018 6.0000000000000018 4.9999999999999991 6 5 4.9999999999999991 6.0000000000000018 7.9999999999999991 6.0000000000000027 7.9999999999999991 7.9999999999999991 6 7.9999999999999982 5 5
leaf_count=5 6 7 5 6 5 6 5 5 6 8 6 8 8 6 8 5 5
internal_value=-1.83584 -8.33592 10.3616 21.1816 35.5413 27.5833 -3.22996 -17.4176 -11.5622 -4.57631 -22.64 -19.1271 -16.103 -18.3943 -25.9679 -24.7096 -16.167
internal_weight=110 104 34 27 17 12 10 70 33 13 37 18 20 12 19 13 10
internal_count=110 104 34 27 17 12 10 70 33 13 37 18 20 12 19 13 10
is_linear=0
shrinkage=0.05


Tree=57
num_leaves=18
num_cat=0
split_feature=0 1 4 6 1 4 2 0 6 4 6 2 0 3 1 2 4
split_gain=2.90816e+07 6.37514e+06 5.5425e+06 3.41675e+06 1.0464e+06 1.17083e+06 883916 772739 377896 348693 156152 71173.9 56859.8 96328.3 23533.1 24145.7 16241.8
threshold=91530 13956.18840917876 2.2221563262003503 11.998065177793462 29628.349800647582 2.4709768464156912 0.41711654529755943 24627.000000000004 9.8202207392153866 2.0660216113510246 13.8610787059551 0.32534461537208209 37401.000000000015 3.5000000000000004 1117.7490461145278 0.28437702154139949 2.3193823819540831
decision_type=2 2 2 2 2 2 2 2 2 2 2 2 2 2 2 2 2
left_child=1 7 -3 4 -4 -6 -5 10 9 -9 11 16 13 -10 -12 -16 -1
right_child=-2 2 3 6 5 -7 -8 8 12 -11 14 -13 -14 -15 15 -17 -18
leaf_value=-17.37365661621093 105.29055023193359 -29.804005105154857 18.937560844421366 11.79690338134766 61.251673087477698 27.034268646240232 -17.933824462890623 -14.705586547851562 -22.775125732421866 2.1263093318790198 -27.259715016682925 -21.685952091217043 -12.032661485671998 -13.688479178292409 -21.770518207550055 -26.199778747558589 -13.343551025390623
leaf_weight=5.0000000000000018 5.9999999999999991 6.9999999999999991 7.0000000000000062 4.9999999999999982 4.9999999999999982 5 5 4.9999999999999991 5.0000000000000018 7.9999999999999991 6.0000000000000027 7.9999999999999991 7.9999999999999991 7 7.9999999999999982 5 5
leaf_count=5 6 7 7 5 5 5 5 5 5 8 6 8 8 7 8 5 5
internal_value=-1.74405 -7.91912 9.84353 20.1225 33.7643 44.143 -3.06846 -16.5467 -10.9841 -4.3475 -21.508 -18.1708 -15.2978 -17.4746 -24.6695 -23.4741 -15.3586
internal_weight=110 104 34 27 17 10 10 70 33 13 37 18 20 12 19 13 10
internal_count=110 104 34 27 17 10 10 70 33 13 37 18 20 12 19 13 10
is_linear=0
shrinkage=0.05


Tree=58
num_leaves=18
num_cat=0
split_feature=0 1 4 7 1 4 2 0 6 4 6 2 0 0 1 2 5
split_gain=2.62462e+07 5.75356e+06 5.0021e+06 3.08362e+06 944374 1.05667e+06 797734 697397 341052 314695 140928 64234.5 51316 35907.6 21238.6 21791.5 14658.2
threshold=91530 13956.18840917876 2.2221563262003503 0.090753606681850285 29628.349800647582 2.4709768464156912 0.41711654529755943 24627.000000000004 9.8202207392153866 2.0660216113510246 13.8610787059551 0.32534461537208209 37401.000000000015 29848.500000000004 1117.7490461145278 0.28437702154139949 0.45698816419450822
decision_type=2 2 2 2 2 2 2 2 2 2 2 2 2 2 2 2 2
left_child=1 7 -3 6 -5 -6 -4 10 9 -9 11 16 13 -10 -12 -16 -1
right_child=-2 2 3 4 5 -7 -8 8 12 -11 14 -13 -14 -15 15 -17 -18
leaf_value=-12.676373901367182 100.02602310180664 -28.313805607386996 11.207058715820308 17.990683228628967 58.189089202880872 25.682552642822259 -17.037133483886716 -13.970307159423829 -13.865756225585933 2.0199939042329791 -25.89672902425129 -20.601654338836671 -11.431028175354005 -19.335949420928955 -20.681992053985599 -24.889790344238278 -16.504973754882808
leaf_weight=5.0000000000000018 5.9999999999999991 6.9999999999999991 5.0000000000000018 7.0000000000000027 4.9999999999999982 5 5 4.9999999999999991 6.0000000000000018 7.9999999999999991 6.0000000000000027 7.9999999999999991 7.9999999999999991 6 7.9999999999999982 5 5
leaf_count=5 6 7 5 7 5 5 5 5 6 8 6 8 8 6 8 5 5
internal_value=-1.65685 -7.52317 9.35135 19.1164 32.0761 41.9358 -2.91504 -15.7194 -10.4348 -4.13012 -20.4326 -17.2622 -14.5329 -16.6009 -23.4361 -22.3004 -14.5907
internal_weight=110 104 34 27 17 10 10 70 33 13 37 18 20 12 19 13 10
internal_count=110 104 34 27 17 10 10 70 33 13 37 18 20 12 19 13 10
is_linear=0
shrinkage=0.05


Tree=59
num_leaves=18
num_cat=0
split_feature=0 1 4 7 1 4 2 0 6 6 4 4 2 2 1 2 7
split_gain=2.36872e+07 5.19259e+06 4.5144e+06 2.78296e+06 852297 953649 719955 629401 308983 127187 70839.7 61459.9 57971.6 41571.8 19167.8 19666.8 13560
threshold=91530 13956.18840917876 2.2221563262003503 0.090753606681850285 29628.349800647582 2.4709768464156912 0.41711654529755943 24627.000000000004 9.4306243500006861 13.8610787059551 2.3696226992571545 2.7451911326668745 0.32534461537208209 0.24878814255985207 1117.7490461145278 0.28437702154139949 0.14029013502643015
decision_type=2 2 2 2 2 2 2 2 2 2 2 2 2 2 2 2 2
left_child=1 7 -3 6 -5 -6 -4 9 10 12 -9 13 16 -10 -11 -16 -1
right_child=-2 2 3 4 5 -7 -8 8 11 14 -12 -13 -14 -15 15 -17 -18
leaf_value=-12.019943618774407 95.02472381591798 -26.898115212576734 10.646705627441401 17.09114853995186 55.279636077880866 24.398427886962889 -16.185277099609372 -6.733778826395671 -13.99109554290771 -24.601892598470041 1.3245338439941405 -17.202781241280693 -19.571571826934814 -8.7149003335407809 -19.64789257049561 -23.645299682617186 -15.70233657836914
leaf_weight=5.0000000000000018 5.9999999999999991 6.9999999999999991 5.0000000000000018 7.0000000000000027 4.9999999999999982 5 5 5.9999999999999982 8.0000000000000018 6.0000000000000027 5 6.9999999999999991 7.9999999999999991 6.9999999999999991 7.9999999999999982 5 5
leaf_count=5 6 7 5 7 5 5 5 6 8 6 5 7 8 7 8 5 5
internal_value=-1.574 -7.14701 8.88379 18.1606 30.4723 39.839 -2.76929 -14.9334 -9.91311 -19.4109 -3.07091 -13.3342 -16.3991 -11.5289 -22.2643 -21.1854 -13.8611
internal_weight=110 104 34 27 17 10 10 70 33 37 11 22 18 15 19 13 10
internal_count=110 104 34 27 17 10 10 70 33 37 11 22 18 15 19 13 10
is_linear=0
shrinkage=0.05


Tree=60
num_leaves=17
num_cat=0
split_feature=0 7 0 7 7 1 7 4 4 1 7 1 3 2 1 2
split_gain=1.94016e+07 2.59982e+06 2.92944e+06 2.3147e+06 1.67775e+06 1.01747e+06 675760 654961 1.2367e+06 489227 279000 347283 50282.4 40961.8 43561.8 25817.1
threshold=91530 0.20086655430696435 54773.500000000007 0.17020059730283604 0.15165859421828662 5657.3230438461069 0.31484733852736624 2.8480664780767246 3.0531436581951543 13956.18840917876 0.08708707792479202 11399.273390776547 2.5000000000000004 0.28965910529666361 4405.9086795478224 0.27702064154860279
decision_type=2 2 2 2 2 2 2 2 2 2 2 2 2 2 2 2
left_child=1 3 6 4 5 12 9 10 -9 -3 -7 15 -1 14 -14 -12
right_child=-2 2 -4 -5 -6 7 -8 8 -10 -11 11 -13 13 -15 -16 -17
leaf_value=-23.31095619201659 93.154486656188965 -5.5976300557454373 36.345375696818039 -45.442814865112304 17.682290267944335 -4.5173833211263004 -13.626387871636286 16.051818411690853 -16.506198768615722 14.593692906697591 -12.751585061209539 -26.475661621093753 -19.355778694152825 -22.392834167480473 -13.40649757385254 -8.0474456143379207
leaf_weight=8.0000000000000018 4.9999999999999991 6.0000000000000053 5.9999999999999991 4.9999999999999991 4.9999999999999991 9.0000000000000018 8.9999999999999982 6.9999999999999982 5 6 7.0000000000000018 4.9999999999999991 8.0000000000000018 4.9999999999999991 4.9999999999999991 5
leaf_count=8 5 6 6 5 5 9 9 7 5 6 7 5 8 5 5 5
internal_value=-2.98727 -7.74677 5.53375 -12.5924 -10.2119 -12.3911 -3.26958 -7.17635 2.48598 4.49803 -11.6359 -15.4045 -20.0127 -18.5468 -17.0676 -10.7915
internal_weight=106 101 27 74 69 64 21 38 12 12 26 17 26 18 13 12
internal_count=106 101 27 74 69 64 21 38 12 12 26 17 26 18 13 12
is_linear=0
shrinkage=0.05


Tree=61
num_leaves=17
num_cat=0
split_feature=0 6 0 6 6 1 7 4 4 1 7 1 3 2 1 2
split_gain=1.751e+07 2.34634e+06 2.64382e+06 2.08902e+06 1.51417e+06 918265 609874 591102 1.11612e+06 441528 251798 313423 45379.9 36968.1 39314.5 23299.9
threshold=91530 8.0258522432096608 54773.500000000007 8.8564046125742681 9.4306243500006861 5657.3230438461069 0.31484733852736624 2.8480664780767246 3.0531436581951543 13956.18840917876 0.08708707792479202 11399.273390776547 2.5000000000000004 0.28965910529666361 4405.9086795478224 0.27702064154860279
decision_type=2 2 2 2 2 2 2 2 2 2 2 2 2 2 2 2
left_child=1 2 6 -3 -5 12 9 10 -9 -1 -7 15 -6 14 -14 -12
right_child=-2 3 -4 4 5 7 -8 8 -10 -11 11 -13 13 -15 -16 -17
leaf_value=-5.3177482604980417 88.49676383972168 -43.170673522949222 34.528104654947917 16.798175621032716 -22.145409011840812 -4.2915140151977527 -12.94506810506185 15.249227033342635 -15.680889205932615 13.864008204142252 -12.114005933489114 -25.151879119873048 -18.387989425659171 -21.273192443847659 -12.736172714233399 -7.6450733852386463
leaf_weight=6.0000000000000053 4.9999999999999991 4.9999999999999991 5.9999999999999991 4.9999999999999991 8.0000000000000018 9.0000000000000018 8.9999999999999982 6.9999999999999982 5 6 7.0000000000000018 4.9999999999999991 8.0000000000000018 4.9999999999999991 4.9999999999999991 5
leaf_count=6 5 5 6 5 8 9 9 7 5 6 7 5 8 5 5 5
internal_value=-2.83791 -7.35943 5.25706 -11.9627 -9.7013 -11.7716 -3.1061 -6.81753 2.36168 4.27313 -11.0541 -14.6343 -19.0121 -17.6195 -16.2142 -10.252
internal_weight=106 101 27 74 69 64 21 38 12 12 26 17 26 18 13 12
internal_count=106 101 27 74 69 64 21 38 12 12 26 17 26 18 13 12
is_linear=0
shrinkage=0.05


Tree=62
num_leaves=18
num_cat=0
split_feature=0 2 1 7 4 0 0 1 4 6 6 2 7 2 0 4 6
split_gain=1.58028e+07 2.15423e+06 3.91688e+06 1.12942e+06 1.96491e+06 1.88106e+06 841148 635456 204610 172553 68877.9 62744.3 56617.3 22717.6 29938.1 24966.1 21682.2
threshold=91530 0.81097315501112854 13956.18840917876 0.077356522101407768 2.4420260066434127 54773.500000000007 48227.499999999993 5657.3230438461069 2.0660216113510246 9.8202207392153866 9.6179462059860477 0.24878814255985207 0.077356522101407768 0.1816627865598146 8615.0000000000073 2.7451911326668745 7.6506066014448839
decision_type=2 2 2 2 2 2 2 2 2 2 2 2 2 2 2 2 2
left_child=1 2 7 -4 6 -6 -5 10 -9 16 -1 12 -11 15 -15 -12 -10
right_child=-2 -3 3 4 5 -7 -8 8 9 11 13 -13 -14 14 -16 -17 -18
leaf_value=-11.756456756591788 84.071921844482432 -38.98822418212891 -8.3111576716105091 16.850026397705069 10.641820983886722 54.012987098693841 -10.917800903320312 -14.046421623229982 -2.416163330078124 -6.3549994277954074 -17.532720031738275 -4.702084708213806 -13.321286364964076 -19.690175374348961 -15.130535252888999 -22.529327392578125 2.2402568244934078
leaf_weight=5.0000000000000027 4.9999999999999991 4.9999999999999991 6.0000000000000027 5.0000000000000018 4.9999999999999982 5 6 8.9999999999999982 5.0000000000000018 5.0000000000000018 5.0000000000000018 7.9999999999999991 7 5.9999999999999991 8.9999999999999982 5 5
leaf_count=5 5 5 6 5 5 5 6 9 5 5 5 8 7 6 9 5 5
internal_value=-2.69601 -6.99146 -5.32496 10.8204 16.2865 32.3274 1.70394 -11.6427 -7.43431 -5.45067 -17.1136 -8.13203 -10.4187 -18.185 -16.9544 -20.031 -0.0879533
internal_weight=106 101 96 27 21 10 11 69 39 30 30 20 12 25 15 10 10
internal_count=106 101 96 27 21 10 11 69 39 30 30 20 12 25 15 10 10
is_linear=0
shrinkage=0.05


Tree=63
num_leaves=18
num_cat=0
split_feature=0 2 1 6 3 2 1 6 4 1 2 6 4 6 3 2 1
split_gain=1.4262e+07 1.94419e+06 3.53499e+06 1.0193e+06 1.8554e+06 742980 573499 543639 184660 163320 81781.7 93260.1 68778 62162.3 35210.2 32239.9 31404.2
threshold=91530 0.81097315501112854 13956.18840917876 12.796655641163168 3.5000000000000004 0.38140948671013492 5657.3230438461069 6.8722645661915465 2.0660216113510246 9833.536278827658 0.24878814255985207 13.043294761977926 2.3696226992571545 9.6179462059860477 2.5000000000000004 0.28965910529666361 1926.3337192909112
decision_type=2 2 2 2 2 2 2 2 2 2 2 2 2 2 2 2 2
left_child=1 2 6 4 -4 -6 13 -7 -8 10 11 -10 -12 -1 -15 16 -16
right_child=-2 -3 3 -5 5 7 8 -9 9 -11 12 -13 -14 14 15 -17 -18
leaf_value=-11.168633728027338 79.868327941894535 -37.038813476562503 38.971188100178992 -7.8955998102823903 -9.6645904541015639 2.2831951904296881 -13.344100613064237 25.599269714355465 -15.694377593994123 0.45717312494913742 -8.9492490959167501 -6.0372495269775381 -1.0090635935465493 -20.011148452758782 -17.609519348144524 -19.36181365966797 -12.42127843584333
leaf_weight=5.0000000000000027 4.9999999999999991 4.9999999999999991 6.0000000000000062 5.9999999999999991 4.9999999999999991 4.9999999999999982 8.9999999999999982 5 5.0000000000000053 8.9999999999999982 4.9999999999999982 5 6 8.0000000000000018 5.0000000000000018 4.9999999999999991 7
leaf_count=5 5 5 6 6 5 5 9 5 5 9 5 5 6 8 5 5 7
internal_value=-2.56121 -6.64188 -5.05871 10.2794 15.4722 6.07262 -11.0606 13.9412 -7.06259 -5.17814 -7.59327 -10.8658 -4.61824 -16.2579 -17.2758 -15.9886 -14.583
internal_weight=106 101 96 27 21 15 69 10 39 30 21 10 11 30 25 17 12
internal_count=106 101 96 27 21 15 69 10 39 30 21 10 11 30 25 17 12
is_linear=0
shrinkage=0.05


Tree=64
num_leaves=17
num_cat=0
split_feature=0 6 0 6 6 1 7 4 4 1 0 0 1 3 1 6
split_gain=1.28714e+07 1.78113e+06 2.09029e+06 1.85872e+06 1.39594e+06 659772 483489 472300 916433 333227 202881 136899 92095.9 33647.4 22003.5 19107.2
threshold=91530 8.0258522432096608 54773.500000000007 8.8564046125742681 9.4306243500006861 5657.3230438461069 0.31484733852736624 2.8480664780767246 3.0531436581951543 13956.18840917876 39777.5 28397.000000000015 7607.5887173799301 2.5000000000000004 1926.3337192909112 12.796655641163168
decision_type=2 2 2 2 2 2 2 2 2 2 2 2 2 2 2 2
left_child=1 2 6 -3 -5 13 9 10 -9 -1 11 12 -7 -6 -15 -16
right_child=-2 3 -4 4 5 7 -8 8 -10 -11 -12 -13 -14 14 15 -17
leaf_value=-4.515462684631343 75.874913024902341 -39.758007278442385 30.709658813476565 17.256590270996096 -19.010590934753409 -6.9091140747070243 -11.514129850599502 13.907092939104354 -14.119933347702025 12.14854647318522 -17.826739724477132 -2.7704093509250218 -16.097219066619871 -17.58566665649413 -16.237982177734377 -12.191053662981304
leaf_weight=6.0000000000000053 4.9999999999999991 4.9999999999999991 5.9999999999999991 4.9999999999999991 8.0000000000000018 6.0000000000000053 8.9999999999999982 6.9999999999999982 5 6 5.9999999999999991 8.9999999999999982 5 6.0000000000000027 4.9999999999999982 7
leaf_count=6 5 5 6 5 8 6 9 7 5 6 6 9 5 6 5 7
internal_value=-2.43315 -6.30979 4.68257 -10.3205 -8.18736 -10.1752 -2.75375 -5.97592 2.22917 3.81654 -9.76288 -7.34372 -11.0855 -16.3125 -15.1134 -13.8773
internal_weight=106 101 27 74 69 64 21 38 12 12 26 20 11 26 18 12
internal_count=106 101 27 74 69 64 21 38 12 12 26 20 11 26 18 12
is_linear=0
shrinkage=0.05


Tree=65
num_leaves=17
num_cat=0
split_feature=1 1 7 2 7 0 4 7 4 1 3 5 2 1 4 1
split_gain=2.2674e+07 3.06978e+06 1.29605e+06 1.66911e+06 830861 584548 523292 297875 228905 202794 179462 118557 54523.6 96811 41483.4 72196.9
threshold=62105.199800608134 15719.604082849797 0.16161402610131517 0.56505205340798936 0.2385095961990355 54773.500000000007 2.8480664780767246 0.067318377819845662 1.9905416946811754 8017.8764203639594 3.5000000000000004 0.40949729383885825 0.28437702154139949 3269.5990641405679 2.2516050081241255 5657.3230438461069
decision_type=2 2 2 2 2 2 2 2 2 2 2 2 2 2 2 2
left_child=1 7 3 6 -4 -6 -3 12 -9 14 -11 -12 13 -1 -10 -16
right_child=-2 2 4 -5 5 -7 -8 8 9 10 11 -13 -14 -15 15 -17
leaf_value=-17.446102142333981 95.186689758300787 -4.6359901809692357 35.152577209472661 -25.94015464782715 -1.8990235900878911 22.278394622802733 15.98377447128296 -16.514066028594971 -7.330842367808021 4.5145888900756805 -11.867683585484823 -2.7940148671468101 -20.043912378946942 -8.7686928939819335 -17.117272338867188 -9.6237333297729499
leaf_weight=9.0000000000000018 5.9999999999999991 5.0000000000000027 4.9999999999999991 4.9999999999999991 4.9999999999999982 5 7.9999999999999991 7.9999999999999991 6.0000000000000027 5.0000000000000027 5.9999999999999991 8.9999999999999982 5.9999999999999991 4.9999999999999991 4.9999999999999991 8.9999999999999982
leaf_count=9 6 5 5 5 5 5 8 8 6 5 6 9 6 5 5 9
internal_value=0.752997 -4.85693 7.65604 -1.38947 18.5106 10.1897 8.0531 -10.9294 -8.79327 -7.24911 -3.68896 -6.42348 -16.0561 -14.347 -10.8093 -12.3
internal_weight=107 101 33 18 15 10 13 68 48 40 20 15 20 14 20 14
internal_count=107 101 33 18 15 10 13 68 48 40 20 15 20 14 20 14
is_linear=0
shrinkage=0.05


Tree=66
num_leaves=16
num_cat=0
split_feature=0 2 0 2 0 0 4 6 3 4 0 4 7 2 6
split_gain=1.9838e+07 1.45672e+07 2.11021e+06 3.01746e+06 2.73676e+06 382689 406836 319553 144115 78493.4 101687 33741.9 18741.1 48282.3 9062.07
threshold=70868.500000000015 0.56505205340798936 62016 0.51592895015361084 39777.5 33369.000000000007 2.535545779047951 7.6506066014448839 2.5000000000000004 1.9905416946811754 17132.500000000004 2.7837997876371747 0.12281249521708473 0.27702064154860279 15.008018257059971
decision_type=2 2 2 2 2 2 2 2 2 2 2 2 2 2 2
left_child=2 -2 3 5 -5 8 7 -7 -1 -10 14 -8 13 -12 -11
right_child=1 -3 -4 4 -6 6 11 -9 9 10 12 -13 -14 -15 -16
leaf_value=-17.980181291368275 16.764102745056157 125.55696807861325 -35.981318410237627 -3.9313464270697702 37.753494153703961 -7.7650371551513633 -15.151290092468265 7.4995345592498781 -16.221510569254558 -12.40341777801514 -9.7010314123971089 -9.3425127887725807 -10.104706827799481 -3.8284393991742811 -15.116890411376952
leaf_weight=8.9999999999999982 7.9999999999999982 5 5.9999999999999991 8.9999999999999982 6.9999999999999991 6.0000000000000027 4.9999999999999982 7.9999999999999991 5.9999999999999991 7.9999999999999982 7.0000000000000018 5 5.9999999999999991 7 5
leaf_count=9 8 5 6 9 7 6 5 8 6 8 7 5 6 7 5
internal_value=0.715347 58.6075 -7.29102 -5.33486 14.3058 -9.69944 -4.54429 0.957575 -12.277 -10.9609 -10.0044 -12.2469 -7.76673 -6.76474 -13.4471
internal_weight=107 13 94 88 16 72 24 14 48 39 33 10 20 14 13
internal_count=107 13 94 88 16 72 24 14 48 39 33 10 20 14 13
is_linear=0
shrinkage=0.05


Tree=67
num_leaves=16
num_cat=0
split_feature=1 1 6 2 2 4 0 6 4 1 2 4 4 1 4
split_gain=1.86076e+07 2.52055e+06 910982 1.62429e+06 1.04562e+06 411356 249616 154346 125565 71100.6 37080.4 65660.1 34028.7 61173.7 27993
threshold=62105.199800608134 13956.18840917876 9.1127472625752919 0.56505205340798936 0.50562705853824974 2.8480664780767246 45841.500000000007 13.491940612647864 1.9905416946811754 8017.8764203639594 0.28437702154139949 3.0531436581951543 2.2516050081241255 5657.3230438461069 2.3934212238621493
decision_type=2 2 2 2 2 2 2 2 2 2 2 2 2 2 2
left_child=1 6 4 5 -3 -4 7 8 -1 12 11 -9 -10 -14 -11
right_child=-2 2 3 -5 -6 -7 -8 10 9 14 -12 -13 13 -15 -16
leaf_value=-15.102356910705566 86.22735493977865 0.7411542619977679 -2.1181295394897446 -25.420963859558107 26.507191043429909 15.200847530364991 -2.4160816987355549 -10.74602377414703 -6.6231212457021007 -7.2553483581542979 -18.307215881347656 -18.050054626464846 -15.557991180419922 -8.6601975546942818 -1.9645074844360348
leaf_weight=7.9999999999999991 5.9999999999999991 6.9999999999999991 6.0000000000000027 4.9999999999999991 8.9999999999999982 7.9999999999999991 8.9999999999999982 8.0000000000000018 6.0000000000000062 4.9999999999999982 5.9999999999999991 4.9999999999999991 4.9999999999999991 8.9999999999999982 5
leaf_count=8 6 7 6 5 9 8 9 8 6 5 6 5 5 9 5
internal_value=0.67958 -4.40247 6.44417 -0.958253 15.2345 7.77843 -10.1545 -11.3763 -9.53654 -8.05232 -15.0559 -13.5553 -9.77352 -11.1237 -4.60993
internal_weight=107 101 35 19 16 14 66 57 38 30 19 13 20 14 10
internal_count=107 101 35 19 16 14 66 57 38 30 19 13 20 14 10
is_linear=0
shrinkage=0.05


Tree=68
num_leaves=16
num_cat=0
split_feature=0 2 0 1 1 1 6 4 1 2 1 7 4 4 1
split_gain=1.69726e+07 1.24489e+07 2.10049e+06 3.92737e+06 592718 404789 167611 140311 87379.8 43154.4 73788.6 31460.7 29145.1 27984.1 22711.4
threshold=70868.500000000015 0.56505205340798936 62016 29628.349800647582 13956.18840917876 17549.64770584663 13.491940612647864 1.9905416946811754 8017.8764203639594 0.28437702154139949 3269.5990641405679 0.084121011742510562 2.2516050081241255 2.4924571051868147 6093.7564319131534
decision_type=2 2 2 2 2 2 2 2 2 2 2 2 2 2 2
left_child=2 -2 3 4 6 -6 7 -1 11 10 -8 -9 -13 -10 -14
right_child=1 -3 -4 -5 5 -7 9 8 13 -11 -12 12 14 -15 -16
leaf_value=-14.347239112854005 15.512157058715824 116.08423248291012 -35.384106699625654 31.122975158691407 8.6601700782775879 -7.2455967247486122 -15.02920795016818 -5.8500603294372517 -2.4965422206454799 -17.391855239868164 -7.4535162734985354 -7.3128797912597667 -14.371046905517581 -6.5608273386955265 -9.6054012298583977
leaf_weight=7.9999999999999991 7.9999999999999982 5 5.9999999999999991 6.9999999999999991 7.9999999999999991 7.9999999999999991 9.0000000000000018 5.0000000000000027 9.0000000000000018 5.9999999999999991 4.9999999999999991 4.9999999999999991 4.9999999999999982 7.9999999999999991 5
leaf_count=8 8 5 6 7 8 8 9 5 9 6 5 5 5 8 5
internal_value=0.645601 54.1937 -6.75999 -4.80835 -7.91352 0.707287 -10.0356 -8.3429 -7.04466 -13.8441 -12.3236 -9.28485 -10.4298 -4.40915 -11.9882
internal_weight=107 13 94 88 81 16 65 45 37 20 14 20 15 17 10
internal_count=107 13 94 88 81 16 65 45 37 20 14 20 15 17 10
is_linear=0
shrinkage=0.05


Tree=69
num_leaves=15
num_cat=0
split_feature=0 7 0 1 1 1 6 4 1 4 1 6 3 1
split_gain=1.53178e+07 1.12902e+07 1.89569e+06 3.54445e+06 534928 365322 151268 126631 78860.3 28479.3 52067.4 26461.8 20811.6 25633.3
threshold=70868.500000000015 0.14029013502643015 62016 29628.349800647582 13956.18840917876 17549.64770584663 13.491940612647864 1.9905416946811754 8017.8764203639594 2.2516050081241255 5657.3230438461069 10.191971975417099 2.5000000000000004 1926.3337192909112
decision_type=2 2 2 2 2 2 2 2 2 2 2 2 2 2
left_child=2 -2 3 4 6 -6 7 -1 9 -9 -11 -10 -8 -14
right_child=1 -3 -4 -5 5 -7 12 8 11 10 -12 -13 13 -15
leaf_value=-13.629877471923828 94.623520551409058 1.154645538330078 -33.61490122477214 29.566826466151646 8.2271615982055675 -6.8833165526390081 -15.349887847900384 -5.9385114034016899 -2.0963523387908927 -14.146748809814454 -7.7830309655931265 -6.0485451592339414 -14.776738281249999 -10.213074791431428
leaf_weight=7.9999999999999991 6.9999999999999982 6 5.9999999999999991 6.9999999999999991 7.9999999999999991 7.9999999999999991 7.0000000000000027 6.0000000000000027 8.0000000000000018 4.9999999999999991 8.9999999999999982 8.9999999999999982 4.9999999999999991 7.9999999999999991
leaf_count=8 7 6 6 7 8 8 7 6 8 5 9 9 5 8
internal_value=0.613321 51.484 -6.42199 -4.56793 -7.51785 0.671923 -9.53379 -7.92575 -6.69243 -8.8206 -10.0558 -4.18869 -13.1519 -11.9683
internal_weight=107 13 94 88 81 16 65 45 37 20 14 17 20 13
internal_count=107 13 94 88 81 16 65 45 37 20 14 17 20 13
is_linear=0
shrinkage=0.05


Tree=70
num_leaves=18
num_cat=0
split_feature=0 2 2 0 1 1 6 1 6 5 2 0 6 2 1 2 4
split_gain=1.53021e+07 9.66876e+06 1.29396e+06 1.62987e+06 535923 412339 411331 221731 129396 51862.1 109579 50444.2 32543.7 27475.8 15762 9149.2 526.533
threshold=77954.999999999985 0.56505205340798936 0.81097315501112854 54773.500000000007 13956.18840917876 22348.395371591363 7.1676944068471782 5657.3230438461069 8.3629238554085266 0.44006687884785706 0.30882258029930471 37401.000000000015 9.6179462059860477 0.1816627865598146 4405.9086795478224 0.26451798600539184 2.934351799697287
decision_type=2 2 2 2 2 2 2 2 2 2 2 2 2 2 2 2 2
left_child=2 -2 3 4 7 -5 -6 12 -9 10 11 -10 -1 16 15 -15 -14
right_child=1 -3 -4 5 6 -7 -8 8 9 -11 -12 -13 13 14 -16 -17 -18
leaf_value=-7.5225265502929632 16.382452828543531 107.41822723388671 -27.951914215087893 4.926197052001954 -7.2402963002522789 25.232318115234371 10.078152339160443 -0.29331495496961807 -10.594547069072711 -10.304551230536568 0.69299201965332036 -4.9795989036560062 -13.620355072021477 -13.370187530517581 -8.6162039041519165 -10.345423431396483 -14.345980834960935
leaf_weight=5.0000000000000027 6.9999999999999982 5 5.9999999999999991 4.9999999999999982 5.9999999999999991 5 7.9999999999999991 8.9999999999999982 8.0000000000000089 8.9999999999999982 4.9999999999999991 7.9999999999999991 5.0000000000000018 4.9999999999999982 5.9999999999999991 5 5
leaf_count=5 7 5 6 5 6 5 8 9 8 9 5 8 5 5 6 5 5
internal_value=0.962538 54.314 -5.43964 -4.00269 -6.27435 15.0793 2.65596 -8.06041 -5.55151 -7.12897 -5.76801 -7.78707 -11.2168 -11.9272 -10.6422 -11.8578 -13.9832
internal_weight=112 12 100 94 84 10 14 70 39 30 21 16 31 26 16 10 10
internal_count=112 12 100 94 84 10 14 70 39 30 21 16 31 26 16 10 10
is_linear=0
shrinkage=0.05


Tree=71
num_leaves=18
num_cat=0
split_feature=0 7 1 0 6 0 0 0 0 6 5 1 4 6 4 4 4
split_gain=1.38102e+07 7.89085e+06 1.1477e+06 1.81059e+06 515998 461559 285652 212752 193125 107997 100841 140046 47433.9 28238 16417.5 14668.1 765.929
threshold=77954.999999999985 0.14029013502643015 33902.646891508019 54773.500000000007 9.4306243500006861 29848.500000000004 46235.500000000007 35195 17132.500000000004 13.491940612647864 0.48402602529779554 9833.536278827658 2.4924571051868147 12.796655641163168 2.8480664780767246 2.934351799697287 2.3193823819540831
decision_type=2 2 2 2 2 2 2 2 2 2 2 2 2 2 2 2 2
left_child=2 -2 3 4 5 16 7 -7 13 10 11 12 -10 -6 -11 -15 -1
right_child=1 -3 -4 -5 8 6 -8 -9 9 14 -12 -13 -14 15 -16 -17 -18
leaf_value=-7.9202915954589805 92.143696085612007 11.052948760986327 -26.369471232096359 17.511417388916016 -15.468590609232576 3.0958842849731454 -4.2480030822753907 17.681907806396481 -3.5961476683616596 -12.562932775790495 -11.440758361816407 2.3168410982404435 -8.8875717997550971 -9.4999980926513672 -8.683577709197996 -12.770392131805421 -8.7954650497436511
leaf_weight=5.0000000000000018 5.9999999999999982 6 5.9999999999999991 8.9999999999999982 6.0000000000000027 4.9999999999999982 4.9999999999999991 5 9.0000000000000089 5.9999999999999982 4.9999999999999991 6.9999999999999991 7.9999999999999991 5.9999999999999991 5 7.9999999999999991 5
leaf_count=5 6 6 6 9 6 5 5 5 9 6 5 7 8 6 5 8 5
internal_value=0.914411 51.5983 -5.16766 -3.81435 -6.07237 -0.0371935 5.50993 10.3889 -8.58703 -6.58118 -4.9811 -3.63533 -6.08623 -12.5987 -10.7996 -11.3688 -8.35788
internal_weight=112 12 100 94 85 25 15 10 60 40 29 24 17 20 11 14 10
internal_count=112 12 100 94 85 25 15 10 60 40 29 24 17 20 11 14 10
is_linear=0
shrinkage=0.05


Tree=72
num_leaves=20
num_cat=0
split_feature=1 6 1 2 1 1 6 6 3 2 1 5 1 2 1 2 2 2 2
split_gain=1.23551e+07 1.50064e+06 1.26682e+06 1.24231e+06 565622 1.34532e+06 468639 216978 367866 154395 192066 190284 114816 103700 53001.9 48163.9 26905.2 14837.5 3315.3
threshold=62105.199800608134 8.3629238554085266 22348.395371591363 0.52592071588983369 31062.671928726599 24205.677865591173 7.1676944068471782 13.274265526549931 3.5000000000000004 0.28965910529666361 13301.812676166339 0.46418096374551515 7607.5887173799301 0.35245113372703452 4405.9086795478224 0.40053970387469134 0.23674119032890859 0.15663603931434891 0.23674119032890859
decision_type=2 2 2 2 2 2 2 2 2 2 2 2 2 2 2 2 2 2 2
left_child=1 2 6 -4 5 7 13 8 -3 11 15 16 14 -1 17 -11 -10 -9 -19
right_child=-2 4 3 -5 -6 -7 -8 12 9 10 -12 -13 -14 -15 -16 -17 -18 18 -20
leaf_value=-1.2598719278971342 70.669593556722006 4.4960760623216629 38.739029388427745 3.492598419189453 -22.915766601562503 19.499318554401398 11.928935127258301 -13.153999938964825 -8.8132463634014098 -4.1591876983642591 4.3728786468505865 -17.779638417561852 -17.772083587646485 -10.217761393955776 -5.3697040763994064 -11.09920654296875 -4.1377284240722663 -8.9077226257324238 -10.728519592285155
leaf_weight=6.0000000000000053 5.9999999999999991 7.9999999999999991 4.9999999999999982 5 4.9999999999999991 4.9999999999999991 4.9999999999999991 5.0000000000000062 8.0000000000000018 4.9999999999999982 4.9999999999999991 5.9999999999999991 4.9999999999999991 7 5.9999999999999991 5 4.9999999999999991 4.9999999999999982 5
leaf_count=6 6 8 5 5 5 5 5 5 8 5 5 6 5 7 6 5 5 5 5
internal_value=0.86869 -3.0823 6.84712 21.1158 -6.64671 -5.53239 -1.07994 -7.37296 -5.15075 -7.42059 -3.62851 -10.4143 -10.9627 -6.08335 -9.3414 -7.6292 -7.01497 -10.9301 -9.81812
internal_weight=112 106 28 10 78 73 18 68 42 34 15 19 26 13 21 10 13 15 10
internal_count=112 106 28 10 78 73 18 68 42 34 15 19 26 13 21 10 13 15 10
is_linear=0
shrinkage=0.05


Tree=73
num_leaves=19
num_cat=0
split_feature=0 2 5 0 1 0 6 0 0 4 0 2 5 1 0 0 0 1
split_gain=1.18018e+07 8.86672e+06 2.68192e+06 1.88236e+06 1.98019e+06 387564 288514 313951 309474 84123.9 72066.8 63163.9 44135.1 45822.7 92832.5 41503.1 28338 14345.2
threshold=70868.500000000015 0.56505205340798936 0.38063547960389132 62016 29628.349800647582 24627.000000000004 9.4306243500006861 46235.500000000007 35195 2.7451911326668745 11010.999999999998 0.2079265850607315 0.44006687884785706 4405.9086795478224 20969.499999999993 20369.499999999996 29848.500000000004 1580.3453037190059
decision_type=2 2 2 2 2 2 2 2 2 2 2 2 2 2 2 2 2 2
left_child=3 2 -2 4 5 10 7 8 -7 11 17 -8 13 -12 -15 -14 -13 -1
right_child=1 -3 -4 -5 -6 6 9 -9 -10 -11 12 16 15 14 -16 -17 -18 -19
leaf_value=-10.924943065643312 40.810176849365241 96.464316711425795 -10.977074279785155 -32.682970937093096 23.992327753702799 -0.0051469484965006515 -7.2839075241769997 -7.4597924041748049 16.8377880859375 -9.4914320309956874 -9.8007565180460503 -3.5249107996622726 -13.056718571980795 -0.73242781502859944 -9.6526688385009756 -6.8886929321289045 1.5718020153045653 -14.33895767211914
leaf_weight=7.9999999999999982 4.9999999999999982 4.9999999999999991 5 5.9999999999999991 5.9999999999999991 5.9999999999999982 7.0000000000000062 4.9999999999999991 5 8.9999999999999982 6.0000000000000062 5.9999999999999982 5.9999999999999982 6.9999999999999982 5 5 5 5
leaf_count=8 5 5 5 6 6 6 7 5 5 9 6 6 6 7 5 5 5 5
internal_value=0.825256 42.0991 14.9166 -5.5573 -3.7688 -5.72841 -2.39167 2.92869 7.65073 -5.54447 -9.14459 -3.57099 -7.75788 -6.23305 -4.44919 -10.2531 -1.20822 -12.238
internal_weight=112 15 10 97 91 85 43 16 11 27 42 18 29 18 12 11 11 13
internal_count=112 15 10 97 91 85 43 16 11 27 42 18 29 18 12 11 11 13
is_linear=0
shrinkage=0.05


Tree=74
num_leaves=18
num_cat=0
split_feature=0 2 5 0 1 3 0 6 4 2 4 0 1 0 0 2 0
split_gain=1.06511e+07 8.00221e+06 2.42043e+06 1.69883e+06 1.78713e+06 382913 259669 193724 73641.8 51312.9 48150.6 95565.4 38321.7 83781.3 34926.7 18776.6 3484.56
threshold=70868.500000000015 0.56505205340798936 0.38063547960389132 62016 29628.349800647582 6.5000000000000009 24627.000000000004 8.3629238554085266 2.7451911326668745 0.2079265850607315 2.3193823819540831 8615.0000000000073 4405.9086795478224 20969.499999999993 30461.999999999993 0.28965910529666361 4944.0000000000009
decision_type=2 2 2 2 2 2 2 2 2 2 2 2 2 2 2 2 2
left_child=3 2 -2 4 5 6 10 -8 9 -9 15 16 -13 -14 -11 -1 -12
right_child=1 -3 -4 -5 -6 -7 7 8 -10 14 11 12 13 -15 -16 -17 -18
leaf_value=-9.6933482360839864 38.769667510986338 91.641099700927739 -10.428219909667966 -31.04882329305013 22.79271074930827 6.7352377255757645 3.5240721702575684 -6.7616848513483951 -9.0168604532877605 -4.0715781075613853 -10.823014678955074 -8.8818392617361841 -0.69580643517630447 -9.1700353240966788 1.1271315018335977 -13.842069435119626 -12.610241254170734
leaf_weight=4.9999999999999982 4.9999999999999982 4.9999999999999991 5 5.9999999999999991 5.9999999999999991 5.9999999999999991 7.9999999999999991 8.0000000000000053 8.9999999999999982 6.9999999999999982 5.0000000000000018 7.0000000000000027 6.9999999999999982 5 6 6 6
leaf_count=5 5 5 5 6 6 6 8 8 9 7 5 7 7 5 6 6 6
internal_value=0.783993 39.9942 14.1707 -5.27944 -3.58036 -5.44199 -6.36684 -3.38923 -5.23278 -3.61104 -9.12657 -8.08901 -5.94177 -4.22674 -1.67217 -11.9563 -11.7979
internal_weight=112 15 10 97 91 85 79 38 30 21 41 30 19 12 13 11 11
internal_count=112 15 10 97 91 85 79 38 30 21 41 30 19 12 13 11 11
is_linear=0
shrinkage=0.05


Tree=75
num_leaves=18
num_cat=0
split_feature=0 1 2 1 0 0 6 4 1 0 4 0 1 2 4 0 1
split_gain=1.34818e+07 5.83438e+06 1.13086e+06 1.21323e+06 279507 427851 202582 130236 140704 140862 75411.9 61825.3 45582.1 42796.2 36004.7 27619.7 20678.8
threshold=77954.999999999985 52757.674236056024 0.81097315501112854 13956.18840917876 62016 46235.500000000007 13.491940612647864 2.0660216113510246 8017.8764203639594 39777.5 2.5450332819636068 29848.500000000004 29628.349800647582 0.2566042183329999 2.2516050081241255 6414.0000000000009 5657.3230438461069
decision_type=2 2 2 2 2 2 2 2 2 2 2 2 2 2 2 2 2
left_child=2 -2 3 6 5 -5 7 11 14 -10 -11 -1 -7 15 -9 -8 -16
right_child=1 -3 -4 4 -6 12 13 8 9 10 -12 -13 -14 -15 16 -17 -18
leaf_value=-11.992364501953126 17.765872192382815 94.149019851684557 -25.896691894531251 11.736916273832312 15.579549153645836 -7.1522253036499039 -11.849244842529288 -3.1144622961680075 4.6836466550827005 0.12423998832702639 -8.5597629928588859 -4.9048370742797847 -0.40077621459960933 -13.288964843750001 -9.9627645492553718 -7.2143746270073796 -6.0796902775764465
leaf_weight=7.9999999999999982 4.9999999999999982 5 5.9999999999999991 8.0000000000000053 5.9999999999999991 4.9999999999999982 5.0000000000000027 6.0000000000000027 8.0000000000000018 4.9999999999999982 5 5 5 8.9999999999999982 5.9999999999999991 8.9999999999999982 7.9999999999999991
leaf_count=8 5 5 6 8 6 5 5 6 8 5 5 5 5 9 6 9 8
internal_value=0.506607 55.9574 -4.8252 -3.53511 6.23365 3.11835 -6.70336 -4.94652 -3.46867 -0.26158 -4.21776 -9.26639 -3.7765 -10.599 -6.35504 -8.86969 -7.74386
internal_weight=114 10 104 98 24 18 74 51 38 18 10 13 10 23 20 14 14
internal_count=114 10 104 98 24 18 74 51 38 18 10 13 10 23 20 14 14
is_linear=0
shrinkage=0.05


Tree=76
num_leaves=18
num_cat=0
split_feature=0 2 2 0 6 2 3 0 0 2 2 6 3 6 0 7 2
split_gain=1.21673e+07 2.29985e+06 1.0206e+06 989782 403374 323446 222614 157194 323252 237496 38297.2 122406 31491.8 33570.4 24926.8 22231.7 18671.7
threshold=77954.999999999985 0.52592071588983369 0.81097315501112854 62016 13.491940612647864 0.51592895015361084 6.5000000000000009 46235.500000000007 33369.000000000007 0.23674119032890859 0.2566042183329999 16.260692376199078 5.5000000000000009 10.485838715812053 6414.0000000000009 0.10044078237494418 0.27447364996027118
decision_type=2 2 2 2 2 2 2 2 2 2 2 2 2 2 2 2 2
left_child=2 -2 3 4 5 6 7 8 12 -10 14 -12 13 16 -6 -15 -1
right_child=1 -3 -4 -5 10 -7 -8 -9 9 -11 11 -13 -14 15 -16 -17 -18
leaf_value=-7.4598492050170861 29.181223144531256 77.137926387786862 -24.601857248942057 14.75915047781808 -11.256782684326165 6.105568419562446 5.9828131103515627 -11.071946250067818 -3.8715688442190492 10.196586354573567 -17.183498891194667 -6.5907744407653794 -3.8003901243209826 -7.4016650080680861 -6.8536560058593752 -3.151578559875488 -11.780920410156249
leaf_weight=5.0000000000000018 4.9999999999999982 5 5.9999999999999991 6.9999999999999991 5.0000000000000027 8.9999999999999982 4.9999999999999991 8.9999999999999982 5.9999999999999982 6 5.9999999999999982 5 8.0000000000000018 7.9999999999999982 8.9999999999999982 5 5
leaf_count=5 5 5 6 7 5 9 5 9 6 6 6 5 8 8 9 5 5
internal_value=0.481277 53.1596 -4.58394 -3.35836 -4.75201 -2.7032 -4.09406 -5.06299 -3.8053 3.16251 -10.1609 -12.3686 -6.50252 -7.44239 -8.4262 -5.76702 -9.62038
internal_weight=114 10 104 98 91 66 57 52 43 12 25 11 31 23 14 13 10
internal_count=114 10 104 98 91 66 57 52 43 12 25 11 31 23 14 13 10
is_linear=0
shrinkage=0.05


Tree=77
num_leaves=18
num_cat=0
split_feature=0 1 1 0 1 1 0 6 4 1 0 0 2 4 6 1 4
split_gain=1.0981e+07 5.05881e+06 992838 1.17371e+06 471963 283452 341070 137382 98677.2 81116.2 178008 50865.1 35196.1 31547.8 30569.7 19473.8 10082.4
threshold=77954.999999999985 52757.674236056024 33902.646891508019 62016 13956.18840917876 17549.64770584663 50610.999999999993 13.491940612647864 2.0660216113510246 8017.8764203639594 39777.5 29848.500000000004 0.28437702154139949 2.2516050081241255 15.008018257059971 5657.3230438461069 3.0531436581951543
decision_type=2 2 2 2 2 2 2 2 2 2 2 2 2 2 2 2 2
left_child=2 -2 3 4 7 -6 -7 8 11 13 -11 -1 14 -10 -9 -15 -16
right_child=1 -3 -4 -5 5 6 -8 12 9 10 -12 -13 -14 15 16 -17 -18
leaf_value=-11.119139289855958 14.938950653076175 86.064240608215314 -24.09851417541504 18.280778121948241 9.6374664306640589 -10.769027165571851 6.9128141021728515 -5.4532571792602482 -2.7076203982035305 4.3834593534469581 -5.8670993910895461 -4.6904644012451167 -12.525569479806084 -9.1943102677663173 -8.3800147247314474 -5.4260710507631309 -11.555298843383788
leaf_weight=7.9999999999999982 4.9999999999999982 5 5.9999999999999991 5.9999999999999991 8.0000000000000018 5.9999999999999982 5 6.0000000000000062 6.0000000000000027 8.0000000000000018 8.9999999999999982 5 6.9999999999999991 5.9999999999999991 4.9999999999999982 7.9999999999999991 5
leaf_count=8 5 5 6 6 8 6 5 6 6 8 9 5 7 6 5 8 5
internal_value=0.457213 50.5016 -4.35475 -3.14594 -4.54334 2.4763 -2.73183 -6.37037 -4.89924 -3.5826 -1.04331 -8.64657 -9.56848 -5.74101 -8.27476 -7.04103 -9.96766
internal_weight=114 10 104 98 92 19 11 73 50 37 17 13 23 20 16 14 10
internal_count=114 10 104 98 92 19 11 73 50 37 17 13 23 20 16 14 10
is_linear=0
shrinkage=0.05


Tree=78
num_leaves=18
num_cat=0
split_feature=0 1 1 0 1 1 0 6 4 4 0 1 3 0 2 2 0
split_gain=9.91036e+06 4.56557e+06 896036 1.05927e+06 425946 255815 307816 123987 89056.2 74830.5 45905.7 43723.4 61561 36683.5 32082.7 21884.9 20952.6
threshold=77954.999999999985 52757.674236056024 33902.646891508019 62016 13956.18840917876 17549.64770584663 50610.999999999993 13.491940612647864 2.0660216113510246 2.1883376604767633 29848.500000000004 6411.94674379548 3.5000000000000004 39777.5 0.2566042183329999 0.2079265850607315 29848.500000000004
decision_type=2 2 2 2 2 2 2 2 2 2 2 2 2 2 2 2 2
left_child=2 -2 3 4 7 -6 -7 8 10 -10 -1 16 -13 -14 15 -9 -11
right_child=1 -3 -4 -5 5 6 -8 14 9 11 -12 12 13 -15 -16 -17 -18
leaf_value=-10.563182306289676 14.192005004882816 81.761029815673822 -22.893587366739908 17.366739400227868 9.1555931091308551 -10.230575770139696 6.5671735000610347 -9.066264809502492 2.2850360870361328 -4.9397552728652965 -4.4559412002563468 1.9988737964630112 -1.5090095837910971 -6.6808943629264839 -11.419138039482966 -4.940543212890625 -9.0657691192626952
leaf_weight=7.9999999999999982 4.9999999999999982 5 5.9999999999999991 5.9999999999999991 8.0000000000000018 5.9999999999999982 5 9.0000000000000018 4.9999999999999991 7.9999999999999982 5 5.0000000000000027 5.9999999999999991 7.9999999999999991 8.9999999999999982 4.9999999999999991 5
leaf_count=8 5 5 6 6 8 6 5 9 5 8 5 5 6 8 9 5 5
internal_value=0.434353 47.9765 -4.13701 -2.98865 -4.31617 2.35248 -2.59524 -6.05185 -4.65427 -3.40347 -8.21424 -4.2923 -2.76352 -4.46437 -9.09006 -7.59279 -6.52668
internal_weight=114 10 104 98 92 19 11 73 50 37 13 32 19 14 23 14 13
internal_count=114 10 104 98 92 19 11 73 50 37 13 32 19 14 23 14 13
is_linear=0
shrinkage=0.05


Tree=79
num_leaves=18
num_cat=0
split_feature=0 1 0 1 6 7 2 6 0 2 3 2 1 6 2 2 1
split_gain=8.9441e+06 4.12043e+06 855200 1.55539e+06 328754 349798 894980 110389 143553 135795 127465 100928 92457.6 31124.1 16665 18134.8 25357.5
threshold=77954.999999999985 52757.674236056024 66429.000000000015 31062.671928726599 9.4306243500006861 0.31484733852736624 0.3433574889033712 13.274265526549931 17132.500000000004 0.24878814255985207 4.5000000000000009 0.2566042183329999 7607.5887173799301 11.029932159873381 0.2994101109548431 0.22605089977735515 1926.3337192909112
decision_type=2 2 2 2 2 2 2 2 2 2 2 2 2 2 2 2 2
left_child=2 -2 3 4 5 6 11 8 -6 13 -11 -1 14 -10 15 16 -9
right_child=1 -3 -4 -5 7 -7 -8 12 9 10 -12 -13 -14 -15 -16 -17 -18
leaf_value=1.0856515789031969 13.482404327392581 77.672979431152328 -22.25434176127116 21.857476393381756 -10.989044979640417 -8.0180986192491321 18.156470489501952 -8.938502120971668 -4.1645498593648256 4.0085728327433268 -4.9875583103724885 -8.2154087611607149 -14.910740261077883 -9.0721113477434425 -4.8552005481719975 -10.362610689798991 -4.2764249801635739
leaf_weight=5.0000000000000053 4.9999999999999982 5 5.9999999999999991 5.9999999999999991 6.9999999999999991 8.9999999999999982 6.9999999999999991 7.0000000000000089 6.0000000000000018 8.9999999999999982 6.9999999999999991 7 4.9999999999999991 7 4.9999999999999991 5.9999999999999991 5
leaf_count=5 5 5 6 6 7 9 7 7 6 9 7 7 5 7 5 6 5
internal_value=0.412635 45.5777 -3.93016 -2.80827 -4.41691 0.101886 3.94819 -6.39388 -4.56253 -3.0113 0.0727655 -4.33997 -8.74846 -6.80708 -7.40884 -8.11818 -6.99597
internal_weight=114 10 104 98 92 28 19 64 36 29 16 12 28 13 23 18 12
internal_count=114 10 104 98 92 28 19 64 36 29 16 12 28 13 23 18 12
is_linear=0
shrinkage=0.05


Tree=80
num_leaves=18
num_cat=0
split_feature=1 1 7 1 4 4 5 1 1 0 0 5 4 6 2 2 6
split_gain=2.64031e+06 2.24096e+06 968314 716337 236622 172438 274172 248508 246782 124901 143118 82928.6 28044.9 45139.9 18771.9 42976.5 14023.4
threshold=52757.674236056024 24205.677865591173 0.11342507648198333 33902.646891508019 1.8899163912421544 3.1962238028246612 0.34079229426713314 17549.64770584663 13956.18840917876 33369.000000000007 39777.5 0.39439240646744306 2.0660216113510246 11.029932159873381 0.1816627865598146 0.28437702154139949 10.485838715812053
decision_type=2 2 2 2 2 2 2 2 2 2 2 2 2 2 2 2 2
left_child=1 4 -3 -4 -1 6 -6 8 9 12 -11 -12 -8 16 -15 -16 -14
right_child=-2 2 3 -5 5 -7 7 -9 -10 10 11 -13 13 14 15 -17 -18
leaf_value=6.6140506744384773 -34.812978363037111 1.6394852638244624 12.504004135131838 39.268480834960933 7.4700489807128907 -11.563230133056642 -8.6434781551361084 -13.585352625165667 7.0039575195312498 6.2422670745849613 -8.6714260864257824 0.43508975982666009 -4.3359172403812414 -9.4607585906982354 -3.3595599651336672 -8.5422533661127087 -0.96041252136230448
leaf_weight=4.9999999999999991 5.9999999999999991 7.0000000000000027 4.9999999999999982 5 4.9999999999999991 7.9999999999999991 7.9999999999999991 6.9999999999999991 4.9999999999999991 4.9999999999999991 4.9999999999999982 5 7.9999999999999982 5.0000000000000027 7.9999999999999991 7.9999999999999991 5
leaf_count=5 6 7 5 5 5 8 8 7 5 5 5 5 8 5 8 8 5
internal_value=-2.56207 -0.701443 15.9023 25.8862 -3.94585 -4.58975 -3.83586 -4.65512 -3.64687 -4.58116 -0.66469 -4.11817 -5.97989 -5.35317 -6.78659 -5.95091 -3.03765
internal_weight=110 104 17 10 87 82 74 69 62 57 15 10 42 34 21 16 13
internal_count=110 104 17 10 87 82 74 69 62 57 15 10 42 34 21 16 13
is_linear=0
shrinkage=0.05


Tree=81
num_leaves=18
num_cat=0
split_feature=1 1 3 2 4 3 4 1 2 1 7 4 5 2 4 2 2
split_gain=2.38288e+06 2.02247e+06 944366 2.20445e+06 213551 171834 166831 264934 105955 145777 119488 79677.1 88153 72463.2 80139.8 59223.2 15879.8
threshold=52757.674236056024 24205.677865591173 3.5000000000000004 0.52592071588983369 1.8899163912421544 2.5000000000000004 2.3696226992571545 15719.604082849797 0.2994101109548431 6411.94674379548 0.14029013502643015 2.4420260066434127 0.39559492442219535 0.18761642588800242 2.6767405536233917 0.2566042183329999 0.22093611501468283
decision_type=2 2 2 2 2 2 2 2 2 2 2 2 2 2 2 2 2
left_child=1 4 3 -3 -1 15 8 11 9 16 -10 -8 13 -13 -15 -6 -7
right_child=-2 2 -4 -5 5 6 7 -9 10 -11 -12 12 -14 14 -16 -17 -18
leaf_value=6.2833485412597661 -33.072330729166673 28.930570920308419 33.363831100463869 -13.930115938186644 -6.1526281288691944 -3.6191992187499959 1.8946879386901845 6.9261633634567268 -6.6305052042007464 -15.996848754882814 3.2226296997070309 -8.2497351837158099 -10.459537963867188 3.1767587304115299 -4.2833115206824415 -12.65664839063372 -7.4344912211100258
leaf_weight=4.9999999999999991 5.9999999999999991 6.0000000000000018 4.9999999999999991 6 6.9999999999999982 5.0000000000000053 6.0000000000000027 7.9999999999999991 7.9999999999999982 4.9999999999999991 5 5.0000000000000062 4.9999999999999991 5.9999999999999991 8.9999999999999982 7 6
leaf_count=5 6 6 5 6 7 5 6 8 8 5 5 5 5 6 9 7 6
internal_value=-2.43397 -0.666371 15.1072 7.50023 -3.74856 -4.36026 -3.32171 -1.18611 -6.19373 -8.91795 -2.84084 -3.2796 -4.52142 -3.0369 -1.29928 -9.40464 -5.70027
internal_weight=110 104 17 12 87 82 68 39 29 16 13 31 25 20 15 14 11
internal_count=110 104 17 12 87 82 68 39 29 16 13 31 25 20 15 14 11
is_linear=0
shrinkage=0.05


Tree=82
num_leaves=18
num_cat=0
split_feature=1 1 3 2 5 3 5 1 2 0 1 5 5 2 5 2 0
split_gain=2.15055e+06 1.82528e+06 852290 1.98951e+06 192730 155080 150565 239103 95624 147637 131564 71908.6 79558.1 65398 72326.2 53448.9 29414.6
threshold=52757.674236056024 24205.677865591173 3.5000000000000004 0.52592071588983369 0.52913203615314297 2.5000000000000004 0.42201395357088417 15719.604082849797 0.2994101109548431 24627.000000000004 6411.94674379548 0.40949729383885825 0.39559492442219535 0.18761642588800242 0.37358923902760793 0.2566042183329999 23817.000000000018
decision_type=2 2 2 2 2 2 2 2 2 2 2 2 2 2 2 2 2
left_child=1 4 3 -3 5 15 7 11 10 -10 16 12 13 -7 -15 -1 -8
right_child=-2 2 -4 -5 -6 6 8 -9 9 -11 -12 -13 -14 14 -16 -17 -18
leaf_value=-5.8449966430664073 -31.418714396158858 27.484041039148959 31.695640182495119 -13.233609803517659 5.9691812896728518 -7.8372481536865068 -7.7755395889282148 6.5798552274703983 -7.631925201416017 3.0565211613972978 -15.197005310058595 1.7999536196390791 -9.9365612792968747 -4.0691459920671251 3.0179208318392439 -12.023816054207938 -2.5829114532470698
leaf_weight=6.9999999999999982 5.9999999999999991 6.0000000000000018 4.9999999999999991 6 4.9999999999999991 5.0000000000000098 6.0000000000000053 7.9999999999999991 6.9999999999999982 6 4.9999999999999991 5.9999999999999991 4.9999999999999991 8.9999999999999982 5.9999999999999991 7 5
leaf_count=7 6 6 5 6 5 5 6 8 7 6 5 6 5 9 6 7 5
internal_value=-2.31227 -0.633052 14.3518 7.12522 -3.56113 -4.14225 -3.15562 -1.1268 -5.88404 -2.6988 -8.47205 -3.11562 -4.29535 -2.88505 -1.23432 -8.93441 -5.41525
internal_weight=110 104 17 12 87 82 68 39 29 13 16 31 25 20 15 14 11
internal_count=110 104 17 12 87 82 68 39 29 13 16 31 25 20 15 14 11
is_linear=0
shrinkage=0.05


Tree=83
num_leaves=18
num_cat=0
split_feature=1 1 3 2 6 4 3 1 3 0 0 2 3 0 7 6 0
split_gain=1.94087e+06 1.64731e+06 769192 1.79554e+06 180454 633293 361002 497998 127104 97056 68088.6 38952.5 89839.3 124361 43595.5 19184.5 8869.09
threshold=52757.674236056024 24205.677865591173 3.5000000000000004 0.52592071588983369 10.631232603955729 2.5278384386296175 5.5000000000000009 13301.812676166339 2.5000000000000004 20969.499999999993 33369.000000000007 0.24878814255985207 4.5000000000000009 28397.000000000015 0.077356522101407768 15.389639996462732 19519.500000000011
decision_type=2 2 2 2 2 2 2 2 2 2 2 2 2 2 2 2 2
left_child=1 4 3 -3 5 6 7 10 9 -6 16 14 13 -13 15 -10 -1
right_child=-2 2 -4 -5 8 -7 -8 -9 11 -11 -12 12 -14 -15 -16 -17 -18
leaf_value=-4.2196066856384196 -29.847779083251954 26.109840329488108 30.110855979919435 -12.571929613749184 -6.0276521955217639 12.806084333147323 4.4825057559543184 -21.260054473876956 -1.9283628463745111 -15.148555507659911 1.0287320454915365 -4.4470911630562355 -6.6538689613342292 5.3626674016316729 -9.1328978220621746 -6.1219011306762683 -7.1977088165283192
leaf_weight=5.0000000000000089 5.9999999999999991 6.0000000000000018 4.9999999999999991 6 6.9999999999999982 6.9999999999999991 8.9999999999999982 4.9999999999999991 6.0000000000000018 5 5.9999999999999991 7.0000000000000018 7.9999999999999991 6 5.9999999999999991 5 5
leaf_count=5 6 6 5 6 7 7 9 5 6 5 6 7 8 6 6 5 5
internal_value=-2.19666 -0.6014 13.6342 6.76896 -3.38307 -0.735927 -3.89573 -7.4864 -5.34196 -9.82803 -3.18214 -3.92531 -2.48498 0.0804897 -5.70453 -3.83452 -5.70866
internal_weight=110 104 17 12 87 37 30 21 50 12 16 38 21 13 17 11 10
internal_count=110 104 17 12 87 37 30 21 50 12 16 38 21 13 17 11 10
is_linear=0
shrinkage=0.05


Tree=84
num_leaves=19
num_cat=0
split_feature=4 4 2 2 0 5 2 0 3 6 6 2 3 5 3 2 4 6
split_gain=1.18296e+06 3.01856e+06 1.94186e+06 649682 1.12152e+06 1.72459e+06 664250 222117 103098 47913.6 166843 47172.8 31597.8 19814.9 21178.1 46643.8 22041.3 13320.1
threshold=2.1883376604767633 2.1234392662738975 0.81097315501112854 0.56505205340798936 66429.000000000015 0.35922375171208942 0.50562705853824974 29848.500000000004 2.5000000000000004 7.1676944068471782 8.3629238554085266 0.2566042183329999 5.5000000000000009 0.35922375171208942 4.5000000000000009 0.24878814255985207 2.4924571051868147 11.49094878481216
decision_type=2 2 2 2 2 2 2 2 2 2 2 2 2 2 2 2 2 2
left_child=1 7 3 4 6 -6 8 12 11 -10 -11 -2 -1 -12 15 16 -15 -17
right_child=2 -3 -4 -5 5 -7 -8 -9 9 10 13 -13 -14 14 -16 17 -18 -19
leaf_value=-8.4893536376953023 -5.2555924279349204 -42.701347017288214 27.963708750406905 -18.968594474792479 36.014278564453136 -5.5139262390136707 11.875015585763116 6.4899726867675787 -7.8785102844238288 5.8644388484954835 -6.8036135482788085 -11.060321412767681 -2.8681604003906247 -2.4262526321411122 -5.4549055947197793 -2.1794878005981451 -6.9211946169535317 1.3148106257120766
leaf_weight=5.0000000000000053 6.9999999999999982 5.9999999999999991 5.9999999999999991 4.9999999999999991 4.9999999999999982 5 6.9999999999999991 5.9999999999999991 4.9999999999999991 4.9999999999999991 4.9999999999999991 7 5 5.0000000000000018 9.0000000000000018 4.9999999999999982 6 6
leaf_count=5 7 6 6 5 5 5 7 6 5 5 5 7 5 5 9 5 6 6
internal_value=-2.08682 -12.4571 0.505741 -1.50338 -0.369274 15.2502 -2.70054 -1.11548 -4.40102 -3.2576 -2.69407 -8.15796 -5.67876 -3.88276 -3.41165 -2.57577 -4.87804 -0.273507
internal_weight=110 22 88 82 77 10 67 16 60 46 41 14 10 36 31 22 11 11
internal_count=110 22 88 82 77 10 67 16 60 46 41 14 10 36 31 22 11 11
is_linear=0
shrinkage=0.05


Tree=85
num_leaves=19
num_cat=0
split_feature=1 6 0 1 1 0 1 6 3 0 0 2 1 1 2 3 0 6
split_gain=7.16442e+06 1.04245e+06 2.72969e+06 1.28307e+06 839573 121585 255585 115269 239701 272078 99277.5 76629.3 65800.1 52557.7 33229.9 19294.6 11973.4 10978.6
threshold=62105.199800608134 9.1127472625752919 54773.500000000007 31062.671928726599 24205.677865591173 46235.500000000007 12221.392818450666 13.491940612647864 3.5000000000000004 53055.999999999993 35195 0.28437702154139949 8017.8764203639594 4405.9086795478224 0.41711654529755943 5.5000000000000009 23817.000000000018 16.260692376199078
decision_type=2 2 2 2 2 2 2 2 2 2 2 2 2 2 2 2 2 2
left_child=1 2 5 4 7 6 12 8 -3 10 14 13 -1 17 15 16 -10 -9
right_child=-2 3 -4 -5 -6 -7 -8 11 9 -11 -12 -13 -14 -15 -16 -17 -18 -19
leaf_value=-0.97364778518676642 55.351900355021158 5.6597469329833991 30.091536765628394 -28.444777832031253 17.516116867065431 -8.8361156145731616 8.8156679534912126 -5.0267859867640858 -5.2657771563529865 -14.730361289978028 4.3270747756958015 -10.444675838947298 -9.0853719520568834 -0.2034490966796875 -6.6513434092203783 0.28727468609809875 -1.9528318246205647 -8.0943974304199209
leaf_weight=5.0000000000000053 5.9999999999999991 7.9999999999999991 8.9999999999999982 4.9999999999999991 4.9999999999999991 5.9999999999999991 4.9999999999999991 7.0000000000000053 5.0000000000000089 4.9999999999999991 4.9999999999999991 7.9999999999999991 5 4.9999999999999991 5.9999999999999991 4.9999999999999991 6 5
leaf_count=5 6 8 9 5 5 6 5 7 5 5 5 8 5 5 6 5 6 5
internal_value=2.21233 -0.82422 7.05301 -3.97511 -2.22728 -2.82064 -0.414451 -3.746 -2.0814 -4.01669 -2.03267 -6.40937 -5.02951 -4.5104 -3.47807 -2.28809 -3.45872 -6.30496
internal_weight=111 105 30 75 70 21 15 65 40 32 27 25 10 17 22 16 11 12
internal_count=111 105 30 75 70 21 15 65 40 32 27 25 10 17 22 16 11 12
is_linear=0
shrinkage=0.05


Tree=86
num_leaves=18
num_cat=0
split_feature=1 6 0 1 1 2 3 2 1 0 5 2 2 2 5 2 2
split_gain=6.46589e+06 940814 2.46355e+06 1.15797e+06 757715 116668 139995 110144 472486 164703 72168.8 66472.3 36075.9 46760.6 109019 25094.2 22060.1
threshold=62105.199800608134 9.1127472625752919 54773.500000000007 31062.671928726599 24205.677865591173 0.35245113372703452 4.5000000000000009 0.26451798600539184 13956.18840917876 50610.999999999993 0.37079327361855535 0.27447364996027118 0.28437702154139949 0.30882258029930471 0.42201395357088417 0.2079265850607315 0.16744804518791417
decision_type=2 2 2 2 2 2 2 2 2 2 2 2 2 2 2 2 2
left_child=1 2 5 4 7 11 -7 9 12 10 15 -1 -9 -14 -15 -3 -12
right_child=-2 3 -4 -5 -6 6 -8 8 -10 -11 16 -13 13 14 -16 -17 -18
leaf_value=-2.6744101564089431 52.584307479858403 -9.2477882067362369 28.586959478590224 -27.022539672851565 16.640311126708987 -12.504273834228519 -0.67233531951904291 -1.1753074424030874 9.9826132910592236 -14.025010185241701 -4.3399908447265627 5.1315455627441402 -9.3020148595174099 0.47763732501438688 -8.0665696620941159 -4.6748457113901765 -0.19778969022962783
leaf_weight=6.0000000000000053 5.9999999999999991 6.0000000000000053 8.9999999999999982 4.9999999999999991 4.9999999999999991 4.9999999999999982 5 6.0000000000000027 6.9999999999999991 4.9999999999999991 4.9999999999999991 5 6.0000000000000027 6.9999999999999991 7.9999999999999991 6 8.9999999999999982
leaf_count=6 6 6 9 5 5 5 5 6 7 5 5 5 6 7 8 6 9
internal_value=2.10171 -0.783009 6.70036 -3.77636 -2.11592 -2.67961 -6.5883 -3.5587 -1.59337 -5.71422 -4.11599 0.873752 -4.59456 -5.57149 -4.07927 -6.96132 -1.67715
internal_weight=111 105 30 75 70 21 10 65 34 31 26 11 27 21 15 12 14
internal_count=111 105 30 75 70 21 10 65 34 31 26 11 27 21 15 12 14
is_linear=0
shrinkage=0.05


Tree=87
num_leaves=18
num_cat=0
split_feature=1 6 0 1 0 0 2 0 1 2 4 1 2 2 4 3 6
split_gain=5.83546e+06 849085 2.22335e+06 1.04507e+06 684774 111301 422672 107242 226890 92651.9 84836.4 59693.5 42984.3 14838.1 25130.2 10865.2 8578.3
threshold=62105.199800608134 9.1127472625752919 54773.500000000007 31062.671928726599 66429.000000000015 24627.000000000004 0.43149840856083482 46235.500000000007 12221.392818450666 0.43149840856083482 2.7451911326668745 8017.8764203639594 0.2994101109548431 0.2079265850607315 2.4420260066434127 2.5000000000000004 15.389639996462732
decision_type=2 2 2 2 2 2 2 2 2 2 2 2 2 2 2 2 2
left_child=1 2 7 4 5 9 10 8 11 12 13 -1 15 -7 -15 -3 -17
right_child=-2 3 -4 -5 -6 6 -8 -9 -10 -11 -12 -13 -14 14 -16 16 -18
leaf_value=-0.77100580215454007 49.955087534586596 -7.2573871135711592 27.15761142306858 -25.671412353515628 15.820487518310546 -3.6706817354474697 12.098617668151856 -8.195175711313885 8.4107433319091793 -10.995798873901368 -8.0593377590179447 -8.4971643877029415 -1.3026519482334455 -3.34387809753418 1.4557065645853677 -5.8742208344595781 -3.2977947552998859
leaf_weight=5.0000000000000053 5.9999999999999991 6.0000000000000062 8.9999999999999982 4.9999999999999991 4.9999999999999991 7.0000000000000098 4.9999999999999991 5.9999999999999991 4.9999999999999991 5.9999999999999991 7.9999999999999991 5 8.9999999999999982 4.9999999999999982 6 6.9999999999999982 6
leaf_count=5 6 6 9 5 5 7 5 6 5 6 8 5 9 5 6 7 6
internal_value=1.99663 -0.743859 6.36534 -3.58754 -2.01012 -3.38171 -1.21489 -2.54563 -0.285809 -5.35733 -3.77518 -4.63409 -4.14909 -1.87111 -0.725923 -5.4974 -4.6851
internal_weight=111 105 30 75 70 65 31 21 15 34 26 10 28 18 11 19 13
internal_count=111 105 30 75 70 65 31 21 15 34 26 10 28 18 11 19 13
is_linear=0
shrinkage=0.05


Tree=88
num_leaves=18
num_cat=0
split_feature=1 6 0 0 1 4 2 3 2 0 0 0 0 2 2 2 4
split_gain=5.26651e+06 766299 2.00658e+06 953196 449188 382505 105333 124290 56441.1 26216.2 28656.7 29544.8 34314.1 43434.2 20821.6 14761.5 5896.68
threshold=62105.199800608134 9.1127472625752919 54773.500000000007 77954.999999999985 13956.18840917876 2.5278384386296175 0.35245113372703452 4.5000000000000009 0.27447364996027118 37401.000000000015 30461.999999999993 17132.500000000004 19519.500000000011 0.28437702154139949 0.32534461537208209 0.2079265850607315 2.3193823819540831
decision_type=2 2 2 2 2 2 2 2 2 2 2 2 2 2 2 2 2
left_child=1 2 6 4 9 -6 8 -8 -1 10 11 14 -13 16 15 -3 -14
right_child=-2 3 -4 -5 5 -7 7 -9 -10 -11 -12 12 13 -15 -16 -17 -18
leaf_value=-2.3115019937356291 47.457333374023442 -6.0204614366803817 25.799731021457252 -24.499031372070313 17.197116012573243 -0.051175880432128909 -11.706582450866701 -0.55805831909179682 4.881387100219726 -1.2543797731399537 -7.5782760143280035 1.0213067531585687 -0.36205573081970199 -6.7114582606724333 -8.0693768310546883 -2.8764303918927911 -2.7903638458251949
leaf_weight=6.0000000000000053 5.9999999999999991 7.0000000000000027 8.9999999999999982 4.9999999999999991 4.9999999999999991 8.9999999999999982 4.9999999999999982 5 5 7.9999999999999991 5.9999999999999991 5.0000000000000027 5.0000000000000018 6.9999999999999991 4.9999999999999991 7.9999999999999991 5
leaf_count=6 6 7 9 5 5 9 5 5 5 8 6 5 5 7 5 8 5
internal_value=1.89679 -0.706666 6.04708 -3.40816 -1.90167 6.10893 -2.41835 -6.13232 0.957993 -3.90432 -4.34598 -3.88422 -2.61981 -3.69072 -5.27508 -4.34364 -1.57621
internal_weight=111 105 30 75 70 14 21 10 11 56 48 42 22 17 20 15 10
internal_count=111 105 30 75 70 14 21 10 11 56 48 42 22 17 20 15 10
is_linear=0
shrinkage=0.05


Tree=89
num_leaves=19
num_cat=0
split_feature=1 6 1 1 1 6 1 4 4 6 2 1 2 3 4 2 3 6
split_gain=4.75302e+06 691585 1.31317e+06 908158 650166 102676 247704 81272.2 140193 64876.3 69099.2 41930.2 33214 40953.3 38385.6 27478.9 18602.8 9845.42
threshold=62105.199800608134 9.1127472625752919 29628.349800647582 31062.671928726599 24205.677865591173 9.6179462059860477 16516.706392829426 2.5278384386296175 2.3193823819540831 13.491940612647864 0.28437702154139949 4405.9086795478224 0.2079265850607315 4.5000000000000009 2.6969315988360472 0.32534461537208209 5.5000000000000009 16.260692376199078
decision_type=2 2 2 2 2 2 2 2 2 2 2 2 2 2 2 2 2 2
left_child=1 2 7 4 5 -3 9 8 15 12 11 17 -7 14 -14 -1 -15 -11
right_child=-2 3 -4 -5 -6 6 -8 -9 -10 10 -12 -13 13 16 -16 -17 -18 -19
leaf_value=-2.2738257789611787 45.084468841552734 -9.9877078247070319 21.724029223124187 -23.824330444335938 15.606908493041994 -4.6900245189666725 8.124989051818849 3.8145939429601037 -9.906811981201173 -3.9691122600010433 -9.2118046939373013 0.27029832839965823 3.4314274515424446 -5.4475978088378918 -2.3045938110351556 2.9682090377807615 -1.1344989776611327 -6.8740967655181882
leaf_weight=5.0000000000000053 5.9999999999999991 4.9999999999999991 8.9999999999999982 4.9999999999999991 4.9999999999999991 8.0000000000000018 4.9999999999999991 5.9999999999999991 4.9999999999999991 7.0000000000000053 7.9999999999999991 4.9999999999999991 7.0000000000000018 4.9999999999999982 5 5 5 5
leaf_count=5 6 5 9 5 5 8 5 6 5 7 8 5 7 5 5 5 5 5
internal_value=1.80195 -0.671332 5.74472 -3.23775 -1.76728 -3.10376 -2.5301 -1.10355 -3.07081 -3.49874 -5.37989 -3.57663 -1.93112 -0.927885 1.04142 0.347192 -3.29105 -5.17952
internal_weight=111 105 30 75 70 65 60 21 15 55 25 17 30 22 12 10 10 12
internal_count=111 105 30 75 70 65 60 21 15 55 25 17 30 22 12 10 10 12
is_linear=0
shrinkage=0.05


Tree=90
num_leaves=17
num_cat=0
split_feature=1 6 1 4 1 3 4 2 2 6 7 2 4 2 4 5
split_gain=4.80555e+06 258859 779998 389490 161775 89289.2 164681 143968 222763 84447.9 116216 69564.1 53190.9 26254.8 28774.6 5806.26
threshold=62105.199800608134 6.8722645661915465 31062.671928726599 2.3193823819540831 24205.677865591173 5.5000000000000009 2.1883376604767633 0.28437702154139949 0.26451798600539184 13.274265526549931 0.12281249521708473 0.2994101109548431 2.4420260066434127 0.18761642588800242 2.6272356579924998 0.36316424738755676
decision_type=2 2 2 2 2 2 2 2 2 2 2 2 2 2 2 2
left_child=1 3 4 -1 5 6 -3 8 12 10 -9 -7 -8 15 -15 -14
right_child=-2 2 -4 -5 -6 11 7 9 -10 -11 -12 -13 13 14 -16 -17
leaf_value=-5.0409088823530395 42.830245208740237 -12.211246617635091 -21.669866180419923 9.6690610567728683 4.905922842025757 -3.8031686019897473 1.1175983905792237 -0.80517404344346755 8.2224361610412604 -10.408546267615424 -10.312564163208009 4.1822614034016921 -4.7215174039204895 -5.6753854370117196 -0.94460822476281059 -6.9211885770161947
leaf_weight=9.0000000000000018 5.9999999999999991 5.9999999999999991 5.9999999999999991 8.9999999999999982 5.9999999999999991 4.9999999999999982 5.9999999999999991 9.0000000000000018 4.9999999999999991 8.9999999999999982 4.9999999999999991 6 6.0000000000000018 4.9999999999999991 8.9999999999999982 6
leaf_count=9 6 6 6 9 6 5 6 9 5 9 5 6 6 5 9 6
internal_value=-0.712759 -3.15442 -4.26041 2.31408 -3.0019 -3.61809 -4.31319 -3.52339 -1.59235 -6.62984 -4.20067 0.55252 -3.12591 -4.10518 -2.63417 -5.82135
internal_weight=113 107 89 18 83 77 66 60 37 23 14 11 32 26 14 12
internal_count=113 107 89 18 83 77 66 60 37 23 14 11 32 26 14 12
is_linear=0
shrinkage=0.05


Tree=91
num_leaves=19
num_cat=0
split_feature=1 0 0 2 4 1 4 0 1 1 2 6 3 0 5 1 0 4
split_gain=4.337e+06 353538 321601 130133 355308 239152 64812.6 187849 71744.4 53585.6 47006 51471.4 34584.1 34172 36303.4 51256.3 23839.9 17917.3
threshold=62105.199800608134 77954.999999999985 62016 0.51592895015361084 2.5278384386296175 16516.706392829426 2.4709768464156912 30461.999999999993 10621.309512456515 8587.5259268539885 0.24878814255985207 13.8610787059551 3.5000000000000004 23817.000000000018 0.44006687884785706 5166.7437459527355 6414.0000000000009 2.0660216113510246
decision_type=2 2 2 2 2 2 2 2 2 2 2 2 2 2 2 2 2 2
left_child=1 2 3 5 -5 6 7 13 10 -9 11 -8 -12 14 -1 -16 -13 -15
right_child=-2 -3 -4 4 -6 -7 8 9 -10 -11 12 16 -14 17 15 -17 -18 -19
leaf_value=-2.2823608716328914 40.688734181722005 -13.85963418143136 8.0989613124302462 7.3658063888549812 -9.2579807090759285 -14.384955596923829 -9.4299314880370968 0.047659254074096692 -9.1242232867649626 7.056237490971883 -3.3472695044108804 -6.1688914108276371 2.0973163986206051 -3.7476382637023935 -3.6222652435302742 -10.781615295410155 -1.7677682608366014 0.48524904251098627
leaf_weight=6.0000000000000062 5.9999999999999991 6.9999999999999991 6.9999999999999991 8.9999999999999982 4.9999999999999991 4.9999999999999991 5.0000000000000062 4.9999999999999982 6.9999999999999991 6 6.9999999999999982 4.9999999999999991 5 4.9999999999999982 4.9999999999999982 5 7.9999999999999991 5
leaf_count=6 6 7 7 9 5 5 5 5 7 6 7 5 5 5 5 5 8 5
internal_value=-0.677121 -2.9967 -2.2363 -3.01422 1.42874 -3.80158 -3.08649 -1.60675 -4.56622 3.87052 -3.50269 -5.11868 -1.07869 -3.92406 -5.3571 -7.20194 -3.46051 -1.63119
internal_weight=113 107 100 93 14 79 74 37 37 11 30 18 12 26 16 10 13 10
internal_count=113 107 100 93 14 79 74 37 37 11 30 18 12 26 16 10 13 10
is_linear=0
shrinkage=0.05


Tree=92
num_leaves=17
num_cat=0
split_feature=1 6 1 4 1 3 4 2 2 6 7 2 4 2 4 2
split_gain=3.91415e+06 231318 692103 358245 148859 78218.3 145122 124837 192592 78299.1 96266.3 65320.4 41985.5 21912.6 27705.4 5596.26
threshold=62105.199800608134 6.8722645661915465 31062.671928726599 2.3193823819540831 24205.677865591173 5.5000000000000009 2.1883376604767633 0.28437702154139949 0.26451798600539184 13.274265526549931 0.12281249521708473 0.2994101109548431 2.4420260066434127 0.18761642588800242 2.6272356579924998 0.16155975403500911
decision_type=2 2 2 2 2 2 2 2 2 2 2 2 2 2 2 2
left_child=1 3 4 -1 5 6 -3 8 12 10 -9 -7 -8 15 -15 -14
right_child=-2 2 -4 -5 -6 11 7 9 -10 -11 -12 -13 13 14 -16 -17
leaf_value=-4.7312571578555618 38.6542958577474 -11.362752405802411 -20.291605122884118 9.3763689464992961 4.8787000815073647 -3.6152026176452647 0.93523278236389162 -0.67042436599731425 7.7169984817504886 -9.7383725007375084 -9.3233884048461917 4.1228235244750975 -4.3602017811366478 -5.3452300643920907 -0.70317820178137891 -6.5503606414794922
leaf_weight=9.0000000000000018 5.9999999999999991 5.9999999999999991 5.9999999999999991 8.9999999999999982 5.9999999999999991 4.9999999999999982 5.9999999999999991 9.0000000000000018 4.9999999999999991 8.9999999999999982 4.9999999999999991 6 7.0000000000000018 4.9999999999999991 8.9999999999999982 5
leaf_count=9 6 6 6 9 6 5 6 9 5 9 5 6 7 5 9 5
internal_value=-0.643265 -2.84687 -3.89237 2.32256 -2.70688 -3.29796 -3.94855 -3.20713 -1.40896 -6.09983 -3.76077 0.605539 -2.83489 -3.70492 -2.36105 -5.27277
internal_weight=113 107 89 18 83 77 66 60 37 23 14 11 32 26 14 12
internal_count=113 107 89 18 83 77 66 60 37 23 14 11 32 26 14 12
is_linear=0
shrinkage=0.05


Tree=93
num_leaves=18
num_cat=0
split_feature=1 0 0 2 0 1 4 0 1 1 2 6 3 0 6 0 4
split_gain=3.53252e+06 306527 290595 117827 335882 220761 57565.5 164766 63507.6 44980.7 38914 45668.7 27759 27695.5 31332.7 21608.9 13982.7
threshold=62105.199800608134 77954.999999999985 62016 0.51592895015361084 28397.000000000015 16516.706392829426 2.4709768464156912 30461.999999999993 10621.309512456515 8587.5259268539885 0.24878814255985207 13.8610787059551 3.5000000000000004 23817.000000000018 10.485838715812053 6414.0000000000009 2.0660216113510246
decision_type=2 2 2 2 2 2 2 2 2 2 2 2 2 2 2 2 2
left_child=1 2 3 5 -5 6 7 13 10 -9 11 -8 -12 14 -1 -13 -15
right_child=-2 -3 -4 4 -6 -7 8 9 -10 -11 12 15 -14 16 -16 -17 -18
leaf_value=-6.8152875900268501 36.721581013997394 -12.819465637207031 7.8279300144740525 -8.8987672424316404 7.2642049736446808 -13.653448791503905 -8.7233415603637567 0.22366374969482428 -8.4810453006199431 6.6448990662892662 -3.0189735378537867 -5.6790070533752441 1.8588782691955563 -3.379305725097657 -2.3550405366080152 -1.4888734690845014 0.36003580093383786
leaf_weight=9.0000000000000053 5.9999999999999991 6.9999999999999991 6.9999999999999991 4.9999999999999991 8.9999999999999982 4.9999999999999991 5.0000000000000062 4.9999999999999982 6.9999999999999991 6 6.9999999999999982 4.9999999999999991 5 4.9999999999999982 6.9999999999999991 7.9999999999999991 5
leaf_count=9 6 7 7 5 9 5 5 5 7 6 7 5 5 5 7 8 5
internal_value=-0.611102 -2.70452 -1.99648 -2.73595 1.49171 -3.48515 -2.79811 -1.40355 -4.19266 3.72616 -3.19204 -4.66237 -0.986535 -3.57382 -4.86393 -3.10046 -1.50963
internal_weight=113 107 100 93 14 79 74 37 37 11 30 18 12 26 16 13 10
internal_count=113 107 100 93 14 79 74 37 37 11 30 18 12 26 16 13 10
is_linear=0
shrinkage=0.05


Tree=94
num_leaves=18
num_cat=0
split_feature=1 0 0 2 4 1 4 0 1 1 2 7 3 0 7 0 7
split_gain=3.1881e+06 276641 262262 106339 322976 199236 51952.8 148701 57315.6 40595 35119.8 41216 25052.5 24995.2 28277.8 19502 14133.3
threshold=62105.199800608134 77954.999999999985 62016 0.51592895015361084 2.5278384386296175 16516.706392829426 2.4709768464156912 30461.999999999993 10621.309512456515 8587.5259268539885 0.24878814255985207 0.077356522101407768 3.5000000000000004 23817.000000000018 0.12281249521708473 6414.0000000000009 0.13023781247678756
decision_type=2 2 2 2 2 2 2 2 2 2 2 2 2 2 2 2 2
left_child=1 2 3 5 -5 6 7 13 10 -9 11 15 -12 14 -1 -8 -15
right_child=-2 -3 -4 4 -6 -7 8 9 -10 -11 12 -13 -14 16 -16 -17 -18
leaf_value=-2.2372885022844566 34.885502115885423 -12.178492464338031 7.436533355712891 7.0776307953728583 -8.7717730426788343 -12.970775985717774 -5.3950566422939232 0.212480583190918 -8.0569930825914664 6.3126541773478184 -2.8680248856544499 -8.2871743774414064 1.7659344100952148 -3.3138685989379888 -6.4745231840345596 -1.414429782377556 0.44556200027465814
leaf_weight=7.0000000000000062 5.9999999999999991 6.9999999999999991 6.9999999999999991 8.9999999999999982 4.9999999999999991 4.9999999999999991 5.0000000000000062 4.9999999999999982 6.9999999999999991 6 6.9999999999999982 4.9999999999999991 5 4.9999999999999982 8.9999999999999982 7.9999999999999991 5
leaf_count=7 6 7 7 9 5 5 5 5 7 6 7 5 5 5 9 8 5
internal_value=-0.580546 -2.5693 -1.89665 -2.59915 1.41713 -3.3109 -2.6582 -1.33338 -3.98303 3.53985 -3.03244 -4.42926 -0.937209 -3.39513 -4.62073 -2.94544 -1.43415
internal_weight=113 107 100 93 14 79 74 37 37 11 30 18 12 26 16 13 10
internal_count=113 107 100 93 14 79 74 37 37 11 30 18 12 26 16 13 10
is_linear=0
shrinkage=0.05


Tree=95
num_leaves=17
num_cat=0
split_feature=0 7 0 1 6 6 0 4 6 7 7 1 3 0 6 1
split_gain=3.4981e+06 4.66392e+06 2.48793e+06 2.56276e+06 113094 129256 48084.3 48621.6 68661.7 37850.1 37423.2 27076.1 44687 23405.9 19578.2 17930.4
threshold=70868.500000000015 0.14029013502643015 62016 31062.671928726599 5.7811278719123775 8.3629238554085266 17132.500000000004 2.0660216113510246 13.491940612647864 0.08708707792479202 0.2385095961990355 9833.536278827658 3.5000000000000004 30461.999999999993 14.53419826291236 1117.7490461145278
decision_type=2 2 2 2 2 2 2 2 2 2 2 2 2 2 2 2
left_child=2 -2 3 4 -1 10 9 -8 11 15 -6 13 -13 -9 -10 -7
right_child=1 -3 -4 -5 5 6 7 8 14 -11 -12 12 -14 -15 -16 -17
leaf_value=-8.221796464920045 49.637535285949717 -6.2476923261369972 -36.75355285644531 34.270566177368167 5.1519491059439533 -5.804630413055416 -6.6368166542053224 0.40131620830959713 -7.1040402221679706 -8.2568042119344067 -0.51170612335205068 5.2747071838378918 -0.91424493449074873 -3.2046890788608127 -2.8676919778188066 -1.98776443451643
leaf_weight=7.9999999999999991 7.9999999999999982 7 4.9999999999999991 4.9999999999999991 6.9999999999999982 5.0000000000000027 4.9999999999999991 9.0000000000000053 4.9999999999999982 5.9999999999999991 5 4.9999999999999982 7 8.9999999999999982 6 7.9999999999999991
leaf_count=8 8 7 5 5 7 5 5 9 5 6 5 5 7 9 6 8
internal_value=1.11863 23.5578 -2.42439 -0.517217 -2.56356 -1.97569 -2.85589 -1.98189 -1.41422 -4.9719 2.79209 -0.175218 1.66449 -1.40169 -4.7933 -3.45579
internal_weight=110 15 95 90 85 77 65 46 41 19 12 30 12 18 11 13
internal_count=110 15 95 90 85 77 65 46 41 19 12 30 12 18 11 13
is_linear=0
shrinkage=0.05


Tree=96
num_leaves=17
num_cat=0
split_feature=0 7 0 2 0 6 4 2 2 7 4 2 0 7 4 4
split_gain=3.15704e+06 4.20918e+06 2.24535e+06 2.26209e+06 152088 55343.5 82254.8 87201.3 93182.1 137061 43797.5 27288.7 23812.9 17452.1 15643.2 9390.06
threshold=70868.500000000015 0.14029013502643015 62016 0.81097315501112854 53055.999999999993 13.491940612647864 2.0660216113510246 0.51592895015361084 0.35245113372703452 0.20086655430696435 2.6969315988360472 0.28437702154139949 17132.500000000004 0.18776678944947769 2.535545779047951 2.3193823819540831
decision_type=2 2 2 2 2 2 2 2 2 2 2 2 2 2 2 2
left_child=2 -2 3 4 5 6 13 8 9 10 14 12 -7 -1 15 -8
right_child=1 -3 -4 -5 -6 11 7 -9 -10 -11 -12 -13 -14 -15 -16 -17
leaf_value=-6.3733677864074716 47.155658531188976 -5.9353076389857691 -34.915876464843755 32.19214263916016 -9.4739354555095954 -4.2448442459106426 0.31969211578369078 6.3542952251434333 -5.1066171010335291 6.8008959633963446 -5.362622299194336 -5.9879096057679924 -0.077877799669901535 -2.6985027313232419 2.0168917973836265 -2.7446289825439449
leaf_weight=5.9999999999999982 7.9999999999999982 7 4.9999999999999991 4.9999999999999991 6.9999999999999991 8.0000000000000018 5.0000000000000089 4.9999999999999991 8.9999999999999982 6.9999999999999991 4.9999999999999991 8.9999999999999982 5.9999999999999991 7 5.9999999999999991 5
leaf_count=6 8 7 5 5 7 8 5 5 9 7 5 9 6 7 6 5
internal_value=1.0627 22.3799 -2.30317 -0.491356 -2.41391 -1.78032 -0.919054 0.156708 -0.680803 0.74178 -1.27793 -3.83988 -2.459 -4.39459 -0.00145835 -1.21247
internal_weight=110 15 95 90 85 78 55 42 37 28 21 23 14 13 16 10
internal_count=110 15 95 90 85 78 55 42 37 28 21 23 14 13 16 10
is_linear=0
shrinkage=0.05


Tree=97
num_leaves=18
num_cat=0
split_feature=0 7 0 2 0 6 4 2 2 7 4 4 2 1 7 4 4
split_gain=2.88721e+06 4.8666e+06 1.31491e+06 2.03968e+06 84827.8 49947.5 74235 78699.1 84096.8 123698 39527.2 27776.1 24628.1 25680.1 15750.6 14117.9 8474.53
threshold=77954.999999999985 0.14029013502643015 66429.000000000015 0.81097315501112854 53055.999999999993 13.491940612647864 2.0660216113510246 0.51592895015361084 0.35245113372703452 0.20086655430696435 2.6969315988360472 2.5450332819636068 0.28437702154139949 1926.3337192909112 0.18776678944947769 2.535545779047951 2.3193823819540831
decision_type=2 2 2 2 2 2 2 2 2 2 2 2 2 2 2 2 2
left_child=2 -2 3 4 5 6 14 8 9 10 15 -6 13 -7 -1 16 -8
right_child=1 -3 -4 -5 11 12 7 -9 -10 -11 -12 -13 -14 -15 -16 -17 -18
leaf_value=-6.0546993533770257 56.000128682454431 -7.6826993942260735 -26.803278198242186 30.582535705566411 -9.2178597640991224 -4.4774833951677584 0.30370758056640568 6.0365803718566902 -4.8512861993577747 6.4608516965593612 -5.0944911193847666 -3.9475525569915768 -5.6885141584608299 -0.19461949893406458 -2.5635775974818635 1.9160472234090169 -2.6073976135253902
leaf_weight=5.9999999999999982 5.9999999999999982 6 4.9999999999999991 4.9999999999999991 4.9999999999999982 7.0000000000000018 5.0000000000000089 4.9999999999999991 8.9999999999999982 6.9999999999999991 4.9999999999999991 5 8.9999999999999982 7 7 5.9999999999999991 5
leaf_count=6 6 6 5 5 5 7 5 5 9 7 5 5 9 7 7 6 5
internal_value=1.00956 24.1587 -1.82503 -0.482111 -2.24715 -1.69131 -0.873101 0.148873 -0.646763 0.704691 -1.21403 -6.58271 -3.64788 -2.33605 -4.17486 -0.00138543 -1.15185
internal_weight=110 12 98 93 88 78 55 42 37 28 21 10 23 14 13 16 10
internal_count=110 12 98 93 88 78 55 42 37 28 21 10 23 14 13 16 10
is_linear=0
shrinkage=0.05


Tree=98
num_leaves=19
num_cat=0
split_feature=0 6 6 0 1 1 1 0 1 1 2 6 2 3 5 3 1 2
split_gain=2.66985e+06 4.10774e+06 3.23051e+06 1.94161e+06 2.07623e+06 106772 90219.4 32851.1 39862.6 38288.8 49957.9 35092.1 14576.1 29597.7 11807.6 12592.9 9012.19 3574.96
threshold=70868.500000000015 10.737411773725453 9.4306243500006861 62016 31062.671928726599 17549.64770584663 15719.604082849797 45841.500000000007 10621.309512456515 6093.7564319131534 0.43149840856083482 10.631232603955729 0.2994101109548431 2.5000000000000004 0.47093532015918654 3.5000000000000004 24205.677865591173 0.23674119032890859
decision_type=2 2 2 2 2 2 2 2 2 2 2 2 2 2 2 2 2 2
left_child=3 2 -2 4 5 6 7 8 9 12 11 -11 13 -1 15 -15 -7 -17
right_child=1 -3 -4 -5 -6 16 -8 -9 -10 10 -12 -13 -14 14 -16 17 -18 -19
leaf_value=-7.0124941062927197 10.645447769165042 -16.440760498046878 67.483005981445302 -32.462886047363284 30.860633392333984 -5.645354080200196 4.8424453735351562 0.90574759244918823 -5.5753658718532995 4.7121645444631541 -4.4687178039550783 -0.51218704117669001 -1.1145814657211304 -4.1498299980163518 -4.8529063034057618 -0.13611913681030277 -8.6473855590820303 -1.9463810443878171
leaf_weight=5.0000000000000027 4.9999999999999982 4.9999999999999991 5 4.9999999999999991 4.9999999999999991 4.9999999999999982 4.9999999999999991 7.9999999999999991 8.9999999999999982 5.0000000000000027 4.9999999999999991 8.9999999999999982 7.9999999999999991 5.0000000000000062 4.9999999999999991 4.9999999999999982 5 6
leaf_count=5 5 5 5 5 5 5 5 8 9 5 5 9 8 5 5 5 5 6
internal_value=0.959084 20.5626 39.0642 -2.1362 -0.451386 -2.29327 -1.64619 -2.10966 -2.49875 -1.9763 -0.17855 1.35365 -2.98093 -3.55519 -2.73203 -2.06925 -7.14637 -1.12353
internal_weight=110 15 10 95 90 85 75 70 62 53 19 14 34 26 21 16 10 11
internal_count=110 15 10 95 90 85 75 70 62 53 19 14 34 26 21 16 10 11
is_linear=0
shrinkage=0.05


Tree=99
num_leaves=19
num_cat=0
split_feature=0 6 7 0 1 1 1 0 1 1 2 7 2 3 5 3 1 1
split_gain=2.40954e+06 3.70723e+06 2.91553e+06 1.7523e+06 1.8738e+06 96361.5 81423 29648.1 35976 34555.6 45087 31670.6 13154.9 26711.9 10656.3 11365.1 8133.5 3265.89
threshold=70868.500000000015 10.737411773725453 0.17020059730283604 62016 31062.671928726599 17549.64770584663 15719.604082849797 45841.500000000007 10621.309512456515 6093.7564319131534 0.43149840856083482 0.11928437684421113 0.2994101109548431 2.5000000000000004 0.47093532015918654 3.5000000000000004 24205.677865591173 5166.7437459527355
decision_type=2 2 2 2 2 2 2 2 2 2 2 2 2 2 2 2 2 2
left_child=3 2 -2 4 5 6 7 8 9 12 11 -11 13 -1 15 -15 -7 -17
right_child=1 -3 -4 -5 -6 16 -8 -9 -10 10 -12 -13 -14 14 -16 17 -18 -19
leaf_value=-6.6618694877624467 64.108855590820326 -15.618721618652344 10.113176040649414 -30.839742126464841 29.317601318359376 -5.363086318969728 4.6003231048583988 0.86046026349067695 -5.2965974171956383 -0.48657758500840914 -4.2452819824218748 4.4765564966201783 -1.0588523507118226 -3.9423385906219433 -4.6102608680725101 -0.12359064102172855 -8.2150160121917715 -1.8538307507832845
leaf_weight=5.0000000000000027 4.9999999999999982 4.9999999999999991 5 4.9999999999999991 4.9999999999999991 4.9999999999999982 4.9999999999999991 7.9999999999999991 8.9999999999999982 9.0000000000000018 4.9999999999999991 4.9999999999999991 7.9999999999999991 5.0000000000000062 4.9999999999999991 4.9999999999999982 5 6
leaf_count=5 5 5 5 5 5 5 5 8 9 9 5 5 8 5 5 5 5 6
internal_value=0.91113 19.5344 37.111 -2.02939 -0.428817 -2.17861 -1.56388 -2.00418 -2.37381 -1.87749 -0.169622 1.28597 -2.83189 -3.37743 -2.59543 -1.96579 -6.78905 -1.06736
internal_weight=110 15 10 95 90 85 75 70 62 53 19 14 34 26 21 16 10 11
internal_count=110 15 10 95 90 85 75 70 62 53 19 14 34 26 21 16 10 11
is_linear=0
shrinkage=0.05


Tree=100
num_leaves=19
num_cat=0
split_feature=0 1 0 1 6 6 1 0 0 0 7 4 1 1 7 6 3 6
split_gain=3.52182e+06 4.77032e+06 1.18223e+06 1.33528e+06 47116.3 145148 116075 23969.9 67217.2 31466.3 36470.4 33546.9 24974.9 23604.3 23436.5 15662.8 10493.7 3208.84
threshold=77954.999999999985 52757.674236056024 66429.000000000015 31062.671928726599 5.7811278719123775 8.3629238554085266 15719.604082849797 45841.500000000007 35195 24627.000000000004 0.090753606681850285 2.6767405536233917 6093.7564319131534 13301.812676166339 0.13023781247678756 13.8610787059551 1.5000000000000002 15.389639996462732
decision_type=2 2 2 2 2 2 2 2 2 2 2 2 2 2 2 2 2 2
left_child=2 -2 3 4 -1 6 -6 8 9 11 -11 12 15 -9 -12 -7 -13 -18
right_child=1 -3 -4 -5 5 7 -8 13 -10 10 14 16 -14 -15 -16 -17 17 -19
leaf_value=-5.4897131707933218 -2.2286095301310227 63.89849792480468 -23.520657857259117 24.512681427001954 -1.9753762435913089 -2.0529241834368017 8.3397614280382779 2.1314414882659913 -7.9559607664744068 1.8334603250026698 -5.1164085769653331 -3.4427914428710951 -7.7856301498413094 -2.7269877624511718 -0.2752781295776367 -5.7169769287109373 -1.5330563354492186 0.25826843261718746
leaf_weight=8.9999999999999982 5.9999999999999982 5 5.9999999999999991 4.9999999999999991 4.9999999999999982 7.0000000000000018 6 4.9999999999999982 5.9999999999999991 8.0000000000000018 4.9999999999999982 4.9999999999999973 4.9999999999999991 5 5 5 5 5
leaf_count=9 6 5 6 5 5 7 6 5 6 8 5 5 5 5 5 5 5 5
internal_value=1.01703 27.8292 -2.02352 -0.606132 -2.06653 -1.66642 3.65106 -2.55266 -2.95532 -2.35524 -0.682819 -3.29598 -4.81668 -0.297773 -2.69584 -3.57961 -1.57253 -0.637394
internal_weight=108 11 97 91 86 77 11 66 56 50 18 32 17 10 10 12 15 10
internal_count=108 11 97 91 86 77 11 66 56 50 18 32 17 10 10 12 15 10
is_linear=0
shrinkage=0.05


Tree=101
num_leaves=17
num_cat=0
split_feature=0 1 0 1 6 6 1 0 0 1 1 6 3 0 5 1
split_gain=3.17845e+06 4.30521e+06 1.06696e+06 1.20509e+06 42522.5 130996 104758 21632.8 60663.5 31315 21302.9 13441.9 9585.35 8407.14 8091.36 5564.3
threshold=77954.999999999985 52757.674236056024 66429.000000000015 31062.671928726599 5.7811278719123775 8.3629238554085266 15719.604082849797 45841.500000000007 35195 9024.029416178264 13301.812676166339 9.8202207392153866 3.5000000000000004 20369.499999999996 0.31286958373127377 5746.7049674573136
decision_type=2 2 2 2 2 2 2 2 2 2 2 2 2 2 2 2
left_child=2 -2 3 4 -1 6 -6 8 9 11 -9 -7 14 -14 -13 -16
right_child=1 -3 -4 -5 5 7 -8 10 -10 -11 -12 12 13 -15 15 -17
leaf_value=-5.2152276568942604 -2.1171778996785484 60.70357177734374 -22.34462610880534 23.287047119140624 -1.8766072082519536 -5.2530052089691166 7.9227729161580402 2.0248693847656254 -7.5581626256306969 0.4332604090372722 -2.5906383132934567 -1.6240626970926912 -2.4874911202324763 -0.071235458056132003 -4.5829024526808002 -2.6171716610590621
leaf_weight=8.9999999999999982 5.9999999999999982 5 5.9999999999999991 4.9999999999999991 4.9999999999999982 4.9999999999999991 6 4.9999999999999982 5.9999999999999991 8.9999999999999982 5 6.0000000000000027 8.9999999999999982 5.9999999999999991 8.9999999999999982 5.9999999999999991
leaf_count=9 6 5 6 5 5 5 6 5 6 9 5 6 9 6 9 6
internal_value=0.966176 26.4377 -1.92235 -0.575825 -1.9632 -1.58309 3.46851 -2.42503 -2.80755 -2.23748 -0.282884 -2.82374 -2.48634 -1.52099 -3.17588 -3.79661
internal_weight=108 11 97 91 86 77 11 66 56 50 10 41 36 15 21 15
internal_count=108 11 97 91 86 77 11 66 56 50 10 41 36 15 21 15
is_linear=0
shrinkage=0.05


Tree=102
num_leaves=17
num_cat=0
split_feature=0 6 0 2 2 2 2 6 2 0 1 0 4 5 6 1
split_gain=2.90182e+06 4.40999e+06 1.49262e+06 1.10798e+06 44739.3 254726 81074.9 75490.4 54014.7 99076.7 53712.6 12392 8654.12 13108.3 7490.27 7345.16
threshold=70868.500000000015 10.737411773725453 62016 0.75904576824017289 0.51592895015361084 0.41711654529755943 0.30882258029930471 10.631232603955729 0.2566042183329999 35195 7387.5125544820748 20969.499999999993 2.7451911326668745 0.47093532015918654 10.883215456439848 5451.4444842065941
decision_type=2 2 2 2 2 2 2 2 2 2 2 2 2 2 2 2
left_child=2 -2 3 4 5 6 8 -8 10 11 12 -10 13 15 -12 -1
right_child=1 -3 -4 -5 -6 -7 7 -9 9 -11 14 -13 -14 -15 -16 -17
leaf_value=0.26725606918334938 43.071367560492625 -15.494780578613282 -26.374526468912762 22.258603668212892 1.3517402331034343 -12.257509422302247 6.0791619300842292 -1.1612726105584039 -0.68098980585734026 -10.665058479309081 3.1506362915039072 -3.8945031007130937 -3.7834319326612689 -4.0169075775146483 0.41379996299743649 -2.2068029562632243
leaf_weight=6.0000000000000053 8.9999999999999982 4.9999999999999991 5.9999999999999991 4.9999999999999991 8.9999999999999982 5.9999999999999991 5.9999999999999991 8.9999999999999982 6.0000000000000018 4.9999999999999991 4.9999999999999982 6 8.9999999999999982 4.9999999999999991 5 6
leaf_count=6 9 5 6 5 9 6 6 9 6 5 5 6 9 5 5 6
internal_value=0.917867 22.1549 -2.24509 -0.599905 -1.97692 -2.38176 -1.51037 1.7349 -2.42884 -4.75166 -1.33196 -2.28775 -2.52972 -1.86599 1.78222 -0.969773
internal_weight=108 14 94 88 83 74 68 15 53 17 36 12 26 17 10 12
internal_count=108 14 94 88 83 74 68 15 53 17 36 12 26 17 10 12
is_linear=0
shrinkage=0.05


Tree=103
num_leaves=18
num_cat=0
split_feature=4 4 1 1 7 6 6 4 2 1 6 6 2 1 4 6 1
split_gain=1.86263e+06 1.73255e+06 2.96997e+06 1.6702e+06 1.29454e+06 1.69514e+06 57527.1 361011 71175.2 69100.3 34472.6 77066.5 44140 29460.6 19355.1 18953.3 5428.67
threshold=1.8899163912421544 2.1883376604767633 12221.392818450666 24205.677865591173 0.11342507648198333 8.0258522432096608 10.737411773725453 2.5278384386296175 0.2566042183329999 17549.64770584663 13.491940612647864 11.998065177793462 0.28437702154139949 7387.5125544820748 2.0660216113510246 16.260692376199078 4405.9086795478224
decision_type=2 2 2 2 2 2 2 2 2 2 2 2 2 2 2 2 2
left_child=-1 2 14 6 -5 -6 7 8 -3 10 11 -8 15 -13 -2 16 -12
right_child=1 3 -4 4 5 -7 9 -9 -10 -11 12 13 -14 -15 -16 -17 -18
leaf_value=27.945587571461996 -2.1335840088980529 -0.35055528640747058 -43.520443852742517 -2.4273268290928423 9.9687044143676786 47.080734405517575 -5.3112404966354374 8.8054738283157352 -8.1612759181431365 -8.1899038696289068 -1.5913377761840806 -0.65925336837768578 -6.4979539871215826 4.5374353567759185 1.9395109176635739 -4.2900635337829591 0.63941936492919915
leaf_weight=5.9999999999999991 7.0000000000000018 5.0000000000000018 5.9999999999999991 7.0000000000000027 7.9999999999999982 5 4.9999999999999991 7.9999999999999991 7 4.9999999999999991 6.0000000000000053 4.9999999999999982 6.9999999999999991 6 5 4.9999999999999991 5
leaf_count=6 7 5 6 7 8 5 5 8 7 5 6 5 7 6 5 5 5
internal_value=0.871973 -0.720592 -14.7978 2.29595 14.9081 24.2426 -1.64535 0.578104 -4.90681 -2.65601 -1.94653 -0.164241 -3.18639 2.1753 -0.436461 -1.73758 -0.577357
internal_weight=108 102 18 84 20 13 64 20 12 44 39 16 23 11 12 16 11
internal_count=108 102 18 84 20 13 64 20 12 44 39 16 23 11 12 16 11
is_linear=0
shrinkage=0.05


Tree=104
num_leaves=19
num_cat=0
split_feature=0 1 0 1 2 2 0 1 2 6 0 0 3 6 6 7 4 1
split_gain=2.53546e+06 3.57521e+06 972096 970715 94067.7 193717 139906 56561.2 118505 71776 33998.3 91275 12340.4 9716.75 11097.3 7060.57 7675.72 6142.19
threshold=77954.999999999985 52757.674236056024 66429.000000000015 31062.671928726599 0.51592895015361084 0.41711654529755943 28397.000000000015 16516.706392829426 0.3433574889033712 7.1676944068471782 45841.500000000007 35195 5.5000000000000009 13.043294761977926 14.205942578101139 0.046060019652292908 2.934351799697287 5657.3230438461069
decision_type=2 2 2 2 2 2 2 2 2 2 2 2 2 2 2 2 2 2
left_child=2 -2 3 4 5 7 -6 8 9 -1 11 12 13 17 -15 16 -16 -11
right_child=1 -3 -4 -5 6 -7 -8 -9 -10 10 -12 -13 -14 14 15 -17 -18 -19
leaf_value=3.9363374519348144 -2.4435260772705085 54.804002227783194 -21.244713465372723 20.950820617675785 -3.5705434799194347 -10.962001927693684 7.7540904045104968 -6.2340967814127604 6.2322040557861333 -4.4496681630611432 1.2137970447540285 -9.1691109371185302 0.07660322189331055 0.35330354690551735 -0.088572425842285113 -3.5442801032747542 -2.8590821838378901 -2.3550845418657573
leaf_weight=4.9999999999999991 5.9999999999999982 5 5.9999999999999991 4.9999999999999991 4.9999999999999982 5.9999999999999991 6 5.9999999999999991 4.9999999999999991 6.9999999999999982 5.9999999999999991 4.9999999999999991 5.9999999999999991 5.0000000000000027 5.0000000000000018 6.9999999999999991 5 7
leaf_count=5 6 5 6 5 5 6 6 6 5 7 6 5 6 5 5 7 5 7
internal_value=0.828375 23.5781 -1.75149 -0.466221 -1.7114 -2.34469 2.60653 -1.59536 -1.15358 -1.79028 -2.33053 -2.783 -2.02275 -2.37264 -1.71735 -2.32637 -1.47383 -3.40238
internal_weight=108 11 97 91 86 75 11 69 63 58 53 47 42 36 22 17 10 14
internal_count=108 11 97 91 86 75 11 69 63 58 53 47 42 36 22 17 10 14
is_linear=0
shrinkage=0.05


Tree=105
num_leaves=18
num_cat=0
split_feature=6 1 1 4 1 5 1 1 4 2 6 1 5 2 1 5 4
split_gain=1.79191e+06 7.11367e+06 6.19411e+06 321632 820258 303635 342987 114039 57377.6 56129.6 40036.9 31745.4 24783.5 30950.5 23134.3 12614.1 6090.63
threshold=10.191971975417099 39566.250451175925 52757.674236056024 2.8480664780767246 18300.224719541544 0.39559492442219535 17549.64770584663 16516.706392829426 2.6969315988360472 0.32534461537208209 15.008018257059971 10621.309512456515 0.42201395357088417 0.2079265850607315 6411.94674379548 0.44412785151983714 2.0660216113510246
decision_type=2 2 2 2 2 2 2 2 2 2 2 2 2 2 2 2 2
left_child=2 3 5 7 10 -1 9 8 12 11 -5 14 13 -2 -7 -14 -11
right_child=1 -3 -4 4 -6 6 -8 -9 -10 16 -12 -13 15 -15 -16 -17 -18
leaf_value=8.0234933853149411 -2.2142318725585923 56.93832677205404 -60.353326263427732 1.740875397125879 20.451410865783693 -2.9429647490382171 -13.28323484148298 -9.8986435699462891 -5.5142372190952305 3.3283320426940928 -3.5320162455240887 -5.9634869003295901 -3.8979604244232187 2.8004729151725769 1.3925404882431032 -0.77371365683419357 0.86041139602661121
leaf_weight=6.9999999999999991 5.0000000000000027 5.9999999999999991 4.9999999999999991 6.0000000000000027 5.9999999999999991 8.0000000000000053 6.9999999999999991 4.9999999999999991 7.9999999999999991 4.9999999999999982 8.9999999999999982 4.9999999999999991 5.9999999999999982 7.9999999999999991 4.9999999999999991 7 5
leaf_count=7 5 6 5 6 6 8 7 5 8 5 9 5 6 8 5 7 5
internal_value=-0.284268 5.02905 -7.74552 -0.161878 4.82693 -1.48269 -3.38393 -2.84816 -1.81132 -0.909098 -1.42286 -2.57769 -0.671967 0.87174 -1.27546 -2.21567 2.09437
internal_weight=113 66 47 60 21 42 35 39 34 28 15 18 26 13 13 13 10
internal_count=113 66 47 60 21 42 35 39 34 28 15 18 26 13 13 13 10
is_linear=0
shrinkage=0.05


Tree=106
num_leaves=18
num_cat=0
split_feature=6 1 1 0 4 0 1 2 1 0 6 7 4 6 2 1 2
split_gain=1.6172e+06 6.42009e+06 5.59018e+06 458554 274030 314955 97573.7 31035.2 52492 24007.6 23117.9 30596.4 22690.6 21278.2 16378.6 9701.25 9078.39
threshold=10.191971975417099 39566.250451175925 52757.674236056024 66429.000000000015 2.5278384386296175 46235.500000000007 12221.392818450666 0.51592895015361084 12221.392818450666 24627.000000000004 11.642466352918628 0.07366083498123159 2.3696226992571545 13.491940612647864 0.2566042183329999 3269.5990641405679 0.15663603931434891
decision_type=2 2 2 2 2 2 2 2 2 2 2 2 2 2 2 2 2
left_child=2 3 4 7 5 6 9 8 10 -1 12 13 -2 -12 -11 16 -15
right_child=1 -3 -4 -5 -6 -7 -8 -9 -10 14 11 -13 -14 15 -16 -17 -18
leaf_value=-4.2234852910041774 -2.0706478881835944 54.091412353515629 -57.335660858154306 14.343471832275391 7.6223190035138817 -11.276414129469131 5.1681367556254072 1.6384757859366283 -6.7742069244384773 1.1598257660865785 1.5374832153320293 -5.6647670173645022 2.3394614764622275 -3.0401965522766092 -2.5346122026443481 -3.6116799133164541 -0.38294768863254125
leaf_weight=8.0000000000000053 4.9999999999999982 5.9999999999999991 4.9999999999999991 4.9999999999999991 6.9999999999999991 8.9999999999999982 5.9999999999999991 6.9999999999999991 4.9999999999999991 5.9999999999999982 5.0000000000000062 4.9999999999999991 7 5.0000000000000027 6 6.9999999999999991 8.9999999999999982
leaf_count=8 5 6 5 5 7 9 6 7 5 6 5 5 7 5 6 7 9
internal_value=-0.270054 4.7776 -7.35825 -0.153784 -1.40855 -3.21473 -0.424145 -1.47172 -1.92529 -2.10183 -1.36146 -2.08276 0.501916 -1.39392 -0.687393 -2.09187 -1.33197
internal_weight=113 66 47 60 42 35 26 55 48 20 43 31 12 26 12 21 14
internal_count=113 66 47 60 42 35 26 55 48 20 43 31 12 26 12 21 14
is_linear=0
shrinkage=0.05


Tree=107
num_leaves=19
num_cat=0
split_feature=6 1 1 0 4 0 1 4 0 5 6 2 0 2 0 5 2 0
split_gain=1.45952e+06 5.79413e+06 5.04514e+06 413845 247312 284247 88060.2 28963.8 35105.6 33179.2 35666.1 27147.9 21666.8 21561.9 20691.2 36916.6 14781.7 13510.5
threshold=10.191971975417099 39566.250451175925 52757.674236056024 66429.000000000015 2.5278384386296175 46235.500000000007 12221.392818450666 2.6969315988360472 28397.000000000015 0.35922375171208942 12.796655641163168 0.3433574889033712 24627.000000000004 0.24878814255985207 19519.500000000011 0.42201395357088417 0.2566042183329999 11010.999999999998
decision_type=2 2 2 2 2 2 2 2 2 2 2 2 2 2 2 2 2 2
left_child=2 3 4 7 5 6 12 8 14 10 -9 17 -1 -10 15 -2 -14 -12
right_child=1 -3 -4 -5 -6 -7 -8 9 13 -11 11 -13 16 -15 -16 -17 -18 -19
leaf_value=-4.0123109817504847 2.5509372615814176 51.386839294433599 -54.468877487182617 13.626297454833987 7.2412031991141177 -10.71259338590834 4.909729679425558 2.0255427646636934 -0.95747951507568363 -5.8709637006123865 -3.1843973541259771 -5.8588694000244139 1.1018344084421796 3.2280992507934574 -4.201060358683268 -3.5249691390991202 -2.4078816205263136 0.4912691503763198
leaf_weight=8.0000000000000053 5.0000000000000053 5.9999999999999991 4.9999999999999991 4.9999999999999991 6.9999999999999991 8.9999999999999982 5.9999999999999991 5.0000000000000062 4.9999999999999991 5.9999999999999991 4.9999999999999982 4.9999999999999991 5.9999999999999982 7.9999999999999991 5.9999999999999991 5 6 5
leaf_count=8 5 6 5 5 7 9 6 5 5 6 5 5 6 8 6 5 6 5
internal_value=-0.256552 4.53872 -6.99033 -0.146095 -1.33813 -3.05399 -0.402938 -1.39813 -0.311694 -2.60993 -1.63161 -2.85067 -1.99674 1.61826 -1.87978 -0.487016 -0.653024 -1.34656
internal_weight=113 66 47 60 42 35 26 55 29 26 20 15 20 13 16 10 12 10
internal_count=113 66 47 60 42 35 26 55 29 26 20 15 20 13 16 10 12 10
is_linear=0
shrinkage=0.05


Tree=108
num_leaves=18
num_cat=0
split_feature=6 6 1 0 1 4 1 0 0 4 1 0 2 5 2 5 0
split_gain=1.31722e+06 5.47124e+06 4.55324e+06 670528 810528 223200 259965 56962.1 137903 43707 75723 53799.7 37846.1 27214.1 20486.8 19510.5 14168
threshold=10.191971975417099 10.737411773725453 52757.674236056024 70868.500000000015 24205.677865591173 2.5278384386296175 17549.64770584663 29848.500000000004 43685.500000000007 2.6969315988360472 10621.309512456515 28397.000000000015 0.24878814255985207 0.35114664584695249 0.45754712422382926 0.39439240646744306 11010.999999999998
decision_type=2 2 2 2 2 2 2 2 2 2 2 2 2 2 2 2 2
left_child=2 -2 5 4 9 6 7 14 -9 11 13 15 -13 16 -1 -3 -11
right_child=1 3 -4 -5 -6 -7 -8 8 -10 10 -12 12 -14 -15 -16 -17 -18
leaf_value=-1.5762731154759719 40.540854093763564 0.0021396255493164049 -51.745432586669928 -18.89730194091797 19.411880588531496 6.8791431971958703 -11.519622956003461 5.2072518070538845 -5.1492993354797365 -2.1518366813659648 -8.7639897060394301 -0.90960563659667992 4.980408350626627 -4.5579675356547034 -5.5680397415161131 -3.979351091384888 1.2842440843582152
leaf_weight=9.0000000000000018 8.9999999999999982 5.0000000000000027 4.9999999999999991 4.9999999999999991 4.9999999999999991 6.9999999999999991 6.9999999999999991 8.9999999999999982 4.9999999999999991 6.0000000000000053 4.9999999999999991 4.9999999999999982 6 5.9999999999999991 4.9999999999999991 7.9999999999999991 6
leaf_count=9 9 5 5 5 5 7 7 9 5 6 5 5 6 6 5 8 6
internal_value=-0.243724 4.31178 -6.64082 -1.4086 0.273008 -1.27122 -2.90129 -0.74671 1.50848 -1.76304 -3.32058 -0.270404 2.30313 -1.80852 -3.0019 -2.44801 -0.433796
internal_weight=113 66 47 57 52 42 35 28 14 47 23 24 11 18 14 13 12
internal_count=113 66 47 57 52 42 35 28 14 47 23 24 11 18 14 13 12
is_linear=0
shrinkage=0.05


Tree=109
num_leaves=19
num_cat=0
split_feature=0 6 7 0 2 1 1 4 4 0 6 2 4 6 5 5 0 2
split_gain=1.30059e+06 2.96389e+06 1.90018e+06 1.83926e+06 164270 96240.8 92513.2 23487.4 43478.8 19732 22698.9 28985.1 30307.5 33073.3 24751.1 21895.5 12070 6771.47
threshold=70868.500000000015 10.737411773725453 0.17020059730283604 62016 0.75904576824017289 29628.349800647582 15719.604082849797 1.9905416946811754 2.1883376604767633 45841.500000000007 10.485838715812053 0.35245113372703452 2.6969315988360472 13.8610787059551 0.39292474761446045 0.41243257855243948 24627.000000000004 0.2079265850607315
decision_type=2 2 2 2 2 2 2 2 2 2 2 2 2 2 2 2 2 2
left_child=3 2 -2 4 5 6 7 16 -9 10 15 12 14 -14 -12 -10 -1 -15
right_child=1 -3 -4 -5 -6 -7 -8 8 9 -11 11 -13 13 17 -16 -17 -18 -19
leaf_value=-5.3652458190917978 50.990917358398448 -17.952436523437502 7.3998710632324212 -31.871795558929445 8.0739498043060305 -7.9797321128845216 3.9496421813964844 2.3971986174583435 -6.3473265838623059 0.93211432184491838 1.8536006927490225 1.8643216768900555 -6.8178612518310544 -3.0459058125813812 -2.2175652444362641 -1.867275603612264 -2.0389601945877072 -0.5544838762283324
leaf_weight=4.9999999999999982 4.9999999999999982 4.9999999999999991 5 4.9999999999999991 4.9999999999999991 4.9999999999999991 8.9999999999999982 7.9999999999999991 4.9999999999999982 6.9999999999999991 7.0000000000000027 5.9999999999999991 4.9999999999999991 5.9999999999999982 7.9999999999999991 6 6 5
leaf_count=5 5 5 5 5 5 5 9 8 5 7 7 6 5 6 8 6 6 5
internal_value=-0.231538 13.4795 29.1954 -2.33016 -0.741899 -1.2428 -0.83696 -1.41911 -1.0469 -1.54786 -1.90952 -1.31666 -1.93234 -3.44607 -0.317688 -3.90366 -3.55091 -1.91344
internal_weight=113 15 10 98 93 88 83 74 63 55 48 37 31 16 15 11 11 11
internal_count=113 15 10 98 93 88 83 74 63 55 48 37 31 16 15 11 11 11
is_linear=0
shrinkage=0.05


Tree=110
num_leaves=17
num_cat=0
split_feature=4 4 1 1 0 5 1 1 6 5 4 4 6 6 1 3
split_gain=1.43796e+06 1.51802e+06 3.3841e+06 1.51135e+06 121274 391822 172975 39432.3 21348.1 12085.3 11863.3 29797.4 19060.6 18810.2 11417.8 5903.39
threshold=1.8899163912421544 2.1883376604767633 12221.392818450666 39566.250451175925 54773.500000000007 0.38509189123784332 22348.395371591363 15719.604082849797 10.485838715812053 0.41781195714099434 2.8480664780767246 2.7451911326668745 13.8610787059551 15.008018257059971 6411.94674379548 5.5000000000000009
decision_type=2 2 2 2 2 2 2 2 2 2 2 2 2 2 2 2
left_child=-1 2 15 4 6 -6 7 8 9 -3 11 12 14 -12 -10 -2
right_child=1 3 -4 -5 5 -7 -8 -9 10 -11 13 -13 -14 -15 -16 -17
leaf_value=20.660304680466652 -1.245109422206879 -5.2687322998046895 -49.586388549804695 20.687395191192628 12.446202516555788 -6.5055847167968741 -9.9333226441095288 2.8260445912679035 -1.1527951717376697 -1.7923427581787106 2.710502834320069 -5.0124724578857425 -2.5886309557490881 -1.3048457009451728 1.612322986125946 1.0811411023139952
leaf_weight=7.9999999999999991 4.9999999999999982 4.9999999999999982 4.9999999999999991 8.9999999999999982 5.9999999999999982 5 5.9999999999999991 5.9999999999999991 7.0000000000000062 5 4.9999999999999982 4.9999999999999991 8.9999999999999982 7 7.9999999999999991 6
leaf_count=8 5 5 5 9 6 5 6 6 7 5 5 5 9 7 8 6
internal_value=0.269964 -1.37774 -15.4794 1.34066 -1.01233 3.83175 -1.85812 -1.0081 -1.45917 -3.53054 -0.953962 -1.50107 -0.769528 0.368216 0.321935 0.0237545
internal_weight=107 99 16 83 74 11 63 57 51 10 41 29 24 12 15 11
internal_count=107 99 16 83 74 11 63 57 51 10 41 29 24 12 15 11
is_linear=0
shrinkage=0.05


Tree=111
num_leaves=17
num_cat=0
split_feature=5 2 1 5 0 2 5 5 6 1 2 6 2 0 5 0
split_gain=1.29776e+06 3.76765e+06 2.17998e+06 97527.6 240968 166964 308374 356002 111495 245867 23742 17166.4 23970.7 18777.2 12556.1 4827.94
threshold=0.52913203615314297 0.90942970609434792 39566.250451175925 0.43118641632164573 33369.000000000007 0.40053970387469134 0.34079229426713314 0.40949729383885825 10.485838715812053 17549.64770584663 0.41711654529755943 15.389639996462732 0.28437702154139949 33369.000000000007 0.48402602529779554 23817.000000000018
decision_type=2 2 2 2 2 2 2 2 2 2 2 2 2 2 2 2
left_child=1 2 3 5 10 8 -7 -8 -1 11 14 12 13 15 -5 -10
right_child=-2 -3 -4 4 -6 6 7 -9 9 -11 -12 -13 -14 -15 -16 -17
leaf_value=3.7550860792398453 19.627290278673172 -43.601663970947271 27.784524586796763 1.2241861752101344 -13.673117332458498 -5.7017370605468756 18.940187683105474 0.072177658081054683 -1.3767251849174487 -13.077254180908206 -4.0324744542439781 0.82298904657363892 -4.9369626331329348 0.64159255822499595 -1.7705850677830832 -3.3825365702311196
leaf_weight=7.9999999999999991 7.9999999999999991 4.9999999999999991 6.9999999999999991 7.0000000000000053 4.9999999999999991 4.9999999999999991 4.9999999999999982 5 6.0000000000000053 4.9999999999999991 5.9999999999999991 7.9999999999999991 4.9999999999999991 8.9999999999999982 7 6
leaf_count=8 8 5 7 7 5 5 5 5 6 5 6 8 5 9 7 6
internal_value=0.256466 -1.30885 0.940765 -1.21908 -3.85541 -0.156042 4.43688 9.50618 -1.62187 -2.72483 -1.40098 -1.20242 -1.82562 -1.08482 -0.273199 -2.37963
internal_weight=107 99 94 87 25 62 15 10 47 39 20 34 26 21 14 12
internal_count=107 99 94 87 25 62 15 10 47 39 20 34 26 21 14 12
is_linear=0
shrinkage=0.05


Tree=112
num_leaves=16
num_cat=0
split_feature=1 7 2 2 1 4 2 2 5 1 2 1 6 2 1
split_gain=1.17246e+06 4.93646e+06 299084 201485 435447 239174 89493.7 50828.2 59707.1 49038.4 17745.6 16980.8 11860.5 11701.8 9056.33
threshold=39566.250451175925 0.15165859421828662 0.63546820154915784 0.38140948671013492 18300.224719541544 2.4420260066434127 0.45754712422382926 0.30882258029930471 0.40469831891852054 11399.273390776547 0.28437702154139949 8017.8764203639594 12.204789657770361 0.1816627865598146 5657.3230438461069
decision_type=2 2 2 2 2 2 2 2 2 2 2 2 2 2 2
left_child=2 -2 3 4 7 6 -5 9 -9 10 11 12 14 -14 -1
right_child=1 -3 -4 5 -6 -7 -8 8 -10 -11 -12 -13 13 -15 -16
leaf_value=-3.3619018806351555 46.282410430908214 -20.98639070510864 -12.336823781331381 3.3781181744166768 -16.419595794677736 9.5595483991834858 -4.3632509827613832 6.0516336441040055 -1.6754003906249999 -6.4131217670440677 -3.7349235852559413 1.2414736032485962 -1.8211968481540675 0.80698325335979471 -0.85409081677595777
leaf_weight=8.9999999999999982 5.9999999999999982 5 5.9999999999999991 7.0000000000000027 4.9999999999999991 8.9999999999999982 7.9999999999999991 4.9999999999999982 5 4.9999999999999991 5.9999999999999991 7.9999999999999991 8.0000000000000018 8.9999999999999982 5.9999999999999991
leaf_count=9 6 5 6 7 5 9 8 5 5 5 6 8 8 9 6
internal_value=0.243643 15.7057 -1.52805 -0.807465 -2.23407 3.1157 -0.750612 -1.07132 2.18812 -1.71043 -1.19926 -0.818915 -1.33401 -0.429807 -2.35878
internal_weight=107 11 96 90 66 24 15 61 10 51 46 40 32 17 15
internal_count=107 11 96 90 66 24 15 61 10 51 46 40 32 17 15
is_linear=0
shrinkage=0.05


Tree=113
num_leaves=18
num_cat=0
split_feature=4 2 1 4 1 2 4 6 1 1 2 4 4 2 7 6 4
split_gain=1.16484e+06 3.47877e+06 1.9049e+06 82787.3 166317 146470 332406 119372 400903 101212 19974.5 17493.9 20369.9 11795.7 20520 9228.24 8292.66
threshold=1.8899163912421544 0.90942970609434792 39566.250451175925 2.3696226992571545 13956.18840917876 0.40053970387469134 2.934351799697287 11.642466352918628 9442.0625753316071 15719.604082849797 0.41711654529755943 2.2516050081241255 2.0660216113510246 0.2079265850607315 0.04970776372884636 10.485838715812053 2.7451911326668745
decision_type=2 2 2 2 2 2 2 2 2 2 2 2 2 2 2 2 2
left_child=-1 2 3 4 10 7 -7 9 13 15 11 12 -2 16 -15 -5 -9
right_child=1 -3 -4 5 -6 6 -8 8 -10 -11 -12 -13 -14 14 -16 -17 -18
leaf_value=18.583460311591626 -1.5947141987936817 -41.890630493164068 26.003143743106296 -2.1499046039581304 -11.585932235717774 10.977396619319919 -5.4567001152038568 -0.17999213218688945 -16.114188308715821 8.0815590667724617 -4.060224485397339 -3.242423725128174 2.3754779179890946 2.9514256286621094 -1.1317671291530134 0.88789730072021467 -2.8460738727024619
leaf_weight=7.9999999999999991 7.0000000000000089 4.9999999999999991 6.9999999999999991 4.9999999999999982 4.9999999999999991 7.9999999999999982 5 5.0000000000000053 4.9999999999999991 4.9999999999999991 5.9999999999999991 4.9999999999999991 6 4.9999999999999991 7.9999999999999991 5 7
leaf_count=8 7 5 7 5 5 8 5 5 5 5 6 5 6 5 8 5 7
internal_value=0.231461 -1.25153 0.910125 -1.10885 -3.29011 -0.0182241 4.65659 -1.36873 -3.18968 2.27318 -1.56182 -0.729014 0.237682 -0.604779 0.438692 -0.631004 -1.73521
internal_weight=107 99 94 87 29 58 13 45 30 15 24 18 13 25 13 10 12
internal_count=107 99 94 87 29 58 13 45 30 15 24 18 13 25 13 10 12
is_linear=0
shrinkage=0.05


Tree=114
num_leaves=17
num_cat=0
split_feature=4 2 2 0 1 0 0 2 1 2 7 0 3 5 5 0
split_gain=1.05127e+06 3.13959e+06 1.75666e+06 533856 302965 32748.4 70509.3 31319 83123.7 10755.6 24112 14045.7 16050.1 13463 11828.5 10962.2
threshold=1.8899163912421544 0.90942970609434792 0.63546820154915784 70868.500000000015 22348.395371591363 46235.500000000007 43685.500000000007 0.51592895015361084 9833.536278827658 0.1816627865598146 0.04970776372884636 29586.000000000004 5.5000000000000009 0.36427410282794453 0.44006687884785706 20369.499999999996
decision_type=2 2 2 2 2 2 2 2 2 2 2 2 2 2 2 2
left_child=-1 2 3 4 5 6 7 8 9 13 -11 12 14 -2 15 -12
right_child=1 -3 -4 -5 -6 -7 -8 -9 -10 10 11 -13 -14 -15 -16 -17
leaf_value=17.654287040233612 -3.8040496667226158 -39.796099090576178 24.961487034388952 -15.46516202290853 9.2289769351482391 -3.8445580098364092 5.0775355911254891 2.6793160629272461 -7.5981783676147465 2.8038543891906738 0.20443040984017477 1.2661275545756023 1.1487720203399658 -0.29106597900390624 -3.8827831268310549 -2.4337798065609402
leaf_weight=7.9999999999999991 5.9999999999999982 4.9999999999999991 6.9999999999999991 5.9999999999999991 7.9999999999999991 8.9999999999999982 4.9999999999999991 4.9999999999999991 4.9999999999999991 4.9999999999999991 7.0000000000000098 5.9999999999999991 4.9999999999999991 5 5.9999999999999991 8.9999999999999982
leaf_count=8 6 5 7 6 8 9 5 5 5 5 7 6 5 5 6 9
internal_value=0.219888 -1.18895 0.864619 -1.07421 -0.00821327 -1.02051 -0.623376 -1.1065 -1.45704 -0.830397 -0.431837 -0.922093 -1.40836 -2.20724 -1.98953 -1.27956
internal_weight=107 99 94 87 81 73 64 59 54 49 38 33 27 11 22 16
internal_count=107 99 94 87 81 73 64 59 54 49 38 33 27 11 22 16
is_linear=0
shrinkage=0.05


Tree=115
num_leaves=18
num_cat=0
split_feature=0 0 4 0 0 1 6 1 5 7 4 4 0 0 2 5 2
split_gain=1.78366e+06 1.52485e+06 680717 2.09287e+06 1.10079e+06 457899 116724 205450 50847.1 22232.1 15295.8 25802.2 22447.7 20418.5 34203.2 10697.4 9082.61
threshold=91530 77954.999999999985 2.1883376604767633 37401.000000000015 54773.500000000007 27797.939671950877 7.6506066014448839 13956.18840917876 0.53816252767130213 0.15165859421828662 2.3696226992571545 2.4709768464156912 21486.000000000011 19519.500000000011 0.27702064154860279 0.50249433107651253 0.27447364996027118
decision_type=2 2 2 2 2 2 2 2 2 2 2 2 2 2 2 2 2
left_child=1 2 3 8 6 -6 -4 10 9 15 12 -12 -8 14 -13 -1 -15
right_child=-2 -3 4 -5 5 -7 7 -9 -10 -11 11 13 -14 16 -16 -17 -18
leaf_value=1.0338714981079089 -29.892207641601562 25.148156738281251 -7.0694458586829043 -36.862803497314452 5.0297185516357432 25.517301686604814 -5.6058474731445322 7.183482444286347 -5.0625448608398438 3.481922607421875 2.3057963562011721 -2.3924045456780312 -0.86794229507446274 -2.0190609455108643 2.267671877997262 -2.236814088821411 -4.6769264411926272
leaf_weight=5.0000000000000053 4.9999999999999991 5.9999999999999991 6.9999999999999991 4.9999999999999991 4.9999999999999982 6 4.9999999999999982 7.9999999999999991 4.9999999999999991 4.9999999999999991 4.9999999999999991 9.0000000000000053 5 8.9999999999999982 6.9999999999999991 5 4.9999999999999991
leaf_count=5 5 6 7 5 5 6 5 8 5 5 5 9 5 9 7 5 5
internal_value=-0.734803 0.694482 -0.833873 -7.92927 1.66451 16.2048 -1.00121 -0.19974 -0.695891 0.75966 -1.51231 -1.01958 -3.23689 -1.5738 -0.353621 -0.601471 -2.9683
internal_weight=107 102 96 25 71 11 60 53 20 15 45 35 10 30 16 10 14
internal_count=107 102 96 25 71 11 60 53 20 15 45 35 10 30 16 10 14
is_linear=0
shrinkage=0.05


Tree=116
num_leaves=17
num_cat=0
split_feature=0 0 0 2 2 2 0 0 4 4 3 4 4 7 6 0
split_gain=1.60975e+06 1.37618e+06 657940 976547 95621.6 189522 48901.9 47704.2 95074.6 24982.8 20282.9 4356.97 13791.5 6961.03 5549.46 5760.5
threshold=91530 77954.999999999985 66429.000000000015 0.75904576824017289 0.55662553940215431 0.50562705853824974 46235.500000000007 33369.000000000007 2.4246638699485072 1.929028480034092 2.5000000000000004 2.0660216113510246 2.1883376604767633 0.046060019652292908 14.205942578101139 19519.500000000011
decision_type=2 2 2 2 2 2 2 2 2 2 2 2 2 2 2 2
left_child=1 2 3 4 5 6 7 9 -9 -1 -11 -12 -13 -14 15 -15
right_child=-2 -3 -4 -5 -6 -7 -8 8 -10 10 11 12 13 14 -16 -17
leaf_value=-4.8842495918273929 -28.39759780883789 23.890749104817711 -16.823636118570963 19.764229798316958 -6.7104491710662844 7.9263677199681597 -5.0102388858795166 6.4267086664835622 -2.474350293477376 -3.4510467529296878 -1.9174943606058759 1.9628831100463868 0.60603979428609178 0.23650010313306524 -2.6102095206578575 -1.727545464038849
leaf_weight=4.9999999999999991 4.9999999999999991 5.9999999999999991 5.9999999999999991 5.9999999999999991 6.9999999999999991 5.9999999999999991 7.9999999999999991 5.9999999999999982 6 7.9999999999999991 5.9999999999999991 4.9999999999999991 6.0000000000000027 7.0000000000000027 5.9999999999999991 7.9999999999999991
leaf_count=5 5 6 6 6 7 6 8 6 6 8 6 5 6 7 6 8
internal_value=-0.698062 0.659758 -0.792179 0.276585 -1.11539 -0.606748 -1.32786 -0.860252 1.97618 -1.52765 -1.1628 -0.681064 -0.449233 -0.895922 -1.32505 -0.810991
internal_weight=107 102 96 90 84 77 71 63 12 51 46 38 32 27 21 15
internal_count=107 102 96 90 84 77 71 63 12 51 46 38 32 27 21 15
is_linear=0
shrinkage=0.05


Tree=117
num_leaves=18
num_cat=0
split_feature=0 0 0 2 1 1 0 5 3 6 6 2 1 3 0 7 7
split_gain=1.4528e+06 1.25424e+06 913066 889220 75504 95165.7 56643.4 46069.2 15468.7 8361.49 11809.9 15374.3 10088.4 9008.74 9237.33 10246.5 1172.23
threshold=91530 70868.500000000015 62016 0.75904576824017289 29628.349800647582 12221.392818450666 46235.500000000007 0.5184683316555917 5.5000000000000009 7.6931119805369192 10.485838715812053 0.35245113372703452 9442.0625753316071 2.5000000000000004 27800.999999999996 0.046060019652292908 0.067318377819845662
decision_type=2 2 2 2 2 2 2 2 2 2 2 2 2 2 2 2 2
left_child=1 2 3 4 5 7 -7 8 9 -1 -11 12 13 -12 15 -15 -17
right_child=-2 -3 -4 -5 -6 6 -8 -9 -10 10 11 -13 -14 14 -16 16 -18
leaf_value=0.39103787740071616 -26.977717895507812 18.449744457668729 -19.963325246175131 18.776017904281616 -7.1243637657165522 6.2081257138933461 -0.7597652435302733 -5.7181791702906288 1.5426264381408692 -3.3410305202007295 -2.817467471531458 1.3566556930541993 -3.6870187187194823 0.15347696713038839 1.1311033725738526 -2.8820833849906928 -1.7993874359130857
leaf_weight=5.9999999999999991 4.9999999999999991 8.9999999999999982 5.9999999999999991 5.9999999999999991 4.9999999999999991 6.9999999999999982 5 5.9999999999999991 4.9999999999999991 7.9999999999999991 7.0000000000000027 4.9999999999999991 4.9999999999999991 7.0000000000000062 4.9999999999999991 4.9999999999999982 5
leaf_count=6 5 9 6 6 5 7 5 6 5 8 7 5 5 7 5 5 5
internal_value=-0.663159 0.62677 -1.09803 0.203021 -1.17276 -0.781204 3.30484 -1.54734 -1.11587 -1.36667 -1.59106 -1.23209 -1.61279 -1.25516 -0.758068 -1.31371 -2.34074
internal_weight=107 102 93 87 81 76 12 64 58 53 47 39 34 29 22 17 10
internal_count=107 102 93 87 81 76 12 64 58 53 47 39 34 29 22 17 10
is_linear=0
shrinkage=0.05


Tree=118
num_leaves=17
num_cat=0
split_feature=0 0 0 2 1 1 0 5 5 7 0 2 2 5 0 5
split_gain=1.35451e+06 2.4855e+06 824042 802522 68142.3 85887 51120.7 41577.5 14274.9 41418.5 29423.9 31418.7 24243.4 10098.1 20604 1561.17
threshold=87502.499999999985 70868.500000000015 62016 0.75904576824017289 29628.349800647582 12221.392818450666 46235.500000000007 0.5184683316555917 0.40121061746896597 0.21467669911528109 20369.499999999996 0.27702064154860279 0.2566042183329999 0.42201395357088417 20369.499999999996 0.45698816419450822
decision_type=2 2 2 2 2 2 2 2 2 2 2 2 2 2 2 2
left_child=1 2 3 4 5 7 -7 8 10 13 11 -1 -12 -10 -15 -16
right_child=-2 -3 -4 -5 -6 6 -8 -9 9 -11 12 -13 -14 14 15 -17
leaf_value=-2.3071715672810855 -20.419784927368166 32.159904607137044 -18.965158685048422 17.837216758728029 -6.7681451416015621 5.8977194649832603 -0.72177696228027344 -5.4322701613108322 0.84305751323699829 3.8763230228424073 -1.6899756669998174 2.1591927187783377 -5.894433871905008 -3.5882475376129137 -0.80861009597778344 0.44085687637329096
leaf_weight=9.0000000000000053 7.9999999999999991 5.9999999999999991 5.9999999999999991 5.9999999999999991 4.9999999999999991 6.9999999999999982 5 5.9999999999999991 5.0000000000000062 4.9999999999999991 7.9999999999999982 6.9999999999999991 6 8.0000000000000018 4.9999999999999982 5
leaf_count=9 8 6 6 6 5 7 5 6 5 5 8 7 6 8 5 5
internal_value=-0.630001 0.969173 -1.04313 0.19287 -1.11412 -0.742144 3.1396 -1.46997 -1.06008 -0.248137 -1.81789 -0.353137 -3.49189 -1.14476 -1.69693 -0.183877
internal_weight=107 99 93 87 81 76 12 64 58 28 30 16 14 23 18 10
internal_count=107 99 93 87 81 76 12 64 58 28 30 16 14 23 18 10
is_linear=0
shrinkage=0.05


Tree=119
num_leaves=17
num_cat=0
split_feature=0 0 0 2 1 1 0 4 4 7 0 2 2 5 4 6
split_gain=1.22244e+06 2.24317e+06 743698 724276 61498.5 77513.1 46136.4 37523.7 12883.1 37380.2 26555.1 28355.4 21879.7 9113.5 19610.2 6362.09
threshold=87502.499999999985 70868.500000000015 62016 0.75904576824017289 29628.349800647582 12221.392818450666 46235.500000000007 1.929028480034092 2.4924571051868147 0.21467669911528109 20369.499999999996 0.27702064154860279 0.2566042183329999 0.42201395357088417 2.2516050081241255 10.883215456439848
decision_type=2 2 2 2 2 2 2 2 2 2 2 2 2 2 2 2
left_child=1 2 3 4 5 7 -7 -1 9 13 11 -10 -12 -9 15 -15
right_child=-2 -3 -4 -5 -6 6 -8 8 10 -11 12 -13 -14 14 -16 -17
leaf_value=-5.1606566270192467 -19.398795413970948 30.551909128824875 -18.01690139770508 16.945355383555093 -6.4297381591796885 5.6028332437787753 -0.68568813323974598 0.80090466976165653 -2.1918129920959455 3.6825067710876471 -1.6054769277572636 2.051233114515032 -5.5997122486432396 -1.4181197234562459 -3.9460232893625893 0.91709384918212877
leaf_weight=5.9999999999999991 7.9999999999999991 5.9999999999999991 5.9999999999999991 5.9999999999999991 4.9999999999999991 6.9999999999999982 5 5.0000000000000062 9.0000000000000053 4.9999999999999991 7.9999999999999982 6.9999999999999991 6 7.0000000000000018 5.9999999999999991 5
leaf_count=6 8 6 6 6 5 7 5 5 9 5 8 7 6 7 6 5
internal_value=-0.598501 0.920714 -0.990976 0.183226 -1.05841 -0.705036 2.98262 -1.39647 -1.00707 -0.23573 -1.72699 -0.33548 -3.31729 -1.08752 -1.61208 -0.445114
internal_weight=107 99 93 87 81 76 12 64 58 28 30 16 14 23 18 12
internal_count=107 99 93 87 81 76 12 64 58 28 30 16 14 23 18 12
is_linear=0
shrinkage=0.05


Tree=120
num_leaves=19
num_cat=0
split_feature=0 0 0 2 2 2 2 2 7 1 2 0 2 2 2 4 5 1
split_gain=1.19859e+06 2.332e+06 671790 621885 138130 107121 111346 67615.5 148293 35243.9 25023.7 27102.6 21756.8 21031.8 7824.01 7512.26 7197.51 6055.49
threshold=87502.499999999985 70868.500000000015 62016 0.81097315501112854 0.56505205340798936 0.51592895015361084 0.45754712422382926 0.30882258029930471 0.11928437684421113 11399.273390776547 0.28437702154139949 33369.000000000007 0.35245113372703452 0.2079265850607315 0.27447364996027118 2.7451911326668745 0.47093532015918654 5657.3230438461069
decision_type=2 2 2 2 2 2 2 2 2 2 2 2 2 2 2 2 2 2
left_child=1 2 3 4 5 6 7 9 12 10 11 14 -9 -13 15 16 17 -1
right_child=-2 -3 -4 -5 -6 -7 -8 8 -10 -11 -12 13 -14 -15 -16 -17 -18 -19
leaf_value=0.79713362966264922 -20.606532941545762 34.088669738769532 -17.116056871414184 17.297656173706056 -8.1459406852722172 6.1444139798482267 -8.0069269752502432 0.32145176827907551 6.9457511266072594 -4.8302833914756782 -4.1136516952514652 -0.63041128158569348 -4.1443902587890618 3.7603932698567704 0.70438337326049805 -2.6283330122629804 -2.2730912446975711 -1.4811161327362059
leaf_weight=7.0000000000000053 6.9999999999999991 4.9999999999999991 5.9999999999999991 4.9999999999999991 5.9999999999999991 5.9999999999999991 4.9999999999999991 6.0000000000000018 8.9999999999999982 5.9999999999999991 4.9999999999999991 4.9999999999999982 5 6 4.9999999999999991 8.9999999999999982 5.9999999999999991 5
leaf_count=7 7 5 6 5 6 6 5 6 9 6 5 5 5 6 5 9 6 5
internal_value=-0.562041 0.749281 -0.885003 0.129438 -0.81387 -0.296312 -0.785482 -0.297546 2.18593 -1.21735 -0.765734 -0.376441 -1.70848 1.76457 -1.11241 -1.44886 -0.859122 -0.152137
internal_weight=114 107 102 96 91 85 79 74 20 54 48 43 11 11 32 27 18 12
internal_count=114 107 102 96 91 85 79 74 20 54 48 43 11 11 32 27 18 12
is_linear=0
shrinkage=0.05


Tree=121
num_leaves=19
num_cat=0
split_feature=0 0 0 2 2 2 2 2 7 1 2 0 2 2 3 4 3 4
split_gain=1.08172e+06 2.10463e+06 606291 561252 124662 96676.3 100490 61023 133835 31807.6 22583.9 24460.1 19635.5 18981.2 9752.78 5641.17 6451.44 1546.47
threshold=87502.499999999985 70868.500000000015 62016 0.81097315501112854 0.56505205340798936 0.51592895015361084 0.45754712422382926 0.30882258029930471 0.11928437684421113 11399.273390776547 0.28437702154139949 33369.000000000007 0.35245113372703452 0.2079265850607315 2.5000000000000004 2.1234392662738975 3.5000000000000004 2.6969315988360472
decision_type=2 2 2 2 2 2 2 2 2 2 2 2 2 2 2 2 2 2
left_child=1 2 3 4 5 6 7 9 12 10 11 14 -9 -13 -1 -16 17 -17
right_child=-2 -3 -4 -5 -6 -7 -8 8 -10 -11 -12 13 -14 -15 15 16 -18 -19
leaf_value=-3.0852054595947269 -19.576207842145649 32.384237213134767 -16.260254665215811 16.432773780822753 -7.7386436780293781 5.837193361918132 -7.6065806198120116 0.30537921997408057 6.5984634505377873 -4.5887691259384153 -3.907969093322754 -0.59889059066772476 -3.9371708011627193 3.5723734855651852 -1.7949557989835734 -0.4644729900360105 0.75898427168528249 -1.7080459403991697
leaf_weight=4.9999999999999991 6.9999999999999991 4.9999999999999991 5.9999999999999991 4.9999999999999991 5.9999999999999991 5.9999999999999991 4.9999999999999991 6.0000000000000018 8.9999999999999982 5.9999999999999991 4.9999999999999991 4.9999999999999982 5 6 8.0000000000000018 5.0000000000000018 8.9999999999999982 5
leaf_count=5 7 5 6 5 6 6 5 6 9 6 5 5 5 6 8 5 9 5
internal_value=-0.533939 0.711817 -0.840752 0.122966 -0.773177 -0.281497 -0.746208 -0.282669 2.07663 -1.15648 -0.727447 -0.357619 -1.62305 1.67634 -1.05679 -0.681162 -0.212197 -1.08626
internal_weight=114 107 102 96 91 85 79 74 20 54 48 43 11 11 32 27 19 10
internal_count=114 107 102 96 91 85 79 74 20 54 48 43 11 11 32 27 19 10
is_linear=0
shrinkage=0.05


Tree=122
num_leaves=20
num_cat=0
split_feature=0 0 0 2 2 2 2 2 6 1 2 0 2 2 3 2 2 1 0
split_gain=976256 1.89943e+06 547177 506529 112507 87250.4 90691.8 55073.3 120786 28706.3 20382 22075.2 17721.1 17130.5 8801.88 5101.36 2051.66 2050.7 2369.38
threshold=87502.499999999985 70868.500000000015 62016 0.81097315501112854 0.56505205340798936 0.51592895015361084 0.45754712422382926 0.30882258029930471 10.631232603955729 11399.273390776547 0.28437702154139949 33369.000000000007 0.35245113372703452 0.2079265850607315 2.5000000000000004 0.22093611501468283 0.16744804518791417 7387.5125544820748 17132.500000000004
decision_type=2 2 2 2 2 2 2 2 2 2 2 2 2 2 2 2 2 2 2
left_child=1 2 3 4 5 6 7 9 -9 10 11 14 -10 -13 -1 16 -16 18 -17
right_child=-2 -3 -4 -5 -6 -7 -8 8 12 -11 -12 13 -14 -15 15 17 -18 -19 -20
leaf_value=-2.9309451675415041 -18.597395978655136 30.765025177001952 -15.447241957982383 15.611134052276611 -7.3517115275065112 5.5453335126241052 -7.2262515830993657 6.2685402976142015 0.29011018431435032 -4.3593306382497152 -3.7125706100463867 -0.56894618988037127 -3.7403122901916497 3.3937548319498698 -0.85263419151306119 -0.49947058200836197 -2.2240170288085936 -0.91684493541717527 0.97427579561869304
leaf_weight=4.9999999999999991 6.9999999999999991 4.9999999999999991 5.9999999999999991 4.9999999999999991 5.9999999999999991 5.9999999999999991 4.9999999999999991 9.0000000000000018 5.9999999999999982 5.9999999999999991 4.9999999999999991 4.9999999999999982 5 6 6.0000000000000018 4.9999999999999982 5 4.9999999999999991 6
leaf_count=5 7 5 6 5 6 6 5 9 6 6 5 5 5 6 6 5 5 5 6
internal_value=-0.507242 0.676226 -0.798715 0.116818 -0.734518 -0.267422 -0.708897 -0.268535 1.9728 -1.09866 -0.691075 -0.339738 -1.5419 1.59253 -1.00395 -0.647104 -1.47599 -0.0772452 0.304391
internal_weight=114 107 102 96 91 85 79 74 20 54 48 43 11 11 32 27 11 16 11
internal_count=114 107 102 96 91 85 79 74 20 54 48 43 11 11 32 27 11 16 11
is_linear=0
shrinkage=0.05


Tree=123
num_leaves=18
num_cat=0
split_feature=0 0 4 2 0 4 1 1 7 7 4 4 0 5 7 0 2
split_gain=881071 1.71424e+06 530963 1.72002e+06 1.06241e+06 106150 169767 158170 67605.9 29934.4 17267 27882.4 13076.5 7727.37 27682.4 18586.1 9685.26
threshold=87502.499999999985 70868.500000000015 2.1883376604767633 0.50562705853824974 58162.500000000022 2.5450332819636068 15719.604082849797 15719.604082849797 0.2165094734714553 0.17020059730283604 2.4709768464156912 2.3696226992571545 21486.000000000011 0.35114664584695249 0.04970776372884636 19519.500000000011 0.27447364996027118
decision_type=2 2 2 2 2 2 2 2 2 2 2 2 2 2 2 2 2
left_child=1 2 3 9 5 7 13 10 -9 -1 11 12 -4 14 -7 -15 -17
right_child=-2 -3 4 -5 -6 6 -8 8 -10 -11 -12 -13 -14 15 -16 16 -18
leaf_value=1.8009174770779066 -17.667527117047992 29.226771545410159 -3.5762198448181111 -33.387818064689633 19.783749389648438 -2.2396207173665359 -10.217766984303793 9.8742513418197646 2.0020166397094723 -2.2770970834626092 -3.2371537357568743 2.3474667276654926 -0.22832426343645365 0.43240876879010859 2.7977886867523192 -1.6089806011744909 -4.490239162445067
leaf_weight=9.0000000000000053 6.9999999999999991 4.9999999999999991 5.0000000000000053 4.9999999999999991 6.9999999999999991 6.0000000000000018 5.9999999999999991 5.9999999999999982 5 8.9999999999999982 5.9999999999999991 6.9999999999999991 7 7.0000000000000027 5 6.9999999999999982 5
leaf_count=9 7 5 5 5 7 6 6 6 5 9 6 7 7 7 5 7 5
internal_value=-0.48188 0.642415 -0.758779 -7.44455 1.18771 -0.620236 -2.54007 1.2996 6.29596 -0.23809 -0.898801 -0.160374 -1.62328 -1.00453 0.0501108 -1.61512 -2.80951
internal_weight=114 107 102 23 79 72 36 36 11 18 25 19 12 30 11 19 12
internal_count=114 107 102 23 79 72 36 36 11 18 25 19 12 30 11 19 12
is_linear=0
shrinkage=0.05


Tree=124
num_leaves=18
num_cat=0
split_feature=4 2 6 1 1 4 1 6 6 2 6 2 7 7 7 7 7
split_gain=812034 2.74585e+06 461123 1.62084e+06 625801 192013 462869 114897 61022.2 146394 34284.6 20371 60250.4 35479.1 26595.8 3992.59 3334.49
threshold=1.8899163912421544 0.90942970609434792 9.1127472625752919 31062.671928726599 31062.671928726599 2.8480664780767246 18300.224719541544 9.8202207392153866 5.0852088199700551 0.3433574889033712 15.008018257059971 0.24878814255985207 0.08708707792479202 0.077356522101407768 0.10044078237494418 0.058358282577577782 0.067318377819845662
decision_type=2 2 2 2 2 2 2 2 2 2 2 2 2 2 2 2 2
left_child=-1 2 4 5 8 7 10 -4 -2 -10 -7 12 16 15 -15 -13 -9
right_child=1 -3 3 -5 -6 6 -8 11 9 -11 -12 13 -14 14 -16 -17 -18
leaf_value=13.95600236389372 -3.0179466247558562 -37.853266448974608 -8.8111323928832999 -29.464251998066903 18.506358882359095 1.7728344360987336 15.788519001007081 -0.43383471114294853 -1.0847909874386257 8.9979766527811691 -3.377867412567138 -1.0282409763336176 -5.331241178512574 4.7947377204895023 0.14617887884378433 -3.0263877725601191 1.2567659187316893
leaf_weight=8.9999999999999982 6.0000000000000062 4.9999999999999991 4.9999999999999991 4.9999999999999991 6.9999999999999991 6.0000000000000018 5.9999999999999991 7.0000000000000018 8.9999999999999982 5.9999999999999991 7 5.0000000000000018 7.9999999999999991 4.9999999999999991 7.9999999999999991 5 5
leaf_count=9 6 5 5 5 7 6 6 7 9 6 7 5 8 5 8 5 5
internal_value=-0.457786 -1.69325 0.114747 -2.0026 5.55934 0.0467824 4.30121 -1.63726 1.24367 2.94832 -1.00062 -0.803092 -1.97015 0.211738 1.93409 -2.02731 0.270582
internal_weight=114 105 100 72 28 67 19 48 21 15 13 43 20 23 13 10 12
internal_count=114 105 100 72 28 67 19 48 21 15 13 43 20 23 13 10 12
is_linear=0
shrinkage=0.05


Tree=125
num_leaves=18
num_cat=0
split_feature=4 2 6 1 0 1 2 1 1 0 1 4 4 6 2 4 0
split_gain=786425 2.50546e+06 408072 1.27415e+06 602414 150940 52240.6 77915.9 16905 6375.85 6494.76 4542.81 6240.34 6413.39 7967.74 4340.16 3198.55
threshold=1.8899163912421544 0.90942970609434792 9.1127472625752919 31062.671928726599 70868.500000000015 24205.677865591173 0.35245113372703452 12221.392818450666 10621.309512456515 33369.000000000007 9024.029416178264 3.1962238028246612 2.1883376604767633 13.274265526549931 0.23674119032890859 2.6969315988360472 19519.500000000011
decision_type=2 2 2 2 2 2 2 2 2 2 2 2 2 2 2 2 2
left_child=-1 2 3 6 5 8 7 -2 9 10 11 12 -4 16 15 -15 -14
right_child=1 -3 4 -5 -6 -7 -8 -9 -10 -11 -12 -13 13 14 -16 -17 -18
leaf_value=14.837661629915239 -2.1104203939437847 -35.960602874755857 0.15509124483380998 25.925217501322432 -16.741237386067709 8.1530132484436049 -3.5791445225477219 6.340789308547973 -3.022859013080597 0.84775476455688481 0.9337789058685303 0.30122810999552407 -1.4273725891113276 1.0637846994400018 -2.1773124626704625 -1.0195205545425414 -3.0831554753439767
leaf_weight=7.9999999999999991 6.0000000000000053 4.9999999999999991 6.9999999999999991 5.9999999999999991 5.9999999999999991 4.9999999999999991 7.9999999999999991 5 7.9999999999999991 6.9999999999999991 4.9999999999999991 5.9999999999999991 5.0000000000000018 5.0000000000000018 6.9999999999999991 5 7
leaf_count=8 6 5 7 6 6 5 8 5 8 7 5 6 5 5 7 5 7
internal_value=-0.263514 -1.43642 0.325017 5.83838 -1.56312 -0.203887 -0.504828 1.73104 -0.877831 -0.560049 -0.769722 -0.972519 -1.18481 -1.50824 -0.883522 0.0221321 -2.39325
internal_weight=111 103 98 25 73 67 19 11 62 54 47 42 36 29 17 10 12
internal_count=111 103 98 25 73 67 19 11 62 54 47 42 36 29 17 10 12
is_linear=0
shrinkage=0.05


Tree=126
num_leaves=17
num_cat=0
split_feature=4 2 6 1 0 1 4 6 1 3 4 0 2 2 2 2
split_gain=709748 2.26118e+06 368285 1.14992e+06 543679 136223 52235.8 89985.6 15256.7 6916.24 11894.6 20078.3 17836.9 10987.7 9831.7 15717.2
threshold=1.8899163912421544 0.90942970609434792 9.1127472625752919 31062.671928726599 70868.500000000015 24205.677865591173 2.1543446061517115 6.6798556851379809 10621.309512456515 5.5000000000000009 2.3696226992571545 21486.000000000011 0.2994101109548431 0.2566042183329999 0.2079265850607315 0.16744804518791417
decision_type=2 2 2 2 2 2 2 2 2 2 2 2 2 2 2 2
left_child=-1 2 3 6 5 8 -2 -8 9 10 11 -4 13 14 15 -12
right_child=1 -3 4 -5 -6 -7 7 -9 -10 -11 12 -13 -14 -15 -16 -17
leaf_value=14.095778548717499 3.9072974967956493 -34.162574310302738 -3.8428151539393838 24.628955968221032 -15.904176584879558 7.7453625488281252 -7.4244286823272709 0.9415011167526246 -2.8717160344123842 1.0684438864390056 0.063714022106594465 0.098853651682535792 1.8212198525667191 -2.9825922393798829 1.0123011618852615 -3.4326426506042482
leaf_weight=7.9999999999999991 5.0000000000000062 4.9999999999999991 6.9999999999999982 5.9999999999999991 5.9999999999999991 4.9999999999999991 4.9999999999999991 8.9999999999999982 7.9999999999999991 5.9999999999999991 9.0000000000000053 6 7.9999999999999991 4.9999999999999991 7.9999999999999991 4.9999999999999991
leaf_count=8 5 5 7 6 6 5 5 9 8 6 9 6 8 5 8 5
internal_value=-0.250338 -1.3646 0.308766 5.54646 -1.48497 -0.193693 -0.479587 -2.04633 -0.833939 -0.532046 -0.732108 -2.02358 -0.252417 -0.866827 -0.385972 -1.18498
internal_weight=111 103 98 25 73 67 19 14 62 54 48 13 35 27 22 14
internal_count=111 103 98 25 73 67 19 14 62 54 48 13 35 27 22 14
is_linear=0
shrinkage=0.05


Tree=127
num_leaves=18
num_cat=0
split_feature=4 2 7 1 0 1 5 7 1 3 4 0 2 0 2 2 0
split_gain=640548 2.04072e+06 332377 1.0378e+06 490670 122941 47142.8 81212 13769.2 6241.9 10734.9 18120.6 16097.8 10357.1 5457.84 4678.42 1476.84
threshold=1.8899163912421544 0.90942970609434792 0.16161402610131517 31062.671928726599 70868.500000000015 24205.677865591173 0.46418096374551515 0.26290725193472908 10621.309512456515 5.5000000000000009 2.3696226992571545 21486.000000000011 0.2994101109548431 33369.000000000007 0.2566042183329999 0.2079265850607315 11010.999999999998
decision_type=2 2 2 2 2 2 2 2 2 2 2 2 2 2 2 2 2
left_child=-1 2 4 6 5 8 7 -4 9 10 11 -2 13 14 15 16 -12
right_child=1 -3 3 -5 -6 -7 -8 -9 -10 -11 12 -13 -14 -15 -16 -17 -18
leaf_value=13.390988636016846 -3.6506743567330506 -32.454445648193364 0.89442612330118743 23.397510019938153 -15.108967590332032 7.3580944633483885 3.7119327318668369 -7.0532073020935062 -2.7281302094459536 1.0150217056274415 -0.94272891998290909 0.093910952409108461 1.7301588659989648 0.83180257252284473 -2.8334626770019535 0.32282715082168578 -2.157983474731445
leaf_weight=7.9999999999999991 6.9999999999999982 4.9999999999999991 9.0000000000000053 5.9999999999999991 5.9999999999999991 4.9999999999999991 4.9999999999999991 4.9999999999999991 7.9999999999999991 5.9999999999999991 5.0000000000000053 6 7.9999999999999991 6.9999999999999991 4.9999999999999991 4.9999999999999991 5
leaf_count=8 7 5 9 6 6 5 5 5 8 6 5 6 8 7 5 5 5
internal_value=-0.237821 -1.29637 0.293328 5.26914 -1.41072 -0.184008 -0.455607 -1.94401 -0.792242 -0.505444 -0.695502 -1.9224 -0.239796 -0.823486 -1.40284 -0.925962 -1.55036
internal_weight=111 103 98 25 73 67 19 14 62 54 48 13 35 27 20 15 10
internal_count=111 103 98 25 73 67 19 14 62 54 48 13 35 27 20 15 10
is_linear=0
shrinkage=0.05


Tree=128
num_leaves=18
num_cat=0
split_feature=4 2 7 1 0 1 5 7 4 0 0 7 2 0 7 2 3
split_gain=578094 1.84175e+06 299970 936618 442830 110955 42546.4 74807.5 12920.3 34426.7 14375.9 11116.1 7700.31 9775.62 6735.61 6291.17 13416.2
threshold=1.8899163912421544 0.90942970609434792 0.16161402610131517 31062.671928726599 70868.500000000015 24205.677865591173 0.46418096374551515 0.2165094734714553 2.6969315988360472 31244.499999999993 24627.000000000004 0.12281249521708473 0.26451798600539184 11010.999999999998 0.067318377819845662 0.2079265850607315 4.5000000000000009
decision_type=2 2 2 2 2 2 2 2 2 2 2 2 2 2 2 2 2
left_child=-1 2 4 6 5 8 7 -4 10 12 11 14 13 -10 -2 -12 -17
right_child=1 -3 3 -5 -6 -7 -8 -9 9 -11 15 -13 -14 -15 -16 16 -18
leaf_value=12.721439981460572 -1.4445239737629885 -30.831722183227541 3.0567842483520469 22.227634048461915 -14.353518422444663 6.9901897668838506 3.5263362741470341 -4.5710348553127718 -2.6441691398620595 -4.3413535356521606 -0.40467485700334804 -3.1756919097900393 1.3223014068603516 0.48242985725402826 0.67925831590379993 2.8944233008793425 -0.49668872833251942
leaf_weight=7.9999999999999991 8.0000000000000018 4.9999999999999991 5.0000000000000062 5.9999999999999991 5.9999999999999991 4.9999999999999991 4.9999999999999991 8.9999999999999982 5.0000000000000018 7.9999999999999991 7.0000000000000027 4.9999999999999991 4.9999999999999991 5 6.9999999999999991 6.9999999999999982 5
leaf_count=8 8 5 5 6 6 5 5 9 5 8 7 5 5 5 7 7 5
internal_value=-0.22593 -1.23155 0.278662 5.00568 -1.34018 -0.174808 -0.432827 -1.84681 -0.75263 -1.69252 -0.198335 -1.13399 -0.279813 -1.08087 -0.453426 0.786568 1.48146
internal_weight=111 103 98 25 73 67 19 14 62 23 39 20 15 10 15 19 12
internal_count=111 103 98 25 73 67 19 14 62 23 39 20 15 10 15 19 12
is_linear=0
shrinkage=0.05


Tree=129
num_leaves=18
num_cat=0
split_feature=3 1 1 0 1 1 1 6 4 4 5 6 4 0 7 1 6
split_gain=531972 1.56704e+06 1.20701e+06 469769 824655 115789 53319.3 45092.5 32644.9 14006.2 26970 14171.4 12657.1 11545.9 6589.82 4996.84 667.84
threshold=5.5000000000000009 52757.674236056024 15719.604082849797 58162.500000000022 24205.677865591173 17549.64770584663 12221.392818450666 7.6931119805369192 1.9905416946811754 2.8480664780767246 0.36427410282794453 15.008018257059971 2.3696226992571545 28397.000000000015 0.097445459401076309 5746.7049674573136 11.029932159873381
decision_type=2 2 2 2 2 2 2 2 2 2 2 2 2 2 2 2 2
left_child=1 3 8 5 -5 6 7 -1 -2 10 -9 -11 13 16 15 -14 -12
right_child=2 -3 -4 4 -6 -7 -8 9 -10 11 12 -13 14 -15 -16 -17 -18
leaf_value=-5.3962500095367432 -4.3438352966308598 -26.324014107386276 28.600444030761722 -7.7978224945068364 17.528019362025791 -6.8087987507383039 3.0619102686643602 -4.7212954521179205 1.3697321462631225 2.6910435342788697 -3.2829840469360358 -0.7022289156913758 0.52446916202704086 0.068313312530517575 1.4142579158147177 -1.3843336939811708 -2.4657694673538204
leaf_weight=5.9999999999999991 4.9999999999999982 5.9999999999999991 4.9999999999999991 4.9999999999999991 8.9999999999999982 8.9999999999999982 7.9999999999999991 4.9999999999999991 5 4.9999999999999991 4.9999999999999982 7.9999999999999991 6.0000000000000027 4.9999999999999991 5.9999999999999991 7.9999999999999991 5
leaf_count=6 5 6 5 5 9 9 8 5 5 5 5 8 6 5 6 8 5
internal_value=-0.214634 -1.58288 8.54211 0.066534 8.48308 -1.48388 -0.768594 -1.28798 -1.48705 -0.822898 -1.28627 0.602876 -0.795557 -1.89348 0.0278846 -0.566275 -2.87438
internal_weight=111 96 15 90 14 76 67 59 10 53 40 13 35 15 20 14 10
internal_count=111 96 15 90 14 76 67 59 10 53 40 13 35 15 20 14 10
is_linear=0
shrinkage=0.05


Tree=130
num_leaves=18
num_cat=0
split_feature=1 0 0 1 2 4 4 7 7 2 5 1 4 4 0 5 0
split_gain=1.46335e+06 426374 527381 531706 237436 111105 47117 51103 28899.6 30118.7 18264.8 20685.6 7037.96 13977.3 9070.06 6434.96 5138.45
threshold=52757.674236056024 77954.999999999985 54773.500000000007 27797.939671950877 0.63546820154915784 1.8581763196093466 2.1883376604767633 0.14610001537467651 0.12281249521708473 0.2566042183329999 0.30656309121883385 13956.18840917876 2.8480664780767246 2.7451911326668745 29586.000000000004 0.42201395357088417 18132.499999999996
decision_type=2 2 2 2 2 2 2 2 2 2 2 2 2 2 2 2 2
left_child=1 2 4 -4 5 -1 7 -7 10 -10 -8 12 13 14 15 16 -12
right_child=-2 -3 3 -5 -6 6 8 -9 9 -11 11 -13 -14 -15 -16 -17 -18
leaf_value=-8.0486435317993177 21.280835151672363 -15.164990148544312 -0.18268865857805527 20.101276906331378 -10.459428089005607 -0.23839768001011441 -3.1604911804199221 6.3799532270431509 0.2094975757598877 -4.6305104149712459 0.95417297383149313 3.0540128707885743 1.0448722907475063 -2.870729732513428 1.5104160825411479 -2.0679454286893209 -1.2161369705200196
leaf_weight=4.9999999999999991 7.9999999999999991 4.9999999999999991 6.9999999999999982 6 6.9999999999999991 6.9999999999999982 4.9999999999999991 5 4.9999999999999991 8.9999999999999982 6.0000000000000089 4.9999999999999991 6.9999999999999991 5.9999999999999991 5.9999999999999991 5.9999999999999991 5
leaf_count=5 8 5 7 6 7 7 5 5 5 9 6 5 7 6 6 6 5
internal_value=0.688652 -0.926421 -0.192474 9.17914 -1.64284 -0.841335 -0.340828 2.51925 -0.912843 -2.90194 -0.307467 0.0404627 -0.378086 -0.721559 -0.160905 -0.750784 -0.0323315
internal_weight=110 102 97 13 84 77 72 12 60 14 46 41 36 29 23 17 11
internal_count=110 102 97 13 84 77 72 12 60 14 46 41 36 29 23 17 11
is_linear=0
shrinkage=0.05


Tree=131
num_leaves=18
num_cat=0
split_feature=1 3 4 2 1 5 4 1 4 6 6 2 1 4 7 2 1
split_gain=1.32067e+06 185866 263291 201605 299483 124815 84852.8 69709.6 46229.6 46120.5 37416.6 29436.6 23062.5 14610 16377.6 11111.6 17762.1
threshold=52757.674236056024 1.5000000000000002 3.0121539584389425 0.75904576824017289 31062.671928726599 0.35114664584695249 1.8581763196093466 18300.224719541544 2.1883376604767633 9.6179462059860477 10.485838715812053 0.24878814255985207 8587.5259268539885 2.6969315988360472 0.067318377819845662 0.24878814255985207 9442.0625753316071
decision_type=2 2 2 2 2 2 2 2 2 2 2 2 2 2 2 2 2
left_child=1 -1 3 4 5 -3 -7 8 9 -8 11 -10 -13 14 -12 -16 -17
right_child=-2 2 -4 -5 -6 6 7 -9 10 -11 13 12 -14 -15 15 16 -18
leaf_value=-8.1963463783264157 20.216793167591096 6.8066542124748226 9.0715487888881139 8.739226150512696 -13.460333709716799 -7.6462113380432131 6.060955617427827 -6.0364132111271225 0.12739636421203612 -0.22647784096854073 -1.1492446276876658 -1.9915930938720707 -6.5894819259643542 -1.8252724223666723 -0.3758329200744629 0.4037224897742272 4.6182375764846801
leaf_weight=7.9999999999999991 7.9999999999999991 4.9999999999999991 6.9999999999999991 4.9999999999999991 4.9999999999999991 4.9999999999999991 4.9999999999999982 5.9999999999999991 4.9999999999999991 7 9.0000000000000018 4.9999999999999982 6 8.9999999999999982 4.9999999999999991 4.9999999999999982 5
leaf_count=8 8 5 7 5 5 5 5 6 5 7 9 5 6 9 5 5 5
internal_value=0.65422 -0.8801 -0.257441 -1.00805 -1.6024 -0.832399 -1.36289 -0.893984 -0.388171 2.39329 -1.06934 -3.05362 -4.49953 -0.107273 0.536976 1.54871 2.51098
internal_weight=110 102 94 87 82 77 72 67 61 12 49 16 11 33 24 15 10
internal_count=110 102 94 87 82 77 72 67 61 12 49 16 11 33 24 15 10
is_linear=0
shrinkage=0.05


Tree=132
num_leaves=19
num_cat=0
split_feature=0 1 6 2 1 5 2 6 1 1 5 1 1 4 4 6 2 6
split_gain=1.36454e+06 4.19696e+06 717289 2.57925e+06 1.18763e+06 110320 49681.6 29259.1 83220.9 62786.6 13562.8 8185.04 7251.9 7921.77 6051.6 7826.91 5700.96 1891.58
threshold=77954.999999999985 52757.674236056024 8.8564046125742681 0.55662553940215431 27797.939671950877 0.53816252767130213 0.32534461537208209 10.631232603955729 9024.029416178264 18300.224719541544 0.30656309121883385 11399.273390776547 9442.0625753316071 2.7535771856059377 2.6969315988360472 13.8610787059551 0.27447364996027118 9.8202207392153866
decision_type=2 2 2 2 2 2 2 2 2 2 2 2 2 2 2 2 2 2
left_child=2 -2 3 5 7 6 -1 8 17 10 -9 12 13 14 15 -12 -17 -4
right_child=1 -3 4 -5 -6 -7 -8 9 -10 -11 11 -13 -14 -15 -16 16 -18 -19
leaf_value=-1.6819783031940441 -14.160160565376286 50.623807983398429 -1.7565923690795904 -40.518638458251957 22.747170247634255 -7.2639008331298829 3.7333675596449112 -2.9380071640014651 6.7413942384719849 -6.3791223144531255 0.96655722633004071 1.5265915075937908 -2.235117464065552 1.294417520931789 -2.1654251480102538 0.062145197391510025 -2.3255227088928221 -0.43979821205139152
leaf_weight=8.0000000000000089 4.9999999999999982 5 4.9999999999999982 4.9999999999999991 5.9999999999999991 4.9999999999999991 8.9999999999999982 4.9999999999999991 4.9999999999999991 4.9999999999999991 8.0000000000000089 5.9999999999999991 4.9999999999999991 6.9999999999999991 4.9999999999999991 4.9999999999999982 5 6
leaf_count=8 5 5 5 5 6 5 9 5 5 5 8 6 5 7 5 5 5 6
internal_value=0.621509 18.2318 -1.13952 -8.10253 1.43583 -0.735228 1.18497 -0.472643 1.39283 -1.05789 -0.479494 -0.179675 -0.472178 -0.178354 -0.626589 -0.199135 -1.13169 -1.03834
internal_weight=110 10 100 27 73 22 17 67 16 51 46 41 35 30 23 18 10 11
internal_count=110 10 100 27 73 22 17 67 16 51 46 41 35 30 23 18 10 11
is_linear=0
shrinkage=0.05


Tree=133
num_leaves=18
num_cat=0
split_feature=6 1 2 6 2 1 4 1 5 1 1 3 2 4 2 7 7
split_gain=1.1285e+06 6.8833e+06 3.26989e+06 433866 249392 216666 137021 93532.6 43349.7 55133.5 8151.68 4720.48 6085.72 8998.99 7402.62 19323.1 7887.51
threshold=8.8564046125742681 52757.674236056024 0.63546820154915784 9.4306243500006861 0.50562705853824974 27797.939671950877 3.3769844207411572 18300.224719541544 0.48402602529779554 13301.812676166339 11399.273390776547 5.5000000000000009 0.28437702154139949 2.3696226992571545 0.24878814255985207 0.08708707792479202 0.05467668294401349
decision_type=2 2 2 2 2 2 2 2 2 2 2 2 2 2 2 2 2
left_child=2 3 4 -2 8 6 7 10 9 -1 11 12 14 -14 15 16 -5
right_child=1 -3 -4 5 -6 -7 -8 -9 -10 -11 -12 -13 13 -15 -16 -17 -18
leaf_value=1.7902915409633064 14.134077091217041 60.494392509460454 -44.591076736450198 -0.60256365140279089 9.6904881000518799 -11.141206130981445 7.6123973846435549 -6.4347613470894958 -6.8261835765838628 -4.2858722329139711 1.4502618789672852 0.94548099517822282 -2.9946400811274847 -0.43304654359817507 1.3026345252990723 -2.8478554044451037 1.7378292640050252
leaf_weight=7.0000000000000098 4.9999999999999991 4.9999999999999991 4.9999999999999991 9.0000000000000053 4.9999999999999991 4.9999999999999991 4.9999999999999991 6.9999999999999991 4.9999999999999991 7.9999999999999991 5.9999999999999991 4.9999999999999991 5.9999999999999991 7.9999999999999991 5.9999999999999991 6.9999999999999991 5.9999999999999991
leaf_count=7 5 5 5 9 5 5 5 7 5 8 6 5 6 8 6 7 6
internal_value=0.590433 3.69171 -7.67963 -0.09514 -0.297337 -1.11151 -0.339998 -1.0027 -2.79429 -1.45033 -0.285255 -0.50681 -0.679702 -1.53087 -0.254117 -0.678686 0.333594
internal_weight=110 80 30 75 25 70 65 60 20 15 53 47 42 14 28 22 15
internal_count=110 80 30 75 25 70 65 60 20 15 53 47 42 14 28 22 15
is_linear=0
shrinkage=0.05


Tree=134
num_leaves=19
num_cat=0
split_feature=0 1 0 1 4 4 6 6 0 1 6 1 6 1 7 3 1 4
split_gain=1.1481e+06 3.57904e+06 653840 392486 72853.1 42250.1 61665.1 40603.6 38011.4 43135.6 37471.9 12055.9 12007.3 6907.77 8227.92 5163.31 2369.47 3037.15
threshold=77954.999999999985 52757.674236056024 66429.000000000015 31062.671928726599 1.8581763196093466 2.1543446061517115 6.6798556851379809 9.6179462059860477 45841.500000000007 10621.309512456515 11.998065177793462 16516.706392829426 10.485838715812053 6411.94674379548 0.07366083498123159 3.5000000000000004 1117.7490461145278 2.9765045141594961
decision_type=2 2 2 2 2 2 2 2 2 2 2 2 2 2 2 2 2 2
left_child=2 -2 3 4 -1 7 -7 -6 9 12 11 -10 -8 14 15 16 -14 -18
right_child=1 -3 -4 -5 5 6 8 -9 10 -11 -12 -13 13 -15 -16 -17 17 -19
leaf_value=-6.2656231880187994 -13.198246631622318 46.626790466308591 -17.05715093612671 11.357165210587638 5.6239593446254741 -6.3795862197875977 -2.699560848871867 -0.27545582907540456 1.6193310737609867 -4.646686160564423 -1.9459020805358886 5.0914978027343745 -1.5987075424194304 0.91523770557509543 -2.5148036575317385 1.1445580327510834 -1.0444131071368854 0.6241365957260131
leaf_weight=5.9999999999999991 4.9999999999999982 5 5.9999999999999991 6.9999999999999991 4.9999999999999982 4.9999999999999991 5.9999999999999991 7 4.9999999999999982 7.9999999999999991 4.9999999999999991 5 5.0000000000000098 8.9999999999999982 4.9999999999999991 4.9999999999999991 5.9999999999999982 5
leaf_count=6 5 5 6 7 5 5 6 7 5 8 5 5 5 9 5 5 6 5
internal_value=0.560911 16.7143 -1.05442 -0.0329739 -0.949422 -0.555629 -1.03185 2.18263 -0.614057 -1.28825 1.58831 3.35541 -0.632946 -0.278669 -0.691945 -0.257931 -0.696208 -0.285981
internal_weight=110 10 100 94 87 81 69 12 64 49 15 10 41 35 26 21 16 11
internal_count=110 10 100 94 87 81 69 12 64 49 15 10 41 35 26 21 16 11
is_linear=0
shrinkage=0.05


Tree=135
num_leaves=18
num_cat=0
split_feature=0 7 0 1 4 6 6 1 1 4 7 3 4 0 3 3 4
split_gain=1.28746e+06 3.85974e+06 641650 334661 76608.5 37498.3 55489.2 81718.6 15452.5 30344.8 35746.5 6444.1 11042.3 9287 4177.39 2932.95 2471.43
threshold=77954.999999999985 0.14029013502643015 62016 31062.671928726599 1.8899163912421544 8.8564046125742681 5.7811278719123775 15719.604082849797 9442.0625753316071 2.5278384386296175 0.090753606681850285 5.5000000000000009 2.3696226992571545 21486.000000000011 3.5000000000000004 2.5000000000000004 2.7451911326668745
decision_type=2 2 2 2 2 2 2 2 2 2 2 2 2 2 2 2 2
left_child=2 -2 3 4 -1 6 -6 -8 11 -10 -11 12 13 -7 15 -14 -17
right_child=1 -3 -4 -5 5 8 7 -9 9 10 -12 -13 14 -15 -16 16 -18
leaf_value=-5.9523420492808023 49.587406005859386 -9.8944461504618317 -15.481305844443185 12.801306295394898 -1.5644341894558491 -2.8012477738516677 0.19610671997070317 8.8510903167724599 1.077519273757934 -5.2940126895904553 0.095239028930664049 1.532445583343506 0.59831790924072248 -0.12050789718826611 1.1714188948273654 -0.026745356122652688 -1.5318942975997922
leaf_weight=5.9999999999999991 4.9999999999999982 6 6.9999999999999991 4.9999999999999991 7.0000000000000027 6.9999999999999982 5.9999999999999982 5 6.0000000000000027 7.9999999999999982 5 4.9999999999999991 7.0000000000000009 6 8.0000000000000018 6 5
leaf_count=6 5 6 7 5 7 7 6 5 6 8 5 5 7 6 8 6 5
internal_value=0.914855 17.1428 -0.888246 0.222096 -0.500847 -0.0970328 1.91561 4.13019 -0.672075 -1.86373 -3.22122 -0.157498 -0.374158 -1.56398 0.220755 -0.201762 -0.710904
internal_weight=110 11 99 92 87 81 18 11 63 19 13 44 39 13 26 18 11
internal_count=110 11 99 92 87 81 18 11 63 19 13 44 39 13 26 18 11
is_linear=0
shrinkage=0.05


Tree=136
num_leaves=19
num_cat=0
split_feature=0 6 0 2 4 4 1 2 2 2 0 0 2 4 3 0 2 0
split_gain=1.16194e+06 3.48341e+06 579089 559467 92144.5 38621.4 88904.7 48976.4 42284.9 42131.8 69153.1 16330.7 9538.37 10154.9 10002.5 3654.19 5376.55 1217.57
threshold=77954.999999999985 10.191971975417099 62016 0.81097315501112854 1.8899163912421544 2.5450332819636068 15719.604082849797 0.52592071588983369 0.43149840856083482 0.2994101109548431 37401.000000000015 35195 0.27447364996027118 2.4420260066434127 4.5000000000000009 20369.499999999996 0.27702064154860279 11010.999999999998
decision_type=2 2 2 2 2 2 2 2 2 2 2 2 2 2 2 2 2 2
left_child=2 -2 3 4 -1 7 11 8 9 12 -11 15 13 14 -6 16 17 -7
right_child=1 -3 -4 -5 5 6 -8 -9 -10 10 -12 -13 -14 -15 -16 -17 -18 -19
leaf_value=-6.2247380052294048 -9.3997246106465671 47.108035278320308 -14.707241262708392 16.475386505126956 2.296742359797157 -0.73091061592101858 -7.7295558166503913 5.3206981611251836 -3.8022491455078127 0.14023081678897145 7.636023635864257 -3.0174774360656738 -2.2240647633870441 -1.8715232050418855 -0.40390300750732422 -1.0177942633628845 1.7140491644541425 0.37252456665039058
leaf_weight=6.9999999999999991 5.9999999999999982 5 6.9999999999999991 4.9999999999999991 6.0000000000000062 5.0000000000000124 4.9999999999999991 4.9999999999999991 5.9999999999999991 7.9999999999999982 5 4.9999999999999991 5.9999999999999991 4.9999999999999991 7.9999999999999991 4.9999999999999991 5.9999999999999991 5
leaf_count=7 6 5 7 5 6 5 5 5 6 8 5 5 6 5 8 5 6 5
internal_value=0.869112 16.2856 -0.843833 0.210991 -0.723744 -0.242407 -1.62361 0.631412 0.0985385 0.714452 3.02323 -0.449384 -0.486111 0.0627165 0.753516 0.162066 0.530773 -0.179193
internal_weight=110 11 99 92 87 80 31 49 44 38 13 26 25 19 14 21 16 10
internal_count=110 11 99 92 87 80 31 49 44 38 13 26 25 19 14 21 16 10
is_linear=0
shrinkage=0.05


Tree=137
num_leaves=18
num_cat=0
split_feature=0 7 4 1 0 4 1 1 4 7 1 0 7 5 0 2 0
split_gain=1.04865e+06 3.14378e+06 539619 1.50269e+06 454888 84139.7 168710 114540 77036.9 44351.9 82695 19025.4 15289.7 13452.2 8269.76 4852.34 1098.86
threshold=77954.999999999985 0.14029013502643015 2.1883376604767633 13956.18840917876 58162.500000000022 2.5450332819636068 22348.395371591363 15719.604082849797 2.0660216113510246 0.2165094734714553 12221.392818450666 20369.499999999996 0.17020059730283604 0.42201395357088417 21486.000000000011 0.27702064154860279 11010.999999999998
decision_type=2 2 2 2 2 2 2 2 2 2 2 2 2 2 2 2 2
left_child=2 -2 3 8 5 6 9 11 12 10 13 15 -1 -4 -15 16 -7
right_child=1 -3 4 -5 -6 7 -8 -9 -10 -11 -12 -13 -14 14 -16 -17 -18
leaf_value=-0.97729362487792848 44.752633666992196 -8.9297375996907533 0.94907993343141239 -31.760804257392888 12.506909292936326 -0.69436517715453971 9.1865836461385086 -8.2230649630228694 3.8498352368672695 -3.8336558659871423 6.7046723365783691 -2.3693643265300328 -4.5974355904119353 -3.159250259399415 -0.40595847467581425 1.6283466815948486 0.35389838218688963
leaf_weight=5.0000000000000053 4.9999999999999982 6 9.0000000000000089 4.9999999999999991 7.9999999999999991 5.0000000000000089 5.9999999999999991 5.9999999999999991 5.9999999999999991 5.9999999999999991 4.9999999999999991 8.9999999999999982 7 4.9999999999999982 6 5.9999999999999991 5
leaf_count=5 5 6 9 5 8 5 6 6 6 6 5 9 7 5 6 6 5
internal_value=0.825656 15.4713 -0.801642 -7.51189 1.22909 -0.09771 1.51218 -2.01919 -0.776084 0.0268111 0.953323 -0.530261 -3.08904 -0.484514 -1.65745 0.504234 -0.170233
internal_weight=110 11 99 23 76 68 37 31 18 31 25 25 12 20 11 16 10
internal_count=110 11 99 23 76 68 37 31 18 31 25 25 12 20 11 16 10
is_linear=0
shrinkage=0.05


Tree=138
num_leaves=18
num_cat=0
split_feature=6 1 6 3 1 1 4 1 1 5 1 1 5 2 1 1 1
split_gain=634256 3.4804e+06 3.33485e+06 498943 670602 456261 87913.9 110048 71948.2 54625.9 14857.4 14319.3 36518.2 4974.11 4056.36 1591.23 1305.69
threshold=10.191971975417099 52757.674236056024 10.737411773725453 1.5000000000000002 24205.677865591173 31062.671928726599 2.3193823819540831 16516.706392829426 15719.604082849797 0.53816252767130213 7607.5887173799301 9442.0625753316071 0.39439240646744306 0.28437702154139949 4405.9086795478224 6093.7564319131534 1580.3453037190059
decision_type=2 2 2 2 2 2 2 2 2 2 2 2 2 2 2 2 2
left_child=1 5 -2 -4 11 6 7 9 -8 10 -1 13 -13 14 16 -16 -5
right_child=2 -3 3 4 -6 -7 8 -9 -10 -11 -12 12 -14 -15 15 -17 -18
leaf_value=-0.56744478770664708 32.218068785137596 -43.07729804992676 -12.156785321235658 0.20692945957183811 18.660808029174806 15.261963195800782 -0.43109309938218865 -9.3485119056701667 7.049530029296875 -5.3009228229522707 3.0011581409722563 -4.1836826443672193 1.2634329128265378 -1.0677710602680841 1.6904551887512209 0.42901736639440052 -0.93573931932449339
leaf_weight=7.0000000000000053 8.9999999999999982 4.9999999999999991 7.9999999999999991 5.0000000000000053 4.9999999999999991 4.9999999999999991 8.9999999999999982 4.9999999999999991 4.9999999999999991 4.9999999999999991 5 7.9999999999999982 5 8.9999999999999982 4.9999999999999982 5 5
leaf_count=7 9 5 8 5 5 5 9 5 5 5 5 8 5 9 5 5 5
internal_value=0.784374 -3.69396 4.00318 -0.613803 1.35096 1.10888 -0.856825 -2.82789 2.24056 -0.910055 0.919473 -0.709736 -2.08864 -0.0916078 0.347666 1.05974 -0.364405
internal_weight=110 46 64 55 47 41 36 22 14 17 12 42 13 29 20 10 10
internal_count=110 46 64 55 47 41 36 22 14 17 12 42 13 29 20 10 10
is_linear=0
shrinkage=0.05


Tree=139
num_leaves=17
num_cat=0
split_feature=6 1 6 3 1 1 2 6 1 1 1 5 2 1 1 1
split_gain=572416 3.14106e+06 3.0097e+06 450296 605219 411776 80250.9 114171 104960 18182.3 12923.2 32957.7 4489.14 3660.86 1436.08 1178.39
threshold=10.191971975417099 52757.674236056024 10.737411773725453 1.5000000000000002 24205.677865591173 31062.671928726599 0.32534461537208209 6.6798556851379809 11399.273390776547 6411.94674379548 9442.0625753316071 0.39439240646744306 0.28437702154139949 4405.9086795478224 6093.7564319131534 1580.3453037190059
decision_type=2 2 2 2 2 2 2 2 2 2 2 2 2 2 2 2
left_child=1 5 -2 -4 10 6 8 -8 9 -1 12 -12 13 15 -15 -5
right_child=2 -3 3 4 -6 -7 7 -9 -10 -11 11 -13 -14 14 -16 -17
leaf_value=-1.8701205492019648 30.607165829340619 -40.923432104587562 -11.548946237564088 0.19658298730850196 17.72776763916016 14.498865051269531 -2.1011875078082087 6.6426146371023993 -7.8082004683358335 1.7710275411605836 -3.9744985818862926 1.200261116027832 -1.014382565021515 1.6059324455261235 0.40756650030612945 -0.8889523649215697
leaf_weight=8.0000000000000018 8.9999999999999982 4.9999999999999991 7.9999999999999991 5.0000000000000053 4.9999999999999991 4.9999999999999991 7.9999999999999982 7 6.9999999999999991 5.9999999999999991 7.9999999999999982 5 8.9999999999999982 4.9999999999999982 5 5
leaf_count=8 9 5 8 5 5 5 8 7 7 6 8 5 9 5 5 5
internal_value=0.745155 -3.50927 3.80302 -0.583113 1.28341 1.05344 -0.813983 1.97925 -2.80915 -0.309629 -0.674249 -1.98421 -0.0870274 0.330282 1.00675 -0.346185
internal_weight=110 46 64 55 47 41 36 15 21 14 42 13 29 20 10 10
internal_count=110 46 64 55 47 41 36 15 21 14 42 13 29 20 10 10
is_linear=0
shrinkage=0.05


Tree=140
num_leaves=17
num_cat=0
split_feature=2 0 2 1 1 6 0 1 3 4 1 1 0 6 2 4
split_gain=2.88806e+06 3.71777e+06 411909 721067 39727.9 36270.2 117165 14115.8 14338.1 14805.8 8596.9 22278.5 3886.74 4974.47 2744.18 1610.85
threshold=0.63546820154915784 58162.500000000022 0.52592071588983369 24205.677865591173 16516.706392829426 8.0258522432096608 33369.000000000007 5451.4444842065941 2.5000000000000004 2.6272356579924998 12221.392818450666 8587.5259268539885 11010.999999999998 13.274265526549931 0.24472592425180703 2.7451911326668745
decision_type=2 2 2 2 2 2 2 2 2 2 2 2 2 2 2 2
left_child=2 -2 3 4 5 6 -1 12 -9 10 11 14 15 -14 -10 -7
right_child=1 -3 -4 -5 -6 7 -8 8 9 -11 -12 -13 13 -15 -16 -17
leaf_value=-1.5090847551822666 0.39946185747782398 58.777170944213857 -10.957333374023438 15.210162973403932 -3.8633583068847659 0.34560348033905014 8.2477699279785153 -3.7365726089477542 -1.8052745723724339 0.87004710899459003 0.35942070484161381 -4.5076631943384804 -0.15280038833618168 1.982598861058553 -0.34432984458075633 -0.86955455144246407
leaf_weight=7.9999999999999982 5.9999999999999982 5 7.9999999999999991 7.9999999999999991 7.9999999999999991 5.0000000000000018 5 4.9999999999999991 5.0000000000000062 8.9999999999999982 4.9999999999999991 5.9999999999999991 4.9999999999999982 6 8.9999999999999982 6
leaf_count=8 6 5 8 8 8 5 5 5 5 9 5 6 5 6 9 6
internal_value=2.64202 26.9348 -0.0847187 0.881736 -0.516159 -0.1543 2.24355 -0.665318 -1.23658 -0.868935 -1.49497 -1.95857 0.347376 1.01196 -0.866096 -0.31721
internal_weight=109 11 98 90 82 74 13 61 39 34 25 20 22 11 14 11
internal_count=109 11 98 90 82 74 13 61 39 34 25 20 22 11 14 11
is_linear=0
shrinkage=0.05


Tree=141
num_leaves=17
num_cat=0
split_feature=2 0 2 1 1 6 0 1 2 2 1 1 4 0 2 4
split_gain=2.60648e+06 3.35529e+06 371748 650763 35854.4 32733.8 105741 12739.5 8731.29 19570 36406.6 18612 7567.32 3507.78 4737.66 1453.79
threshold=0.63546820154915784 58162.500000000022 0.52592071588983369 24205.677865591173 16516.706392829426 8.0258522432096608 33369.000000000007 5451.4444842065941 0.27702064154860279 0.43149840856083482 10621.309512456515 6093.7564319131534 2.6272356579924998 11010.999999999998 0.24472592425180703 2.7451911326668745
decision_type=2 2 2 2 2 2 2 2 2 2 2 2 2 2 2 2
left_child=2 -2 3 4 5 6 -1 13 11 10 -10 -9 -13 15 -15 -7
right_child=1 -3 -4 -5 -6 7 -8 8 9 -11 -12 12 -14 14 -16 -17
leaf_value=-1.4336305439472201 0.37948857943216968 55.838312187194816 -10.40946657061577 14.44965479373932 -3.6701902329921725 0.32832329511642439 7.8353816223144523 -3.1448772335052468 -0.91343465149402592 0.67554846763610843 -6.3522214126586922 -0.73738517463207254 1.4373733825981618 2.098065338134766 0.014114157358805338 -0.82607687314351397
leaf_weight=7.9999999999999982 5.9999999999999982 5 7.9999999999999991 7.9999999999999991 7.9999999999999991 5.0000000000000018 5 5.0000000000000027 8.0000000000000018 4.9999999999999991 4.9999999999999991 7.9999999999999991 7.9999999999999991 4.9999999999999982 6 6
leaf_count=8 6 5 8 8 8 5 5 5 8 5 5 8 8 5 6 6
internal_value=2.50992 25.588 -0.0804827 0.837649 -0.490351 -0.146585 2.13137 -0.632052 -1.17475 -1.98282 -3.00528 -0.482118 0.349994 0.330008 0.961365 -0.30135
internal_weight=109 11 98 90 82 74 13 61 39 18 13 21 16 22 11 11
internal_count=109 11 98 90 82 74 13 61 39 18 13 21 16 22 11 11
is_linear=0
shrinkage=0.05


Tree=142
num_leaves=17
num_cat=0
split_feature=2 0 2 1 1 7 0 1 3 4 1 1 0 7 2 4
split_gain=2.35235e+06 3.02815e+06 335503 587314 32358.6 29542.3 95431.3 11497.4 12759.7 12764.4 7714.8 20018.6 3165.77 4276.82 2131.8 1312.04
threshold=0.63546820154915784 58162.500000000022 0.52592071588983369 24205.677865591173 16516.706392829426 0.20086655430696435 33369.000000000007 5451.4444842065941 2.5000000000000004 2.6272356579924998 12221.392818450666 8587.5259268539885 11010.999999999998 0.07366083498123159 0.24472592425180703 2.7451911326668745
decision_type=2 2 2 2 2 2 2 2 2 2 2 2 2 2 2 2
left_child=2 -2 3 4 5 7 -7 12 -9 10 11 14 15 -14 -10 -1
right_child=1 -3 -4 -5 -6 6 -8 8 9 -11 -12 -13 13 -15 -16 -17
leaf_value=0.31190713644027696 0.36051392555236822 53.046396942138671 -9.8889929175376903 13.727171969413758 -3.4866807818412782 -1.3619489811360839 7.4436123657226547 -3.4743859863281252 -1.5818418884277321 0.84545956585142346 0.4062086963653565 -4.2059934933980312 1.8132981618245445 -0.16670560836791992 -0.2941815005408393 -0.78477307955423981
leaf_weight=5.0000000000000018 5.9999999999999982 5 7.9999999999999991 7.9999999999999991 7.9999999999999991 7.9999999999999982 5 4.9999999999999991 5.0000000000000062 8.9999999999999982 4.9999999999999991 5.9999999999999991 5.9999999999999982 5 8.9999999999999982 6
leaf_count=5 6 5 8 8 8 8 5 5 5 9 5 6 6 5 9 6
internal_value=2.38442 24.3086 -0.0764586 0.795767 -0.465834 -0.139256 2.02481 -0.600449 -1.11601 -0.769195 -1.35047 -1.78964 0.313507 0.913296 -0.75406 -0.286282
internal_weight=109 11 98 90 82 74 13 61 39 34 25 20 22 11 14 11
internal_count=109 11 98 90 82 74 13 61 39 34 25 20 22 11 14 11
is_linear=0
shrinkage=0.05


Tree=143
num_leaves=16
num_cat=0
split_feature=2 0 2 1 1 1 2 5 1 2 0 6 2 0 3
split_gain=2.12299e+06 2.7329e+06 302791 530051 29203.6 27939.3 69528 15488.4 7560.45 7979.13 12464.7 8604.1 13556 7859.23 2832.9
threshold=0.63546820154915784 58162.500000000022 0.52592071588983369 24205.677865591173 16516.706392829426 12221.392818450666 0.41711654529755943 0.5184683316555917 5052.4392740799294 0.28437702154139949 19519.500000000011 13.043294761977926 0.23674119032890859 14717.500000000004 2.5000000000000004
decision_type=2 2 2 2 2 2 2 2 2 2 2 2 2 2 2
left_child=2 -2 3 4 5 7 -7 8 13 11 -11 12 -10 14 -1
right_child=1 -3 -4 -5 -6 6 -8 -9 9 10 -12 -13 -14 -15 -16
leaf_value=0.85631710052490184 0.34248862266540536 50.394077453613278 -9.394543480873109 13.040813326835632 -3.3123468160629272 6.5473372626304638 -1.4360220909118651 -3.2083874702453614 -2.1219254440731454 0.060499771436055505 -2.9542676091194155 1.3161091089248658 0.62236145701673307 2.2114159584045412 -0.62805656592051196
leaf_weight=5.0000000000000027 5.9999999999999982 5 7.9999999999999991 7.9999999999999991 7.9999999999999991 4.9999999999999982 6 4.9999999999999991 9.0000000000000053 5.9999999999999991 7.9999999999999991 6.9999999999999991 8.9999999999999982 4.9999999999999991 8.9999999999999982
leaf_count=5 6 5 8 8 8 5 6 5 9 6 8 7 9 5 9
internal_value=2.2652 23.0932 -0.0726357 0.755978 -0.442542 -0.132293 2.19278 -0.538258 -0.308074 -0.706524 -1.66222 -0.171332 -0.749782 0.509798 -0.0979231
internal_weight=109 11 98 90 82 74 11 63 58 39 14 25 18 19 14
internal_count=109 11 98 90 82 74 11 63 58 39 14 25 18 19 14
is_linear=0
shrinkage=0.05


Tree=144
num_leaves=18
num_cat=0
split_feature=1 6 1 1 4 0 1 7 1 1 6 7 3 4 5 7 1
split_gain=1.82696e+06 206564 682605 378877 131773 254617 88989.9 43639.2 105643 21217.3 12405.2 11537.8 6843.02 8395.55 5160.13 2275.08 1484.49
threshold=52757.674236056024 9.4306243500006861 31062.671928726599 27797.939671950877 2.8480664780767246 46235.500000000007 16516.706392829426 0.31484733852736624 15719.604082849797 11399.273390776547 10.883215456439848 0.13023781247678756 3.5000000000000004 2.6969315988360472 0.30656309121883385 0.097445459401076309 7607.5887173799301
decision_type=2 2 2 2 2 2 2 2 2 2 2 2 2 2 2 2 2
left_child=1 2 7 4 6 14 10 8 9 -1 11 -3 13 -12 -6 16 -14
right_child=-2 3 -4 -5 5 -7 -8 -9 -10 -11 12 -13 15 -15 -16 -17 -18
leaf_value=1.0552210705620892 26.861891610281813 -3.9235076904296884 20.673265075683595 -14.410260887145995 -1.6326849365234377 13.161561920642853 -7.7593305206298826 -2.1943104035324521 6.4877906918525703 -2.9967085480689999 -0.069472914934158289 -0.5267750787734985 0.51326836943626375 -2.6812505960464481 0.54219958782196043 1.1361094202314106 -0.65325770378112791
leaf_weight=7.0000000000000053 6.9999999999999991 4.9999999999999982 4.9999999999999991 4.9999999999999991 4.9999999999999982 4.9999999999999991 4.9999999999999991 8.9999999999999982 7.9999999999999991 6 8.0000000000000018 5 6.0000000000000018 4.9999999999999991 6 6.9999999999999991 5
leaf_count=7 7 5 5 5 5 5 5 9 8 6 8 5 6 5 6 7 5
internal_value=2.15194 0.456161 3.56932 -1.17012 -0.102362 3.8061 -1.46183 0.718661 1.96708 -0.8149 -0.693838 -2.22514 -0.199869 -1.074 -0.446384 0.431449 -0.0169708
internal_weight=109 102 35 67 62 16 46 30 21 13 41 10 31 13 11 18 11
internal_count=109 102 35 67 62 16 46 30 21 13 41 10 31 13 11 18 11
is_linear=0
shrinkage=0.05


Tree=145
num_leaves=19
num_cat=0
split_feature=3 0 7 0 0 1 0 7 0 4 6 3 1 0 1 0 4 2
split_gain=475757 1.18695e+06 1.45472e+06 818936 472565 336398 39966.2 37634.9 71313.6 53379.5 23117.3 19909.3 16402.9 6603.09 6443.04 6233.92 5711.79 3568.38
threshold=1.5000000000000002 77954.999999999985 0.14610001537467651 66429.000000000015 35195 31062.671928726599 33369.000000000007 0.097445459401076309 45841.500000000007 2.4420260066434127 12.377843983455618 5.5000000000000009 5166.7437459527355 27800.999999999996 5166.7437459527355 23817.000000000018 1.9905416946811754 0.27702064154860279
decision_type=2 2 2 2 2 2 2 2 2 2 2 2 2 2 2 2 2 2
left_child=4 3 -3 5 -1 6 10 -8 -9 -10 11 12 -2 14 17 -14 -13 -12
right_child=1 2 -4 -5 -6 -7 7 8 9 -11 13 16 15 -15 -16 -17 -18 -19
leaf_value=0.55046836853027359 -0.39942680994669577 36.550283813476568 -1.590459723472595 -18.509515007336937 -21.188088359832761 12.008359718322755 -1.4080639421939845 7.7676409912109321 -2.1580682890755791 4.6060936558246608 -0.25366460747188974 -1.1008054494857791 -4.3429836485120967 1.8332197141647339 -1.7496284770965578 -2.4247181415557861 1.187383323907852 1.4122913932800294
leaf_weight=4.9999999999999982 6.0000000000000027 4.9999999999999982 5 5.9999999999999991 5 5.9999999999999991 8.0000000000000018 5.0000000000000027 6.9999999999999982 5 9.0000000000000053 5.9999999999999982 9.0000000000000018 4.9999999999999991 4.9999999999999991 7.9999999999999991 5 4.9999999999999991
leaf_count=5 6 5 5 6 5 6 8 5 7 5 9 6 9 5 5 8 5 5
internal_value=0.102166 1.09464 17.4799 -0.630125 -10.3188 0.575227 -0.251265 1.41991 2.75072 0.660333 -0.971597 -1.81027 -2.64701 0.216518 -0.20893 -3.44027 -0.0607196 0.34132
internal_weight=115 105 10 95 10 89 83 25 17 12 58 34 23 24 19 17 11 14
internal_count=115 105 10 95 10 89 83 25 17 12 58 34 23 24 19 17 11 14
is_linear=0
shrinkage=0.05


Tree=146
num_leaves=20
num_cat=0
split_feature=3 4 0 0 7 0 1 0 2 2 7 4 7 3 0 4 0 4 7
split_gain=429371 1.10119e+06 1.91702e+06 894532 1.40707e+06 426490 300462 55692.8 56795.8 31295.2 20278.6 24737 12257.3 9071.15 5877.16 5154.89 2656.29 4531.74 1922.84
threshold=1.5000000000000002 2.8480664780767246 66429.000000000015 66429.000000000015 0.17020059730283604 35195 31062.671928726599 33369.000000000007 0.32534461537208209 0.2566042183329999 0.08708707792479202 2.4709768464156912 0.05467668294401349 5.5000000000000009 18132.499999999996 1.9905416946811754 21486.000000000011 2.6767405536233917 0.15165859421828662
decision_type=2 2 2 2 2 2 2 2 2 2 2 2 2 2 2 2 2 2 2
left_child=5 3 12 6 -5 -1 7 10 9 -9 16 13 -3 14 -12 -15 17 -2 -16
right_child=1 2 -4 4 -6 -7 -8 8 -10 -11 11 -13 -14 15 18 -17 -18 -19 -20
leaf_value=0.52294494628906263 -0.94776830673217738 -2.0400681972503665 35.459750111897783 3.5351126098632819 -33.975827326774592 -20.12868409156799 11.407941754659017 1.8410902857780451 5.2561733722686768 -3.2014640903472902 -0.54838830947875938 -4.4968901361737936 1.4609715175628661 -1.0457652330398561 -1.9545485925674442 1.1280141109228132 1.0621087312698365 0.97109472274780273 -3.3412129211425778
leaf_weight=4.9999999999999982 8.0000000000000018 4.9999999999999982 5.9999999999999991 4.9999999999999982 5 5 5.9999999999999991 8.0000000000000018 7.9999999999999991 4.9999999999999991 5.0000000000000027 6.9999999999999991 5 5.9999999999999982 4.9999999999999982 5 5.9999999999999991 4.9999999999999991 5
leaf_count=5 8 5 6 5 5 5 6 8 8 5 5 7 5 6 5 5 6 5 5
internal_value=0.097058 1.03991 13.1164 -1.13115 -15.2204 -9.80287 0.65229 -0.231736 1.94147 -0.0983537 -1.10938 -1.85859 -0.289548 -1.14828 -1.94805 -0.0576837 0.191894 -0.209744 -2.64788
internal_weight=115 105 16 89 10 10 79 73 21 13 52 33 10 26 15 11 19 13 10
internal_count=115 105 16 89 10 10 79 73 21 13 52 33 10 26 15 11 19 13 10
is_linear=0
shrinkage=0.05


Tree=147
num_leaves=18
num_cat=0
split_feature=4 1 6 1 0 0 1 0 0 4 1 6 4 4 4 1 1
split_gain=403017 814582 277278 464207 411072 70162.8 19927.5 19769.6 64992 18149.2 10176.7 6937.77 9398.18 3165.98 2969.36 3121.72 2292.35
threshold=1.8899163912421544 52757.674236056024 9.1127472625752919 29628.349800647582 70868.500000000015 50610.999999999993 10621.309512456515 46235.500000000007 33369.000000000007 2.8480664780767246 9024.029416178264 13.043294761977926 2.1883376604767633 2.3481496299525113 3.1962238028246612 1926.3337192909112 5166.7437459527355
decision_type=2 2 2 2 2 2 2 2 2 2 2 2 2 2 2 2 2
left_child=-1 2 3 7 5 6 10 8 -2 -8 11 12 -4 -14 15 -13 -17
right_child=1 -3 4 -5 -6 -7 9 -9 -10 -11 -12 14 13 -15 -16 16 -18
leaf_value=11.718618851048607 -0.92462990369115483 -16.013907623291015 0.68257055282592738 16.015567834036691 -13.539396413167319 5.2760331471761077 -4.1705973307291675 -1.1582749962806702 6.539111862182617 -0.091774024963378886 1.9641420205434164 -0.84127661500658224 -2.6967497348785403 -1.0928931772708894 1.2782365798950197 1.3082366323471071 -0.056511089205741882
leaf_weight=6.9999999999999991 7.0000000000000053 7.9999999999999991 6.0000000000000027 6.9999999999999991 5.9999999999999991 5.9999999999999991 5.9999999999999982 6.9999999999999991 5 5 5.9999999999999991 7.0000000000000062 4.9999999999999991 7.9999999999999991 5.9999999999999991 4.9999999999999991 7.9999999999999991
leaf_count=7 7 8 6 7 6 6 6 7 5 5 6 7 5 8 6 5 8
internal_value=0.0922052 -0.661359 0.566845 5.00862 -0.993779 0.113187 -0.386443 0.953433 2.18526 -2.31659 0.0298619 -0.228042 -0.954288 -1.70976 0.302676 0.0100079 0.468392
internal_weight=115 108 100 26 74 68 62 19 12 11 51 45 19 13 26 20 13
internal_count=115 108 100 26 74 68 62 19 12 11 51 45 19 13 26 20 13
is_linear=0
shrinkage=0.05


Tree=148
num_leaves=20
num_cat=0
split_feature=6 1 6 0 1 1 1 7 6 1 4 4 1 0 4 0 4 0 1
split_gain=417223 3.92479e+06 1.72842e+06 3.16632e+06 1.18074e+06 584903 244512 65133.8 63026.2 75507.7 31433.9 8745.37 5859.33 7480.11 6099.22 5202.33 3806.03 4583.82 2738.29
threshold=9.8202207392153866 52757.674236056024 10.737411773725453 30461.999999999993 31062.671928726599 31062.671928726599 24205.677865591173 0.15165859421828662 6.6798556851379809 15719.604082849797 2.1234392662738975 2.4246638699485072 10621.309512456515 33369.000000000007 2.7535771856059377 11010.999999999998 2.2516050081241255 12372.000000000005 5746.7049674573136
decision_type=2 2 2 2 2 2 2 2 2 2 2 2 2 2 2 2 2 2 2
left_child=1 5 3 -2 6 7 12 -1 10 11 -9 -10 13 14 16 -16 -4 -18 -19
right_child=2 -3 4 -5 -6 -7 -8 8 9 -11 -12 -13 -14 -15 15 -17 17 18 -20
leaf_value=-6.0012975883483897 -1.9690011841910229 -45.453289337158203 0.72865377426147415 50.126939010620106 -24.312618408203125 17.606446990966798 11.607695503234865 -0.31501964603861166 0.92818599541981972 6.6141819636027028 -5.6829250335693358 -1.9031713986396785 -1.1441910213894315 1.8957988421122236 -0.14223721822102867 1.939894946416219 0.16950338397707251 -2.3313975334167485 -0.74706704417864467
leaf_weight=4.9999999999999991 6.9999999999999982 4.9999999999999991 5.0000000000000027 5 4.9999999999999991 4.9999999999999991 4.9999999999999991 6.0000000000000018 6.0000000000000018 5.9999999999999991 5 5 8.9999999999999982 5.9999999999999991 5.9999999999999982 6 7.0000000000000027 4.9999999999999982 6
leaf_count=5 7 5 5 5 5 5 5 6 6 6 5 5 9 6 6 6 7 5 6
internal_value=0.0875948 -3.80947 2.41501 19.7376 -1.04952 1.66998 1.06531 -0.744633 0.194057 2.10226 -2.75498 -0.358795 0.0110685 0.264662 -0.0149615 0.898829 -0.491722 -0.830715 -1.46722
internal_weight=115 43 72 12 60 38 55 33 28 17 11 11 50 41 35 12 23 18 11
internal_count=115 43 72 12 60 38 55 33 28 17 11 11 50 41 35 12 23 18 11
is_linear=0
shrinkage=0.05


Tree=149
num_leaves=21
num_cat=0
split_feature=6 1 2 1 0 1 7 6 2 1 4 0 0 1 4 2 4 2 4 4
split_gain=376544 3.54212e+06 1.66823e+06 527875 191001 148954 58783.3 56881.2 124698 35901.9 28369.1 9162.57 11982.1 7840.98 4908.52 10931.2 2268.52 5556.33 6719.71 2252.6
threshold=9.8202207392153866 52757.674236056024 0.63546820154915784 31062.671928726599 70868.500000000015 16516.706392829426 0.15165859421828662 6.6798556851379809 0.3433574889033712 10621.309512456515 2.1234392662738975 33369.000000000007 29848.500000000004 11399.273390776547 2.7535771856059377 0.2079265850607315 2.1883376604767633 0.22605089977735515 2.3481496299525113 2.6272356579924998
decision_type=2 2 2 2 2 2 2 2 2 2 2 2 2 2 2 2 2 2 2 2
left_child=1 3 4 6 5 9 -1 10 13 11 -8 12 14 -9 16 -16 -2 -18 -19 -20
right_child=2 -3 -4 -5 -6 -7 7 8 -10 -11 -12 -13 -14 -15 15 -17 17 18 19 -21
leaf_value=-5.7012322616577151 0.57624007225036589 -43.180626831054695 23.820915293693545 16.726124877929688 -9.7795099639892591 7.8653485854466751 -0.29926880849525322 0.51103596687316866 8.6312380218505869 -4.4787603759765622 -5.3987788772582999 1.8010088443756105 -2.585155875682831 -2.0451623397568861 -0.9316812896728518 2.1292935269219533 0.82899047613143861 -2.5922745728492735 0.4031045436859132 -1.0977632188796995
leaf_weight=4.9999999999999991 5.0000000000000027 4.9999999999999991 7.9999999999999991 4.9999999999999991 4.9999999999999991 5.9999999999999991 6.0000000000000018 6.0000000000000018 4.9999999999999991 4.9999999999999991 5 5.9999999999999991 4.9999999999999991 6 4.9999999999999982 7 5.0000000000000027 4.9999999999999991 4.9999999999999982 5
leaf_count=5 5 5 8 5 5 6 6 6 5 5 5 6 5 6 5 7 5 5 5 5
internal_value=0.083215 -3.61899 2.29426 1.58648 -0.396576 0.398588 -0.707401 0.184354 1.99714 -0.446706 -2.61723 -0.0266998 -0.287801 -0.767063 0.0226523 0.853887 -0.376341 -0.614486 -1.09564 -0.347329
internal_weight=115 43 72 38 64 59 33 28 17 53 11 48 42 12 37 12 25 20 15 10
internal_count=115 43 72 38 64 59 33 28 17 53 11 48 42 12 37 12 25 20 15 10
is_linear=0
shrinkage=0.05


Tree=150
num_leaves=19
num_cat=0
split_feature=6 1 1 4 0 0 4 0 1 0 1 6 1 3 6 0 6 5
split_gain=396661 3.10246e+06 1.88753e+06 225891 587039 224548 198932 411309 253552 111853 52155.2 27362.5 24286.9 13445.9 10669 9163.52 7057.67 4338.58
threshold=9.8202207392153866 52757.674236056024 39566.250451175925 2.3193823819540831 54773.500000000007 43685.500000000007 2.8480664780767246 48227.499999999993 17549.64770584663 46235.500000000007 12221.392818450666 12.204789657770361 8587.5259268539885 1.5000000000000002 13.491940612647864 24627.000000000004 15.389639996462732 0.43118641632164573
decision_type=2 2 2 2 2 2 2 2 2 2 2 2 2 2 2 2 2 2
left_child=1 3 6 5 9 10 8 13 11 -5 15 12 17 -8 -13 -1 -16 -2
right_child=2 -3 -4 4 -6 -7 7 -9 -10 -11 -12 14 -14 -15 16 -17 -18 -19
leaf_value=-3.26585444450378 -1.7602945137023931 -41.02159492492676 31.756554565429692 1.8690600991249078 16.162116977146692 -11.102638053894044 1.2078035306930537 16.296261482238773 -12.741210174560548 -7.6640588891506205 4.473829984664917 2.1299065044948025 -4.7426662524541223 -2.1870512894221714 -1.5389037211736047 -0.36759679093956943 0.88625448147455854 0.32263090541586276
leaf_weight=5.0000000000000053 4.9999999999999982 4.9999999999999991 4.9999999999999991 8.0000000000000018 6.9999999999999991 5.9999999999999991 5.0000000000000018 4.9999999999999991 4.9999999999999991 4.9999999999999991 4.9999999999999991 7.0000000000000027 5.9999999999999991 7 5.9999999999999982 6 6 5
leaf_count=5 5 5 5 8 7 6 5 5 5 5 5 7 6 7 6 6 6 5
internal_value=-0.325557 -3.78984 2.30059 0.642511 4.48835 -2.85371 -0.283262 4.2477 -2.20892 -1.79752 0.239644 -0.70431 -2.22777 -0.772528 0.578603 -1.68499 -0.326325 -0.718832
internal_weight=109 47 62 42 20 22 57 17 40 13 16 35 16 12 19 11 12 10
internal_count=109 47 62 42 20 22 57 17 40 13 16 35 16 12 19 11 12 10
is_linear=0
shrinkage=0.05


Tree=151
num_leaves=17
num_cat=0
split_feature=3 0 7 1 0 4 7 7 2 1 4 3 7 7 7 0
split_gain=409210 1.27287e+06 1.02383e+06 694841 232370 37392.8 34035.5 31553.4 109031 28763.8 66437 3910.21 9381.04 4063.74 4663.24 2456.79
threshold=1.5000000000000002 77954.999999999985 0.14610001537467651 33902.646891508019 62016 1.8899163912421544 0.17020059730283604 0.36171664427398059 0.3433574889033712 9442.0625753316071 2.5278384386296175 5.5000000000000009 0.090753606681850285 0.058358282577577782 0.046060019652292908 19519.500000000011
decision_type=2 2 2 2 2 2 2 2 2 2 2 2 2 2 2 2
left_child=-1 3 -3 4 5 -2 9 8 -8 11 -11 12 13 14 -7 -14
right_child=1 2 -4 -5 -6 6 7 -9 -10 10 -12 -13 15 -15 -16 -17
leaf_value=-10.521223908000522 -3.9986678123474122 33.531710205078134 1.5343924331665038 -17.708814144134521 10.35677734375 0.50785491807120164 -1.1854017291218037 -1.991332664489746 7.7309572855631519 1.17394388516744 -5.6184633466932512 0.99451110601425174 -0.76772407531738296 1.1253829513277327 -1.3917399883270263 -2.2188683669481959
leaf_weight=8.9999999999999982 7.9999999999999991 4.9999999999999982 5 5.9999999999999991 4.9999999999999991 7.0000000000000018 8.0000000000000018 4.9999999999999991 5.9999999999999991 5.9999999999999991 8.9999999999999982 4.9999999999999991 4.9999999999999982 6.9999999999999991 6 7
leaf_count=9 8 5 5 6 5 7 8 5 6 6 9 5 5 7 6 7
internal_value=-0.309279 0.609796 17.5331 -1.27057 -0.0964049 -0.757999 -0.392853 1.4182 2.63589 -1.05459 -2.9015 -0.305836 -0.509015 0.154111 -0.368881 -1.61422
internal_weight=109 100 10 90 84 79 71 19 14 52 15 37 32 20 13 12
internal_count=109 100 10 90 84 79 71 19 14 52 15 37 32 20 13 12
is_linear=0
shrinkage=0.05


Tree=152
num_leaves=17
num_cat=0
split_feature=4 0 0 1 0 0 1 6 4 6 1 4 0 1 0 4
split_gain=373288 1.77328e+06 902254 878305 118078 65948.9 119780 113049 34322.4 39388.3 33516.5 3635.12 8886.33 4061.57 5159.46 1528.32
threshold=3.0121539584389425 77954.999999999985 66429.000000000015 24205.677865591173 54773.500000000007 46235.500000000007 15719.604082849797 8.8564046125742681 1.8899163912421544 7.1676944068471782 9442.0625753316071 2.3696226992571545 24627.000000000004 6411.94674379548 19519.500000000011 3.2626666860657543
decision_type=2 2 2 2 2 2 2 2 2 2 2 2 2 2 2 2
left_child=1 2 4 15 5 6 8 -7 -1 -10 11 12 -11 14 -13 -2
right_child=3 -3 -4 -5 -6 7 -8 -9 9 10 -12 13 -14 -15 -16 -17
leaf_value=-4.6589901065826416 1.5547219467163089 23.391416394710543 -21.832580909729003 -24.729111475944521 6.2598608289446149 -9.626605978012087 6.2282797949654718 1.0058527755737303 3.1672786457198008 -1.9001744641198046 -4.043861661638533 0.56426405111948608 0.39010982513427739 1.4050268554687502 -1.2456663131713868 0.31846965789794918
leaf_weight=4.9999999999999991 4.9999999999999982 7.9999999999999991 4.9999999999999991 4.9999999999999991 6.9999999999999991 4.9999999999999982 6.9999999999999991 5 6.9999999999999991 9.0000000000000018 6.9999999999999991 9.0000000000000053 7.9999999999999991 4.9999999999999991 6.9999999999999991 5
leaf_count=5 5 8 5 5 7 5 7 5 7 9 7 9 8 5 7 5
internal_value=-0.293815 0.87504 -1.21951 -7.61864 0.0529055 -0.534239 0.0557825 -4.31038 -0.702243 -0.321787 -0.864531 -0.278864 -0.822394 0.161136 -0.22758 0.936596
internal_weight=109 94 86 15 81 74 64 10 57 52 45 38 17 21 16 10
internal_count=109 94 86 15 81 74 64 10 57 52 45 38 17 21 16 10
is_linear=0
shrinkage=0.05


Tree=153
num_leaves=19
num_cat=0
split_feature=6 1 1 4 0 0 4 0 1 7 1 6 1 3 7 0 6 5
split_gain=364035 2.7681e+06 1.65877e+06 202449 502001 213475 197015 358614 251556 98831 43710.6 22084.4 19475.2 17507.6 8719.54 7588.32 5573.88 3636.4
threshold=9.8202207392153866 52757.674236056024 39566.250451175925 2.3193823819540831 54773.500000000007 43685.500000000007 2.8480664780767246 48227.499999999993 17549.64770584663 0.2165094734714553 12221.392818450666 12.204789657770361 8587.5259268539885 1.5000000000000002 0.067318377819845662 24627.000000000004 15.389639996462732 0.43118641632164573
decision_type=2 2 2 2 2 2 2 2 2 2 2 2 2 2 2 2 2 2
left_child=1 3 6 5 9 10 8 13 11 -5 15 12 17 -8 16 -1 -13 -2
right_child=2 -3 -4 4 -6 -7 7 -9 -10 -11 -12 14 -14 -15 -16 -17 -18 -19
leaf_value=-2.9054325294494596 -1.5741035270690922 -38.76622961997986 29.850076293945314 3.1257441441218048 15.024829452378411 -10.763978703816733 1.8956643486022942 15.57388397216797 -12.592617340087891 -5.6193332127162385 4.1713807678222663 -1.34632995724678 -4.2238984743754067 -1.978164482116699 1.9517877646854946 -0.26801725327968595 0.80887278715769451 0.33283014774322506
leaf_weight=5.0000000000000053 4.9999999999999982 4.9999999999999991 4.9999999999999991 6.0000000000000018 6.9999999999999991 5.9999999999999991 5.0000000000000018 4.9999999999999991 4.9999999999999991 7 4.9999999999999991 6.0000000000000018 5.9999999999999991 7 6.9999999999999991 6 6 5
leaf_count=5 5 5 5 6 7 6 5 5 5 7 5 6 6 7 7 6 6 5
internal_value=-0.279124 -3.59788 2.23671 0.588826 4.22965 -2.72101 -0.185517 4.32356 -2.10188 -1.58314 0.295102 -0.6032 -1.97186 -0.364069 0.549356 -1.46684 -0.268729 -0.620637
internal_weight=109 47 62 42 20 22 57 17 40 13 16 35 16 12 19 11 12 10
internal_count=109 47 62 42 20 22 57 17 40 13 16 35 16 12 19 11 12 10
is_linear=0
shrinkage=0.05


Tree=154
num_leaves=18
num_cat=0
split_feature=3 4 4 3 1 1 2 1 1 1 1 4 2 7 1 4 4
split_gain=384854 635510 878938 331756 807814 522553 156154 560990 179984 27439.2 24133.5 8625.77 5801.14 6412.44 5337.56 1711.59 1219.4
threshold=1.5000000000000002 2.8480664780767246 3.0121539584389425 5.5000000000000009 52757.674236056024 15719.604082849797 0.50562705853824974 18300.224719541544 29628.349800647582 12221.392818450666 9024.029416178264 2.2723896376949191 0.2566042183329999 0.077356522101407768 8017.8764203639594 2.1234392662738975 2.4246638699485072
decision_type=2 2 2 2 2 2 2 2 2 2 2 2 2 2 2 2 2
left_child=-1 3 -3 4 6 14 7 9 -8 10 11 15 13 -13 -5 -2 -14
right_child=1 2 -4 5 -6 -7 8 -9 -10 -11 -12 12 16 -15 -16 -17 -18
leaf_value=-10.168549378712973 -2.263939056396485 23.033304131031041 -2.0228822980608259 0.33049939393997202 -21.786356315612792 18.972181892395021 -1.3417599836985272 -17.997770576477052 11.502891540527344 2.0676688618130155 -3.4448900535702709 0.36576024123600542 1.5552522492408756 -1.9786754417419432 -1.97981770157814 -0.95566268920898423 0.49800106287002555
leaf_weight=8.9999999999999982 4.9999999999999982 6.9999999999999982 7 4.9999999999999982 4.9999999999999991 4.9999999999999991 5.9999999999999982 4.9999999999999991 5 8.9999999999999982 7.9999999999999991 7.0000000000000018 4.9999999999999982 5 5 5 6
leaf_count=9 5 7 7 5 5 5 6 5 5 9 8 7 5 5 5 5 6
internal_value=-0.265168 0.626136 10.5052 -0.982085 -2.40949 5.77429 -0.941543 -2.0292 4.49672 -0.432338 -0.98112 -0.383842 0.149183 -0.611088 -0.824659 -1.6098 0.97857
internal_weight=109 100 14 86 71 15 66 55 11 50 41 33 23 12 10 10 11
internal_count=109 100 14 86 71 15 66 55 11 50 41 33 23 12 10 10 11
is_linear=0
shrinkage=0.05


Tree=155
num_leaves=17
num_cat=0
split_feature=1 2 4 2 3 3 5 4 1 6 6 2 2 4 1 1
split_gain=1.00769e+06 111761 371895 323277 164949 118908 93134.2 31893.2 50819.5 19545.6 26735.7 10829.1 15394.6 4324.92 2663.51 788.262
threshold=52757.674236056024 0.41711654529755943 2.934351799697287 0.3433574889033712 4.5000000000000009 3.5000000000000004 0.38509189123784332 3.0121539584389425 13301.812676166339 7.1676944068471782 9.1127472625752919 0.28437702154139949 0.24878814255985207 2.7451911326668745 5746.7049674573136 5052.4392740799294
decision_type=2 2 2 2 2 2 2 2 2 2 2 2 2 2 2 2
left_child=1 3 4 7 5 -3 -5 8 9 -1 -11 12 13 14 15 -12
right_child=-2 2 -4 6 -6 -7 -8 -9 -10 10 11 -13 -14 -15 -16 -17
leaf_value=2.51764486014843 -19.803903661455429 -2.1107156562805147 -15.232302131652833 14.014954681396487 -5.1761612998114694 7.9848701477050774 4.3643463325500482 2.4480790853500367 -5.7364617872238162 -3.8830908219019573 0.03490847349166866 -1.8067384020942783 2.2209054408328877 -1.4974317312240601 -0.93454591751098626 0.92274979591369621
leaf_weight=4.9999999999999991 6.9999999999999991 5.0000000000000053 4.9999999999999991 4.9999999999999982 8.9999999999999982 7 5 7.9999999999999991 4.9999999999999991 5.9999999999999991 5.0000000000000053 8.9999999999999982 6.9999999999999991 6.9999999999999991 4.9999999999999991 5
leaf_count=5 7 5 5 5 9 7 5 8 5 6 5 9 7 7 5 5
internal_value=-1.47644 -0.167334 -2.97717 0.84733 -0.0592828 3.77838 9.18965 -0.498206 -0.934693 -0.444716 -0.781348 -0.291599 0.178616 -0.471203 0.00770412 0.478829
internal_weight=105 98 26 72 21 12 10 62 54 49 44 38 29 22 15 10
internal_count=105 98 26 72 21 12 10 62 54 49 44 38 29 22 15 10
is_linear=0
shrinkage=0.05


Tree=156
num_leaves=16
num_cat=0
split_feature=1 4 0 2 2 1 4 6 6 0 3 1 2 1 0
split_gain=909438 102575 263490 388180 326515 95992.2 14760.5 21630.2 14854.9 11967.1 4909.42 7121.71 5839.57 2251.82 1631.48
threshold=52757.674236056024 3.2626666860657543 54773.500000000007 0.38140948671013492 0.63546820154915784 15719.604082849797 1.9905416946811754 7.1676944068471782 11.49094878481216 30461.999999999993 3.5000000000000004 3269.5990641405679 0.24878814255985207 6093.7564319131534 20369.499999999996
decision_type=2 2 2 2 2 2 2 2 2 2 2 2 2 2 2
left_child=1 2 4 -4 5 6 -1 -8 9 14 11 -10 -12 -13 -9
right_child=-2 -3 3 -5 -6 -7 7 8 10 -11 12 13 -14 -15 -16
leaf_value=-2.3978650755352446 -18.813708877563478 -5.5846494197845464 -2.2260238477161951 13.896694707870484 -13.230549049377442 6.6710530090332032 2.3835568811212267 -1.4694556522369377 0.74733983789171454 -3.5783925374348962 -0.43011614878972371 -2.0764347267150884 1.6333812788128854 -0.63971246878306065 -0.2465414563814799
leaf_weight=8.9999999999999982 6.9999999999999991 7.9999999999999991 6.9999999999999991 7.9999999999999991 4.9999999999999991 4.9999999999999991 6.9999999999999991 5.0000000000000018 7.0000000000000027 5.9999999999999991 5.9999999999999991 4.9999999999999982 7.9999999999999991 6 6
leaf_count=9 7 8 7 8 5 5 7 5 7 6 6 5 8 6 6
internal_value=-1.40262 -0.158967 0.323316 6.37276 -0.886573 -0.0048603 -0.518392 -0.216334 -0.587747 -1.78217 0.0467901 -0.499393 0.749025 -1.29277 -0.802412
internal_weight=105 98 90 15 75 70 65 56 49 17 32 18 14 11 11
internal_count=105 98 90 15 75 70 65 56 49 17 32 18 14 11 11
is_linear=0
shrinkage=0.05


Tree=157
num_leaves=19
num_cat=0
split_feature=1 2 5 2 0 5 2 5 0 6 1 7 0 6 5 7 1 1
split_gain=820768 101777 322096 272411 147486 83629.6 38238.4 31114.9 47846.9 15597.9 23634.2 12703.7 6723.12 2554.75 3555.68 3142.09 1781.04 1554
threshold=52757.674236056024 0.41711654529755943 0.38063547960389132 0.3433574889033712 50610.999999999993 0.38509189123784332 0.56505205340798936 0.33198916330476513 53055.999999999993 7.1676944068471782 9833.536278827658 0.12281249521708473 37401.000000000015 9.4306243500006861 0.4500170190692121 0.04970776372884636 6093.7564319131534 5166.7437459527355
decision_type=2 2 2 2 2 2 2 2 2 2 2 2 2 2 2 2 2 2
left_child=1 3 -3 7 6 -5 11 -1 9 -9 12 -4 13 -11 15 -15 17 -17
right_child=-2 2 4 5 -6 -7 -8 8 -10 10 -12 -13 -14 14 -16 16 -18 -19
leaf_value=2.49222731590271 -17.873024259294784 -14.237553329467765 0.80016642570495566 13.047669525146487 6.5083880106608083 3.9027475070953366 -6.3372071838378909 2.3203990077972416 -5.0586562951405849 -1.4627011191844941 -3.5410849586129189 -2.7640561294555663 1.5469617223739625 0.55508394718170084 0.84117015202840184 -0.58553002595901504 -0.098428492546081547 -1.7790526310602823
leaf_weight=7.9999999999999991 6.9999999999999991 5.0000000000000027 5.0000000000000018 4.9999999999999982 5.9999999999999991 5 4.9999999999999991 4.9999999999999991 5.9999999999999991 4.9999999999999991 5.9999999999999991 5 4.9999999999999991 5.0000000000000062 5.9999999999999991 4.9999999999999982 4.9999999999999991 6
leaf_count=8 7 5 5 5 6 5 5 5 6 5 6 5 5 5 6 5 5 6
internal_value=-1.33249 -0.151019 -2.83242 0.817265 -0.116912 8.47521 -2.76703 -0.417887 -0.849015 -0.32281 -0.63016 -0.981945 -0.158118 -0.424537 -0.232284 -0.538985 -0.880882 -1.23654
internal_weight=105 98 26 72 21 10 15 62 54 48 43 10 37 32 27 21 16 11
internal_count=105 98 26 72 21 10 15 62 54 48 43 10 37 32 27 21 16 11
is_linear=0
shrinkage=0.05


Tree=158
num_leaves=16
num_cat=0
split_feature=1 2 4 2 3 3 2 4 1 4 2 4 2 4 7
split_gain=740743 91853.9 290691 246397 130835 108080 32710.3 51575.6 50242 18408.5 2911.66 9003.24 8158.6 4951.51 2162.77
threshold=52757.674236056024 0.41711654529755943 2.934351799697287 0.38140948671013492 4.5000000000000009 3.5000000000000004 0.32534461537208209 2.1543446061517115 7387.5125544820748 3.0121539584389425 0.2566042183329999 2.6969315988360472 0.2079265850607315 2.5450332819636068 0.084121011742510562
decision_type=2 2 2 2 2 2 2 2 2 2 2 2 2 2 2
left_child=1 3 4 6 5 -3 7 8 -1 10 11 12 14 -12 -9
right_child=-2 2 -4 -5 -6 -7 -8 9 -10 -11 13 -13 -14 -15 -16
leaf_value=-0.53874542713165297 -16.979372079031808 -2.3077912330627415 -13.525675125122071 10.477436967690785 -4.6682036505805122 7.3171986648014613 2.695769672923618 0.61672804832458428 -7.3251422035694107 2.3676160573959351 -2.1125320959091187 -1.2208020077811348 2.2135897477467856 -0.10676479041576387 -0.85390864372253406
leaf_weight=5.9999999999999982 6.9999999999999991 5.0000000000000053 4.9999999999999991 5.9999999999999991 8.9999999999999982 7 8.9999999999999982 5.0000000000000053 5 7.9999999999999991 4.9999999999999991 8.9999999999999982 5.9999999999999991 7.9999999999999991 5
leaf_count=6 7 5 5 6 9 7 9 5 5 8 5 9 6 8 5
internal_value=-1.26586 -0.143468 -2.6908 0.776402 -0.111067 3.30679 -0.10551 -0.547818 -3.62347 0.187665 -0.271273 0.0443367 0.755977 -0.878214 -0.11859
internal_weight=105 98 26 72 21 12 66 57 11 46 38 25 16 13 10
internal_count=105 98 26 72 21 12 66 57 11 46 38 25 16 13 10
is_linear=0
shrinkage=0.05


Tree=159
num_leaves=16
num_cat=0
split_feature=0 0 1 4 1 6 1 1 7 4 4 6 3 5 4
split_gain=703832 454153 980421 80989.9 96696.2 20416.5 38370.1 10859.2 9060.46 8162.51 3681.25 6677.04 6884.02 4566.31 2039.59
threshold=91530 70868.500000000015 33902.646891508019 1.8899163912421544 27797.939671950877 8.8564046125742681 12221.392818450666 9833.536278827658 0.090753606681850285 3.0531436581951543 2.1883376604767633 11.49094878481216 3.5000000000000004 0.40121061746896597 2.7451911326668745
decision_type=2 2 2 2 2 2 2 2 2 2 2 2 2 2 2
left_child=1 2 3 -1 5 6 -5 9 -9 10 -7 -12 14 -14 -13
right_child=-2 -3 -4 4 -6 7 -8 8 -10 -11 11 12 13 -15 -16
leaf_value=-5.4686738292376198 -19.509889278411865 11.994638633728028 -20.760385767618814 -0.48178938180208219 6.6595843633015948 0.88996204932530731 4.8076516787211094 -2.8360643489020219 -0.18822216093540189 1.5930804116385324 -1.6242833740181393 -0.26483857631683344 2.0218506908416756 -0.024067598581314086 -1.4549564282099405
leaf_weight=5.9999999999999991 4.9999999999999991 6.9999999999999991 5.9999999999999991 7.9999999999999982 5.9999999999999991 5.9999999999999991 6 6.9999999999999982 6 6.9999999999999991 8.9999999999999982 9.0000000000000018 4.9999999999999982 6 5.9999999999999991
leaf_count=6 5 7 6 8 6 6 6 7 6 7 9 9 5 6 6
internal_value=-1.20257 -0.287202 -1.21164 0.136547 0.551749 0.0631221 1.78511 -0.332089 -1.61398 0.0150906 -0.254322 -0.450485 -0.0441707 0.905895 -0.740886
internal_weight=105 100 93 87 81 75 14 61 13 48 41 35 26 11 15
internal_count=105 100 93 87 81 75 14 61 13 48 41 35 26 11 15
is_linear=0
shrinkage=0.05


Tree=160
num_leaves=16
num_cat=0
split_feature=1 2 3 1 1 4 0 5 2 4 1 2 5 0 1
split_gain=596072 175870 873222 190257 43452.5 24997 22023.7 50219.7 40025.8 10487.5 10492.8 6658.3 5734.59 5137.02 1570.75
threshold=62105.199800608134 0.52592071588983369 3.5000000000000004 24205.677865591173 16516.706392829426 1.8581763196093466 33369.000000000007 0.37079327361855535 0.23674119032890859 3.0121539584389425 7387.5125544820748 0.41711654529755943 0.4500170190692121 20369.499999999996 4405.9086795478224
decision_type=2 2 2 2 2 2 2 2 2 2 2 2 2 2 2
left_child=1 3 -3 4 5 -1 9 -8 -9 10 12 -12 13 14 -7
right_child=-2 2 -4 -5 -6 6 7 8 -10 -11 11 -13 -14 -15 -16
leaf_value=-3.3292411327362061 17.176278686523439 -18.566100856236048 4.9801593568589952 8.2796411514282227 -3.5782859378390839 -0.34250017330050442 -2.0882864117622364 0.29207240740458168 5.6944293260574348 1.3468055937025283 -0.82420259192585965 -3.1501156711578364 1.0367993142869738 -1.4721249059308321 0.72770368655522666
leaf_weight=4.9999999999999991 4.9999999999999991 6.9999999999999991 8.9999999999999982 6.9999999999999991 8.9999999999999982 8.0000000000000053 6.0000000000000027 5.9999999999999991 7.9999999999999991 8.9999999999999982 7.9999999999999982 5 8.9999999999999982 7.9999999999999991 5.9999999999999991
leaf_count=5 5 7 9 7 9 8 6 6 8 9 8 5 9 8 6
internal_value=0.292021 -0.475445 -5.32133 0.349386 -0.28868 0.0908899 0.325145 1.73891 3.37913 -0.20835 -0.52645 -1.71878 -0.0264382 -0.461399 0.116159
internal_weight=115 110 16 94 87 78 73 20 14 53 44 13 31 22 14
internal_count=115 110 16 94 87 78 73 20 14 53 44 13 31 22 14
is_linear=0
shrinkage=0.05


Tree=161
num_leaves=16
num_cat=0
split_feature=1 2 3 1 1 5 0 5 2 5 1 2 5 0 1
split_gain=537956 158722 788082 171707 39215.9 22559.8 19876.4 45323.3 36123.3 9465 9469.74 6009.12 5175.46 4636.16 1417.6
threshold=62105.199800608134 0.52592071588983369 3.5000000000000004 24205.677865591173 16516.706392829426 0.53816252767130213 33369.000000000007 0.37079327361855535 0.23674119032890859 0.33198916330476513 7387.5125544820748 0.41711654529755943 0.4500170190692121 20369.499999999996 4405.9086795478224
decision_type=2 2 2 2 2 2 2 2 2 2 2 2 2 2 2
left_child=1 3 -3 4 5 6 9 -8 -9 -1 12 -12 13 14 -11
right_child=-2 2 -4 -5 -6 -7 7 8 -10 10 11 -13 -14 -15 -16
leaf_value=1.2794653574625652 16.317465820312503 -17.637795802525112 4.7311513688829212 7.8656585965837751 -3.3993717829386392 -3.1627791690826417 -1.9838720560073844 0.27746877670288089 5.4097077965736391 -0.32537517994642229 -0.78299244046211258 -2.9926098728179928 0.98495933744642472 -1.3985186897218229 0.691318432490031
leaf_weight=8.9999999999999982 4.9999999999999991 6.9999999999999991 8.9999999999999982 6.9999999999999991 8.9999999999999982 4.9999999999999991 6.0000000000000027 5.9999999999999991 7.9999999999999991 8.0000000000000053 7.9999999999999982 5 8.9999999999999982 7.9999999999999991 5.9999999999999991
leaf_count=9 5 7 9 7 9 5 6 6 8 8 8 5 9 8 6
internal_value=0.27742 -0.451673 -5.05526 0.331917 -0.274246 0.0863454 0.308888 1.65196 3.21018 -0.197932 -0.500127 -1.63285 -0.0251163 -0.438329 0.110351
internal_weight=115 110 16 94 87 78 73 20 14 53 44 13 31 22 14
internal_count=115 110 16 94 87 78 73 20 14 53 44 13 31 22 14
is_linear=0
shrinkage=0.05


Tree=162
num_leaves=19
num_cat=0
split_feature=1 0 0 2 2 2 4 2 1 4 1 1 1 0 3 1 6 4
split_gain=485505 144901 84534.7 160889 146881 35025.1 17541.7 15102.2 74156.9 18900.5 13608.6 6802.15 2801.4 4590.91 4540.48 4212.8 1859.92 1814.21
threshold=62105.199800608134 77954.999999999985 54773.500000000007 0.50562705853824974 0.63546820154915784 0.51592895015361084 1.8581763196093466 0.35245113372703452 12221.392818450666 2.3934212238621493 9833.536278827658 8017.8764203639594 5451.4444842065941 14717.500000000004 2.5000000000000004 5052.4392740799294 12.204789657770361 2.6969315988360472
decision_type=2 2 2 2 2 2 2 2 2 2 2 2 2 2 2 2 2 2
left_child=1 2 4 -4 5 6 -1 8 10 -9 11 12 13 14 -8 -15 -14 -16
right_child=-2 -3 3 -5 -6 -7 7 9 -10 -11 -12 -13 16 15 17 -17 -18 -19
leaf_value=-3.0046401405334473 15.501593017578125 -6.9089214920997621 -0.55206590890884411 10.881335296630859 -7.4230947766985214 4.1776839256286626 0.95880424499511596 0.17511914521455768 6.2346250820159916 -3.537239551544189 -2.377732543150584 1.7233186066150665 -1.1441178396344187 2.1014147186279302 -0.2722082138061524 0.04890420913696289 -0.028107091358729769 -1.5617922377586364
leaf_weight=4.9999999999999991 4.9999999999999991 7.9999999999999991 7.9999999999999982 5 6.9999999999999991 4.9999999999999991 5.0000000000000062 7.9999999999999982 4.9999999999999991 6 5.9999999999999991 5.9999999999999991 7.9999999999999982 4.9999999999999982 5.9999999999999982 5 7 5
leaf_count=5 5 8 8 5 7 5 5 8 5 6 6 6 8 5 6 5 7 5
internal_value=0.263549 -0.429089 0.0791331 3.8454 -0.470995 0.122477 -0.140848 0.058026 0.413799 -1.41589 -0.135335 0.150928 -0.0791777 0.234746 -0.290512 1.07516 -0.623313 -0.858383
internal_weight=115 110 102 13 89 82 77 72 58 14 53 47 41 26 16 10 15 11
internal_count=115 110 102 13 89 82 77 72 58 14 53 47 41 26 16 10 15 11
is_linear=0
shrinkage=0.05


Tree=163
num_leaves=18
num_cat=0
split_feature=1 2 3 1 1 4 1 2 1 4 6 3 6 1 1 3 4
split_gain=438168 142663 697057 161663 34192.4 18448.7 12786 42021.6 5103.92 4509.87 3796.91 4968.96 10511 7378.51 6768.7 1543.63 3877.28
threshold=62105.199800608134 0.52592071588983369 3.5000000000000004 24205.677865591173 16516.706392829426 1.8581763196093466 12221.392818450666 0.41711654529755943 10621.309512456515 3.0121539584389425 7.6931119805369192 5.5000000000000009 11.49094878481216 8017.8764203639594 7387.5125544820748 3.5000000000000004 2.7451911326668745
decision_type=2 2 2 2 2 2 2 2 2 2 2 2 2 2 2 2 2
left_child=1 3 -3 4 5 -1 8 -8 9 10 -7 12 14 15 -12 16 -14
right_child=-2 2 -4 -5 -6 6 7 -9 -10 -11 11 -13 13 -15 -16 -17 -18
leaf_value=-2.8544081878662109 14.726511230468752 -16.605705424717495 4.4317771699693465 7.6453426361083991 -3.1710193634033206 1.2702386581897738 5.1871518564224255 -1.2952538394927977 -1.5113791275024415 1.1823026657104492 -0.6642530176374648 1.1534021695454917 0.20584797518593906 1.9491970968246459 -2.9587129974365234 0.38054027557373049 -1.6171678054332732
leaf_weight=4.9999999999999991 4.9999999999999991 6.9999999999999991 8.9999999999999982 6.9999999999999991 8.9999999999999982 4.9999999999999991 4.9999999999999982 5 4.9999999999999991 8.9999999999999982 8.9999999999999982 5.9999999999999991 7.0000000000000053 4.9999999999999991 4.9999999999999991 6.9999999999999991 5
leaf_count=5 5 7 9 7 9 5 5 5 5 9 9 6 7 5 5 7 5
internal_value=0.250372 -0.407635 -4.77212 0.335257 -0.252911 0.0837937 0.28504 1.94595 0.0214041 0.153541 -0.0354157 -0.183786 -0.39492 0.240203 -1.4837 -0.209533 -0.553742
internal_weight=115 110 16 94 87 78 73 10 63 58 49 44 38 24 14 19 12
internal_count=115 110 16 94 87 78 73 10 63 58 49 44 38 24 14 19 12
is_linear=0
shrinkage=0.05


Tree=164
num_leaves=20
num_cat=0
split_feature=0 1 0 2 1 2 5 5 0 6 6 2 0 5 0 7 3 3 5
split_gain=467827 1.57125e+06 865188 230324 99312.1 37001.2 13984.9 11738.8 18932.1 15768.9 13435.8 10252.8 7089.6 6234.22 5029.69 4153.77 4496.97 3099.34 4723.9
threshold=77954.999999999985 52757.674236056024 66429.000000000015 0.81097315501112854 29628.349800647582 0.51592895015361084 0.53816252767130213 0.45698816419450822 29848.500000000004 7.6506066014448839 9.1127472625752919 0.33522895219823584 37401.000000000015 0.48402602529779554 21486.000000000011 0.07366083498123159 2.5000000000000004 3.5000000000000004 0.36427410282794453
decision_type=2 2 2 2 2 2 2 2 2 2 2 2 2 2 2 2 2 2 2
left_child=2 -2 3 4 5 6 7 9 13 -1 -11 12 15 -9 -13 16 -12 18 -18
right_child=1 -3 -4 -5 -6 -7 -8 8 -10 10 11 14 -14 -15 -16 -17 17 -19 -20
leaf_value=-2.3590888977050781 -7.2069883584976218 30.744473876953119 -21.092059040069582 10.682429962158203 -6.0601444516863143 3.9190201997756962 -2.711687870025635 1.2637309551239015 3.7834764658659696 2.2505349303285285 1.142371232169014 -0.56117858886718763 1.4396563202142716 -1.2331111621856687 -2.8038748168945311 -1.3024655801909311 -1.9873480564355857 0.624010705947876 0.18610612154006956
leaf_weight=7.9999999999999991 5.9999999999999982 5 4.9999999999999991 4.9999999999999991 6.9999999999999991 5.9999999999999991 4.9999999999999991 4.9999999999999982 4.9999999999999991 5.9999999999999991 7.0000000000000062 4.9999999999999982 7.9999999999999991 5 5 6.9999999999999991 4.9999999999999982 4.9999999999999991 5
leaf_count=8 6 5 5 5 7 6 5 5 5 6 7 5 8 5 5 7 5 5 5
internal_value=0.237853 10.0437 -0.799301 0.225586 -0.33063 0.130366 -0.150275 0.0182388 1.27137 -0.289907 0.0224222 -0.262018 0.121904 0.0153099 -1.68253 -0.241614 0.0959292 -0.39241 -0.900621
internal_weight=115 11 104 99 94 87 81 76 15 61 53 47 37 10 10 29 22 15 10
internal_count=115 11 104 99 94 87 81 76 15 61 53 47 37 10 10 29 22 15 10
is_linear=0
shrinkage=0.05


Tree=165
num_leaves=18
num_cat=0
split_feature=4 2 2 1 0 2 1 6 0 1 4 3 6 6 7 2 1
split_gain=379451 2.19061e+06 1.05007e+06 255397 273034 87033.4 33755.3 14580.1 35215.9 6918.97 4930.91 4648.4 4533.74 4264.5 4729.86 2517.48 1728.18
threshold=1.8899163912421544 0.90942970609434792 0.63546820154915784 31062.671928726599 66429.000000000015 0.52592071588983369 16516.706392829426 8.3629238554085266 33369.000000000007 12221.392818450666 3.0121539584389425 5.5000000000000009 10.737411773725453 11.642466352918628 0.077356522101407768 0.28437702154139949 4405.9086795478224
decision_type=2 2 2 2 2 2 2 2 2 2 2 2 2 2 2 2 2
left_child=-1 2 3 4 5 6 7 8 -2 10 11 12 -9 -14 15 16 -15
right_child=1 -3 -4 -5 -6 -7 -8 9 -10 -11 -12 -13 13 14 -16 -17 -18
leaf_value=11.982455103737969 -1.0596885037422181 -32.346395645141605 21.843112055460612 -8.9136322021484382 11.305620336532593 6.0610121250152593 -3.5016755785260885 -1.4615183770656586 4.8746134185791012 -1.9354896652698519 1.0774946424696181 1.0955445011456808 1.0708118329445522 -0.30644930941717941 -1.7900893509387972 -0.94453776280085244 0.76931249797344214
leaf_weight=6.9999999999999991 4.9999999999999982 4.9999999999999991 5.9999999999999991 6.9999999999999991 5.9999999999999991 5.9999999999999991 6.9999999999999991 7.9999999999999991 5 4.9999999999999991 8.9999999999999982 5.9999999999999991 5.9999999999999991 7.0000000000000062 4.9999999999999991 5.9999999999999991 7.9999999999999991
leaf_count=7 5 5 6 7 6 6 7 8 5 5 9 6 6 7 5 6 8
internal_value=0.704288 -0.0335361 1.55043 0.282135 1.0054 0.260803 -0.191161 0.13989 1.90746 -0.154705 0.00718408 -0.202225 -0.39689 -0.130733 -0.408012 -0.0789463 0.26729
internal_weight=114 107 102 96 89 83 77 70 10 60 55 46 40 32 26 21 15
internal_count=114 107 102 96 89 83 77 70 10 60 55 46 40 32 26 21 15
is_linear=0
shrinkage=0.05


Tree=166
num_leaves=18
num_cat=0
split_feature=4 2 2 1 0 2 2 4 7 1 2 5 2 2 7 4 2
split_gain=342455 1.97702e+06 947690 230495 246413 79052.3 50218.8 10988.3 18021.4 13827.8 9992.76 3853.3 3548.09 14188.5 7802.36 2545.58 518.819
threshold=1.8899163912421544 0.90942970609434792 0.63546820154915784 31062.671928726599 66429.000000000015 0.51592895015361084 0.41711654529755943 2.1543446061517115 0.2165094734714553 13301.812676166339 0.27447364996027118 0.31286958373127377 0.28437702154139949 0.24878814255985207 0.08708707792479202 2.8480664780767246 0.18761642588800242
decision_type=2 2 2 2 2 2 2 2 2 2 2 2 2 2 2 2 2
left_child=-1 2 3 4 5 6 7 10 9 11 -2 -9 13 14 15 16 -13
right_child=1 -3 -4 -5 -6 -7 -8 8 -10 -11 -12 12 -14 -15 -16 -17 -18
leaf_value=11.383332545416696 0.23005003730456039 -30.729076576232913 20.750957298278809 -8.4679504394531246 10.740339263280234 4.9724578738212593 -4.2887361254010887 1.0947758674621582 -2.7123145739237469 2.6818460360169412 3.2566045403480524 0.73969733715057295 -1.2058569870889189 1.7949922725558283 -1.9113894894719126 -0.93440521717071534 0.050071072578430166
leaf_weight=6.9999999999999991 5.9999999999999982 4.9999999999999991 5.9999999999999991 6.9999999999999991 5.9999999999999991 7.9999999999999991 6.9999999999999991 5.9999999999999991 5.9999999999999991 4.9999999999999991 5 6.0000000000000053 7.9999999999999991 7.9999999999999991 7.9999999999999991 4.9999999999999991 5
leaf_count=7 6 5 6 7 6 8 7 6 6 5 5 6 8 8 8 5 5
internal_value=0.669074 -0.0318593 1.47291 0.268028 0.955127 0.247763 -0.256205 0.158909 -0.120307 0.184635 1.60576 -0.0868014 -0.264038 -0.0285833 -0.636442 0.00103208 0.426231
internal_weight=114 107 102 96 89 83 75 68 57 51 11 46 40 32 24 16 11
internal_count=114 107 102 96 89 83 75 68 57 51 11 46 40 32 24 16 11
is_linear=0
shrinkage=0.05


Tree=167
num_leaves=18
num_cat=0
split_feature=3 0 0 7 2 4 2 2 2 4 7 1 2 2 7 2 7
split_gain=323258 1.4872e+06 444232 320260 241705 21490.7 22118.5 46682.7 17486.9 9691.81 16537.8 20093.7 9018.47 4972.82 13548.6 9588.96 3711.66
threshold=1.5000000000000002 77954.999999999985 66429.000000000015 0.046060019652292908 0.81097315501112854 1.8899163912421544 0.50562705853824974 0.41711654529755943 0.55662553940215431 2.1543446061517115 0.2165094734714553 11399.273390776547 0.27447364996027118 0.24878814255985207 0.08708707792479202 0.28437702154139949 0.058358282577577782
decision_type=2 2 2 2 2 2 2 2 2 2 2 2 2 2 2 2 2
left_child=3 2 4 -1 5 -2 7 9 -8 12 11 13 -7 14 16 -15 -11
right_child=1 -3 -4 -5 -6 6 8 -9 -10 10 -12 -13 -14 15 -16 -17 -18
leaf_value=0.99717029571533233 -3.0106151779492696 20.886990226639643 -13.54748328526815 -16.898636283874509 11.188691492080689 0.21854754090309148 4.3812179994583138 -4.4394154707590738 0.1994893455505371 -0.60465585125817156 -2.5766989390055342 2.9115535219510398 3.0937742519378659 1.7052427366375917 -2.7191104094187422 -0.6738645537032022 0.93047038997922626
leaf_weight=4.9999999999999982 5.9999999999999991 8.9999999999999982 5.9999999999999991 5 4.9999999999999991 5.9999999999999982 4.9999999999999982 5.9999999999999991 5 9.0000000000000053 5.9999999999999991 5.9999999999999991 5 8.0000000000000018 5.9999999999999991 8.9999999999999982 6.9999999999999991
leaf_count=5 6 9 6 5 5 6 5 6 5 9 6 6 5 8 6 9 7
internal_value=0.63562 1.46123 -0.379104 -7.95073 0.508651 -0.127065 0.0947464 -0.228137 2.29035 0.179406 -0.110921 0.217849 1.52547 -0.196567 -0.692876 0.445715 0.0669619
internal_weight=114 104 95 10 89 84 78 68 10 62 51 45 11 39 22 17 16
internal_count=114 104 95 10 89 84 78 68 10 62 51 45 11 39 22 17 16
is_linear=0
shrinkage=0.05


Tree=168
num_leaves=18
num_cat=0
split_feature=4 2 2 2 0 2 5 2 6 0 2 0 0 0 3 2 5
split_gain=309771 1.7841e+06 818575 194268 301267 10687.3 27722.5 20375 18653.3 6478.18 5453.7 5394.99 5244.34 4733.44 4241.43 4119.6 1681.33
threshold=1.8899163912421544 0.90942970609434792 0.63546820154915784 0.52592071588983369 66429.000000000015 0.35245113372703452 0.38509189123784332 0.32534461537208209 9.4306243500006861 39777.5 0.1816627865598146 31244.499999999993 20369.499999999996 11010.999999999998 4.5000000000000009 0.22605089977735515 0.36427410282794453
decision_type=2 2 2 2 2 2 2 2 2 2 2 2 2 2 2 2 2
left_child=-1 2 3 4 5 7 -7 9 -8 10 16 12 13 -12 -14 -11 -2
right_child=1 -3 -4 -5 -6 6 8 -9 -10 15 11 -13 14 -15 -16 -17 -18
leaf_value=10.793999075889587 -1.285028902689616 -29.223823013305662 19.283398818969729 -6.7463054127163362 9.6321724891662601 1.99019016265869 -4.7736491775512704 2.631858924031258 -0.77508130132087638 -0.095408077239990258 0.028874455889066033 2.0673328018188477 -1.2637435504368375 2.0149587154388424 0.54790184218436477 -2.0386779904365535 -0.10134327809015908
leaf_weight=6.9999999999999991 5.9999999999999982 4.9999999999999991 5.9999999999999991 8.9999999999999982 8.9999999999999982 5.0000000000000027 4.9999999999999982 7.9999999999999991 7 4.9999999999999982 6.0000000000000053 4.9999999999999991 6.9999999999999982 6 6 6 6
leaf_count=7 6 5 6 9 9 5 5 8 7 5 6 5 7 6 6 6 6
internal_value=0.603839 -0.0628073 1.36665 0.246858 0.970288 -0.0291598 -1.13782 0.27981 -2.44115 -0.0752165 0.207682 0.568029 0.268168 1.02192 -0.4276 -1.15537 -0.693186
internal_weight=114 107 102 96 87 78 17 61 12 53 42 30 25 12 13 11 12
internal_count=114 107 102 96 87 78 17 61 12 53 42 30 25 12 13 11 12
is_linear=0
shrinkage=0.05


Tree=169
num_leaves=19
num_cat=0
split_feature=3 0 0 6 2 4 2 2 5 4 6 6 2 6 0 7 6 0
split_gain=282735 1.27584e+06 416424 267879 238976 27610.1 23146.1 40548.1 13901.1 8455.65 22260.6 15570.2 11934.8 4401.14 6239.44 2245.32 1269.67 306.448
threshold=1.5000000000000002 77954.999999999985 66429.000000000015 16.260692376199078 0.81097315501112854 1.8899163912421544 0.50562705853824974 0.41711654529755943 0.41781195714099434 2.2723896376949191 7.6506066014448839 10.485838715812053 0.2994101109548431 15.389639996462732 37401.000000000015 0.077356522101407768 14.205942578101139 24627.000000000004
decision_type=2 2 2 2 2 2 2 2 2 2 2 2 2 2 2 2 2 2
left_child=3 2 4 -1 5 -2 7 9 -8 12 -11 -12 17 14 15 16 -13 -7
right_child=1 -3 -4 -5 -6 6 8 -9 -10 10 11 13 -14 -15 -16 -17 -18 -19
leaf_value=-15.640008468627933 -3.3997841993967692 19.338332674238416 -13.108345174789429 0.72698783874511719 11.120303106307984 -0.0501369333267212 4.2302837371826181 -4.13509202003479 0.50186441421508776 -3.3244926452636721 2.8238150715827945 -0.1380292024463414 3.1851203250885014 0.97142736911773686 0.66785287857055664 -1.6393911331892015 -1.1537084484100342 0.47987354199091592
leaf_weight=4.9999999999999982 5.9999999999999991 8.9999999999999982 5.9999999999999991 5 4.9999999999999991 4.9999999999999982 4.9999999999999982 5.9999999999999991 5 4.9999999999999991 4.9999999999999991 8.0000000000000053 4.9999999999999991 6.9999999999999991 8.9999999999999982 6.9999999999999991 4.9999999999999991 6
leaf_count=5 6 9 6 5 5 5 5 6 5 5 5 8 5 7 9 7 5 6
internal_value=0.573647 1.34578 -0.358781 -7.45651 0.500741 -0.131376 0.12004 -0.210259 2.36607 0.169563 -0.174809 0.209298 1.15963 -0.153829 -0.425443 -0.917426 -0.528675 0.23896
internal_weight=114 104 95 10 89 84 78 68 10 62 46 41 16 36 29 20 13 11
internal_count=114 104 95 10 89 84 78 68 10 62 46 41 16 36 29 20 13 11
is_linear=0
shrinkage=0.05


Tree=170
num_leaves=18
num_cat=0
split_feature=2 2 1 1 2 1 1 2 4 2 6 5 0 4 6 0 4
split_gain=516781 284097 350890 148630 30087.3 61874.9 27651.7 26649.4 14658.1 9505.63 9284.11 6676.42 12778.4 6273.37 3440.38 2453.92 1865.79
threshold=0.90942970609434792 0.63546820154915784 31062.671928726599 24205.677865591173 0.26451798600539184 11399.273390776547 15719.604082849797 0.35245113372703452 2.0660216113510246 0.23674119032890859 12.204789657770361 0.4500170190692121 20969.499999999993 2.6969315988360472 14.205942578101139 11010.999999999998 2.2221563262003503
decision_type=2 2 2 2 2 2 2 2 2 2 2 2 2 2 2 2 2
left_child=1 2 3 4 5 9 8 -8 -6 10 16 12 13 -10 -12 -16 -1
right_child=-2 -3 -4 -5 6 -7 7 -9 11 -11 14 -13 -14 -15 15 -17 -18
leaf_value=-1.4304527187347407 -16.248885765075684 9.9352616991315585 -12.206664911905925 7.8814520517985036 -1.941843205690384 -5.9290276209513344 5.5097164344787615 0.56718746821085608 0.21387405097484571 0.96702954073747005 0.7751926124095917 2.1476506710052492 -1.4575937729328872 2.47155246257782 -1.522515850067139 0.043983826637268061 -2.7963917589187619
leaf_weight=5.0000000000000018 4.9999999999999991 6.9999999999999991 5.9999999999999991 5.9999999999999991 7.9999999999999991 5.9999999999999991 4.9999999999999982 6 8.0000000000000053 8.9999999999999982 5.9999999999999991 4.9999999999999991 7.9999999999999991 4.9999999999999991 4.9999999999999982 5 5
leaf_count=5 5 7 6 6 8 6 5 6 8 9 6 5 8 5 5 5 5
internal_value=-0.54393 0.203925 -0.49117 0.272884 -0.257947 -1.23772 0.634738 2.81379 -0.0702496 -0.433499 -0.918297 0.505625 0.114667 1.08221 -0.171344 -0.739266 -2.11342
internal_weight=110 105 98 92 86 41 45 11 34 35 26 26 21 13 16 10 10
internal_count=110 105 98 92 86 41 45 11 34 35 26 26 21 13 16 10 10
is_linear=0
shrinkage=0.05


Tree=171
num_leaves=18
num_cat=0
split_feature=6 6 0 1 0 1 7 0 5 1 0 0 5 1 1 7 1
split_gain=457417 1.36294e+06 2.2113e+06 1.16088e+06 928350 115835 193604 69635.3 43987 19783.7 4635.14 7324.66 13677.1 8882.26 7271.89 3832.81 3366.89
threshold=9.8202207392153866 10.737411773725453 30461.999999999993 39566.250451175925 70868.500000000015 16516.706392829426 0.25299665001172827 48227.499999999993 0.53816252767130213 12221.392818450666 14717.500000000004 29848.500000000004 0.37358923902760793 9024.029416178264 1580.3453037190059 0.21467669911528109 5657.3230438461069
decision_type=2 2 2 2 2 2 2 2 2 2 2 2 2 2 2 2 2
left_child=3 2 -2 5 7 8 -7 10 9 15 14 13 -13 16 -3 -1 -12
right_child=1 4 -4 -5 -6 6 -8 -9 -10 -11 11 12 -14 -15 -16 -17 -18
leaf_value=-0.56506354212760879 -0.80654018265860439 0.42862807975874989 42.729683952331534 -27.189742431640628 -21.806846847534182 -11.975754737854006 0.72609742482503248 5.842459964752198 -3.900683267116547 3.2738809615373614 1.1947325070699044 -2.0950707435607914 1.4457365965843199 2.9378091549873355 -1.6431909527629616 1.1996347808837891 -0.56206003069877608
leaf_weight=8.0000000000000053 6.9999999999999982 9.0000000000000018 5 4.9999999999999991 4.9999999999999991 5.9999999999999982 6 5.9999999999999991 4.9999999999999991 7.9999999999999991 6.0000000000000053 5.9999999999999982 5 4.9999999999999991 7.9999999999999991 4.9999999999999991 5
leaf_count=8 7 9 5 5 5 6 6 6 5 8 6 6 5 5 8 5 5
internal_value=-0.516733 2.06628 17.3336 -4.54143 -1.26476 -1.56139 -5.62483 0.789446 0.31405 1.31756 0.100398 0.507607 -0.485613 1.19045 -0.546346 0.113667 0.39619
internal_weight=110 67 12 43 55 38 12 50 26 21 44 27 11 16 17 13 11
internal_count=110 67 12 43 55 38 12 50 26 21 44 27 11 16 17 13 11
is_linear=0
shrinkage=0.05


Tree=172
num_leaves=17
num_cat=0
split_feature=6 6 1 1 1 1 6 0 5 1 4 0 0 0 7 1
split_gain=412818 1.23005e+06 2.03689e+06 1.04769e+06 860830 104541 174728 70329.4 39698.3 17854.8 4889.61 18319.5 16649.8 7045.29 3459.11 3234.01
threshold=9.8202207392153866 10.737411773725453 10621.309512456515 39566.250451175925 27797.939671950877 16516.706392829426 6.8722645661915465 48227.499999999993 0.53816252767130213 12221.392818450666 2.6969315988360472 29586.000000000004 31244.499999999993 17132.500000000004 0.21467669911528109 5166.7437459527355
decision_type=2 2 2 2 2 2 2 2 2 2 2 2 2 2 2 2
left_child=3 2 -2 5 7 8 -7 10 9 14 11 15 13 -12 -1 -3
right_child=1 4 -4 -5 -6 6 -8 -9 -10 -11 12 -13 -14 -15 -16 -17
leaf_value=-0.53681036531925164 -0.94312788418361126 0.33939722329378097 40.840880432128898 -25.83025390625 -20.982478332519534 0.68979282379150408 -11.376967366536457 5.4242753165108821 -3.705649042129517 3.1101868718862535 -0.53075694243113181 2.6471328267029355 -3.0559886169433597 1.810112342834473 1.1396531295776366 -1.042256185743544
leaf_weight=8.0000000000000053 6.9999999999999982 8.0000000000000053 5 4.9999999999999991 4.9999999999999991 5.9999999999999982 6 6.9999999999999991 4.9999999999999991 7.9999999999999991 9.0000000000000018 6.9999999999999991 4.9999999999999991 4.9999999999999991 4.9999999999999991 8.9999999999999982
leaf_count=8 7 8 5 5 5 6 6 7 5 8 9 7 5 5 5 9
internal_value=-0.490897 1.96296 16.4669 -4.31436 -1.20152 -1.48332 -5.34359 0.776571 0.298347 1.25168 0.0199676 0.494367 -0.579273 0.305268 0.107983 -0.392066
internal_weight=110 67 12 43 55 38 12 50 26 21 43 24 19 14 13 17
internal_count=110 67 12 43 55 38 12 50 26 21 43 24 19 14 13 17
is_linear=0
shrinkage=0.05


Tree=173
num_leaves=19
num_cat=0
split_feature=6 6 0 1 0 1 7 1 5 1 6 1 0 7 1 7 5 5
split_gain=372569 1.11012e+06 1.86541e+06 945543 798726 94348.3 157692 77265.2 35827.7 16113.9 7412.81 19019.4 8221.46 3121.85 986.588 1949.34 457.272 340.757
threshold=9.8202207392153866 10.737411773725453 30461.999999999993 39566.250451175925 70868.500000000015 16516.706392829426 0.25299665001172827 22348.395371591363 0.53816252767130213 12221.392818450666 12.796655641163168 9833.536278827658 35195 0.21467669911528109 5166.7437459527355 0.038704089731232433 0.37079327361855535 0.39292474761446045
decision_type=2 2 2 2 2 2 2 2 2 2 2 2 2 2 2 2 2 2
left_child=3 2 -2 5 7 8 -7 10 9 13 11 17 14 -1 15 -12 -17 -3
right_child=1 4 -4 -5 -6 6 -8 -9 -10 -11 12 -13 -14 -15 -16 16 -18 -19
leaf_value=-0.50996987968683205 -1.017513976778303 -0.6544412755966188 38.968995895385738 -24.538742675781251 -20.195516252517702 -10.808118693033856 0.65530301729838047 6.6605114364624036 -3.5203666925430301 2.9546774625778198 -0.41785380499703484 3.198273861408234 -2.2123287189006806 1.0826704406738281 -0.48320582381316596 1.0081567001342775 0.33193754553794858 -0.070697131156921375
leaf_weight=8.0000000000000053 6.9999999999999982 4.9999999999999982 5 4.9999999999999991 4.9999999999999991 5.9999999999999982 6 4.9999999999999991 4.9999999999999991 7.9999999999999991 7.0000000000000098 5.9999999999999991 4.9999999999999991 4.9999999999999991 6.9999999999999991 4.9999999999999982 5 5
leaf_count=8 7 5 5 5 5 6 6 5 5 8 7 6 5 5 7 5 5 5
internal_value=-0.466352 1.86482 15.6435 -4.09864 -1.14145 -1.40915 -5.07641 0.763958 0.28343 1.1891 0.108786 0.972747 -0.367882 0.102584 0.0163772 0.222088 0.670047 -0.362569
internal_weight=110 67 12 43 55 38 12 50 26 21 45 16 29 13 24 17 10 10
internal_count=110 67 12 43 55 38 12 50 26 21 45 16 29 13 24 17 10 10
is_linear=0
shrinkage=0.05


Tree=174
num_leaves=20
num_cat=0
split_feature=2 0 1 1 4 2 6 6 4 4 1 6 1 0 2 3 2 4 5
split_gain=467582 309265 150229 112614 27406 18170.1 13909.8 31510.7 26534.1 28504.6 16549 8654.31 14664.1 5946.32 5280.73 1594.87 2554.94 1133.84 662.432
threshold=0.90942970609434792 91530 29628.349800647582 22348.395371591363 1.8581763196093466 0.51592895015361084 10.485838715812053 10.737411773725453 2.5278384386296175 2.3934212238621493 9024.029416178264 11.642466352918628 9442.0625753316071 37401.000000000015 0.2994101109548431 3.5000000000000004 0.16155975403500911 2.1883376604767633 0.36427410282794453
decision_type=2 2 2 2 2 2 2 2 2 2 2 2 2 2 2 2 2 2 2
left_child=1 2 3 4 -1 6 8 -8 9 10 17 13 14 -9 15 16 -13 -6 -18
right_child=-2 -3 -4 -5 5 -7 7 11 -10 -11 -12 12 -14 -15 -16 -17 18 -19 -20
leaf_value=-3.4540719509124758 -15.381712646484374 12.403769474029541 -6.5007829772101502 6.8913470586140946 0.49260910352071047 2.9683272492885591 -4.4177826690673827 -0.15419449806213381 4.0463519859313966 -2.9277861992518108 3.4984503173828125 0.13919357299804666 -3.1073338317871095 2.2843142366409297 1.3072909146547318 0.13035333114010947 -1.6520267629623415 -0.52687712669372544 -0.83812734961509694
leaf_weight=5.9999999999999991 4.9999999999999991 4.9999999999999991 8.9999999999999982 5.9999999999999991 6.0000000000000089 4.9999999999999991 4.9999999999999991 4.9999999999999982 4.9999999999999991 5.9999999999999991 4.9999999999999991 5.0000000000000062 4.9999999999999991 5 4.9999999999999991 6.9999999999999991 4.9999999999999982 5 5
leaf_count=6 5 5 9 6 6 5 5 5 5 6 5 5 5 5 5 7 5 5 5
internal_value=-0.443034 0.268331 -0.338441 0.271022 -0.196295 0.0511309 -0.145977 -0.66555 0.758465 0.0112183 1.11335 -0.218856 -0.620079 1.06506 -0.159477 -0.492833 -0.783654 0.0292063 -1.24508
internal_weight=110 105 100 91 85 79 74 47 27 22 16 42 32 10 27 22 15 11 10
internal_count=110 105 100 91 85 79 74 47 27 22 16 42 32 10 27 22 15 11 10
is_linear=0
shrinkage=0.05


Tree=175
num_leaves=16
num_cat=0
split_feature=0 1 7 2 1 2 1 1 0 7 4 3 1 0 1
split_gain=754141 888609 367771 1.19171e+06 615222 34479.1 24954 42368.5 14712.1 23491.4 5509.76 1986.23 1693.43 7691.85 2985.68
threshold=77954.999999999985 39566.250451175925 0.18776678944947769 0.56505205340798936 27797.939671950877 0.43149840856083482 9442.0625753316071 13301.812676166339 29848.500000000004 0.2385095961990355 3.1962238028246612 5.5000000000000009 5451.4444842065941 17132.500000000004 6093.7564319131534
decision_type=2 2 2 2 2 2 2 2 2 2 2 2 2 2 2
left_child=2 -2 4 8 5 6 10 -8 -4 -10 11 12 13 -1 -14
right_child=1 -3 3 -5 -6 -7 7 -9 9 -11 -12 -13 14 -15 -16
leaf_value=-0.64757683277130107 -0.90663173675537134 28.902913818359373 -1.896467072623115 -27.50942433357239 16.68572292327881 3.0402120918035509 -4.4253387663099479 0.57557769715785978 -1.2243875583012902 3.200111611684163 1.7617628097534181 0.82092409531275434 -1.3014928204672678 1.7983489704132081 0.075339490630560446
leaf_weight=9.0000000000000018 4.9999999999999982 5 7.0000000000000062 4.9999999999999991 5.9999999999999991 7.9999999999999991 9.0000000000000018 7.9999999999999991 5.9999999999999982 6 4.9999999999999991 5.9999999999999991 6.9999999999999991 4.9999999999999991 8.9999999999999982
leaf_count=9 5 5 7 5 6 8 9 8 6 6 5 6 7 5 9
internal_value=0.931052 13.9981 -0.430103 -5.79034 1.35664 -0.0369123 -0.461343 -2.07197 -0.0747855 0.987862 0.206476 -0.00953601 -0.175628 0.225968 -0.527025
internal_weight=106 10 96 24 72 66 58 17 19 12 41 36 30 14 16
internal_count=106 10 96 24 72 66 58 17 19 12 41 36 30 14 16
is_linear=0
shrinkage=0.05


Tree=176
num_leaves=16
num_cat=0
split_feature=0 1 0 2 1 2 1 4 4 1 0 2 0 5 5
split_gain=680612 801970 336217 274802 29633.7 40455.3 18204.4 47442.5 29792.8 9367.89 5969.26 8346.25 8259.23 2830.64 1606.11
threshold=77954.999999999985 39566.250451175925 66429.000000000015 0.81097315501112854 29628.349800647582 0.50562705853824974 9024.029416178264 2.4709768464156912 2.0660216113510246 13301.812676166339 20369.499999999996 0.2079265850607315 24627.000000000004 0.36427410282794453 0.41243257855243948
decision_type=2 2 2 2 2 2 2 2 2 2 2 2 2 2 2
left_child=2 -2 3 4 5 6 10 8 -8 -9 11 -1 -12 -13 -14
right_child=1 -3 -4 -5 -6 -7 7 9 -10 -11 12 13 14 -15 -16
leaf_value=-0.41022812790340835 -0.86130016326904313 27.457768554687494 -11.868739235401154 11.746974039077759 -3.7022760391235354 3.0981333414713546 -2.5622150993347148 -5.3281136830647799 2.3578112946823242 -2.3977156829833981 -1.8600376923169399 2.5126497411727913 -0.30827541566557343 0.95500199794769269 0.63633094761106701
leaf_weight=9.0000000000000018 4.9999999999999982 5 5.9999999999999991 4.9999999999999991 5.9999999999999991 8.9999999999999982 5.0000000000000027 5.9999999999999982 7.9999999999999991 5 7.0000000000000027 4.9999999999999982 9.0000000000000018 7 8.9999999999999982
leaf_count=9 5 5 6 5 6 9 5 6 8 5 7 5 9 7 9
internal_value=0.884499 13.2982 -0.408598 0.355411 -0.314681 -0.0573949 -0.463106 -1.57941 0.465493 -3.99611 0.119314 0.740772 -0.402711 1.60402 0.164028
internal_weight=106 10 96 90 85 79 70 24 13 11 46 21 25 12 18
internal_count=106 10 96 90 85 79 70 24 13 11 46 21 25 12 18
is_linear=0
shrinkage=0.05


Tree=177
num_leaves=16
num_cat=0
split_feature=0 1 6 2 1 2 1 1 5 7 5 0 1 1 7
split_gain=614252 723778 327652 1.06745e+06 545280 26040.8 17945.5 39702.3 13377.3 37921 4610.2 1844.61 4750.24 2840.85 126.666
threshold=77954.999999999985 39566.250451175925 8.3629238554085266 0.56505205340798936 27797.939671950877 0.43149840856083482 9442.0625753316071 13301.812676166339 0.45698816419450822 0.2385095961990355 0.31286958373127377 14717.500000000004 5451.4444842065941 6411.94674379548 0.090753606681850285
decision_type=2 2 2 2 2 2 2 2 2 2 2 2 2 2 2
left_child=2 -2 3 8 5 6 10 -8 9 -1 -4 -12 -13 14 -14
right_child=1 -3 4 -5 -6 -7 7 -9 -10 -11 11 12 13 -15 -16
leaf_value=-2.122721328735349 -0.81823463439941424 26.084880371093746 1.6064997100830078 -26.003182792663576 15.729757245381675 2.6605616465210917 -4.0264640755123544 0.81454424858093266 -1.593943351507187 3.7731195449829098 -0.63367860383457608 1.3138904571533196 -0.55263790130615209 0.45931939846939507 -0.8933874845504759
leaf_weight=5.0000000000000053 4.9999999999999982 5 4.9999999999999991 4.9999999999999991 5.9999999999999991 7.9999999999999991 9.0000000000000018 7.9999999999999991 7.9999999999999991 6 8.9999999999999982 7.0000000000000027 5.0000000000000018 8.9999999999999982 6
leaf_count=5 5 5 5 5 6 8 9 8 8 6 9 7 5 9 6
internal_value=0.840274 12.6333 -0.388168 -5.4476 1.29831 -0.0136416 -0.382497 -1.74834 -0.0382335 1.09319 0.183829 -0.0137643 0.192874 -0.199482 -0.738501
internal_weight=106 10 96 24 72 66 58 17 19 11 41 36 27 20 11
internal_count=106 10 96 24 72 66 58 17 19 11 41 36 27 20 11
is_linear=0
shrinkage=0.05


Tree=178
num_leaves=17
num_cat=0
split_feature=0 1 0 1 4 3 4 6 4 4 5 6 0 0 1 6
split_gain=554363 653209 308206 88209.6 17511.9 13599.2 22737.9 37427 21203.1 13807.8 9477.37 15318.6 8930.71 5716.08 5493.32 3245.56
threshold=77954.999999999985 39566.250451175925 66429.000000000015 31062.671928726599 1.8581763196093466 1.5000000000000002 2.4709768464156912 12.204789657770361 2.3696226992571545 2.6272356579924998 0.46418096374551515 9.6179462059860477 29848.500000000004 35195 6411.94674379548 15.389639996462732
decision_type=2 2 2 2 2 2 2 2 2 2 2 2 2 2 2 2
left_child=2 -2 3 4 -1 -6 8 9 10 -8 12 -12 -7 14 15 -9
right_child=1 -3 -4 -5 5 6 7 13 -10 -11 11 -13 -14 -15 -16 -17
leaf_value=-2.6585871378580732 -0.77732280731201187 24.780635375976559 -11.341135772069295 6.2196722666422524 2.2472191401890345 0.21347076760398009 -5.2317234802246109 -0.67850873810904311 3.1056358516216278 -1.7914768900190081 3.0009077072143562 -0.44201471124376568 -2.4220761299133304 -1.3091786897182465 2.0134845513105395 0.84407460689544667
leaf_weight=5.9999999999999991 4.9999999999999982 5 5.9999999999999991 5.9999999999999991 6.9999999999999991 9.0000000000000018 4.9999999999999982 7.0000000000000053 7.9999999999999991 7 5.9999999999999982 7 4.9999999999999991 4.9999999999999991 4.9999999999999991 7
leaf_count=6 5 5 6 6 7 9 5 7 8 7 6 7 5 5 5 7
internal_value=0.798261 12.0017 -0.36876 0.362732 -0.055621 0.144607 -0.0626927 -0.944957 0.84478 -3.22491 0.174896 1.14703 -0.727796 0.19502 0.590862 0.0827829
internal_weight=106 10 96 90 84 78 71 36 35 12 27 13 14 24 19 14
internal_count=106 10 96 90 84 78 71 36 35 12 27 13 14 24 19 14
is_linear=0
shrinkage=0.05


Tree=179
num_leaves=16
num_cat=0
split_feature=0 6 1 0 2 0 1 4 2 6 0 2 0 4 4
split_gain=500312 597377 305158 108166 51025.2 54562.2 23306.2 25436.3 31213.5 5027.81 4754.83 7359.73 7010.75 2194.96 1542.23
threshold=77954.999999999985 10.631232603955729 33902.646891508019 62016 0.50562705853824974 29586.000000000004 9024.029416178264 2.4709768464156912 0.40053970387469134 11.029932159873381 20369.499999999996 0.2079265850607315 24627.000000000004 2.7451911326668745 2.4246638699485072
decision_type=2 2 2 2 2 2 2 2 2 2 2 2 2 2 2
left_child=2 -2 3 4 6 -6 10 8 -8 -9 11 -1 -12 -13 -14
right_child=1 -3 -4 -5 5 -7 7 9 -10 -11 12 13 14 -15 -16
leaf_value=-0.42983614868587905 23.622224731445318 -0.81907836914062493 -10.402088492257256 6.9233922958374023 -0.15061229637690954 6.3471364021301264 1.3097001949946081 -4.8728582477569589 -3.61748943567276 -2.6305809402465816 -1.7122245043516153 0.89011390549795988 0.61541066567103053 2.2617536282539361 -0.31022014336453546
leaf_weight=9.0000000000000018 4.9999999999999982 5 6.9999999999999991 5.9999999999999991 6.9999999999999982 6 9.0000000000000018 4.9999999999999982 4.9999999999999991 5 7.0000000000000027 6.9999999999999982 9.0000000000000018 5 8.9999999999999982
leaf_count=9 5 5 7 6 7 6 9 5 5 5 7 7 9 5 9
internal_value=0.758348 11.4016 -0.350322 0.440267 -0.0283931 2.84835 -0.562645 -1.82572 -0.45001 -3.75172 0.0963518 0.651002 -0.369554 1.46163 0.152595
internal_weight=106 10 96 89 83 13 70 24 14 10 46 21 25 12 18
internal_count=106 10 96 89 83 13 70 24 14 10 46 21 25 12 18
is_linear=0
shrinkage=0.05


Tree=180
num_leaves=16
num_cat=0
split_feature=1 1 0 6 1 0 0 4 0 1 7 1 4 7 1
split_gain=1.13771e+06 120228 204975 27112.6 37141.6 12779.4 8054.07 4719.12 5600.96 4716.15 4125.14 3877.19 2023.55 4407.65 859.15
threshold=52757.674236056024 31062.671928726599 66429.000000000015 5.0852088199700551 15719.604082849797 43685.500000000007 46235.500000000007 3.0121539584389425 33369.000000000007 7607.5887173799301 0.14029013502643015 6093.7564319131534 2.2516050081241255 0.04970776372884636 5166.7437459527355
decision_type=2 2 2 2 2 2 2 2 2 2 2 2 2 2 2
left_child=1 2 3 -1 5 7 -7 8 9 11 -11 12 -5 -14 -15
right_child=-2 -3 -4 4 -6 6 -8 -9 -10 10 -12 -13 13 14 -16
leaf_value=-3.077862276349749 22.392381540934245 -5.5296204460991758 9.4610078652699787 0.48104856354849662 3.1931492593553332 -3.2921335649490362 -0.4541650158166885 1.1871704578399658 1.2019856248583114 -1.8248521780595188 -0.090518188476562497 1.1643984357515971 0.48368643437113062 -0.67198224763075531 -1.5181252876917519
leaf_weight=6.9999999999999991 5.9999999999999991 8.9999999999999982 5.9999999999999991 7.0000000000000027 8.9999999999999982 4.9999999999999982 5 7.9999999999999991 6.9999999999999991 7.9999999999999982 6 5.9999999999999991 7.0000000000000027 5.9999999999999982 6
leaf_count=7 6 9 6 7 9 5 5 8 7 8 6 6 7 6 6
internal_value=1.23318 -0.0114754 0.522539 -0.0939076 0.167188 -0.216384 -1.87315 0.0552168 -0.115644 -0.316153 -1.08157 0.0187153 -0.245673 -0.513413 -1.09505
internal_weight=108 102 93 87 80 71 10 61 53 46 14 32 26 19 12
internal_count=108 102 93 87 80 71 10 61 53 46 14 32 26 19 12
is_linear=0
shrinkage=0.05


Tree=181
num_leaves=17
num_cat=0
split_feature=2 4 5 1 2 2 6 1 1 0 2 0 6 6 0 5
split_gain=1.06448e+06 187022 1.19006e+06 719104 530037 39029.9 26396.9 16326.2 9083.61 31030.8 3978.49 6593.86 3891.62 2186.73 1302.97 684.589
threshold=0.81097315501112854 2.8480664780767246 0.33198916330476513 31062.671928726599 0.35245113372703452 0.51592895015361084 5.7811278719123775 13956.18840917876 9833.536278827658 45841.500000000007 0.24472592425180703 27800.999999999996 12.204789657770361 10.191971975417099 19519.500000000011 0.39559492442219535
decision_type=2 2 2 2 2 2 2 2 2 2 2 2 2 2 2 2
left_child=1 3 4 5 -3 6 -1 8 10 -10 12 13 -8 -12 -15 -14
right_child=-2 2 -4 -5 -6 -7 7 -9 9 -11 11 -13 15 14 -16 -17
leaf_value=-2.8271518495347765 20.02708870002202 3.4614914152357303 22.825331973532837 -19.571716613769532 -16.842472038269044 4.2737393188476558 -1.27262932062149 2.3448893410818918 -3.9282694141070054 1.4051096916198729 1.0088546342775213 2.1520026206970218 0.52871173322200782 0.1502514786190457 -0.85643593788146966 -0.22659695347150166
leaf_weight=8.9999999999999982 6.9999999999999991 9.0000000000000018 5.9999999999999991 4.9999999999999991 4.9999999999999991 4.9999999999999991 8.0000000000000018 6.9999999999999991 5.9999999999999982 5 5.0000000000000062 4.9999999999999991 5.9999999999999982 8.9999999999999982 4.9999999999999991 6
leaf_count=9 7 9 6 5 5 5 8 7 6 5 5 5 6 9 5 6
internal_value=1.17152 -0.135297 4.19465 -1.20442 -3.78992 0.0039541 -0.296735 0.0705836 -0.218874 -1.50401 0.10241 0.536432 -0.418417 0.111282 -0.20928 0.151057
internal_weight=108 101 20 81 14 76 71 62 55 11 44 24 20 19 14 12
internal_count=108 101 20 81 14 76 71 62 55 11 44 24 20 19 14 12
is_linear=0
shrinkage=0.05


Tree=182
num_leaves=16
num_cat=0
split_feature=1 1 0 6 1 0 0 4 0 6 6 0 0 3 4
split_gain=993465 104747 174232 21587.1 29395.5 12890.7 5789.92 4990.47 5294.22 3866.47 7758.94 2307.22 1532.88 2722.18 321.962
threshold=52757.674236056024 31062.671928726599 66429.000000000015 5.0852088199700551 15719.604082849797 43685.500000000007 46235.500000000007 3.0121539584389425 33369.000000000007 10.191971975417099 10.737411773725453 23817.000000000018 8615.0000000000073 3.5000000000000004 2.2723896376949191
decision_type=2 2 2 2 2 2 2 2 2 2 2 2 2 2 2
left_child=1 2 3 -1 5 7 -7 8 9 11 -11 -5 -12 -14 -15
right_child=-2 -3 -4 4 -6 6 -8 -9 -10 10 12 -13 13 14 -16
leaf_value=-2.7826115880693711 20.885325622558597 -5.2007808261447481 8.689263641834259 -0.49427630484104157 2.8049432012769913 -3.0953615593910224 -0.68913714408874505 1.2085368871688844 1.149829912185669 -2.4385835266113283 0.49594322919845546 0.84531607098049588 -1.1423663579755354 -0.2415183373859951 0.25761814912160236
leaf_weight=6.9999999999999991 5.9999999999999991 8.9999999999999982 5.9999999999999991 4.9999999999999991 8.9999999999999982 4.9999999999999982 5 7.9999999999999991 6.9999999999999991 4.9999999999999991 5.0000000000000027 8.9999999999999982 9.0000000000000018 6.9999999999999982 6
leaf_count=7 6 9 6 5 9 5 5 8 7 5 5 9 9 7 6
internal_value=1.11295 -0.0501332 0.448317 -0.120025 0.112952 -0.228287 -1.89225 0.0444943 -0.13121 -0.326151 -0.629357 0.36689 -0.294315 -0.473919 -0.0111477
internal_weight=108 102 93 87 80 71 10 61 53 46 32 14 27 22 13
internal_count=108 102 93 87 80 71 10 61 53 46 32 14 27 22 13
is_linear=0
shrinkage=0.05


Tree=183
num_leaves=17
num_cat=0
split_feature=2 1 4 0 2 6 1 1 0 0 1 2 7 1 4 1
split_gain=922716 172151 596090 153526 40272.5 20730.6 19152.8 19969.9 10722 4076.97 6956.57 4661.99 4008.53 3047.85 1853.89 1688.94
threshold=0.81097315501112854 31062.671928726599 2.934351799697287 66429.000000000015 0.51592895015361084 5.7811278719123775 13956.18840917876 9833.536278827658 45841.500000000007 39777.5 8587.5259268539885 0.2994101109548431 0.038704089731232433 5166.7437459527355 2.6767405536233917 6093.7564319131534
decision_type=2 2 2 2 2 2 2 2 2 2 2 2 2 2 2 2
left_child=1 3 -3 4 5 -1 7 9 -9 10 11 12 -7 14 -14 -15
right_child=-2 2 -4 -5 -6 6 -8 8 -10 -11 -12 -13 13 15 -16 -17
leaf_value=-2.5795318073696563 18.612418351854597 -18.593953704833989 5.8209912109374997 8.2548010845979061 3.9284081379572551 -1.5201724815368653 2.6709194501241047 -3.6471928437550867 -0.51215240478515622 -1.2398476934432985 2.0256361627578734 1.0670753505494861 -0.11249341845512384 -0.88778653409745933 1.1480828080858501 0.11068491842597723
leaf_weight=8.9999999999999982 6.9999999999999991 4.9999999999999982 5 5.9999999999999991 5.9999999999999991 4.9999999999999991 5.9999999999999991 5.9999999999999982 5 4.9999999999999991 4.9999999999999991 8.9999999999999982 5.0000000000000018 9.0000000000000018 7 7.9999999999999991
leaf_count=9 7 5 5 6 6 5 6 6 5 5 5 9 5 9 7 8
internal_value=1.0573 -0.159391 -6.38648 0.524905 -0.0207349 -0.32067 -0.0302447 -0.283479 -2.22217 0.118892 0.260427 0.0551704 -0.212687 0.0127418 0.622843 -0.417918
internal_weight=108 101 10 91 85 79 70 64 11 53 48 43 34 29 12 17
internal_count=108 101 10 91 85 79 70 64 11 53 48 43 34 29 12 17
is_linear=0
shrinkage=0.05


Tree=184
num_leaves=19
num_cat=0
split_feature=1 3 0 5 2 1 2 4 0 0 1 7 1 2 0 5 5 0
split_gain=863078 102399 212649 487558 294586 220230 15973.8 12211.8 10195.9 23876.2 11499 3596.7 4314.44 2193.85 1068.11 1146.79 2571.32 1413.67
threshold=52757.674236056024 1.5000000000000002 54773.500000000007 0.35922375171208942 0.38140948671013492 22348.395371591363 0.50562705853824974 1.929028480034092 45841.500000000007 37401.000000000015 9833.536278827658 0.21467669911528109 1580.3453037190059 0.1816627865598146 28397.000000000015 0.42201395357088417 0.45698816419450822 20369.499999999996
decision_type=2 2 2 2 2 2 2 2 2 2 2 2 2 2 2 2 2 2
left_child=1 -1 5 -4 -5 6 7 -3 9 10 11 12 -9 -14 15 17 -17 -15
right_child=-2 2 3 4 -6 -7 -8 8 -10 -11 -12 -13 13 14 -16 16 -18 -19
leaf_value=-6.4165542284647632 19.433682759602867 -2.6536022090911864 18.5243864440918 -9.2694537734985385 7.1633576711018883 -10.896328430175782 2.4158997178077701 1.2363093847036364 -1.6479780356089275 2.8954017230442592 -2.4999156689643862 1.2941219615936281 -1.2045982440312706 0.49067339939730464 0.51205984115600589 -1.4947430312633516 0.10879042625427245 -0.61010827839374537
leaf_weight=5.9999999999999991 5.9999999999999991 4.9999999999999991 4.9999999999999991 4.9999999999999982 6 4.9999999999999991 5.9999999999999991 4.9999999999999991 8.9999999999999982 6.9999999999999991 4.9999999999999991 4.9999999999999991 5.9999999999999991 7.0000000000000053 4.9999999999999991 4.9999999999999982 5 5
leaf_count=6 6 5 5 5 6 5 6 5 9 7 5 5 6 7 5 5 5 5
internal_value=1.00444 -0.0796379 0.316419 5.57843 -0.306102 -0.735982 -0.0586254 -0.273802 -0.0878796 0.167409 -0.230423 0.0334715 -0.132404 -0.339784 -0.147603 -0.297527 -0.692976 0.0320144
internal_weight=108 102 96 16 11 80 75 69 64 55 48 43 38 33 27 22 10 12
internal_count=108 102 96 16 11 80 75 69 64 55 48 43 38 33 27 22 10 12
is_linear=0
shrinkage=0.05


Tree=185
num_leaves=18
num_cat=0
split_feature=4 2 5 0 6 1 0 2 5 2 1 1 2 2 6 6 6
split_gain=347222 1.12775e+06 918182 716871 307160 1.34448e+06 933610 61162.2 44176.5 35297.6 7097.23 4358.12 4555.38 4734.11 4306.17 2767.72 580.035
threshold=3.0121539584389425 0.51592895015361084 0.34079229426713314 87502.499999999985 8.8564046125742681 27797.939671950877 58162.500000000022 0.26451798600539184 0.52913203615314297 0.32534461537208209 17549.64770584663 11399.273390776547 0.32534461537208209 0.24878814255985207 11.642466352918628 12.204789657770361 13.8610787059551
decision_type=2 2 2 2 2 2 2 2 2 2 2 2 2 2 2 2 2
left_child=2 7 -1 4 6 10 8 -2 9 -4 11 12 13 15 -15 -6 -17
right_child=1 -3 3 -5 5 -7 -8 -9 -10 -11 -12 -13 -14 14 -16 16 -18
leaf_value=19.382645241419475 -1.9667764345804852 -27.202160224914554 -0.89329466223716614 -19.215378265380863 -1.0632960054609508 24.765085601806643 -23.603138065338136 5.5209004211425778 -3.1962723936353412 3.6712825351291229 -2.0225705659389499 1.217473284403483 -1.2957255290821195 1.9648154645971958 -0.02197092274824778 0.49980622768402105 -0.18669110722839832
leaf_weight=5.9999999999999991 5.9999999999999982 4.9999999999999991 8.0000000000000089 4.9999999999999991 9.0000000000000018 5.9999999999999991 4.9999999999999991 5 6.9999999999999991 8.9999999999999982 4.9999999999999991 5.9999999999999991 7.9999999999999991 4.9999999999999982 6 4.9999999999999991 7.9999999999999991
leaf_count=6 6 5 8 5 9 6 5 5 7 9 5 6 8 5 6 5 8
internal_value=-0.683663 -7.51293 0.43132 -0.804636 0.253453 2.35422 -3.94808 1.43671 0.14672 1.52325 -0.231649 -0.041125 -0.22531 0.0341845 0.881114 -0.38928 0.0773463
internal_weight=114 16 98 92 87 58 29 11 24 17 52 47 41 33 11 22 13
internal_count=114 16 98 92 87 58 29 11 24 17 52 47 41 33 11 22 13
is_linear=0
shrinkage=0.05


Tree=186
num_leaves=21
num_cat=0
split_feature=2 5 5 0 2 0 7 2 1 1 0 1 5 0 0 1 0 7 5 5
split_gain=325211 112377 811562 661464 404022 133897 119375 44810.5 42781.8 24406.5 20972.8 16364 4456.96 3166.67 4488.24 4274.32 1470.24 1980.69 1384.36 1160.32
threshold=0.90942970609434792 0.33198916330476513 0.34079229426713314 87502.499999999985 0.41711654529755943 54773.500000000007 0.17020059730283604 0.2566042183329999 17549.64770584663 12221.392818450666 35195 9833.536278827658 0.5184683316555917 39777.5 31244.499999999993 7387.5125544820748 19519.500000000011 0.11342507648198333 0.40121061746896597 0.40949729383885825
decision_type=2 2 2 2 2 2 2 2 2 2 2 2 2 2 2 2 2 2 2 2
left_child=1 4 -3 5 7 8 -7 -1 9 11 -11 12 13 14 15 16 17 18 -4 -18
right_child=-2 2 3 -5 -6 6 -8 -9 -10 10 -12 -13 -14 -15 -16 -17 19 -19 -20 -21
leaf_value=-1.5805943298339846 -11.979651037851971 18.413512070973717 0.66344063162803568 -18.254609031677244 -15.640938873291015 11.258189921975138 1.1427790505545479 5.1134688186645505 -4.3959263165791835 0.28554526737758096 4.5254359626770011 -3.1688694477081301 -1.5713222455978393 -1.1731872987747192 1.3074841499328613 -1.433090574145317 -0.83985948562622093 1.2939637088775635 -0.5131476432085037 0.23732369661331176
leaf_weight=4.9999999999999982 5.9999999999999991 5.9999999999999991 5.0000000000000053 4.9999999999999991 4.9999999999999991 4.9999999999999982 7 5 5.9999999999999991 6.9999999999999982 5 4.9999999999999991 4.9999999999999991 4.9999999999999991 6.9999999999999991 4.9999999999999991 4.9999999999999982 4.9999999999999991 5 5
leaf_count=5 6 6 5 5 5 5 7 5 6 7 5 5 5 5 7 5 5 5 5 5
internal_value=-0.64948 -0.020026 0.627715 -0.598891 -4.03602 0.477677 5.35753 1.76644 -0.35887 0.0196038 2.05217 -0.449449 -0.160149 0.00784772 0.167447 -0.0985616 0.168344 0.481419 0.0751465 -0.301268
internal_weight=114 108 93 87 15 82 12 10 70 64 12 52 47 42 37 30 25 15 10 10
internal_count=114 108 93 87 15 82 12 10 70 64 12 52 47 42 37 30 25 15 10 10
is_linear=0
shrinkage=0.05


Tree=187
num_leaves=20
num_cat=0
split_feature=4 2 5 0 7 1 2 2 4 0 0 1 1 1 0 0 2 2 2
split_gain=294893 962121 746006 585489 276904 1.21757e+06 848778 54096.7 46881.6 39333.6 14282.1 4738.76 13299 7913.02 2467.93 3982.35 1739.18 720.469 808.707
threshold=3.0121539584389425 0.51592895015361084 0.34079229426713314 87502.499999999985 0.18776678944947769 27797.939671950877 0.56505205340798936 0.26451798600539184 2.4420260066434127 48227.499999999993 29848.500000000004 17549.64770584663 13301.812676166339 9833.536278827658 39777.5 31244.499999999993 0.28437702154139949 0.26451798600539184 0.18761642588800242
decision_type=2 2 2 2 2 2 2 2 2 2 2 2 2 2 2 2 2 2 2
left_child=2 7 -1 4 5 11 8 -2 9 10 -6 12 13 14 15 16 17 18 -4
right_child=1 -3 3 -5 6 -7 -8 -9 -10 -11 -12 -13 -14 -15 -16 -17 -18 -19 -20
leaf_value=17.49283701578776 -1.8451916376749677 -25.096618423461916 0.33339032332102425 -17.341878318786623 -1.2331133651733384 23.481669966379801 -22.582206764221194 5.1967260360717766 4.075496848424276 -4.7749391174316411 2.5460584926605225 -1.7065124893188477 2.3542313289642336 -1.9087371792112078 -1.1145279359817504 1.377301254272461 -0.72716416915257776 0.56981162031491595 -0.45767547232764105
leaf_weight=5.9999999999999991 5.9999999999999982 4.9999999999999991 6.0000000000000053 4.9999999999999991 5.0000000000000053 5.9999999999999991 4.9999999999999991 5 5.9999999999999991 4.9999999999999991 5 4.9999999999999991 4.9999999999999991 6.9999999999999991 4.9999999999999991 4.9999999999999991 8.9999999999999982 5.9999999999999991 7
leaf_count=6 6 5 6 5 5 6 5 5 6 5 5 5 5 7 5 5 9 6 7
internal_value=-0.617006 -6.91066 0.41053 -0.703534 0.252693 2.0943 -4.068 1.35568 0.340143 -1.154 0.656473 -0.238867 -0.0921026 -0.363918 -0.0793455 0.0775004 -0.154607 0.116604 -0.0925682
internal_weight=114 16 98 92 87 61 26 11 21 15 10 55 50 45 38 33 28 19 13
internal_count=114 16 98 92 87 61 26 11 21 15 10 55 50 45 38 33 28 19 13
is_linear=0
shrinkage=0.05


Tree=188
num_leaves=19
num_cat=0
split_feature=4 0 0 0 0 0 1 6 4 6 1 5 0 6 1 0 0 4
split_gain=266141 740978 636544 563518 86362.4 77441.1 98349.5 65007.3 7968.74 16625.9 12461.2 9443.6 9078.96 3828.8 2731.18 661.733 732.224 168.658
threshold=3.0121539584389425 77954.999999999985 66429.000000000015 70868.500000000015 54773.500000000007 46235.500000000007 15719.604082849797 11.49094878481216 1.8899163912421544 7.1676944068471782 9833.536278827658 0.36427410282794453 31244.499999999993 16.260692376199078 7387.5125544820748 24627.000000000004 19519.500000000011 2.4420260066434127
decision_type=2 2 2 2 2 2 2 2 2 2 2 2 2 2 2 2 2 2
left_child=1 2 4 13 5 6 8 -7 -1 -10 11 -11 14 -2 15 16 17 -13
right_child=3 -3 -4 -5 -6 7 -8 -9 9 10 -12 12 -14 -15 -16 -17 -18 -19
leaf_value=-2.3025618553161622 -1.0903479258219402 14.972638475894929 -18.24377311706543 -20.483078460693363 5.0581347227096565 -7.2007760320390988 5.8796236378805986 0.2638446521759033 2.2641092697779341 -1.8917934724262784 -2.6590706825256349 -0.13088193178176855 1.7295659473964147 0.78307998657226552 -1.3459578597545625 0.45426573753356936 -0.59229902795382905 0.27979743361473081
leaf_weight=4.9999999999999991 5.9999999999999982 7.9999999999999991 4.9999999999999991 4.9999999999999991 7.9999999999999991 6.9999999999999982 6.9999999999999991 5 5.9999999999999991 6.9999999999999991 5.9999999999999991 5.0000000000000089 6.9999999999999991 5 4.9999999999999991 4.9999999999999991 6.9999999999999991 5
leaf_count=5 6 8 5 5 8 7 7 5 6 7 6 5 7 5 5 5 7 5
internal_value=-0.586156 0.390003 -0.906231 -6.56513 0.113625 -0.400091 0.281219 -4.09052 -0.394451 -0.21444 -0.530851 -0.219404 0.124911 -0.23879 -0.29111 -0.0513721 -0.200089 0.0744578
internal_weight=114 98 90 16 85 77 65 12 58 53 47 41 34 11 27 22 17 10
internal_count=114 98 90 16 85 77 65 12 58 53 47 41 34 11 27 22 17 10
is_linear=0
shrinkage=0.05


Tree=189
num_leaves=18
num_cat=0
split_feature=2 6 0 5 0 1 1 1 0 0 0 4 0 2 2 6 4
split_gain=292130 101311 239875 188420 133260 101551 83312 42249.1 18598.1 5073.65 8230.03 7412.56 9585.36 5199.17 3011.16 2273.04 854.286
threshold=0.90942970609434792 6.6798556851379809 77954.999999999985 0.45698816419450822 54773.500000000007 27797.939671950877 27797.939671950877 15719.604082849797 43685.500000000007 17132.500000000004 20369.499999999996 2.6969315988360472 31244.499999999993 0.2079265850607315 0.28437702154139949 13.8610787059551 2.2723896376949191
decision_type=2 2 2 2 2 2 2 2 2 2 2 2 2 2 2 2 2
left_child=1 3 4 -1 6 -6 7 8 9 13 -11 12 14 -3 16 -15 -12
right_child=-2 2 -4 -5 5 -7 -8 -9 -10 10 11 -13 -14 15 -16 -17 -18
leaf_value=10.70576655069987 -11.295303185780844 -2.1032393455505356 -8.8326529741287239 -1.0155734181404115 1.2193258217402869 10.549045066833495 -6.805773696899414 3.5602709361485076 -2.7874838680028917 1.6679994276591712 0.40262623173849871 -1.9934104728698732 1.8577371279398602 -1.0608477210998537 -1.2588118774550301 0.38262597893675165 -0.45308709859848018
leaf_weight=5.9999999999999991 5.9999999999999991 6.0000000000000027 7.9999999999999991 7.9999999999999991 6.9999999999999982 5 4.9999999999999991 6.9999999999999991 7.9999999999999991 6.9999999999999991 7.0000000000000089 4.9999999999999991 5.9999999999999991 4.9999999999999982 6.9999999999999991 6 5
leaf_count=6 6 6 8 8 7 5 5 7 8 7 7 5 6 5 7 6 5
internal_value=-0.556848 0.039733 -0.551264 4.00786 0.219097 5.10671 -0.573488 -0.121873 -0.537599 -0.204283 0.124233 -0.235979 0.115508 -0.919289 -0.43467 -0.273498 0.046079
internal_weight=114 108 94 14 86 12 74 69 62 54 37 30 25 17 19 11 12
internal_count=114 108 94 14 86 12 74 69 62 54 37 30 25 17 19 11 12
is_linear=0
shrinkage=0.05


Tree=190
num_leaves=18
num_cat=0
split_feature=2 0 2 0 0 2 1 1 1 1 1 1 0 2 4 3 7
split_gain=512452 771392 101480 116962 53614 47863.2 20979.2 9291.44 7901.92 7481.54 1875.1 4519.15 4374.1 1701.94 2762.51 1410.7 1043.4
threshold=0.75904576824017289 66429.000000000015 0.56505205340798936 77954.999999999985 62016 0.51592895015361084 16516.706392829426 12221.392818450666 10621.309512456515 8587.5259268539885 5166.7437459527355 5657.3230438461069 14717.500000000004 0.2994101109548431 2.7451911326668745 4.5000000000000009 0.077356522101407768
decision_type=2 2 2 2 2 2 2 2 2 2 2 2 2 2 2 2 2
left_child=2 -2 3 4 5 6 7 8 9 10 12 -12 13 14 -1 16 -13
right_child=1 -3 -4 -5 -6 -7 -8 -9 -10 -11 11 15 -14 -15 -16 -17 -18
leaf_value=-0.023260255654652891 2.320096912384034 -25.453841609954832 7.2544022369384766 -6.8098351160685233 4.9684169371922815 4.3672340561946239 -3.1095632553100589 1.4709786415100099 -1.9732390960057575 1.6040424187978108 -1.7646667997042329 0.00051501790682474756 1.0996286255972725 0.36596597194671632 -1.6145798271894454 0.44354616006215414 -0.8980371089918272
leaf_weight=6.0000000000000053 4.9999999999999982 5 4.9999999999999991 5.9999999999999991 5.9999999999999991 5.9999999999999991 5.9999999999999991 8.9999999999999982 5.9999999999999991 5.9999999999999991 6.0000000000000027 6.0000000000000018 6.9999999999999991 4.9999999999999991 5 5.9999999999999991 7
leaf_count=6 5 5 5 6 6 6 6 9 6 6 6 6 7 5 5 6 7
internal_value=-0.784914 -11.5669 0.315286 -0.0577847 0.407874 0.0700559 -0.273718 -0.0271231 -0.251838 -0.0605717 -0.268648 -0.568396 0.0571639 -0.398914 -0.746587 -0.190626 -0.483321
internal_weight=108 10 98 93 87 81 75 69 60 54 48 25 23 16 11 19 13
internal_count=108 10 98 93 87 81 75 69 60 54 48 25 23 16 11 19 13
is_linear=0
shrinkage=0.05


Tree=191
num_leaves=18
num_cat=0
split_feature=2 0 5 5 2 0 2 6 6 1 1 1 6 1 1 5 5
split_gain=462488 696181 95293.1 776119 349249 293427 23137.8 42232.9 21205 23514.6 12261.6 9681.11 1053.81 1707.11 1694.09 1617.83 206.042
threshold=0.75904576824017289 66429.000000000015 0.33198916330476513 0.35114664584695249 0.35245113372703452 70868.500000000015 0.50562705853824974 7.6506066014448839 5.0852088199700551 15719.604082849797 11399.273390776547 8587.5259268539885 15.389639996462732 6093.7564319131534 7607.5887173799301 0.44412785151983714 0.38926142689652604
decision_type=2 2 2 2 2 2 2 2 2 2 2 2 2 2 2 2 2
left_child=2 -2 4 -4 -1 6 8 -8 -5 10 11 12 13 15 -15 16 -10
right_child=1 -3 3 5 -6 -7 7 -9 9 -11 -12 -13 -14 14 -16 -17 -18
leaf_value=2.3666295051574706 2.2040922927856452 -24.181148910522456 16.876132311139788 -2.6515919276646205 -14.114808311462404 -12.225721836090088 5.7814910507202164 -0.71719626188278196 -1.0277093489964793 3.5395562744140627 -2.1770571947097781 1.937574257169451 0.51638324260711677 0.85920105973879513 -0.38695915222167965 0.13012073721204484 -0.62841296792030332
leaf_weight=8.9999999999999982 4.9999999999999982 5 6.9999999999999991 6.9999999999999991 4.9999999999999991 4.9999999999999991 4.9999999999999982 5 6.0000000000000053 4.9999999999999991 5.9999999999999991 6.9999999999999991 5.9999999999999991 5.9999999999999982 5 6.9999999999999991 7
leaf_count=9 5 5 7 7 5 5 5 5 6 5 6 7 6 6 5 7 7
internal_value=-0.745668 -10.9885 0.299522 0.936042 -3.5196 -0.513057 0.300322 2.53215 -0.0596496 0.270234 -0.0566983 0.232442 -0.0901511 -0.207545 0.292765 -0.482715 -0.812704
internal_weight=108 10 98 84 14 77 72 10 62 55 50 44 37 31 11 20 13
internal_count=108 10 98 84 14 77 72 10 62 55 50 44 37 31 11 20 13
is_linear=0
shrinkage=0.05


Tree=192
num_leaves=18
num_cat=0
split_feature=2 0 4 4 2 0 2 6 6 1 1 1 6 1 1 4 6
split_gain=417395 628303 86002 700447 315197 264818 20881.8 38115.2 19137.5 21222 11066.1 8737.21 951.063 1540.67 1528.92 1460.09 201.311
threshold=0.75904576824017289 66429.000000000015 3.0121539584389425 2.8480664780767246 0.35245113372703452 70868.500000000015 0.50562705853824974 7.6506066014448839 5.0852088199700551 15719.604082849797 11399.273390776547 8587.5259268539885 15.389639996462732 6093.7564319131534 7607.5887173799301 2.2516050081241255 12.204789657770361
decision_type=2 2 2 2 2 2 2 2 2 2 2 2 2 2 2 2 2
left_child=2 -2 3 5 -4 6 8 -8 -1 10 11 12 13 15 -15 -10 -17
right_child=1 -3 4 -5 -6 -7 7 -9 9 -11 -12 -13 -14 14 -16 16 -18
leaf_value=-2.5190124784197128 2.0938874626159669 -22.972091293334959 2.2482980092366538 16.032325404030939 -13.409067955017091 -11.614436016082763 5.4924164581298847 -0.68133649706840504 0.12361471652984607 3.362578468322754 -2.0682043810685475 1.8406955105917797 0.49056407511234285 0.81624100754658402 -0.36761119782924645 -1.0209497356414796 -0.61651761308312425
leaf_weight=6.9999999999999991 4.9999999999999982 5 8.9999999999999982 6.9999999999999991 4.9999999999999991 4.9999999999999991 4.9999999999999982 5 7.0000000000000062 4.9999999999999991 5.9999999999999991 6.9999999999999991 5.9999999999999991 5.9999999999999982 5 4.9999999999999991 7.9999999999999991
leaf_count=7 5 5 9 7 5 5 5 5 7 5 6 7 6 6 5 5 8
internal_value=-0.708385 -10.4391 0.284546 0.88924 -3.34362 -0.487404 0.285306 2.40554 -0.0566672 0.256722 -0.0538634 0.220819 -0.0856436 -0.197168 0.278126 -0.458579 -0.772068
internal_weight=108 10 98 84 14 77 72 10 62 55 50 44 37 31 11 20 13
internal_count=108 10 98 84 14 77 72 10 62 55 50 44 37 31 11 20 13
is_linear=0
shrinkage=0.05


Tree=193
num_leaves=17
num_cat=0
split_feature=6 2 6 1 7 4 1 7 7 6 1 3 1 2 6 1
split_gain=387211 1.91123e+06 1.12368e+06 840832 322791 128757 114510 13869.7 19198.1 12480.3 16459.3 8367.44 4759.15 1642.08 2881.67 4603.89
threshold=9.8202207392153866 0.63546820154915784 10.737411773725453 31062.671928726599 0.15165859421828662 2.5278384386296175 24205.677865591173 0.36171664427398059 0.2385095961990355 12.796655641163168 9442.0625753316071 5.5000000000000009 8017.8764203639594 0.2994101109548431 14.205942578101139 2608.015573342022
decision_type=2 2 2 2 2 2 2 2 2 2 2 2 2 2 2 2
left_child=1 4 -2 6 -1 7 9 8 11 10 -4 -6 13 14 -11 -16
right_child=2 -3 3 -5 5 -7 -8 -9 -10 12 -12 -13 -14 -15 15 -17
leaf_value=-11.220382452011108 18.187428429391652 -33.387311954498294 -0.4106101853506906 -20.420460815429688 -2.0475358454244463 6.9082149721682073 8.2627629852294913 -2.4753156979878743 2.3631803240094866 0.74193995475768881 2.822091727786594 0.63054014205932607 -1.7350562477111815 0.67696639796098079 -1.5416452192701402 0.34582196548581123
leaf_weight=5.9999999999999991 8.9999999999999982 4.9999999999999991 6.9999999999999991 4.9999999999999991 7.0000000000000053 7.9999999999999991 4.9999999999999991 5.9999999999999991 6.9999999999999991 5.0000000000000098 8.9999999999999982 5 4.9999999999999991 5.9999999999999991 6.9999999999999982 6
leaf_count=6 9 5 7 5 7 8 5 6 7 5 9 5 5 6 7 6
internal_value=-0.672965 -4.2837 1.80941 -0.870624 -0.552468 1.38715 1.08436 -0.379587 0.282222 0.28676 1.40778 -0.931671 -0.331737 -0.0393786 -0.27816 -0.670507
internal_weight=108 44 64 55 39 33 50 25 19 45 16 12 29 24 18 13
internal_count=108 44 64 55 39 33 50 25 19 45 16 12 29 24 18 13
is_linear=0
shrinkage=0.05


Tree=194
num_leaves=17
num_cat=0
split_feature=6 2 6 1 6 0 4 0 2 1 0 1 6 2 0 2
split_gain=349458 1.72488e+06 1.01412e+06 758850 291319 129393 116203 12714.9 12155.1 9621.66 5768.77 5263.16 3954.12 1074.95 1602.5 2078.37
threshold=9.8202207392153866 0.63546820154915784 10.737411773725453 31062.671928726599 9.4306243500006861 53055.999999999993 2.5278384386296175 43685.500000000007 0.51592895015361084 8587.5259268539885 39777.5 22348.395371591363 11.642466352918628 0.2994101109548431 6414.0000000000009 0.22605089977735515
decision_type=2 2 2 2 2 2 2 2 2 2 2 2 2 2 2 2
left_child=1 4 -2 5 6 8 7 9 10 -1 12 -9 -4 14 -14 -16
right_child=2 -3 3 -5 -6 -7 -8 11 -10 -11 -12 -13 13 -15 15 -17
leaf_value=-0.49626550450921042 17.27805692354838 -31.717945895195012 1.3645803356170656 -19.399437866210938 -10.659363337357838 8.6607904815673837 6.5628042846918113 -2.6311210314432785 2.096927727971758 2.1524692058563235 -1.7530787086486819 -0.43463233947753904 -1.1220830214023574 0.3747064454214914 0.40598629646831097 -0.74275158132825592
leaf_weight=8.0000000000000018 8.9999999999999982 4.9999999999999991 4.9999999999999991 4.9999999999999991 5.9999999999999991 4.9999999999999991 7.9999999999999991 5.9999999999999982 6.9999999999999991 5.9999999999999991 4.9999999999999991 5 5.0000000000000062 6.9999999999999991 8.9999999999999982 6.9999999999999991
leaf_count=8 9 5 5 5 6 5 8 6 7 6 5 5 5 7 9 7
internal_value=-0.639317 -4.06952 1.71894 -0.827093 -0.524845 1.03014 1.3178 -0.360608 0.182292 0.638907 -0.170404 -1.63272 0.0693954 -0.161888 -0.340752 -0.0965865
internal_weight=108 44 64 55 39 50 33 25 45 14 38 11 33 28 21 16
internal_count=108 44 64 55 39 50 33 25 45 14 38 11 33 28 21 16
is_linear=0
shrinkage=0.05


Tree=195
num_leaves=17
num_cat=0
split_feature=4 5 2 0 4 0 1 2 6 2 6 7 4 1 4 6
split_gain=248389 948088 766230 409936 204587 494715 320626 59230.7 10486.8 12974.6 8332.7 10391.3 6841.27 15348.7 621.835 685.418
threshold=3.0121539584389425 0.34079229426713314 0.41711654529755943 87502.499999999985 1.8899163912421544 66429.000000000015 29628.349800647582 0.26451798600539184 8.3629238554085266 0.32534461537208209 10.737411773725453 0.14029013502643015 2.6969315988360472 9442.0625753316071 2.535545779047951 13.8610787059551
decision_type=2 2 2 2 2 2 2 2 2 2 2 2 2 2 2 2
left_child=1 -1 7 4 -3 6 8 -2 9 -6 11 -10 13 14 15 -12
right_child=2 3 -4 -5 5 -7 -8 -9 10 -11 12 -13 -14 -15 -16 -17
leaf_value=22.430342979431153 -1.4355475017002646 8.4801786422729499 -21.763615932464603 -13.862659492492677 -0.22169490541730613 -15.119859933853149 12.212661361694337 5.689702167510986 -2.6428870167051048 2.8225728716169081 0.083645717302958097 0.081515588079180024 -1.0005397253566319 3.0807930755615236 0.30270137321203949 -0.70900782704353327
leaf_weight=4.9999999999999991 7.0000000000000018 7.9999999999999991 4.9999999999999991 4.9999999999999991 6.9999999999999982 4.9999999999999991 5.9999999999999991 5 6.9999999999999982 7 6.0000000000000053 7 8.9999999999999982 4.9999999999999991 7.9999999999999991 5
leaf_count=5 7 8 5 5 7 5 6 5 7 7 6 7 9 5 8 5
internal_value=0.224226 1.27123 -5.31873 0.0265753 0.894652 0.0518162 1.18403 1.53331 0.0992475 1.30044 -0.258554 -1.28069 0.175077 0.615934 -0.0327134 -0.276651
internal_weight=107 90 17 85 80 72 67 12 61 14 47 14 33 24 19 11
internal_count=107 90 17 85 80 72 67 12 61 14 47 14 33 24 19 11
is_linear=0
shrinkage=0.05


Tree=196
num_leaves=17
num_cat=0
split_feature=3 0 7 0 1 2 4 0 2 2 1 7 7 7 1 0
split_gain=267555 476112 570159 321038 312713 25204.1 35276.9 19037.3 37332.6 20397.8 11218.3 7254.67 1667.24 2369.71 1791.96 982.318
threshold=1.5000000000000002 77954.999999999985 0.14610001537467651 66429.000000000015 29628.349800647582 0.51592895015361084 2.8480664780767246 35195 0.32534461537208209 0.2566042183329999 9833.536278827658 0.31484733852736624 0.14029013502643015 0.05467668294401349 6411.94674379548 20969.499999999993
decision_type=2 2 2 2 2 2 2 2 2 2 2 2 2 2 2 2
left_child=-1 3 -3 4 5 6 7 10 9 -9 11 12 13 -2 15 -15
right_child=1 2 -4 -5 -6 -7 -8 8 -10 -11 -12 -13 -14 14 -16 -17
leaf_value=-8.0374150806003151 0.47866679653525329 23.248096008300788 -0.62989837884902944 -11.368589591979982 11.602027893066406 2.8553162813186646 -3.4435465733210244 1.5606234822954446 4.9607564544677736 -2.6207412242889401 -2.8689865618944168 -2.1316616630554202 0.49168485667970452 -0.57594650387763957 0.10001079142093659 -1.4935446929931639
leaf_weight=8.9999999999999982 7.0000000000000027 4.9999999999999982 5 5.9999999999999991 5.9999999999999991 5.9999999999999991 8.9999999999999982 7.0000000000000018 4.9999999999999991 5 4.9999999999999991 4.9999999999999991 8.9999999999999982 7.0000000000000018 5.9999999999999991 5
leaf_count=9 7 5 5 6 6 6 9 7 5 5 5 5 9 7 6 5
internal_value=0.213015 0.970708 11.3091 -0.20411 0.612804 -0.254767 -0.521345 -0.0902009 1.33085 -0.181612 -0.639243 -0.353378 -0.0918663 -0.301945 -0.605516 -0.958279
internal_weight=107 98 10 88 82 76 70 61 17 12 44 39 34 25 18 12
internal_count=107 98 10 88 82 76 70 61 17 12 44 39 34 25 18 12
is_linear=0
shrinkage=0.05


Tree=197
num_leaves=17
num_cat=0
split_feature=3 0 1 0 1 4 0 1 4 6 1 1 4 1 6 3
split_gain=241469 429691 528807 289737 282223 15778.2 21424.1 20153.1 11293.2 9323.43 11140 7796.4 2700.43 1780.62 1437.2 541.284
threshold=1.5000000000000002 77954.999999999985 52757.674236056024 66429.000000000015 29628.349800647582 2.8480664780767246 27800.999999999996 15719.604082849797 1.8899163912421544 7.1676944068471782 9833.536278827658 8587.5259268539885 2.3696226992571545 5166.7437459527355 15.389639996462732 3.5000000000000004
decision_type=2 2 2 2 2 2 2 2 2 2 2 2 2 2 2 2
left_child=-1 3 -3 4 5 7 -7 8 -2 -10 11 12 13 -11 15 -14
right_child=1 2 -4 -5 -6 6 -8 -9 9 10 -12 -13 14 -15 -16 -17
leaf_value=-7.6355443106757264 -2.5576127815246585 -0.7542637634277346 22.241549072265624 -10.800159517923992 11.021926752726237 0.22146366119384769 -4.4071580171585074 2.39094455242157 1.5010323286056519 -0.14219594796498616 -2.0432629898190497 1.8505378603935243 -0.44320399888924178 -1.2816555052995682 0.85298504352569582 0.20398266116778055
leaf_weight=8.9999999999999982 4.9999999999999991 4.9999999999999982 5 5.9999999999999991 5.9999999999999991 4.9999999999999982 5 7.9999999999999991 7.9999999999999991 5.9999999999999991 7.9999999999999991 4.9999999999999991 7.0000000000000018 7.9999999999999991 4.9999999999999991 6
leaf_count=9 5 5 5 6 6 5 5 8 8 6 8 5 7 8 5 6
internal_value=0.202364 0.922172 10.7436 -0.193904 0.582163 -0.242028 -2.09285 0.0383986 -0.28609 -0.0717959 -0.35141 0.0143963 -0.272501 -0.793316 0.132577 -0.144502
internal_weight=107 98 10 88 82 76 10 66 58 53 45 37 32 14 18 13
internal_count=107 98 10 88 82 76 10 66 58 53 45 37 32 14 18 13
is_linear=0
shrinkage=0.05


Tree=198
num_leaves=17
num_cat=0
split_feature=3 0 7 0 1 2 4 0 2 2 1 6 6 6 1 0
split_gain=217925 387796 504188 261488 254707 21456.1 29626.9 16590.2 31916.2 17730.9 9578.63 6550.6 1503.18 1952.63 1579.32 850.248
threshold=1.5000000000000002 77954.999999999985 0.14610001537467651 66429.000000000015 29628.349800647582 0.51592895015361084 2.8480664780767246 35195 0.32534461537208209 0.2566042183329999 9833.536278827658 5.7811278719123775 9.8202207392153866 14.53419826291236 6411.94674379548 17132.500000000004
decision_type=2 2 2 2 2 2 2 2 2 2 2 2 2 2 2 2
left_child=-1 3 -3 4 5 6 7 10 9 -9 11 -2 -13 14 15 -14
right_child=1 2 -4 -5 -6 -7 -8 8 -10 -11 -12 12 13 -15 -16 -17
leaf_value=-7.2537672678629566 -2.0189572334289552 21.433528747558597 -1.0206063175201414 -10.260152403513592 10.470830790201823 2.6396077950795491 -3.1538695494333906 1.471709925787789 4.602070503234863 -2.4267395997047423 -2.6536734485626221 0.47342662281460229 -0.38889506340026814 0.42845111499939653 0.1066369007031123 -1.2425836903708323
leaf_weight=8.9999999999999982 4.9999999999999991 4.9999999999999982 5 5.9999999999999991 5.9999999999999991 5.9999999999999991 8.9999999999999982 7.0000000000000018 4.9999999999999991 5 4.9999999999999991 8.9999999999999982 5.0000000000000053 6.9999999999999991 5.9999999999999991 7
leaf_count=9 5 5 5 6 6 6 9 7 5 5 5 9 5 7 6 7
internal_value=0.192246 0.876064 10.2065 -0.184209 0.553055 -0.229927 -0.475887 -0.0807749 1.2458 -0.152644 -0.593316 -0.329167 -0.0806689 -0.280143 -0.555708 -0.88688
internal_weight=107 98 10 88 82 76 70 61 17 12 44 39 34 25 18 12
internal_count=107 98 10 88 82 76 70 61 17 12 44 39 34 25 18 12
is_linear=0
shrinkage=0.05


Tree=199
num_leaves=18
num_cat=0
split_feature=4 2 1 5 0 1 2 4 6 0 1 2 1 1 0 4 2
split_gain=195746 801039 375829 61032.1 131353 82790.1 19284.3 24075.5 21854.8 16933.2 12092.4 10013.3 2570 4502.35 3521.13 1268.37 860.467
threshold=1.8899163912421544 0.75904576824017289 33902.646891508019 0.29614888529253236 70868.500000000015 24205.677865591173 0.50562705853824974 2.8480664780767246 15.008018257059971 37401.000000000015 9833.536278827658 0.23674119032890859 5166.7437459527355 5746.7049674573136 12372.000000000005 2.4924571051868147 0.28437702154139949
decision_type=2 2 2 2 2 2 2 2 2 2 2 2 2 2 2 2 2
left_child=-1 2 3 -2 5 6 7 9 -9 10 12 -11 14 -14 -5 16 -15
right_child=1 -3 -4 4 -6 -7 -8 8 -10 11 -12 -13 13 15 -16 -17 -18
leaf_value=7.7057419300079353 5.4945963287353514 -15.594220066070557 14.234514770507813 -0.15623356327414517 -7.316201670964559 6.5877546310424808 2.9202668476104741 -4.8756007385253923 -0.39970997174580886 -0.16525421142578126 -2.6917320096492769 2.6254709641138714 -1.711324234008788 -0.10695548534393305 1.5351916885375976 -0.5206918575934002 0.82065801322460163
leaf_weight=7.9999999999999991 4.9999999999999991 7.9999999999999991 4.9999999999999991 7.9999999999999982 5.9999999999999991 4.9999999999999991 4.9999999999999991 4.9999999999999982 6 4.9999999999999991 4.9999999999999991 8.9999999999999982 5.0000000000000027 5.0000000000000018 5 6.9999999999999991 5
leaf_count=8 5 8 5 8 6 5 5 5 6 5 5 9 5 5 5 7 5
internal_value=0.182634 -0.425294 0.908238 0.133454 -0.19748 0.372017 -0.071964 -0.302136 -2.43421 0.132175 -0.391638 1.62878 -0.0630532 -0.392407 0.494315 -0.00449002 0.356851
internal_weight=107 99 91 86 81 75 70 65 11 54 40 14 35 22 13 17 10
internal_count=107 99 91 86 81 75 70 65 11 54 40 14 35 22 13 17 10
is_linear=0
shrinkage=0.05


Tree=200
num_leaves=17
num_cat=0
split_feature=2 1 1 1 2 1 4 2 6 6 1 2 2 0 6 6
split_gain=1.11069e+06 218701 118380 188510 20344 14057.4 10063.9 9800.02 10020.3 19954.2 5775.06 4613.87 7173.52 2154.57 1950.55 491.36
threshold=0.90942970609434792 39566.250451175925 29628.349800647582 24205.677865591173 0.51592895015361084 16516.706392829426 1.8899163912421544 0.40053970387469134 9.8202207392153866 10.737411773725453 8587.5259268539885 0.18761642588800242 0.16155975403500911 33369.000000000007 15.896966433889316 12.796655641163168
decision_type=2 2 2 2 2 2 2 2 2 2 2 2 2 2 2 2
left_child=1 2 3 4 5 6 -1 8 10 -10 -8 12 -11 14 15 -13
right_child=-2 -3 -4 -5 -6 -7 7 -9 9 11 -12 13 -14 -15 -16 -17
leaf_value=-2.6216494989395143 -23.910539436340333 8.7550735473632812 -6.6606454031808049 9.5238711547851569 2.3314868450164794 -2.675358307361603 0.035648154420778157 -2.0580298968723842 -3.4495745420455934 0.34352967398507261 1.9354930818080902 0.13735051631927472 -1.9200833729335238 1.2852325272560119 0.93421350955963145 -0.51162246423108237
leaf_weight=4.9999999999999991 4.9999999999999991 6.9999999999999991 6.9999999999999991 4.9999999999999991 5.9999999999999991 7.9999999999999991 7.9999999999999991 6.9999999999999991 4.9999999999999991 6.9999999999999982 7.9999999999999991 5.0000000000000053 7 4.9999999999999991 4.9999999999999991 7
leaf_count=5 5 7 7 5 6 8 8 7 5 7 8 5 7 5 5 7
internal_value=-0.901988 0.225882 -0.402585 0.0952155 -0.472776 -0.69129 -0.461253 -0.292472 -0.075649 -0.489783 0.985571 -0.0787014 -0.788277 0.372847 0.104498 -0.241217
internal_weight=107 102 95 88 83 77 69 64 57 41 16 36 14 22 17 12
internal_count=107 102 95 88 83 77 69 64 57 41 16 36 14 22 17 12
is_linear=0
shrinkage=0.05


Tree=201
num_leaves=17
num_cat=0
split_feature=2 1 1 1 2 1 4 2 4 5 4 4 2 2 1 7
split_gain=1.0024e+06 197377 106838 170130 18360.4 12686.8 9082.67 8844.52 9303.38 6085.31 4725.23 9742.81 5186.81 3113.41 7121.04 1171.8
threshold=0.90942970609434792 39566.250451175925 29628.349800647582 24205.677865591173 0.51592895015361084 16516.706392829426 1.8899163912421544 0.40053970387469134 2.1883376604767633 0.48402602529779554 2.7837997876371747 3.1962238028246612 0.28437702154139949 0.18761642588800242 8587.5259268539885 0.07366083498123159
decision_type=2 2 2 2 2 2 2 2 2 2 2 2 2 2 2 2
left_child=1 2 3 4 5 6 -1 8 9 -8 12 -12 13 -10 -15 -14
right_child=-2 -3 -4 -5 -6 -7 7 -9 10 -11 11 -13 15 14 -16 -17
leaf_value=-2.4905670642852784 -22.715011153221131 8.3173205784388955 -6.3276132856096545 9.0476776599884037 2.214912446339925 -2.5415902614593509 2.5226770401000982 -1.9551284193992615 -0.41974472999572737 0.1608561078707377 -2.4413278715951106 0.44847797393798827 -0.49865099556744108 -0.13292941335174774 2.0908435344696046 -1.5811500828713176
leaf_weight=4.9999999999999991 4.9999999999999991 6.9999999999999991 6.9999999999999991 4.9999999999999991 5.9999999999999991 7.9999999999999991 4.9999999999999982 6.9999999999999991 9.0000000000000018 6 6.9999999999999982 5 4.9999999999999982 8.9999999999999982 5.9999999999999991 5
leaf_count=5 5 7 7 5 6 8 5 7 9 6 7 5 5 9 6 5
internal_value=-0.856889 0.214588 -0.382456 0.0904547 -0.449137 -0.656725 -0.43819 -0.277848 -0.0718666 1.23441 -0.384237 -1.23724 -0.0831768 0.315458 0.75658 -1.0399
internal_weight=107 102 95 88 83 77 69 64 57 11 46 12 34 24 15 10
internal_count=107 102 95 88 83 77 69 64 57 11 46 12 34 24 15 10
is_linear=0
shrinkage=0.05


Tree=202
num_leaves=17
num_cat=0
split_feature=2 1 1 1 2 1 4 6 6 6 7 2 0 2 0 2
split_gain=904662 178133 96421.3 153542 16570.3 11449.8 8197.11 8418.71 7402.99 35588.4 4532.93 4133.98 3704.56 2943.24 2504.57 561.257
threshold=0.90942970609434792 39566.250451175925 29628.349800647582 24205.677865591173 0.51592895015361084 16516.706392829426 1.8899163912421544 7.1676944068471782 10.737411773725453 10.191971975417099 0.038704089731232433 0.24878814255985207 39777.5 0.28437702154139949 17132.500000000004 0.22605089977735515
decision_type=2 2 2 2 2 2 2 2 2 2 2 2 2 2 2 2
left_child=1 2 3 4 5 6 -1 -8 9 11 -10 -9 13 14 -12 -16
right_child=-2 -3 -4 -5 -6 -7 7 8 10 -11 12 -13 -14 -15 15 -17
leaf_value=-2.3660387039184569 -21.579261341094973 7.9014541625976564 -6.0112324305943083 8.5952937269210832 2.1041668891906737 -2.4145108699798588 1.3724508353642055 0.99437932968139597 -1.3039307594299316 -4.8931264495849618 0.064544792970021456 -0.69997046854760914 -0.91821619669596355 -0.25808957566817603 0.98213232040405307 1.7313028830289838
leaf_weight=4.9999999999999991 4.9999999999999991 6.9999999999999991 6.9999999999999991 4.9999999999999991 5.9999999999999991 7.9999999999999991 6.9999999999999991 6.0000000000000027 5.9999999999999991 4.9999999999999991 6.0000000000000098 8.9999999999999982 5.9999999999999991 8.9999999999999982 4.9999999999999982 5
leaf_count=5 5 7 7 5 6 8 7 6 6 5 6 9 6 9 5 5
internal_value=-0.814044 0.203858 -0.363333 0.085932 -0.42668 -0.623889 -0.416281 -0.263956 -0.464918 -1.23995 -0.0459795 -0.0222305 0.197495 0.465266 0.872153 1.35672
internal_weight=107 102 95 88 83 77 69 64 57 20 37 15 31 25 16 10
internal_count=107 102 95 88 83 77 69 64 57 20 37 15 31 25 16 10
is_linear=0
shrinkage=0.05


Tree=203
num_leaves=17
num_cat=0
split_feature=2 1 5 1 6 2 6 1 1 4 3 1 6 6 2 5
split_gain=816458 160765 89960.3 75990.1 18668.7 33422.5 25376.4 52547.3 12197.8 12178.1 11940.5 9193.83 5150.6 2595.16 1188.13 222.332
threshold=0.90942970609434792 39566.250451175925 0.29614888529253236 29628.349800647582 10.737411773725453 0.40053970387469134 9.4306243500006861 9833.536278827658 12221.392818450666 2.8480664780767246 4.5000000000000009 13956.18840917876 11.642466352918628 13.043294761977926 0.28437702154139949 0.38063547960389132
decision_type=2 2 2 2 2 2 2 2 2 2 2 2 2 2 2 2
left_child=1 2 -1 4 6 9 8 -8 10 12 -4 -10 -6 -14 15 -15
right_child=-2 -3 3 -5 5 -7 7 -9 11 -11 -12 -13 13 14 -16 -17
leaf_value=6.1826805114746097 -20.500298805236817 7.5063816615513392 -0.09480901691648691 -5.7106709071568087 1.2904592752456661 3.5883009229387555 -0.37298204302787785 -6.9070991516113267 2.6267683506011967 -1.9063879966735842 -3.1422700691223149 -0.1804417610168457 -1.136370978355407 0.729384322166443 -0.45035555601120003 0.25786304235458374
leaf_weight=4.9999999999999991 4.9999999999999991 6.9999999999999991 9.0000000000000018 6.9999999999999991 9.0000000000000018 6.9999999999999991 7.9999999999999982 5 4.9999999999999982 7.9999999999999991 4.9999999999999991 7 5.0000000000000027 4.9999999999999982 4.9999999999999991 5
leaf_count=5 5 7 9 7 9 7 8 5 5 8 5 7 5 5 5 5
internal_value=-0.773342 0.193666 -0.345166 -0.707824 -0.285898 0.420085 -1.08239 -2.8861 -0.180534 -0.179307 -1.18319 0.989229 0.297129 -0.14987 0.178964 0.493624
internal_weight=107 102 95 90 83 44 39 13 26 37 14 12 29 20 15 10
internal_count=107 102 95 90 83 44 39 13 26 37 14 12 29 20 15 10
is_linear=0
shrinkage=0.05


Tree=204
num_leaves=18
num_cat=0
split_feature=2 4 0 6 0 0 0 5 2 6 6 2 0 7 7 0 5
split_gain=736853 147250 178611 107955 427026 208889 158702 103872 32979.3 13442.6 46789.1 12597 7453.07 5290.89 5049.85 5218.3 1129.24
threshold=0.90942970609434792 2.9765045141594961 62016 6.8722645661915465 70868.500000000015 58162.500000000022 37401.000000000015 0.35922375171208942 0.2994101109548431 11.029932159873381 10.191971975417099 0.35245113372703452 43685.500000000007 0.097445459401076309 0.084121011742510562 29586.000000000004 0.40469831891852054
decision_type=2 2 2 2 2 2 2 2 2 2 2 2 2 2 2 2 2
left_child=1 3 8 6 5 7 -1 -5 -3 10 11 12 -9 14 15 16 -11
right_child=-2 2 -4 4 -6 -7 -8 9 -10 13 -12 -13 -14 -15 -16 -17 -18
leaf_value=-0.98055313428243007 -19.475283012390136 -1.4724929809570315 12.424047241210937 -7.9896858596801765 -14.212579822540285 9.5472877120971678 9.5175346374511722 -0.087953913211822443 4.0257841491699216 0.18089412980609451 -5.1606374979019165 1.7904524485270183 -2.4956157875061038 1.7572267818450928 -1.4444960260391237 1.7279407238960269 -0.75627972126007093
leaf_weight=8.9999999999999982 4.9999999999999991 5.9999999999999982 4.9999999999999991 4.9999999999999991 5.9999999999999991 4.9999999999999991 5.9999999999999991 9.0000000000000053 5 9.0000000000000089 5.9999999999999991 5.9999999999999991 4.9999999999999991 4.9999999999999991 4.9999999999999991 4.9999999999999991 4.9999999999999991
leaf_count=9 5 6 5 5 6 5 6 9 5 9 6 6 5 5 5 5 5
internal_value=-0.734675 0.183982 4.58839 -0.635442 -1.44969 -0.271581 3.21868 -1.08982 1.02672 -0.462559 -1.28811 -0.126347 -0.947833 0.277586 -0.030672 0.341387 -0.153811
internal_weight=107 102 16 86 71 65 15 60 11 55 26 20 14 29 24 19 14
internal_count=107 102 16 86 71 65 15 60 11 55 26 20 14 29 24 19 14
is_linear=0
shrinkage=0.05


Tree=205
num_leaves=19
num_cat=0
split_feature=6 1 2 2 4 1 3 1 6 5 5 4 7 7 6 1 4 7
split_gain=343158 1.39311e+06 1.00321e+06 73413 148255 66401.6 46502.3 129013 19034 9586.31 9088.87 12105.4 8528.53 2745.95 2365.1 1419.27 693.5 237.809
threshold=10.191971975417099 52757.674236056024 0.63546820154915784 0.55662553940215431 2.5278384386296175 15719.604082849797 1.5000000000000002 16516.706392829426 10.737411773725453 0.53816252767130213 0.33198916330476513 2.7837997876371747 0.25299665001172827 0.16161402610131517 15.389639996462732 9024.029416178264 2.6272356579924998 0.084121011742510562
decision_type=2 2 2 2 2 2 2 2 2 2 2 2 2 2 2 2 2 2
left_child=1 3 6 4 5 9 -2 8 -8 12 -10 14 13 -1 15 16 17 -12
right_child=2 -3 -4 -5 -6 -7 7 -9 10 -11 11 -13 -14 -15 -16 -17 -18 -19
leaf_value=0.18499222993850678 -4.100998864855085 -28.51718246459961 18.623578047752382 -5.671863571802775 6.2924708879087126 -6.6583883666992199 -3.3868452151616419 6.5450889042445599 1.6315943622589111 -2.1996199607849123 -0.22384763360023463 -2.9205381107330322 1.8073071082433065 -1.4015522956848143 0.73942701578140257 -1.2057846772670748 -0.67988275686899824 0.24304780483245847
leaf_weight=6.0000000000000089 6.9999999999999991 4.9999999999999991 7.9999999999999991 5.9999999999999991 7.9999999999999991 4.9999999999999991 5.9999999999999991 6.9999999999999991 4.9999999999999991 4.9999999999999991 6.0000000000000089 4.9999999999999991 5.9999999999999991 5 4.9999999999999991 4.9999999999999991 5.9999999999999991 5
leaf_count=6 7 5 8 6 8 5 6 7 5 5 6 5 6 5 5 5 6 5
internal_value=-0.295755 -3.60046 2.04296 -0.56184 0.314165 -1.45719 -0.284142 0.250218 -0.774528 -0.275094 -0.350909 -0.660676 0.290943 -0.536164 -0.242183 -0.465276 -0.247479 -0.0116224
internal_weight=111 46 65 41 35 27 57 50 43 22 37 32 17 11 27 22 17 11
internal_count=111 46 65 41 35 27 57 50 43 22 37 32 17 11 27 22 17 11
is_linear=0
shrinkage=0.05


Tree=206
num_leaves=18
num_cat=0
split_feature=6 2 2 1 3 0 7 1 6 2 5 2 3 6 5 2 0
split_gain=309700 1.29585e+06 905393 140634 41968.4 145397 26253.3 20540.5 18098.2 12952.9 11702.4 6559.25 6155.48 1604.99 1667.81 1038.67 563.581
threshold=10.191971975417099 0.56505205340798936 0.63546820154915784 29628.349800647582 1.5000000000000002 58162.500000000022 0.15165859421828662 12221.392818450666 10.737411773725453 0.40053970387469134 0.35922375171208942 0.32534461537208209 4.5000000000000009 15.389639996462732 0.39292474761446045 0.27447364996027118 28397.000000000015
decision_type=2 2 2 2 2 2 2 2 2 2 2 2 2 2 2 2 2
left_child=1 3 4 6 -2 8 -1 12 -6 10 -10 -9 -8 14 15 -12 -16
right_child=2 -3 -4 -5 5 -7 7 11 9 -11 13 -13 -14 -15 16 -17 -18
leaf_value=-3.4812414427598322 -3.8959492274693086 -20.436101076338026 17.692399740219116 8.516893920898438 -3.2175029277801515 8.326509952545166 -0.1884887602594163 0.49160516262054454 -2.2894684195518495 2.1084080672264101 -1.2712337565422045 2.9436756928761798 -2.2560086329778035 0.70245569050312051 -0.26152118682861331 -0.25208169460296626 0.45723905960718786
leaf_weight=5.9999999999999991 6.9999999999999991 8.9999999999999982 7.9999999999999991 4.9999999999999991 5.9999999999999991 4.9999999999999991 9.0000000000000018 4.9999999999999982 7.9999999999999991 4.9999999999999991 5.0000000000000053 6 5.9999999999999991 4.9999999999999991 4.9999999999999982 5 6
leaf_count=6 7 9 8 5 6 5 9 5 8 5 5 6 6 5 5 5 6
internal_value=-0.280967 -3.42044 1.94081 0.718504 -0.269935 0.237707 -0.499994 0.187986 -0.661049 -0.267748 -0.617183 1.8291 -1.0155 -0.102633 -0.294321 -0.761658 0.13053
internal_weight=111 46 65 37 57 50 32 26 45 39 34 11 15 26 21 10 11
internal_count=111 46 65 37 57 50 32 26 45 39 34 11 15 26 21 10 11
is_linear=0
shrinkage=0.05


Tree=207
num_leaves=19
num_cat=0
split_feature=6 1 2 2 2 0 3 0 2 0 6 2 5 5 6 5 2 0
split_gain=279504 1.19837e+06 817117 53687.5 134193 38371 37876.4 131221 27996 29449.7 16333.6 11690 10561.5 7629.23 1448.5 1505.2 937.4 508.632
threshold=10.191971975417099 52757.674236056024 0.63546820154915784 0.45754712422382926 0.32534461537208209 46235.500000000007 1.5000000000000002 58162.500000000022 0.24878814255985207 43685.500000000007 10.737411773725453 0.40053970387469134 0.35922375171208942 0.48402602529779554 15.389639996462732 0.39292474761446045 0.27447364996027118 28397.000000000015
decision_type=2 2 2 2 2 2 2 2 2 2 2 2 2 2 2 2 2 2
left_child=1 3 6 4 8 -5 -2 10 13 -10 -8 12 -12 -1 15 16 -14 -17
right_child=2 -3 -4 5 -6 -7 7 -9 9 -11 11 -13 14 -15 -16 17 -18 -19
leaf_value=1.9291913127899147 -3.7011514799935479 -26.359046783447265 16.80777988433838 -0.41650972366333017 6.2433241009712219 -6.0712301254272454 -3.0566277186075848 7.9101843929290769 -0.27320227086544041 -5.4689229448636372 -2.17499498128891 2.0029877986945213 -1.2076719859242424 -0.83291491508483873 0.66733287230134009 -0.24844515323638922 -0.23947762787342067 0.43437711795171102
leaf_weight=5.0000000000000053 6.9999999999999991 4.9999999999999991 7.9999999999999991 5.9999999999999982 7.9999999999999991 6 5.9999999999999991 4.9999999999999991 4.9999999999999982 6 7.9999999999999991 4.9999999999999991 5.0000000000000053 5 4.9999999999999991 4.9999999999999982 5 6
leaf_count=5 7 5 8 6 8 6 6 5 5 6 8 5 5 5 5 5 5 6
internal_value=-0.266919 -3.24942 1.84377 -0.431171 0.732704 -3.24387 -0.256438 0.225822 -1.36658 -3.10723 -0.627996 -0.254361 -0.586324 0.548138 -0.0975018 -0.279605 -0.723575 0.124003
internal_weight=111 46 65 41 29 12 57 50 21 11 45 39 34 10 26 21 10 11
internal_count=111 46 65 41 29 12 57 50 21 11 45 39 34 10 26 21 10 11
is_linear=0
shrinkage=0.05


Tree=208
num_leaves=17
num_cat=0
split_feature=6 2 6 3 1 1 7 1 2 4 7 3 1 0 6 6
split_gain=252252 1.0942e+06 804198 163860 139181 102814 23127.8 17971.5 12420.3 10004.5 5025.62 4960.42 2841.19 2172.74 1009.61 431.37
threshold=10.191971975417099 0.56505205340798936 10.737411773725453 1.5000000000000002 29628.349800647582 24205.677865591173 0.15165859421828662 12221.392818450666 0.41711654529755943 2.8480664780767246 0.21467669911528109 4.5000000000000009 9833.536278827658 30461.999999999993 15.389639996462732 13.8610787059551
decision_type=2 2 2 2 2 2 2 2 2 2 2 2 2 2 2 2
left_child=1 4 -2 -4 6 8 -1 11 9 12 -9 -8 13 14 15 -5
right_child=2 -3 3 5 -6 -7 7 10 -10 -11 -12 -13 -14 -15 -16 -17
leaf_value=-3.2940032293399177 15.624494785732693 -18.722724511888295 -6.6587217754787877 0.046623567864298762 8.4743431091308601 7.4833301544189457 -0.23341601689656569 2.8556894016265879 2.2376615262031558 -2.1194767713546754 0.70933890044689174 -2.0894166946411135 1.0677870810031891 -1.0673398017883302 0.63396624952554703 -0.51421580413977308
leaf_weight=5.9999999999999991 8.9999999999999982 8.9999999999999982 8.9999999999999982 8.0000000000000089 4.9999999999999991 4.9999999999999991 9.0000000000000018 4.9999999999999982 4.9999999999999991 6.9999999999999991 6 5.9999999999999991 4.9999999999999991 5.9999999999999991 4.9999999999999991 5.9999999999999991
leaf_count=6 9 9 9 8 5 5 9 5 5 7 6 6 5 6 5 6
internal_value=-0.253573 -3.08695 1.75158 -0.47799 0.71635 0.705554 -0.495837 0.149894 -0.101324 -0.417403 1.68495 -0.975816 -0.0202526 -0.237861 0.0240803 -0.193736
internal_weight=111 46 65 56 37 47 32 26 42 37 11 15 30 25 19 14
internal_count=111 46 65 56 37 47 32 26 42 37 11 15 30 25 19 14
is_linear=0
shrinkage=0.05


Tree=209
num_leaves=19
num_cat=0
split_feature=6 1 2 6 1 7 2 1 6 1 3 5 1 7 6 4 2 7
split_gain=228096 1.02748e+06 722982 56898.2 174082 79072.2 33556.3 96289.3 15181 12114.1 8505.84 20712.6 4471.33 2782.33 1110.67 1204.72 1405.84 576.398
threshold=9.8202207392153866 52757.674236056024 0.63546820154915784 6.8722645661915465 22348.395371591363 0.31484733852736624 0.43149840856083482 18300.224719541544 10.737411773725453 13301.812676166339 2.5000000000000004 0.35114664584695249 12221.392818450666 0.17020059730283604 15.389639996462732 2.5450332819636068 0.26451798600539184 0.084121011742510562
decision_type=2 2 2 2 2 2 2 2 2 2 2 2 2 2 2 2 2 2
left_child=1 3 6 5 9 -1 7 8 -2 13 -10 -12 -7 -5 15 17 -17 -13
right_child=2 -3 -4 4 -6 12 -8 -9 10 -11 11 14 -14 -15 -16 16 -18 -19
leaf_value=6.5255608081817629 -2.7553127356937956 -24.376930236816406 15.701020920276642 0.24187412460645016 -10.148329355716706 -1.7922122573852541 -3.8606798171997072 6.6877597808837894 1.1220757537417942 2.2321218013763429 -3.5738582205772405 -0.29554850101470914 0.32233875274658197 -1.2808234532674154 0.60226796984672548 -1.2214477139711384 -0.035766701400279995 0.40734201499394002
leaf_weight=5.9999999999999991 6.9999999999999991 4.9999999999999991 7.9999999999999991 6.0000000000000053 4.9999999999999991 4.9999999999999982 5.9999999999999991 4.9999999999999991 8.9999999999999982 5.9999999999999991 4.9999999999999991 5.0000000000000053 5 6 4.9999999999999991 4.9999999999999982 5 7
leaf_count=6 7 5 8 6 5 5 6 5 9 6 5 5 5 6 5 5 5 7
internal_value=-0.240894 -3.0378 1.59588 -0.302016 -1.8949 1.98775 -0.316681 0.0845268 -0.60331 0.397724 -0.235895 -0.617824 -0.734937 -0.519475 -0.0704104 -0.223292 -0.628607 0.114471
internal_weight=111 44 67 39 23 16 59 53 48 18 41 32 10 12 27 22 10 12
internal_count=111 44 67 39 23 16 59 53 48 18 41 32 10 12 27 22 10 12
is_linear=0
shrinkage=0.05


Tree=210
num_leaves=18
num_cat=0
split_feature=4 1 6 0 7 3 4 1 6 4 1 6 3 0 6 1 6
split_gain=203706 404085 354635 103543 98432.7 12715.2 11509.7 8620.87 7153.01 10403.4 9565.37 6174.25 5814.27 3960.38 2169.44 2802.78 836.018
threshold=1.8899163912421544 29628.349800647582 8.0258522432096608 66429.000000000015 0.11677816766031567 1.5000000000000002 2.1883376604767633 17549.64770584663 11.49094878481216 2.535545779047951 9442.0625753316071 9.8202207392153866 4.5000000000000009 33369.000000000007 14.205942578101139 2608.015573342022 13.043294761977926
decision_type=2 2 2 2 2 2 2 2 2 2 2 2 2 2 2 2 2
left_child=-1 3 -3 5 -4 -2 11 8 9 12 14 -7 13 -8 16 -16 -10
right_child=1 2 4 -5 -6 6 7 -9 10 -11 -12 -13 -14 -15 15 -17 -18
leaf_value=7.0148292488522008 1.8973233580589295 2.4610441589355467 -18.808391418457035 6.8122109889984133 -8.8870678710937483 1.9957679808139805 -0.5745762825012205 -2.4944944000244145 -0.31363434791564926 -2.6100117321525302 1.7864840165312803 -0.12603634595870969 -1.6677706098556522 1.4154940223693846 -1.5451137830813728 -0.072422020988804944 0.53288037830165447
leaf_weight=8.9999999999999982 7.9999999999999991 4.9999999999999991 4.9999999999999982 5.9999999999999991 5 7.9999999999999982 5.0000000000000018 4.9999999999999991 5.0000000000000018 6.9999999999999991 6.9999999999999991 6 4.9999999999999991 5 5.9999999999999982 7 7
leaf_count=9 8 5 5 6 5 8 5 5 5 7 7 6 5 5 6 7 7
internal_value=-0.196071 -0.832327 -8.41147 0.474422 -13.8477 0.004956 -0.202427 -0.508256 -0.324345 -1.01838 0.152804 1.08642 -0.275618 0.420459 -0.304626 -0.752126 0.180166
internal_weight=111 102 15 87 10 81 73 59 54 22 32 14 15 10 25 13 12
internal_count=111 102 15 87 10 81 73 59 54 22 32 14 15 10 25 13 12
is_linear=0
shrinkage=0.05


Tree=211
num_leaves=19
num_cat=0
split_feature=6 2 2 1 0 6 4 4 0 0 4 1 1 0 4 6 2 1
split_gain=197038 1.42584e+06 1.21324e+06 320291 76707.4 7861.23 17592.5 11054.4 6107.38 14298.3 16397.8 7714.13 6365.1 3108.57 4657.41 5810.09 3498.52 2249.09
threshold=8.3629238554085266 0.63546820154915784 0.63546820154915784 24205.677865591173 58162.500000000022 7.6506066014448839 2.3696226992571545 2.0660216113510246 58162.500000000022 43685.500000000007 3.0121539584389425 1926.3337192909112 1926.3337192909112 35195 2.1883376604767633 12.377843983455618 0.33522895219823584 6411.94674379548
decision_type=2 2 2 2 2 2 2 2 2 2 2 2 2 2 2 2 2 2
left_child=1 4 3 8 5 6 7 -1 9 10 12 -12 -2 14 -14 16 -16 -17
right_child=2 -3 -4 -5 -6 -7 -8 -9 -10 -11 11 -13 13 -15 15 17 -18 -19
leaf_value=-1.1816693925857522 -1.7109816224624712 -28.021959991455077 19.580700087547303 -11.997296047210694 6.7662777853012095 1.5592150688171387 -3.1516743850708009 2.1431389808654782 1.7421436500549317 -2.0471689101308583 0.65675237655639673 3.4341853237152096 1.0101647070475988 1.2032087254524233 -0.52861853156770955 -0.22319580432441502 -2.2603022956848142 1.0994118291139603
leaf_weight=5.0000000000000089 5.9999999999999991 4.9999999999999991 7.9999999999999991 5.9999999999999991 4.9999999999999991 4.9999999999999991 4.9999999999999991 5 4.9999999999999991 7.9999999999999991 4.9999999999999982 5 6.9999999999999991 4.9999999999999991 7.0000000000000018 8.9999999999999982 5 4.9999999999999991
leaf_count=5 6 5 8 6 5 5 5 5 5 8 5 5 7 5 7 9 5 5
internal_value=-0.186268 -3.64778 1.09577 -0.929972 1.22706 -0.157747 -0.730068 0.480735 0.0611316 -0.0744339 0.217823 2.04547 -0.197551 0.0414119 -0.134618 -0.442829 -1.25015 0.249164
internal_weight=111 30 81 73 25 20 15 10 67 62 54 10 44 38 33 26 12 14
internal_count=111 30 81 73 25 20 15 10 67 62 54 10 44 38 33 26 12 14
is_linear=0
shrinkage=0.05


Tree=212
num_leaves=17
num_cat=0
split_feature=4 2 0 1 0 2 0 0 4 0 4 1 2 6 1 1
split_gain=195233 627511 245003 294011 49678.3 14116.6 9811.93 12484.1 11314.7 8096.74 4651.73 3509.78 4548.18 1409.96 1135.78 1502.84
threshold=1.8899163912421544 0.75904576824017289 87502.499999999985 27797.939671950877 62016 0.51592895015361084 45841.500000000007 37401.000000000015 3.0531436581951543 50610.999999999993 2.1883376604767633 8017.8764203639594 0.1816627865598146 9.8202207392153866 6093.7564319131534 5052.4392740799294
decision_type=2 2 2 2 2 2 2 2 2 2 2 2 2 2 2 2
left_child=-1 2 3 4 5 6 7 8 10 -8 13 12 -12 -2 15 -14
right_child=1 -3 -4 -5 -6 -7 9 -9 -10 -11 11 -13 14 -15 -16 -17
leaf_value=6.8823818193541628 0.95906774202982603 -14.242939519882203 10.120169615745546 -12.097382049560547 5.2185010147094735 2.4074702580769856 -2.9587231636047369 2.1287625244685584 1.614766001701355 -0.32432400839669362 -1.8201988554000843 -1.7262629364218034 0.11578430533409115 -0.12489030758539835 0.37778109822954453 -0.92029338606766287
leaf_weight=8.9999999999999982 5.9999999999999982 7.9999999999999991 5.9999999999999991 4.9999999999999991 4.9999999999999991 5.9999999999999991 4.9999999999999982 6.9999999999999991 7.9999999999999991 7 5.0000000000000027 6.9999999999999991 7.0000000000000018 6 6.9999999999999991 7
leaf_count=9 6 8 6 5 5 6 5 7 8 7 5 7 7 6 7 7
internal_value=-0.176954 -0.799837 0.344257 -0.322283 0.387061 0.077353 -0.116823 0.14421 -0.117901 -1.42199 -0.42593 -0.732483 -0.464927 0.417089 -0.142243 -0.402255
internal_weight=111 102 94 88 83 78 72 60 53 12 45 33 26 12 21 14
internal_count=111 102 94 88 83 78 72 60 53 12 45 33 26 12 21 14
is_linear=0
shrinkage=0.05


Tree=213
num_leaves=20
num_cat=0
split_feature=3 2 1 0 1 0 3 2 2 1 5 5 6 4 3 2 0 0 2
split_gain=181998 550913 289768 229548 256562 48503.4 15610.1 14366.8 12661 16962.7 7454.54 4363.89 3172.16 4670.48 4062.38 2595.17 3561.66 2296.27 748.668
threshold=5.5000000000000009 0.75904576824017289 15719.604082849797 87502.499999999985 27797.939671950877 62016 1.5000000000000002 0.51592895015361084 0.35245113372703452 12221.392818450666 0.34079229426713314 0.41781195714099434 11.49094878481216 2.4924571051868147 4.5000000000000009 0.2079265850607315 28397.000000000015 29848.500000000004 0.28437702154139949
decision_type=2 2 2 2 2 2 2 2 2 2 2 2 2 2 2 2 2 2 2
left_child=1 3 17 4 5 6 -1 8 9 10 -8 -10 13 14 -12 -14 18 -2 -17
right_child=2 -3 -4 -5 -6 -7 7 -9 11 -11 12 -13 15 -15 -16 16 -18 -19 -20
leaf_value=2.306613000233968 0.79747243881225605 -13.530792689323427 14.781787374019624 9.6141600131988536 -11.492513275146486 4.9575759124755869 -2.3726629829406742 2.2195406723022462 -3.2395860004425057 2.5164770698547367 0.63895036578178388 -1.1505924555659293 -0.62879795100953828 -1.9724140087763471 -1.2907772827148436 0.33300192117691046 1.5347674870491028 -0.71787123464047897 -0.53225419878959646
leaf_weight=5.9999999999999991 4.9999999999999982 7.9999999999999991 4.9999999999999991 5.9999999999999991 4.9999999999999991 4.9999999999999991 4.9999999999999991 4.9999999999999991 4.9999999999999982 4.9999999999999991 6.0000000000000018 5 9.0000000000000018 5.9999999999999991 5 4.9999999999999982 4.9999999999999991 5 5
leaf_count=6 5 8 5 6 5 5 5 5 5 5 6 5 9 6 5 5 5 5 5
internal_value=-0.168107 -0.968404 4.9538 0.173631 -0.517139 0.195548 -0.135149 -0.357127 -0.568329 -0.249357 -0.549991 -2.19509 -0.327714 -0.850275 -0.238199 0.0424331 0.445172 0.0398006 -0.0996261
internal_weight=111 96 15 88 82 77 72 66 61 51 46 10 41 17 11 24 15 10 10
internal_count=111 96 15 88 82 77 72 66 61 51 46 10 41 17 11 24 15 10 10
is_linear=0
shrinkage=0.05


Tree=214
num_leaves=19
num_cat=0
split_feature=7 2 2 1 0 7 5 4 5 1 0 0 4 5 1 5 3 1
split_gain=181665 1.24536e+06 1.1908e+06 289486 68520.8 7114.33 12366.5 9991.47 4491.56 5495.1 4356.15 11172.9 8659.87 6900.46 5179.24 3360.88 5415.19 3068.1
threshold=0.18776678944947769 0.63546820154915784 0.63546820154915784 24205.677865591173 58162.500000000022 0.2165094734714553 0.42586730557949953 2.0660216113510246 0.30656309121883385 1926.3337192909112 39777.5 58162.500000000022 2.6272356579924998 0.39292474761446045 6411.94674379548 0.45698816419450822 3.5000000000000004 7607.5887173799301
decision_type=2 2 2 2 2 2 2 2 2 2 2 2 2 2 2 2 2 2
left_child=2 4 3 8 5 -2 -7 -8 -1 -10 12 13 15 -12 -14 16 -11 -18
right_child=1 -3 -4 -5 -6 6 7 -9 9 10 11 -13 14 -15 -16 -17 17 -19
leaf_value=1.3119590123494467 1.3969768571853609 -26.262772636413576 19.38443922996521 -11.457256635030111 6.307731971740723 -2.8111563110351563 -1.3461470246315006 1.8147813987731931 -1.3432430170476437 0.8540241682529438 -2.937236070632935 1.2709607696533203 0.58054187979016991 -0.31036423683166503 2.6875171232223507 0.68732984364032745 -0.47494566589593901 -2.0538156831264494
leaf_weight=5.9999999999999991 5.0000000000000098 4.9999999999999991 7.9999999999999991 5.9999999999999991 4.9999999999999991 4.9999999999999991 4.9999999999999982 5 7.9999999999999991 5.0000000000000062 4.9999999999999982 4.9999999999999991 6.9999999999999982 5 5 7.9999999999999991 7.9999999999999982 5
leaf_count=6 5 5 8 6 5 5 5 5 8 5 5 5 7 5 5 8 8 5
internal_value=-0.159701 -3.48343 1.07131 -0.935609 1.07244 -0.236386 -0.780841 0.234317 0.00662846 -0.121765 0.0626094 -0.65888 0.347408 -1.6238 1.45845 -0.16538 -0.544362 -1.0822
internal_weight=111 30 81 73 25 20 15 10 67 61 53 15 38 10 12 26 18 13
internal_count=111 30 81 73 25 20 15 10 67 61 53 15 38 10 12 26 18 13
is_linear=0
shrinkage=0.05


Tree=215
num_leaves=20
num_cat=0
split_feature=5 0 5 0 6 1 6 2 1 0 2 6 0 1 0 1 1 2 0
split_gain=212565 729298 694756 293720 200877 1.21272e+06 372486 33170.3 22218 15141.5 8266.79 7688.14 6819.03 3284.74 4657.3 2803.99 1300.76 880.494 870.749
threshold=0.33198916330476513 62016 0.34079229426713314 87502.499999999985 8.3629238554085266 27797.939671950877 7.6931119805369192 0.50562705853824974 13956.18840917876 11010.999999999998 0.33522895219823584 12.204789657770361 31244.499999999993 12221.392818450666 39777.5 7387.5125544820748 5451.4444842065941 0.27447364996027118 14717.500000000004
decision_type=2 2 2 2 2 2 2 2 2 2 2 2 2 2 2 2 2 2 2
left_child=1 9 -2 4 6 10 7 8 12 -1 13 -12 -4 14 15 16 18 -18 -6
right_child=2 -3 3 -5 5 -7 -8 -9 -10 -11 11 -13 -14 -15 -16 -17 17 -19 -20
leaf_value=0.15835011800130211 19.026951942443848 -21.178608818054201 -1.5755639839172346 -11.893891944885254 -0.017646509408950784 23.521484375 -15.301484489440918 2.3561437439173463 -4.3519943618774413 3.8838944149017331 -2.2333009034395221 0.26602201461791991 1.0357633876800536 1.3758541870117189 -1.4078604650497437 1.3209705901145936 -0.8884530436992647 0.049893579483032219 0.72589679104941229
leaf_weight=5.9999999999999982 4.9999999999999991 4.9999999999999991 5.0000000000000053 4.9999999999999991 9.0000000000000089 5.9999999999999991 4.9999999999999991 7.9999999999999991 4.9999999999999991 5 7.9999999999999982 5 5 4.9999999999999991 4.9999999999999991 4.9999999999999991 4.9999999999999982 5 6.9999999999999991
leaf_count=6 5 5 5 5 9 6 5 8 5 5 8 5 5 5 5 5 5 5 7
internal_value=-0.00182742 -5.34522 0.870563 -0.105587 0.564203 2.19612 -2.93276 -0.243905 -1.6306 1.85178 -0.173367 -1.27202 -0.2699 0.174987 0.00820034 0.236597 0.0280639 -0.41928 0.307654
internal_weight=114 16 98 93 88 60 28 23 15 11 54 13 10 41 36 31 26 10 16
internal_count=114 16 98 93 88 60 28 23 15 11 54 13 10 41 36 31 26 10 16
is_linear=0
shrinkage=0.05


Tree=216
num_leaves=20
num_cat=0
split_feature=5 0 1 7 0 1 0 5 0 0 6 5 1 2 5 0 5 5 7
split_gain=191840 658192 631378 2.29652e+06 172554 27616.4 13665.2 8516.49 6222.37 14896.6 3643.01 8743.35 3726.73 3372.96 5701.88 2169.82 1794.15 1249.05 613.416
threshold=0.33198916330476513 62016 33902.646891508019 0.18776678944947769 70868.500000000015 27797.939671950877 11010.999999999998 0.35922375171208942 48227.499999999993 37401.000000000015 12.377843983455618 0.40949729383885825 5166.7437459527355 0.50562705853824974 0.50249433107651253 29586.000000000004 0.4500170190692121 0.37358923902760793 0.058358282577577782
decision_type=2 2 2 2 2 2 2 2 2 2 2 2 2 2 2 2 2 2 2
left_child=1 6 4 -4 5 7 -1 -2 9 10 11 -9 -13 14 16 17 -14 -12 -19
right_child=2 -3 3 -5 -6 -7 -8 8 -10 -11 15 12 13 -15 -16 -17 -18 18 -20
leaf_value=0.15043263435363774 -2.3024901294708253 -20.119677734375003 32.969038391113287 -12.912751464843749 -9.6177026176452642 3.2155603726704918 3.6896996307373038 -2.2001865114484516 -1.7081485271453858 1.995153045654297 0.58563070297241138 1.0104736042022697 0.33814258916037399 0.6654288625717163 -2.0690868059794112 1.1236644268035889 -0.84013295968373614 -0.70831868387758745 0.041546475887298581
leaf_weight=5.9999999999999982 4.9999999999999991 4.9999999999999991 5.9999999999999982 5 4.9999999999999991 5.9999999999999991 5 6.9999999999999991 5.9999999999999991 7.9999999999999991 5.0000000000000062 5.0000000000000027 7.0000000000000053 4.9999999999999991 5.9999999999999991 4.9999999999999991 6 5.9999999999999982 5
leaf_count=6 5 5 6 5 5 6 5 7 6 8 5 5 7 5 6 5 6 6 5
internal_value=-0.00173603 -5.07796 0.827035 12.1137 -0.600012 -0.0501533 1.75919 -0.307973 -0.167514 -0.0253014 -0.308874 -0.61417 -0.231338 -0.490049 -0.794122 0.21449 -0.205677 -0.0696266 -0.367471
internal_weight=114 16 98 11 87 82 11 76 71 65 57 36 29 24 19 21 13 16 11
internal_count=114 16 98 11 87 82 11 76 71 65 57 36 29 24 19 21 13 16 11
is_linear=0
shrinkage=0.05


Tree=217
num_leaves=21
num_cat=0
split_feature=4 5 0 0 6 0 6 0 0 0 7 6 4 1 6 1 0 4 1 4
split_gain=173136 620481 594018 238188 170410 1.01361e+06 328847 47742.7 53593.3 12332.8 8917.81 14261.7 7935.31 6041.81 11227.5 528.526 1469.82 1126.15 600.257 370.213
threshold=3.0121539584389425 0.34079229426713314 62016 87502.499999999985 8.3629238554085266 58162.500000000022 7.6931119805369192 48227.499999999993 37401.000000000015 11010.999999999998 0.36171664427398059 7.1676944068471782 2.2723896376949191 8587.5259268539885 12.204789657770361 5166.7437459527355 14717.500000000004 2.5450332819636068 6093.7564319131534 2.3193823819540831
decision_type=2 2 2 2 2 2 2 2 2 2 2 2 2 2 2 2 2 2 2 2
left_child=1 -1 9 4 6 7 10 8 13 -2 11 12 -3 15 -15 16 17 -6 19 -17
right_child=2 3 -4 -5 5 -7 -8 -9 -10 -11 -12 -13 -14 14 -16 18 -18 -19 -20 -21
leaf_value=17.94411521911621 0.14291097323099775 0.17261750698089579 -19.113694648742676 -10.752411556243898 -0.65637386918067953 21.465648714701334 -14.376140203475954 -4.850972986221314 4.7048391342163089 3.505214748382568 -1.5762234449386598 -1.6894164013862611 2.9895853805541988 -2.8087116678555812 0.39939019680023186 -0.12734612941741938 0.92416399002075211 0.40482970058917989 0.17211830956595287 -0.73579765319824209
leaf_weight=4.9999999999999991 5.9999999999999982 5.0000000000000053 4.9999999999999991 4.9999999999999991 4.9999999999999982 5.9999999999999991 4.9999999999999991 4.9999999999999991 5.9999999999999991 5 7.9999999999999991 4.9999999999999991 5 5.9999999999999982 5 5.0000000000000018 4.9999999999999991 5 6.9999999999999991 5
leaf_count=5 6 5 5 5 5 6 5 5 6 5 8 5 5 6 5 5 5 5 7 5
internal_value=-0.0016493 0.785683 -4.82406 -0.136814 0.466345 1.96942 -2.75452 -0.196832 0.27808 1.67123 -0.228081 0.490929 1.5811 -0.339607 -1.35048 0.00788151 0.224207 -0.125772 -0.182994 -0.431572
internal_weight=114 98 16 93 88 60 28 54 49 11 23 15 10 43 11 32 15 10 17 10
internal_count=114 98 16 93 88 60 28 54 49 11 23 15 10 43 11 32 15 10 17 10
is_linear=0
shrinkage=0.05


Tree=218
num_leaves=20
num_cat=0
split_feature=4 4 2 4 4 4 4 1 1 1 6 2 2 5 1 4 6 6 1
split_gain=156255 559984 489257 158525 233560 534180 154121 531426 280991 16179 8570.07 4696.18 4364.83 3092.53 2223.78 1750.49 4712.21 1955.29 1407.84
threshold=3.0121539584389425 2.934351799697287 0.51592895015361084 1.8899163912421544 2.1883376604767633 2.1234392662738975 2.3934212238621493 22348.395371591363 31062.671928726599 15719.604082849797 9.8202207392153866 0.40053970387469134 0.28965910529666361 0.43118641632164573 1926.3337192909112 2.5278384386296175 11.642466352918628 14.53419826291236 7387.5125544820748
decision_type=2 2 2 2 2 2 2 2 2 2 2 2 2 2 2 2 2 2 2
left_child=1 3 14 -1 5 10 7 13 9 12 -5 -11 15 -6 -2 -8 -17 -18 -15
right_child=2 -3 -4 4 6 -7 8 -9 -10 11 -12 -13 -14 18 -16 16 17 -19 -20
leaf_value=6.1766249186462829 0.53314552307128915 17.046909847259524 -17.551355209350586 1.7801169663667673 0.50825233459472619 -18.040580654144289 -0.37451808601617786 18.315389137268067 -11.148060989379884 1.1022293543815616 -1.0227198362350463 3.2692971611022941 -1.1331202814355492 -0.42144252181053177 1.9608939727147421 1.7946192526817322 -0.78447391986846948 0.61384341239929197 -1.6079655933380126
leaf_weight=8.9999999999999982 4.9999999999999982 4.9999999999999991 4.9999999999999991 6.0000000000000018 5.0000000000000027 5.9999999999999991 8.0000000000000053 4.9999999999999991 5.9999999999999991 4.9999999999999982 5 5 7.9999999999999991 4.9999999999999982 6 4.9999999999999991 4.9999999999999982 5 5
leaf_count=9 5 5 5 6 5 6 8 5 6 5 5 5 8 5 6 5 5 5 5
internal_value=-0.00156686 0.746399 -4.58286 -0.129973 -0.80568 -6.03979 0.522377 4.19856 -1.04196 0.436987 0.5061 2.18576 -0.127134 -0.507052 1.31192 0.222774 0.54133 -0.0853153 -1.0147
internal_weight=114 98 16 93 84 17 67 20 47 41 11 10 31 15 11 23 15 10 10
internal_count=114 98 16 93 84 17 67 20 47 41 11 10 31 15 11 23 15 10 10
is_linear=0
shrinkage=0.05


Tree=219
num_leaves=19
num_cat=0
split_feature=4 0 0 0 1 5 6 1 6 0 1 2 0 6 0 3 0 6
split_gain=141020 602049 515903 202838 75909.4 18585 19112.8 20849.9 17331.2 13554.8 7907.13 5821.59 3686.7 2461.26 4394.47 1493.62 1117.32 298.006
threshold=3.0121539584389425 77954.999999999985 62016 66429.000000000015 31062.671928726599 0.35922375171208942 5.0852088199700551 15719.604082849797 9.1127472625752919 11010.999999999998 11399.273390776547 0.32534461537208209 18132.499999999996 11.642466352918628 30461.999999999993 5.5000000000000009 30461.999999999993 15.389639996462732
decision_type=2 2 2 2 2 2 2 2 2 2 2 2 2 2 2 2 2 2
left_child=1 3 9 4 5 -1 -7 10 -9 -2 11 13 -13 14 15 -8 17 -15
right_child=2 -3 -4 -5 -6 6 7 8 -10 -11 -12 12 -14 16 -16 -17 -18 -19
leaf_value=-3.2457364654541019 0.097210216522216814 13.853736492805183 -17.670685930252073 -10.246301937103272 5.5382042884826665 -2.582090841020857 -0.43314568599065129 3.9655402024586999 -0.020299856662750242 3.6221542739868156 -1.6825844496488571 -0.098063020706176784 -2.0181405448913572 -0.039099425077438341 1.7012809412819998 0.73696201324462884 -0.65483925342559823 0.4270507298409939
leaf_weight=4.9999999999999991 5.9999999999999982 7.9999999999999991 4.9999999999999991 4.9999999999999991 5.9999999999999991 6.9999999999999991 6.0000000000000018 5.9999999999999982 5 5 7.9999999999999991 4.9999999999999982 5 8.0000000000000018 6.9999999999999991 5 5.9999999999999991 5.9999999999999991
leaf_count=5 6 8 5 5 6 7 6 6 5 5 8 5 5 8 7 5 6 6
internal_value=-0.00148844 0.709079 -4.35371 -0.459335 0.116369 -0.295416 -0.0960704 0.163663 2.15379 1.69946 -0.227256 0.0152991 -1.0581 0.297773 0.721939 0.0987215 -0.0839763 0.160679
internal_weight=114 98 16 90 85 79 74 67 11 11 56 48 10 38 18 11 20 14
internal_count=114 98 16 90 85 79 74 67 11 11 56 48 10 38 18 11 20 14
is_linear=0
shrinkage=0.05


Tree=220
num_leaves=18
num_cat=0
split_feature=4 2 1 1 1 1 7 1 3 4 7 7 7 7 0 4 5
split_gain=159489 673942 182811 85902.2 60440.7 17542.1 9398.11 8788.15 7466.93 11214.4 2869.75 7662.06 3019.92 3101.82 2524.78 1330.42 1023.45
threshold=1.8899163912421544 0.90942970609434792 52757.674236056024 31062.671928726599 24205.677865591173 17549.64770584663 0.17020059730283604 12221.392818450666 1.5000000000000002 2.934351799697287 0.11677816766031567 0.13023781247678756 0.097445459401076309 0.084121011742510562 29586.000000000004 2.1883376604767633 0.37358923902760793
decision_type=2 2 2 2 2 2 2 2 2 2 2 2 2 2 2 2 2
left_child=-1 2 3 4 5 6 8 -8 -2 10 12 -12 13 14 16 -13 -10
right_child=1 -3 -4 -5 -6 -7 7 -9 9 -11 11 15 -14 -15 -16 -17 -18
leaf_value=6.7769077241420748 1.6893696212768554 -18.472993454933167 9.6423564147949232 -5.1236288070678713 4.4304604709148405 -2.3429716974496841 0.16245303816265533 2.5246088641030449 0.3671937694152192 -2.0615089893341065 -2.2166518402099609 0.75726352214813253 1.1371888705662319 -1.1523599195480347 1.0113649742943902 -0.3961752641201019 -0.47585514585177108
leaf_weight=7.9999999999999991 4.9999999999999991 4.9999999999999991 4.9999999999999991 7.9999999999999991 7.9999999999999991 7.9999999999999991 8.9999999999999982 6.9999999999999991 6.0000000000000062 7.9999999999999991 4.9999999999999991 4.9999999999999982 6.9999999999999991 4.9999999999999991 6.9999999999999991 5 8.9999999999999982
leaf_count=8 5 5 5 8 8 8 9 7 6 8 5 5 7 5 7 5 9
internal_value=-0.0434767 -0.530647 0.30778 -0.149797 0.273508 -0.113185 0.115511 1.1959 -0.163298 -0.325813 -0.0424342 -0.618521 0.211722 -0.028214 0.227274 0.180544 -0.138636
internal_weight=120 112 107 102 94 86 78 16 62 57 49 15 34 27 22 10 15
internal_count=120 112 107 102 94 86 78 16 62 57 49 15 34 27 22 10 15
is_linear=0
shrinkage=0.05


Tree=221
num_leaves=19
num_cat=0
split_feature=4 2 1 1 1 1 2 6 6 3 5 1 4 6 6 2 0 1
split_gain=143939 608233 164987 77526.8 54547.7 15831.7 8491.34 8756.53 12405.9 6034.65 14846.2 4963.44 4021.18 2835.84 1335.33 1108.12 631.692 274.474
threshold=1.8899163912421544 0.90942970609434792 52757.674236056024 31062.671928726599 24205.677865591173 17549.64770584663 0.51592895015361084 9.8202207392153866 10.737411773725453 1.5000000000000002 0.34079229426713314 12221.392818450666 2.3934212238621493 11.642466352918628 13.043294761977926 0.28437702154139949 27800.999999999996 4405.9086795478224
decision_type=2 2 2 2 2 2 2 2 2 2 2 2 2 2 2 2 2 2
left_child=-1 2 3 4 5 6 7 11 -9 -10 -11 12 16 -12 -15 17 -2 -16
right_child=1 -3 -4 -5 -6 -7 -8 8 9 10 13 -13 -14 14 15 -17 -18 -19
leaf_value=6.4380627632141119 1.270206384658813 -17.549344367980957 9.1602391052246102 -4.8674468994140625 4.2089374244213102 -2.2258230119943621 2.1031027221679688 -2.0710883339246116 1.6049011611938475 -2.5223675251007083 1.0803293977464943 1.9063543796539308 -0.86381887912750244 -0.70941780805587729 0.14703544645259772 -0.48068822145462042 0.4754159569740295 0.60789440018790097
leaf_weight=7.9999999999999991 5.0000000000000018 4.9999999999999991 4.9999999999999991 7.9999999999999991 7.9999999999999991 7.9999999999999991 4.9999999999999991 8.9999999999999982 4.9999999999999991 5.9999999999999991 7.0000000000000027 6.9999999999999991 4.9999999999999991 6.0000000000000027 6.0000000000000018 4.9999999999999991 5 7
leaf_count=8 5 5 5 8 8 8 5 9 5 6 7 7 5 6 6 5 5 7
internal_value=-0.0413028 -0.504115 0.292391 -0.142307 0.259833 -0.107526 0.109735 -0.0267968 -0.386464 -0.025473 -0.245794 0.806977 0.293934 0.194833 -0.0634364 0.151891 0.872811 0.39519
internal_weight=120 112 107 102 94 86 78 73 51 42 37 22 15 31 24 18 10 13
internal_count=120 112 107 102 94 86 78 73 51 42 37 22 15 31 24 18 10 13
is_linear=0
shrinkage=0.05


Tree=222
num_leaves=17
num_cat=0
split_feature=4 2 1 1 1 1 6 1 1 4 5 5 3 1 2 4
split_gain=129905 548930 148901 69967.9 49229.3 14288.1 7858.56 7281.56 6750.42 13651.4 9912.66 2859.16 3406.43 3937.45 936.138 1289.29
threshold=1.8899163912421544 0.90942970609434792 52757.674236056024 31062.671928726599 24205.677865591173 17549.64770584663 8.8564046125742681 12221.392818450666 10621.309512456515 3.0121539584389425 0.36427410282794453 0.38063547960389132 5.5000000000000009 8587.5259268539885 0.18761642588800242 2.3696226992571545
decision_type=2 2 2 2 2 2 2 2 2 2 2 2 2 2 2 2
left_child=-1 2 3 4 5 6 7 -2 9 10 -8 -12 13 14 -13 -16
right_child=1 -3 -4 -5 -6 -7 8 -9 -10 -11 11 12 -14 -15 15 -17
leaf_value=6.1161593317985536 0.15148942073186239 -16.671876831054686 8.7022265624999999 -4.6240749359130859 3.9984906673431397 -2.1145320892333985 -2.0344487431059992 2.3016552516392301 -1.5061780929565431 1.8277595943874783 0.92578433752059941 0.33013721321310269 0.8768631021181742 -1.7047647762298586 -0.84805244037083227 0.15078019499778747
leaf_weight=7.9999999999999991 8.9999999999999982 4.9999999999999991 4.9999999999999991 7.9999999999999991 7.9999999999999991 7.9999999999999991 6.9999999999999991 6.9999999999999991 7.9999999999999991 8.9999999999999982 6.9999999999999991 7.0000000000000098 5.9999999999999991 4.9999999999999991 6.9999999999999982 6
leaf_count=8 9 5 5 8 8 8 7 7 8 9 7 7 6 5 7 6
internal_value=-0.0392377 -0.478909 0.277772 -0.135192 0.246841 -0.10215 0.104248 1.09219 -0.150703 0.0501077 -0.305423 0.0130821 -0.193012 -0.449782 -0.136036 -0.387053
internal_weight=120 112 107 102 94 86 78 16 62 54 45 38 31 25 20 13
internal_count=120 112 107 102 94 86 78 16 62 54 45 38 31 25 20 13
is_linear=0
shrinkage=0.05


Tree=223
num_leaves=19
num_cat=0
split_feature=4 2 1 1 1 1 2 4 4 0 0 1 4 6 5 0 5 4
split_gain=117239 495410 134383 63146 44429.5 12895 7683.87 7947.83 29524.8 6513.18 12489.1 5810.38 1979.83 1564.31 1503.76 942.785 932.211 696.94
threshold=1.8899163912421544 0.90942970609434792 52757.674236056024 31062.671928726599 24205.677865591173 17549.64770584663 0.51592895015361084 2.934351799697287 3.1962238028246612 37401.000000000015 46235.500000000007 9833.536278827658 2.1883376604767633 15.389639996462732 0.48402602529779554 28397.000000000015 0.42586730557949953 2.5689872596560668
decision_type=2 2 2 2 2 2 2 2 2 2 2 2 2 2 2 2 2 2
left_child=-1 2 3 4 5 6 7 9 -9 11 -11 12 14 15 -2 16 17 -14
right_child=1 -3 -4 -5 -6 -7 -8 8 -10 10 -12 -13 13 -15 -16 -17 -18 -19
leaf_value=5.8103517889976501 1.3270892524719242 -15.838283004760743 8.2671159362792963 -4.3928709983825689 3.7985660225152973 -2.0088055014610293 1.9952575302124025 -4.1416308212280279 0.88897153309413357 2.6405858857291093 -0.34618718964712958 -1.6926736354827883 0.23565310955047558 0.71584051370620738 0.15301555196444194 0.20177105814218521 -1.0307804393768312 -0.51685211360454564
leaf_weight=7.9999999999999991 4.9999999999999982 4.9999999999999991 4.9999999999999991 7.9999999999999991 7.9999999999999991 7.9999999999999991 4.9999999999999991 4.9999999999999982 7 6.9999999999999982 7 4.9999999999999991 5.0000000000000098 4.9999999999999991 6 7.9999999999999991 4.9999999999999991 7.9999999999999991
leaf_count=8 5 5 5 8 8 8 5 5 7 7 7 5 5 5 6 8 5 8
internal_value=-0.0372758 -0.454963 0.263883 -0.128432 0.234499 -0.0970422 0.0990361 -0.0308421 -1.20711 0.200555 1.1472 -0.0814236 0.110392 -0.0940994 0.686685 -0.249857 -0.450581 -0.227427
internal_weight=120 112 107 102 94 86 78 73 12 61 14 47 42 31 11 26 18 13
internal_count=120 112 107 102 94 86 78 73 12 61 14 47 42 31 11 26 18 13
is_linear=0
shrinkage=0.05


Tree=224
num_leaves=18
num_cat=0
split_feature=6 1 2 1 5 0 1 5 6 5 5 2 2 6 7 0 5
split_gain=119031 797314 589602 126489 53270.4 75694.1 36298.6 24764.1 11830.3 10575.4 20148.2 5275.01 8167.27 3582.37 2500.83 1933.12 998.153
threshold=9.8202207392153866 52757.674236056024 0.63546820154915784 31062.671928726599 0.29614888529253236 66429.000000000015 17549.64770584663 0.52913203615314297 10.737411773725453 0.33198916330476513 0.35114664584695249 0.32534461537208209 0.24472592425180703 11.642466352918628 0.084121011742510562 29586.000000000004 0.37358923902760793
decision_type=2 2 2 2 2 2 2 2 2 2 2 2 2 2 2 2 2
left_child=1 3 4 6 -2 8 7 11 -6 -10 -11 12 -1 -12 15 16 -15
right_child=2 -3 -4 -5 5 -7 -8 -9 9 10 13 -13 -14 14 -16 -17 -18
leaf_value=1.665245525042214 4.6101727485656738 -20.872461090087892 14.036692476272584 7.7132832336425778 -1.8838751501507229 -6.651579437255859 -4.001779692513602 -2.6071642569133218 1.8877920218876429 -3.1863901972770692 1.1382066056132316 1.8261691510677338 -0.71629042691654632 0.36368035376071889 -1.0766951894760133 0.92605204184850065 -0.46888310313224796
leaf_weight=6.0000000000000062 4.9999999999999991 4.9999999999999991 7.9999999999999991 4.9999999999999991 8.9999999999999982 4.9999999999999991 6.9999999999999991 6.9999999999999991 6.9999999999999991 4.9999999999999991 7.9999999999999991 7.9999999999999991 8.9999999999999982 6.0000000000000062 4.9999999999999991 5.9999999999999991 8.9999999999999982
leaf_count=6 5 5 8 5 9 5 7 7 7 5 8 8 9 6 5 6 9
internal_value=-0.035412 -1.99796 1.22815 0.249001 -0.348288 -0.761493 -0.759686 -0.00319791 -0.22603 0.0983308 -0.222855 0.789314 0.236324 0.21296 -0.0717319 0.167545 -0.135858
internal_weight=120 47 73 42 65 60 37 30 55 46 39 23 15 34 26 21 15
internal_count=120 47 73 42 65 60 37 30 55 46 39 23 15 34 26 21 15
is_linear=0
shrinkage=0.05


Tree=225
num_leaves=15
num_cat=0
split_feature=1 6 2 4 0 1 3 4 2 6 7 0 6 6
split_gain=204180 571706 18065 15706.6 42370.9 27974.2 6016.64 20756.5 9109.04 4042.47 2671.15 1769.43 1141.07 357.673
threshold=29628.349800647582 8.8564046125742681 0.51592895015361084 2.1543446061517115 66429.000000000015 11399.273390776547 1.5000000000000002 2.934351799697287 0.35245113372703452 8.3629238554085266 0.10044078237494418 37401.000000000015 15.389639996462732 13.491940612647864
decision_type=2 2 2 2 2 2 2 2 2 2 2 2 2 2
left_child=2 -2 3 5 6 -1 -5 8 9 -8 11 12 13 -11
right_child=1 -3 -4 4 -6 -7 7 -9 -10 10 -12 -13 -14 -15
leaf_value=0.024547504054175485 -16.833892604282923 2.7323822021484379 2.3663393811987983 1.1751566251118979 4.4778772544860841 -4.383004903793335 1.5620312654972077 -3.0276682444981167 -1.6224995255470276 0.079871006011962731 -0.69569253060552816 1.0590670665105184 0.67851575195789338 -0.49272549152374262
leaf_weight=8.9999999999999982 6.9999999999999991 7.9999999999999991 6.9999999999999991 5.9999999999999991 4.9999999999999991 5.9999999999999991 4.9999999999999991 6.9999999999999991 7.9999999999999991 5.0000000000000089 8.9999999999999982 5.9999999999999991 4.9999999999999991 6
leaf_count=9 7 8 7 6 5 6 5 7 8 5 9 6 5 6
internal_value=-1.0251 -6.39855 -0.0655615 -0.286643 0.0646058 -1.73847 -0.322523 -0.498721 -0.0963884 0.242747 0.0299597 0.326817 0.0522238 -0.232454
internal_weight=99 15 84 77 62 15 57 51 44 36 31 22 16 11
internal_count=99 15 84 77 62 15 57 51 44 36 31 22 16 11
is_linear=0
shrinkage=0.05


Tree=226
num_leaves=16
num_cat=0
split_feature=1 6 2 4 0 1 6 6 6 3 5 6 6 2 1
split_gain=184272 515965 16303.7 14175.2 38239.8 25246.7 5495.64 8661.11 10460.8 3912.83 11075.2 2265.71 2988.58 871.398 187.978
threshold=29628.349800647582 8.8564046125742681 0.51592895015361084 2.1543446061517115 66429.000000000015 11399.273390776547 7.6506066014448839 9.4306243500006861 10.737411773725453 1.5000000000000002 0.34079229426713314 11.642466352918628 13.043294761977926 0.28437702154139949 4405.9086795478224
decision_type=2 2 2 2 2 2 2 2 2 2 2 2 2 2 2
left_child=2 -2 3 5 6 -1 -5 -8 -9 -10 -11 -12 -13 14 -14
right_child=1 -3 -4 4 -6 -7 7 8 9 10 11 12 13 -15 -16
leaf_value=0.023320125208960641 -15.992197935921807 2.5957632064819336 2.2480224268777032 -1.737764898935954 4.2539832687377936 -4.1638544400533046 1.8383570742607116 -2.2996494094530742 1.1163988033930461 -2.2179771741231282 1.0104465583960209 -1.037334775924682 0.34021747425198567 -0.20518899857997897 0.77378211498260496
leaf_weight=8.9999999999999982 6.9999999999999991 7.9999999999999991 6.9999999999999991 5.9999999999999991 4.9999999999999991 5.9999999999999991 4.9999999999999991 5.9999999999999991 5.9999999999999991 5.9999999999999991 6.0000000000000027 6.0000000000000027 4.9999999999999982 5.9999999999999991 5
leaf_count=9 7 8 7 6 5 6 5 6 6 6 6 6 5 6 5
internal_value=-0.973849 -6.07862 -0.0622834 -0.272311 0.0613755 -1.65155 -0.306397 -0.138001 -0.352822 -0.0607984 -0.268539 0.149198 -0.0856884 0.271179 0.557
internal_weight=99 15 84 77 62 15 57 51 46 40 34 28 22 16 10
internal_count=99 15 84 77 62 15 57 51 46 40 34 28 22 16 10
is_linear=0
shrinkage=0.05


Tree=227
num_leaves=16
num_cat=0
split_feature=4 2 4 2 0 0 2 1 4 1 4 7 7 2 0
split_gain=188568 831353 48070.9 296743 209201 146781 22608 16818.6 10498.6 3302.48 2714.44 5656.35 2799.01 2025.27 977.438
threshold=1.8899163912421544 0.75904576824017289 3.0121539584389425 0.51592895015361084 45841.500000000007 70868.500000000015 0.41711654529755943 12221.392818450666 2.7535771856059377 1926.3337192909112 2.4709768464156912 0.11342507648198333 0.14029013502643015 0.24878814255985207 20369.499999999996
decision_type=2 2 2 2 2 2 2 2 2 2 2 2 2 2 2
left_child=-1 2 3 5 9 6 7 8 10 -4 12 13 14 -12 -2
right_child=1 -3 4 -5 -6 -7 -8 -9 -10 -11 11 -13 -14 -15 -16
leaf_value=6.9858417374747139 -0.44011791547139467 -19.52169408798218 0.42320522308349617 9.342725399136544 -11.194155178070069 -9.1000083160400393 -3.3855163431167608 2.2441005825996401 -2.1910010139147444 2.240477142333984 -0.30500521552231569 -1.8159059798717501 1.268301466533116 0.95006802678108215 0.42956635611397875
leaf_weight=6.9999999999999991 6.0000000000000018 5.9999999999999991 4.9999999999999982 7.9999999999999991 4.9999999999999991 4.9999999999999991 4.9999999999999991 7.9999999999999991 5.9999999999999991 5 9.0000000000000018 4.9999999999999991 6.9999999999999991 4.9999999999999991 7
leaf_count=7 6 6 5 8 5 5 5 8 6 5 9 5 7 5 7
internal_value=-0.925157 -1.52708 -0.271643 0.271706 -2.84349 -0.88017 -0.171563 0.13164 -0.243908 1.33184 0.0556444 -0.372328 0.462218 0.143235 0.0281736
internal_weight=99 92 86 71 15 63 58 53 45 10 39 19 20 14 13
internal_count=99 92 86 71 15 63 58 53 45 10 39 19 20 14 13
is_linear=0
shrinkage=0.05


Tree=228
num_leaves=16
num_cat=0
split_feature=4 1 0 4 0 0 0 1 7 4 4 0 7 0 6
split_gain=170183 534956 436267 7349.04 33929.5 29222.7 8199.07 14087.5 7062.78 6850.79 6867.94 2449.12 1956.26 914.299 68.9624
threshold=1.8899163912421544 29628.349800647582 91530 2.5278384386296175 66429.000000000015 43685.500000000007 45841.500000000007 9442.0625753316071 0.21467669911528109 3.0531436581951543 2.7451911326668745 20369.499999999996 0.11677816766031567 20369.499999999996 13.8610787059551
decision_type=2 2 2 2 2 2 2 2 2 2 2 2 2 2 2
left_child=-1 3 -3 5 6 8 7 9 11 10 13 14 -13 -5 -2
right_child=1 2 -4 4 -6 -7 -8 -9 -10 -11 -12 12 -14 -15 -16
leaf_value=6.6365496907915391 -0.54963077783584535 -18.090890026092534 0.73640075683593742 0.4454451620578761 4.4037849235534665 -3.334304237365723 -1.5211602687835695 2.1850362159311771 1.9807676315307619 0.95694757699966437 -2.1724221399674817 1.0223644892374677 -0.20799015249524799 -0.51074466705322263 -0.81223768591880785
leaf_weight=6.9999999999999991 5.0000000000000053 7.9999999999999982 5 5.0000000000000053 4.9999999999999991 6.9999999999999991 6.9999999999999991 7.9999999999999991 4.9999999999999991 7.9999999999999991 5.9999999999999991 5.9999999999999982 7 5 5
leaf_count=7 5 8 5 5 5 7 7 8 5 8 6 6 7 5 5
internal_value=-0.878899 -1.45073 -10.8496 0.0959274 0.526037 -0.444782 0.0288902 0.367964 0.277598 -0.237727 -0.835064 -0.0926559 0.359866 -0.0326498 -0.680934
internal_weight=99 92 13 79 44 35 39 32 28 24 16 23 13 10 10
internal_count=99 92 13 79 44 35 39 32 28 24 16 23 13 10 10
is_linear=0
shrinkage=0.05


Tree=229
num_leaves=17
num_cat=0
split_feature=6 0 6 1 1 6 0 5 6 3 1 5 1 0 7 6
split_gain=161804 638484 609001 711655 600516 89675 74176.6 21885.1 7821.35 6460.62 6044.42 5885.63 4328.26 4331.53 873.61 2400.16
threshold=9.8202207392153866 66429.000000000015 10.737411773725453 10621.309512456515 27797.939671950877 8.8564046125742681 48227.499999999993 0.52913203615314297 14.205942578101139 2.5000000000000004 12221.392818450666 0.36316424738755676 9833.536278827658 46235.500000000007 0.097445459401076309 13.043294761977926
decision_type=2 2 2 2 2 2 2 2 2 2 2 2 2 2 2 2
left_child=1 5 3 -2 8 6 7 10 12 -10 -1 -11 14 -14 15 -4
right_child=2 -3 4 -5 -6 -7 -8 -9 9 11 -12 -13 13 -15 -16 -17
leaf_value=0.11469591004507868 -1.344483237266541 -17.074797425951278 -0.7539978742599478 25.332375564575191 -17.945276947021483 5.2265529115994775 -7.0228772354125981 -2.8741560935974122 0.7561117853437147 -2.4797074699401858 2.390862426757812 -0.34014938924875526 2.667002038955689 0.58576851844787592 0.82161266406377165 0.68032499381474087
leaf_weight=7.0000000000000089 4.9999999999999982 6.9999999999999991 5.0000000000000053 5 4.9999999999999991 5.9999999999999991 4.9999999999999991 4.9999999999999991 7.0000000000000027 4.9999999999999991 5 8.9999999999999982 4.9999999999999982 5 5.9999999999999991 7
leaf_count=7 5 7 5 5 5 6 5 5 7 5 5 9 5 5 6 7
internal_value=-0.834954 -3.56835 0.659872 11.9939 -1.43903 -0.191738 -1.66945 -0.0949175 0.24528 -0.484148 1.0631 -1.10428 0.792351 1.62639 0.328998 0.0826905
internal_weight=99 35 64 10 54 28 22 17 49 21 12 14 28 10 18 12
internal_count=99 35 64 10 54 28 22 17 49 21 12 14 28 10 18 12
is_linear=0
shrinkage=0.05


Tree=230
num_leaves=17
num_cat=0
split_feature=0 2 2 6 4 0 6 0 4 5 2 4 0 0 6 6
split_gain=451207 648784 30115.7 39989 26622.9 17431.9 12209.2 7572.05 3623.59 7314.18 2875.53 1463.49 642.665 735.618 201.073 92.3814
threshold=66429.000000000015 0.38140948671013492 0.50562705853824974 10.883215456439848 1.8899163912421544 45841.500000000007 10.883215456439848 37401.000000000015 3.0531436581951543 0.36427410282794453 0.40053970387469134 2.1883376604767633 12372.000000000005 28397.000000000015 9.8202207392153866 13.8610787059551
decision_type=2 2 2 2 2 2 2 2 2 2 2 2 2 2 2 2
left_child=2 -2 4 -4 -1 7 -7 8 9 -6 11 14 -13 15 -11 -14
right_child=1 -3 3 -5 5 6 -8 -9 -10 10 -12 12 13 -15 -16 -17
leaf_value=-4.0117655754089361 -1.8680255549294609 18.975520515441897 -0.57224292490217399 4.1411529223124184 -1.7501684427261353 -3.32695301600865 -0.25326104164123531 1.6542859077453613 0.89199216365814216 0.86307471816738457 -0.91867856979370122 0.45988798394799207 -0.30818131208419786 0.2081476058278765 0.43375356674194326 -0.61212434291839601
leaf_weight=4.9999999999999991 6.9999999999999991 7.9999999999999991 9.0000000000000018 8.9999999999999982 6.9999999999999991 6.9999999999999982 6 6.9999999999999991 7.9999999999999991 5.9999999999999982 6.9999999999999991 5.0000000000000027 5.0000000000000018 6.9999999999999991 5 5
leaf_count=5 7 8 9 9 7 7 6 7 8 6 7 5 5 7 5 5
internal_value=1.17272 9.24853 -0.0633745 1.78445 -0.479136 -0.243628 -1.90833 0.105422 -0.091706 -0.259144 0.00178528 0.197035 -0.0384116 -0.18497 0.667929 -0.460153
internal_weight=113 15 98 18 80 75 13 62 55 47 40 33 22 17 11 10
internal_count=113 15 98 18 80 75 13 62 55 47 40 33 22 17 11 10
is_linear=0
shrinkage=0.05


Tree=231
num_leaves=19
num_cat=0
split_feature=1 5 0 0 2 5 1 0 1 3 2 6 1 0 3 5 0 5
split_gain=1.02366e+06 92615.4 285178 188835 24167.6 28015.1 12283.8 8438.87 9969.13 6782.7 7634.41 5508.97 12257.4 1670.48 1227.43 1727.22 2184.47 458.61
threshold=52757.674236056024 0.38509189123784332 62016 58162.500000000022 0.63546820154915784 0.52913203615314297 15719.604082849797 39777.5 9442.0625753316071 2.5000000000000004 0.23674119032890859 7.1676944068471782 9442.0625753316071 11010.999999999998 5.5000000000000009 0.42201395357088417 21486.000000000011 0.40469831891852054
decision_type=2 2 2 2 2 2 2 2 2 2 2 2 2 2 2 2 2 2
left_child=1 2 7 4 5 6 11 8 9 13 -11 -3 14 -1 15 17 -17 -13
right_child=-2 3 -4 -5 -6 -7 -8 -9 -10 10 -12 12 -14 -15 -16 16 -18 -19
leaf_value=0.11849193572998032 19.632844979422433 1.0807891011238098 10.942283221653531 -10.618320541381836 -3.8328663444519044 -3.4269509375095368 2.3120808919270832 -1.6871134213038854 2.2763441038131713 -2.2595861911773687 0.26271652678648627 0.041359796673059418 -2.4306470394134525 1.4109616780281065 0.6889585127433141 -1.1941604495048526 0.10597805295671735 0.71856709599494928
leaf_weight=5.0000000000000053 6.9999999999999991 7.9999999999999991 6.9999999999999991 4.9999999999999991 4.9999999999999991 5.9999999999999991 5.9999999999999991 6.9999999999999991 4.9999999999999991 5.9999999999999982 6 5.0000000000000053 5.9999999999999991 5 5.9999999999999991 5.9999999999999982 7 5
leaf_count=5 7 8 7 5 5 6 6 7 5 6 6 5 6 5 6 6 7 5
internal_value=1.11408 -0.108854 1.75205 -1.28265 -0.504681 -0.202119 0.192759 -0.14006 0.261029 -0.196998 -0.998435 -0.10296 -0.373532 0.764727 0.0520782 -0.114064 -0.494086 0.379963
internal_weight=113 106 41 65 60 55 49 34 27 22 12 43 35 10 29 23 13 10
internal_count=113 106 41 65 60 55 49 34 27 22 12 43 35 10 29 23 13 10
is_linear=0
shrinkage=0.05


Tree=232
num_leaves=18
num_cat=0
split_feature=1 4 0 0 2 4 1 0 1 3 2 4 5 1 5 0 1
split_gain=923850 83585.4 257373 170424 21811.3 25283.6 11086.1 7616.08 8997.14 6121.39 6890.06 5044.28 7394.6 4953.18 1577.77 1507.61 553.691
threshold=52757.674236056024 2.5967981128142408 62016 58162.500000000022 0.63546820154915784 1.8899163912421544 15719.604082849797 39777.5 9442.0625753316071 2.5000000000000004 0.23674119032890859 2.1883376604767633 0.48402602529779554 9442.0625753316071 0.44006687884785706 11010.999999999998 6093.7564319131534
decision_type=2 2 2 2 2 2 2 2 2 2 2 2 2 2 2 2 2
left_child=1 3 7 4 5 -1 11 8 9 15 -11 12 -7 14 16 -3 -13
right_child=-2 2 -4 -5 -6 6 -8 -9 -10 10 -12 13 -14 -15 -16 -17 -18
leaf_value=-3.2556034922599792 18.651202610560826 0.11256732940673815 10.395169040134975 -10.08740478515625 -3.6412231254577634 2.2233050441741944 2.1964768727620441 -1.602757740020752 2.162526888847351 -2.146606874465943 0.24958072205384571 -0.16054735630750636 -0.1748941845364041 -1.7534689029057819 -0.76642446858542312 1.3404135906696317 0.42771883457899096
leaf_weight=5.9999999999999991 6.9999999999999991 5.0000000000000053 6.9999999999999991 4.9999999999999991 4.9999999999999991 4.9999999999999991 5.9999999999999991 6.9999999999999991 4.9999999999999991 5.9999999999999982 6 8.0000000000000089 8.9999999999999982 5.9999999999999991 6.9999999999999991 5 7.9999999999999991
leaf_count=6 7 5 7 5 5 5 6 7 5 6 6 8 9 6 7 5 8
internal_value=1.05838 -0.103411 1.66445 -1.21852 -0.479447 -0.192013 0.183121 -0.133057 0.247977 -0.187148 -0.948513 -0.0978124 0.681606 -0.474083 -0.14033 0.72649 0.133586
internal_weight=113 106 41 65 60 55 49 34 27 22 12 43 14 29 23 10 16
internal_count=113 106 41 65 60 55 49 34 27 22 12 43 14 29 23 10 16
is_linear=0
shrinkage=0.05


Tree=233
num_leaves=19
num_cat=0
split_feature=1 4 0 0 2 4 1 0 1 3 5 6 1 0 0 5 2 0
split_gain=833775 75435.8 232279 153807 19684.7 22818.5 10005.2 6873.51 8119.92 5524.55 6420.19 4849.48 10467.2 1360.62 1065.62 1231.63 526.696 177.771
threshold=52757.674236056024 2.5967981128142408 62016 58162.500000000022 0.63546820154915784 1.8899163912421544 15719.604082849797 39777.5 9442.0625753316071 2.5000000000000004 0.36427410282794453 7.1676944068471782 9442.0625753316071 11010.999999999998 24627.000000000004 0.42201395357088417 0.33522895219823584 30461.999999999993
decision_type=2 2 2 2 2 2 2 2 2 2 2 2 2 2 2 2 2 2
left_child=1 3 7 4 5 -1 11 8 9 13 -11 -7 14 -3 15 -13 -17 -16
right_child=-2 2 -4 -5 -6 6 -8 -9 -10 10 -12 12 -14 -15 17 16 -18 -19
leaf_value=-3.0928232073783875 17.718642098563059 0.10693889617919911 9.875410761151997 -9.5830346298217783 -3.4591618347167969 1.0177163839340211 2.0866530418395999 -1.5226198673248292 2.0544005775451661 -2.0576081991195685 0.25543335477511081 0.36811952721327501 -2.2477508385976157 1.273392954468727 0.5997185309727987 -0.20660347243150079 -0.90144517421722403 0.21482566595077512
leaf_weight=5.9999999999999991 6.9999999999999991 5.0000000000000053 6.9999999999999991 4.9999999999999991 4.9999999999999991 7.9999999999999991 5.9999999999999991 6.9999999999999991 4.9999999999999991 5.9999999999999982 6 6.0000000000000062 5.9999999999999991 5 5.9999999999999982 5.9999999999999982 5 6
leaf_count=6 7 5 7 5 5 8 6 7 5 6 6 6 6 5 6 6 5 6
internal_value=1.00546 -0.0982405 1.58122 -1.15759 -0.455474 -0.182412 0.173965 -0.126404 0.235578 -0.17779 -0.901087 -0.0929218 -0.346782 0.690166 0.0465219 -0.208125 -0.522441 0.407272
internal_weight=113 106 41 65 60 55 49 34 27 22 12 43 35 10 29 17 11 12
internal_count=113 106 41 65 60 55 49 34 27 22 12 43 35 10 29 17 11 12
is_linear=0
shrinkage=0.05


Tree=234
num_leaves=18
num_cat=0
split_feature=1 5 0 1 5 2 1 0 6 5 5 0 5 7 2 5 7
split_gain=752482 68080.8 209632 141855 14261.8 7709.2 17194.6 6961.89 6328.55 6175.39 13520.7 8595.4 3160.81 1406.53 959.524 763.895 693.503
threshold=52757.674236056024 0.38509189123784332 62016 22348.395371591363 0.52913203615314297 0.35245113372703452 12221.392818450666 28397.000000000015 11.49094878481216 0.33198916330476513 0.35922375171208942 11010.999999999998 0.40121061746896597 0.20086655430696435 0.27447364996027118 0.45698816419450822 0.10044078237494418
decision_type=2 2 2 2 2 2 2 2 2 2 2 2 2 2 2 2 2
left_child=1 2 8 4 5 6 12 -7 -1 11 -11 -10 -3 15 -12 16 -14
right_child=-2 3 -4 -5 -6 7 -8 -9 9 10 14 -13 13 -15 -16 -17 -18
leaf_value=-1.5937058647473654 16.832710375104632 -0.99118172799547455 9.3816402844020299 -6.9262308756510427 -2.2744268281119213 -0.022283551428053116 2.9713624000549319 -2.3492568206787108 -0.15710012118021643 -2.5861028766632064 0.8864648239953179 2.6498763656616209 0.19395078321297943 1.0393280172348023 -0.020424871444702147 0.49969083411352977 -0.60336422204971307
leaf_weight=5.9999999999999991 6.9999999999999991 6.0000000000000027 6.9999999999999991 8.9999999999999982 6.9999999999999991 8.9999999999999982 5.9999999999999991 4.9999999999999991 6.0000000000000018 5.0000000000000027 6.9999999999999982 5 6.0000000000000053 4.9999999999999991 5 6.9999999999999991 5
leaf_count=6 7 6 7 9 7 9 6 5 6 5 7 5 6 5 5 7 5
internal_value=0.955187 -0.0933284 1.50216 -1.09971 -0.16331 0.138278 0.534927 -0.853345 -0.120084 0.195693 -0.401611 1.1188 0.0308369 0.29745 0.508594 0.0913733 -0.168465
internal_weight=113 106 41 65 56 49 35 14 34 28 17 11 29 23 12 18 11
internal_count=113 106 41 65 56 49 35 14 34 28 17 11 29 23 12 18 11
is_linear=0
shrinkage=0.05


Tree=235
num_leaves=18
num_cat=0
split_feature=4 2 0 0 2 5 2 4 2 0 0 1 0 4 7 0 7
split_gain=120782 520248 405984 200453 161060 75222.4 24800.5 24065.2 25733.3 10925.2 8689.52 2336.18 1678.89 1545.56 1776.12 541.466 532.246
threshold=3.0121539584389425 0.51592895015361084 77954.999999999985 66429.000000000015 0.81097315501112854 0.35114664584695249 0.26451798600539184 1.8899163912421544 0.50562705853824974 48227.499999999993 37401.000000000015 5166.7437459527355 14717.500000000004 2.4709768464156912 0.077356522101407768 24627.000000000004 0.14029013502643015
decision_type=2 2 2 2 2 2 2 2 2 2 2 2 2 2 2 2 2
left_child=2 6 3 4 5 -1 -2 -7 9 10 11 12 -9 15 -15 -13 -17
right_child=1 -3 -4 -5 -6 7 -8 8 -10 -11 -12 13 -14 14 -16 16 -18
leaf_value=-6.2456236743927001 -0.55517349243164038 -17.478713150024415 11.42688775062561 -10.062630319595337 8.9453526115417485 -2.6889710903167727 3.9909317970275873 0.059355047717690484 3.0520704418420794 -1.6893496245145798 1.8108760267496109 -0.30951422282627622 1.1657865087191261 -0.089259657859802277 -1.42197208404541 0.62862673759460463 -0.10092518806457518
leaf_weight=4.9999999999999991 6.0000000000000018 4.9999999999999991 7.9999999999999991 4.9999999999999991 4.9999999999999991 6.9999999999999991 6 7.9999999999999982 7.9999999999999991 7.9999999999999991 7.9999999999999991 7.0000000000000062 6 4.9999999999999982 5 4.9999999999999982 5
leaf_count=5 6 5 8 5 5 7 6 8 8 8 8 7 6 5 5 5 5
internal_value=-0.0466708 -3.92818 0.647915 -0.343255 0.249389 -0.315284 1.71788 0.0965456 0.396524 0.0238161 0.303517 0.00939778 0.53354 -0.26238 -0.755616 0.0277593 0.263851
internal_weight=112 17 95 87 82 77 12 72 65 57 49 41 14 27 10 17 10
internal_count=112 17 95 87 82 77 12 72 65 57 49 41 14 27 10 17 10
is_linear=0
shrinkage=0.05


Tree=236
num_leaves=18
num_cat=0
split_feature=4 2 0 0 2 5 2 4 2 0 0 0 4 2 0 6 4
split_gain=109006 469524 366401 180909 145357 67888.3 22382.4 21718.8 23224.3 9859.95 7842.29 1669.28 2046.19 1153.24 926.523 815.142 660.363
threshold=3.0121539584389425 0.51592895015361084 77954.999999999985 66429.000000000015 0.81097315501112854 0.35114664584695249 0.26451798600539184 1.8899163912421544 0.50562705853824974 48227.499999999993 37401.000000000015 19519.500000000011 2.4709768464156912 0.27447364996027118 14717.500000000004 10.883215456439848 2.1883376604767633
decision_type=2 2 2 2 2 2 2 2 2 2 2 2 2 2 2 2 2
left_child=2 6 3 4 5 -1 -2 -7 9 10 11 14 15 -14 -9 16 -13
right_child=1 -3 -4 -5 -6 7 -8 8 -10 -11 -12 12 13 -15 -16 -17 -18
leaf_value=-5.9333425736427312 -0.52741495768229141 -16.604777984619144 10.85554313659668 -9.5594988250732431 8.4980846023559575 -2.55452253477914 3.7913854122161861 0.14880791240268285 2.8994669854640964 -1.6048821583390236 1.7203321933746338 0.26045582890510532 -0.25138822197914129 -1.3252762794494628 0.9977067470550538 0.64940693855285647 -0.48136813441912329
leaf_weight=4.9999999999999991 6.0000000000000018 4.9999999999999991 7.9999999999999991 4.9999999999999991 4.9999999999999991 6.9999999999999991 6 8.9999999999999982 7.9999999999999991 7.9999999999999991 7.9999999999999991 6.0000000000000053 4.9999999999999982 5 4.9999999999999991 4.9999999999999991 6
leaf_count=5 6 5 8 5 5 7 6 9 8 8 8 6 5 5 5 5 6
internal_value=-0.0443374 -3.73177 0.615519 -0.326093 0.23692 -0.299519 1.63199 0.0917184 0.376698 0.0226253 0.288341 0.00892789 -0.220806 -0.788332 0.451986 0.113033 -0.110456
internal_weight=112 17 95 87 82 77 12 72 65 57 49 41 27 10 14 17 12
internal_count=112 17 95 87 82 77 12 72 65 57 49 41 27 10 14 17 12
is_linear=0
shrinkage=0.05


Tree=237
num_leaves=19
num_cat=0
split_feature=4 0 0 0 0 5 0 1 4 0 4 6 4 3 5 6 3 7
split_gain=98378.1 330677 284150 163270 86248.8 60902.5 26560 76687.1 15034 6130.37 3747.66 3703.12 3572.27 1858.29 1733.98 1382.63 1358.47 83.6566
threshold=3.0121539584389425 77954.999999999985 70868.500000000015 66429.000000000015 54773.500000000007 0.35114664584695249 46235.500000000007 15719.604082849797 1.8899163912421544 19519.500000000011 2.1883376604767633 11.49094878481216 2.4709768464156912 3.5000000000000004 0.48402602529779554 9.4306243500006861 4.5000000000000009 0.062533099679081688
decision_type=2 2 2 2 2 2 2 2 2 2 2 2 2 2 2 2 2 2
left_child=1 3 9 4 5 -1 7 8 -7 -2 14 12 15 17 -10 -12 -15 -13
right_child=2 -3 -4 -5 -6 6 -8 -9 10 -11 11 13 -14 16 -16 -17 -18 -19
leaf_value=-5.6366753911972047 1.5826048578534802 10.31276617050171 -13.559572906494139 -9.0815231704711916 5.1569309398531917 -2.7844029426574708 -2.8414555753980366 5.7798662821451821 1.44509445031484 -0.70968654632568351 0.48362199068069434 -0.040613896896441765 -1.5770160147121974 1.3580390417575838 0.28674583435058593 -0.69223044395446776 0.19250515222549436 -0.31753480434417725
leaf_weight=4.9999999999999991 7.0000000000000018 7.9999999999999991 4.9999999999999991 4.9999999999999991 7.9999999999999991 4.9999999999999991 6.9999999999999991 5.9999999999999991 5.9999999999999982 5 5.0000000000000018 6.0000000000000018 6.9999999999999991 4.9999999999999982 7 5 5 5
leaf_count=5 7 8 5 5 8 5 7 6 6 5 5 6 7 5 7 5 5 5
internal_value=-0.0421204 0.584743 -3.54518 -0.309788 0.225074 -0.3081 0.0780289 0.407648 -0.167947 0.627483 0.0885686 -0.162126 -0.710715 0.28197 0.821368 -0.104304 0.775272 -0.166487
internal_weight=112 95 17 87 82 74 69 62 56 12 51 38 17 21 13 10 10 11
internal_count=112 95 17 87 82 74 69 62 56 12 51 38 17 21 13 10 10 11
is_linear=0
shrinkage=0.05


Tree=238
num_leaves=19
num_cat=0
split_feature=4 2 0 1 0 2 4 2 4 2 0 0 1 0 4 6 0 7
split_gain=88786.2 408582 304280 1.12726e+06 170083 127557 53216.4 22761.6 16931.5 17956.5 9247.98 6832.65 1981.58 1384.94 1053.77 1398.94 551.552 491.658
threshold=3.0121539584389425 0.51592895015361084 70868.500000000015 33902.646891508019 62016 0.81097315501112854 2.8480664780767246 0.26451798600539184 1.8899163912421544 0.52592071588983369 48227.499999999993 37401.000000000015 5166.7437459527355 14717.500000000004 2.4709768464156912 13.043294761977926 24627.000000000004 0.14029013502643015
decision_type=2 2 2 2 2 2 2 2 2 2 2 2 2 2 2 2 2 2
left_child=2 7 4 -4 5 6 8 -2 -1 10 11 12 13 -10 16 -16 -14 -18
right_child=1 -3 3 -5 -6 -7 -8 -9 9 -11 -12 -13 14 -15 15 -17 17 -19
leaf_value=-2.3483420916966029 -0.54196955362955712 -15.376480941772463 -7.981828079223634 25.592867736816402 -9.3615279388427748 7.8766296386718757 -5.3548415374755862 3.8132604042689007 0.048356205970048916 3.1187393760681155 -1.582524934411049 1.5876710444688797 -0.33033082783222167 1.0532692695657411 -1.2524262428283695 -0.069657863378524768 0.57725959300994878 -0.12392352581024169
leaf_weight=6.9999999999999991 6.0000000000000018 4.9999999999999991 4.9999999999999982 5 4.9999999999999991 4.9999999999999991 4.9999999999999991 6 7.9999999999999982 4.9999999999999991 7.9999999999999991 7.9999999999999991 8.0000000000000053 6 4.9999999999999982 5 4.9999999999999982 5
leaf_count=7 6 5 5 5 5 5 5 6 8 5 8 8 8 6 5 5 5 5
internal_value=-0.0400144 -3.36792 0.555506 8.80552 -0.415084 0.144069 -0.371435 1.63565 -0.0154779 0.243729 -0.00411643 0.248429 -0.0066648 0.479033 -0.249514 -0.661042 -0.020887 0.226668
internal_weight=112 17 95 10 85 80 75 12 70 63 58 50 42 14 28 10 18 10
internal_count=112 17 95 10 85 80 75 12 70 63 58 50 42 14 28 10 18 10
is_linear=0
shrinkage=0.05


Tree=239
num_leaves=18
num_cat=0
split_feature=0 0 4 1 0 0 5 1 5 4 5 4 0 0 2 4 0
split_gain=97693.1 290696 143977 402334 170070 32429.4 106159 68161 9996.72 7520.56 6967.67 4755.46 7234.15 1789.26 1268.1 1070.72 1452.99
threshold=87502.499999999985 70868.500000000015 2.1883376604767633 13956.18840917876 58162.500000000022 45841.500000000007 0.40469831891852054 16516.706392829426 0.5184683316555917 3.0121539584389425 0.36316424738755676 2.5278384386296175 31244.499999999993 20369.499999999996 0.27702064154860279 2.4246638699485072 21486.000000000011
decision_type=2 2 2 2 2 2 2 2 2 2 2 2 2 2 2 2 2
left_child=1 2 3 8 5 7 -7 9 14 10 -4 15 13 -13 -1 16 -12
right_child=-2 -3 4 -5 -6 6 -8 -9 -10 -11 11 12 -14 -15 -16 -17 -18
leaf_value=0.29953473567962607 -5.0336446974012592 11.078736178080241 -2.0239804553985596 -16.286703000068666 8.2021072694233492 -7.1868885636329658 1.3992232991589439 6.1538000106811523 -1.6010387795312064 1.3222472296820749 -0.91424481868743868 0.46759458358089134 2.1791948974132538 -0.81309079885482771 1.4256342792510983 -1.2042587447166444 0.14610187666756766
leaf_weight=5.0000000000000053 8.9999999999999982 5.9999999999999991 4.9999999999999991 4.9999999999999991 6.9999999999999991 5.9999999999999991 8.9999999999999982 4.9999999999999991 6.9999999999999991 8.9999999999999982 6.0000000000000018 5.9999999999999982 4.9999999999999991 5 5 4.9999999999999991 7
leaf_count=5 9 6 5 5 7 6 9 5 7 9 6 6 5 5 5 5 7
internal_value=-0.0380137 0.398498 -0.262136 -3.81886 0.781171 0.0172506 -2.03522 0.598139 -0.151849 0.0194242 -0.281227 -0.02494 0.602255 -0.114535 0.862585 -0.582447 -0.343289
internal_weight=112 103 97 22 75 68 15 53 17 48 39 34 16 11 10 18 13
internal_count=112 103 97 22 75 68 15 53 17 48 39 34 16 11 10 18 13
is_linear=0
shrinkage=0.05


Tree=240
num_leaves=20
num_cat=0
split_feature=2 2 1 1 4 3 5 6 6 2 4 2 7 1 7 1 6 3 4
split_gain=487965 177574 116206 63475.6 11142 18062 8499.93 7608.45 17255.7 8282.6 7997.52 9247.25 2268.18 2491.59 1936.71 1210.18 1131.58 462.036 202.381
threshold=0.90942970609434792 0.63546820154915784 31062.671928726599 24205.677865591173 2.3193823819540831 4.5000000000000009 0.53816252767130213 7.6931119805369192 10.485838715812053 0.35245113372703452 2.934351799697287 0.22605089977735515 0.10044078237494418 8587.5259268539885 0.2165094734714553 8587.5259268539885 15.389639996462732 5.5000000000000009 2.6272356579924998
decision_type=2 2 2 2 2 2 2 2 2 2 2 2 2 2 2 2 2 2 2
left_child=1 2 3 4 5 -1 14 -6 -9 10 12 -12 13 16 15 17 18 -7 -10
right_child=-2 -3 -4 -5 7 6 -8 8 9 -11 11 -13 -14 -15 -16 -17 -18 -19 -20
leaf_value=-3.472823441028595 -15.731728553771973 7.4119573891162878 -7.0739051500956229 4.6827448163713727 -1.5211210250854492 -0.26135311467306915 -2.300857229232788 2.8799371952811881 0.063988831713795588 1.6058566817215512 -0.078799772262573259 -2.9902673816680903 -0.57740644557135445 1.4349563837051393 0.84799890518188481 -0.92499646186828621 0.76029491782188419 0.36795693635940552 -0.38587893962860104
leaf_weight=5.9999999999999991 4.9999999999999991 7.9999999999999991 5.9999999999999991 6.9999999999999991 5.9999999999999991 7.0000000000000089 4.9999999999999991 5.9999999999999991 5.0000000000000053 6.9999999999999991 5.9999999999999982 5 6.9999999999999991 4.9999999999999991 4.9999999999999991 4.9999999999999991 4.9999999999999991 5 5
leaf_count=6 5 8 6 7 6 7 5 6 5 7 6 5 7 5 5 5 5 5 5
internal_value=-0.452141 0.236128 -0.321217 0.0964745 -0.260235 -0.991391 -0.439962 0.163065 0.361205 0.0253738 -0.265768 -1.40219 0.197221 0.46834 -0.0170307 -0.271451 0.146135 0.000859407 -0.160945
internal_weight=116 111 103 97 90 33 27 57 51 45 38 11 27 20 22 17 15 12 10
internal_count=116 111 103 97 90 33 27 57 51 45 38 11 27 20 22 17 15 12 10
is_linear=0
shrinkage=0.05


Tree=241
num_leaves=19
num_cat=0
split_feature=2 2 1 1 4 1 6 6 2 4 2 2 5 6 1 7 6 4
split_gain=440388 160261 104876 57286.7 10055.6 17495.6 6866.63 15573.3 7475.04 7217.76 8345.64 5692.89 5540.47 2047.03 2248.66 1243.13 1021.25 182.649
threshold=0.90942970609434792 0.63546820154915784 31062.671928726599 24205.677865591173 2.3193823819540831 13956.18840917876 7.6931119805369192 10.485838715812053 0.35245113372703452 2.934351799697287 0.22605089977735515 0.41711654529755943 0.5184683316555917 11.49094878481216 8587.5259268539885 0.14029013502643015 15.389639996462732 2.6272356579924998
decision_type=2 2 2 2 2 2 2 2 2 2 2 2 2 2 2 2 2 2
left_child=1 2 3 4 5 11 -6 -8 9 13 -11 12 15 -9 16 -1 17 -15
right_child=-2 -3 -4 -5 6 -7 7 8 -10 10 -12 -13 -14 14 -16 -17 -18 -19
leaf_value=0.054290861553615934 -14.9451424407959 7.0413593053817749 -6.7202095349629722 4.4486073766435892 -1.4450650374094645 -3.3840320507685342 2.7359402298927309 -0.548536123548235 1.5255637798990522 -0.074859762191772469 -2.8407539939880366 -1.7573854684829713 -1.4638378310203555 0.06078938879072663 1.3632085990905762 0.94271008627755304 0.72228014945983887 -0.36658500790596005
leaf_weight=9.0000000000000089 4.9999999999999991 7.9999999999999991 5.9999999999999991 6.9999999999999991 5.9999999999999991 5.9999999999999991 5.9999999999999991 7.0000000000000027 6.9999999999999991 5.9999999999999982 5 5.9999999999999991 4.9999999999999991 5.0000000000000018 4.9999999999999991 6.9999999999999991 4.9999999999999991 5
leaf_count=9 5 8 6 7 6 6 6 7 7 6 5 6 5 5 5 7 5 5
internal_value=-0.429534 0.224322 -0.305157 0.0916508 -0.247224 -0.941821 0.154912 0.343145 0.0241051 -0.252479 -1.33208 -0.399108 -0.0110286 0.18736 0.444923 0.442974 0.138828 -0.152898
internal_weight=116 111 103 97 90 33 57 51 45 38 11 27 21 27 20 16 15 10
internal_count=116 111 103 97 90 33 57 51 45 38 11 27 21 27 20 16 15 10
is_linear=0
shrinkage=0.05


Tree=242
num_leaves=19
num_cat=0
split_feature=2 2 1 1 4 0 7 0 0 3 0 4 2 7 2 3 0 5
split_gain=397450 144635 94650.8 51701.2 9236.84 20142.1 17431.2 7000.54 9547.35 6681.79 5142.71 3896.2 3790.58 3703.04 2266.2 820.234 676.347 496.626
threshold=0.90942970609434792 0.63546820154915784 31062.671928726599 24205.677865591173 2.5278384386296175 43685.500000000007 0.12281249521708473 20969.499999999993 17132.500000000004 2.5000000000000004 37401.000000000015 1.8899163912421544 0.2079265850607315 0.26290725193472908 0.41711654529755943 5.5000000000000009 28397.000000000015 0.42586730557949953
decision_type=2 2 2 2 2 2 2 2 2 2 2 2 2 2 2 2 2 2
left_child=1 2 3 4 5 11 7 8 12 -9 -11 -1 -6 14 15 16 17 -13
right_child=-2 -3 -4 -5 6 -7 -8 9 -10 10 -12 13 -14 -15 -16 -17 -18 -19
leaf_value=-1.5229483318328858 -14.197885093688965 6.6892910242080692 -6.3841988563537599 4.2261769635336739 -1.1621991920471184 -2.8353502485487199 3.0852497434616093 -2.3159104824066143 2.488703970909119 -1.4230538451671602 0.6210726834833622 -0.10185633182525616 0.59275095239281661 1.099840259552002 -1.0483480232102531 0.48310529788335166 0.21727475325266521 -0.80657311916351304
leaf_weight=4.9999999999999991 4.9999999999999991 7.9999999999999991 5.9999999999999991 6.9999999999999991 5.0000000000000027 8.9999999999999982 4.9999999999999991 5.0000000000000027 4.9999999999999991 4.9999999999999991 7.9999999999999991 5.0000000000000089 7.9999999999999991 5.9999999999999991 6.9999999999999991 5.9999999999999991 5.9999999999999991 5
leaf_count=5 5 8 6 7 5 9 5 5 5 5 8 5 8 6 7 6 6 5
internal_value=-0.408057 0.213106 -0.289899 0.0870683 -0.234862 -0.698207 0.318891 -0.0653252 0.631918 -0.762569 -0.16513 -0.21735 -0.0822299 -0.030836 -0.264769 -0.0154485 -0.202406 -0.454215
internal_weight=116 111 103 97 90 49 41 36 18 18 13 40 13 35 29 22 16 10
internal_count=116 111 103 97 90 49 41 36 18 18 13 40 13 35 29 22 16 10
is_linear=0
shrinkage=0.05


Tree=243
num_leaves=18
num_cat=0
split_feature=2 2 0 0 2 6 4 4 1 1 0 1 1 4 6 1 1
split_gain=358699 130533 88485.1 24294.7 14398.4 10196.2 5684.41 8288.02 4356.45 10491.4 1915.21 564.779 547.804 473.238 387.566 354.052 51.4963
threshold=0.90942970609434792 0.63546820154915784 87502.499999999985 66429.000000000015 0.51592895015361084 5.7811278719123775 2.934351799697287 3.1962238028246612 13956.18840917876 11399.273390776547 37401.000000000015 8587.5259268539885 6093.7564319131534 2.6767405536233917 13.8610787059551 5451.4444842065941 7387.5125544820748
decision_type=2 2 2 2 2 2 2 2 2 2 2 2 2 2 2 2 2
left_child=1 2 3 4 5 -1 8 -8 9 10 11 12 13 14 15 -7 -14
right_child=-2 -3 -4 -5 -6 6 7 -9 -10 -11 -12 -13 16 -15 -16 -17 -18
leaf_value=-1.9103674994574655 -13.48799114227295 6.3548263907432556 -6.1678633371988933 3.1707385698954269 1.7843087911605835 0.27883500953515344 -2.6715093231201177 -0.076510524749755865 1.2510012013571603 -2.2558056259155275 0.9864978308478991 -0.41760945717493697 0.53432326585054413 0.30537400692701344 -0.48492190639177962 -0.26434363524119053 0.30739538669586181
leaf_weight=8.9999999999999982 4.9999999999999991 7.9999999999999991 5.9999999999999991 5.9999999999999991 8.9999999999999982 6.0000000000000053 4.9999999999999991 7.9999999999999991 6.9999999999999991 4.9999999999999991 5.9999999999999991 5.9999999999999991 4.9999999999999982 7.9999999999999991 5.9999999999999991 6 5
leaf_count=9 5 8 6 6 9 6 5 8 7 5 6 6 5 8 6 6 5
internal_value=-0.387655 0.202451 -0.275404 0.0890782 -0.114108 -0.322471 -0.126703 -1.07459 0.0786719 -0.0761641 0.150882 0.0315082 0.106361 -0.0145997 -0.15681 0.00724569 0.420859
internal_weight=116 111 103 97 91 82 73 13 60 53 48 42 36 26 18 12 10
internal_count=116 111 103 97 91 82 73 13 60 53 48 42 36 26 18 12 10
is_linear=0
shrinkage=0.05


Tree=244
num_leaves=17
num_cat=0
split_feature=2 2 1 1 1 4 6 1 1 4 6 0 4 0 0 6
split_gain=323726 117806 81038 45944.3 8565.23 7624.88 6588.63 9783.76 8968.9 7361.71 2647.83 2236.56 1113.45 1535.22 920.513 591.845
threshold=0.90942970609434792 0.63546820154915784 31062.671928726599 24205.677865591173 17549.64770584663 1.8581763196093466 8.8564046125742681 10621.309512456515 12221.392818450666 3.0121539584389425 14.53419826291236 8615.0000000000073 2.6272356579924998 30461.999999999993 24627.000000000004 10.485838715812053
decision_type=2 2 2 2 2 2 2 2 2 2 2 2 2 2 2 2
left_child=1 2 3 4 5 -1 8 9 -7 10 12 -12 13 14 15 -8
right_child=-2 -3 -4 -5 -6 6 7 -9 -10 -11 11 -13 -14 -15 -16 -17
leaf_value=-1.956032075881958 -12.813590807914734 6.0370856046676638 -5.9006856600443527 3.9890384708132061 -1.7779423594474792 -0.055942037701606766 -0.55417138338088912 -1.6853761408064103 2.5013650894165038 1.4006715297698975 -0.059115365743637099 -1.4909590865174929 0.56816465994343168 -0.80785257418950407 0.62220848004023244 0.12430055141448976
leaf_weight=4.9999999999999991 4.9999999999999991 7.9999999999999991 5.9999999999999991 6.9999999999999991 7.9999999999999991 7.9999999999999982 5.0000000000000062 8.9999999999999982 6 8.9999999999999982 4.9999999999999982 6 7.9999999999999991 5.9999999999999991 5.9999999999999991 8.9999999999999982
leaf_count=5 5 8 6 7 8 8 5 9 6 9 5 6 8 6 6 9
internal_value=-0.368272 0.192328 -0.261634 0.0871737 -0.216305 -0.0639497 0.0589128 -0.159117 1.04005 0.0952595 -0.165823 -0.840121 0.0523324 -0.106385 0.104055 -0.118011
internal_weight=116 111 103 97 90 82 77 63 14 54 45 11 34 26 20 14
internal_count=116 111 103 97 90 82 77 63 14 54 45 11 34 26 20 14
is_linear=0
shrinkage=0.05


Tree=245
num_leaves=17
num_cat=0
split_feature=0 4 0 2 4 0 0 2 4 6 0 2 4 6 6 2
split_gain=452411 147138 193774 151198 26950.5 31169 19674.5 24130.2 4741.76 2647.74 3711.62 5597.22 2112.27 909.158 595.58 1336.44
threshold=91530 1.8899163912421544 66429.000000000015 0.81097315501112854 2.934351799697287 37401.000000000015 50610.999999999993 0.38140948671013492 2.1883376604767633 12.377843983455618 19519.500000000011 0.33522895219823584 2.4924571051868147 9.4306243500006861 13.491940612647864 0.28437702154139949
decision_type=2 2 2 2 2 2 2 2 2 2 2 2 2 2 2 2
left_child=1 -1 3 4 6 -6 8 -8 13 10 -10 12 -12 -3 -11 -16
right_child=-2 2 -4 -5 5 -7 7 -9 9 14 11 -13 -14 -15 15 -17
leaf_value=7.0880024637494774 -15.315356445312501 1.2762645530700687 -7.4003511852688266 8.7526309585571287 -0.44519223107231992 -5.3688646292686464 0.0047151724497477218 4.7078414154052721 0.40492903470993014 0.29979654550552354 0.28425781726837146 -2.373228979110718 -1.1072329814235367 0.32276674270629879 0.20768116244247983 -0.86260714411735528
leaf_weight=6.9999999999999991 4.9999999999999991 4.9999999999999982 8.9999999999999982 4.9999999999999991 8.9999999999999982 4.9999999999999991 5.9999999999999982 5 5.0000000000000027 9.0000000000000018 5.0000000000000018 5.9999999999999991 6 5 6.9999999999999982 5
leaf_count=7 5 5 9 5 9 5 6 5 5 9 5 6 6 5 7 5
internal_value=-0.641222 0.0998957 -0.431808 0.323817 -0.216491 -2.20365 0.218199 2.1425 -0.181185 -0.409254 -0.792584 -1.14479 -0.474737 0.799516 -0.00767137 -0.238272
internal_weight=104 99 92 83 78 14 64 11 53 43 22 17 11 10 21 12
internal_count=104 99 92 83 78 14 64 11 53 43 22 17 11 10 21 12
is_linear=0
shrinkage=0.05


Tree=246
num_leaves=17
num_cat=0
split_feature=0 4 4 0 2 6 4 4 0 0 0 6 0 2 7 2
split_gain=408301 132792 188659 306520 170015 81055.2 40293.3 64483.8 45622.4 21408.6 6317.13 1989.2 1311.74 1047.44 537.511 1206.13
threshold=91530 1.8899163912421544 2.1883376604767633 31244.499999999993 0.81097315501112854 6.8722645661915465 3.3769844207411572 2.934351799697287 45841.500000000007 58162.500000000022 50610.999999999993 12.377843983455618 23817.000000000018 0.2566042183329999 0.067318377819845662 0.28437702154139949
decision_type=2 2 2 2 2 2 2 2 2 2 2 2 2 2 2 2
left_child=1 -1 3 -3 5 -4 7 9 -9 10 11 12 -7 -14 15 -13
right_child=-2 2 4 -5 -6 6 -8 8 -10 -11 -12 14 13 -15 -16 -17
leaf_value=6.733602251325336 -14.54958808898926 0.49738798226628989 4.5634039640426636 -15.711611061096191 8.5615646163622543 -0.14015536208947493 3.1409773190816246 -1.4444788932800297 -8.1989120769500712 -3.5272342681884767 1.3017656394413539 0.19729711285659238 -0.61382356670995564 -1.5936962699890136 0.2848067151175605 -0.8194767928123472
leaf_weight=6.9999999999999991 4.9999999999999991 6.9999999999999982 7.9999999999999991 5 5.9999999999999991 6.0000000000000027 5.9999999999999991 4.9999999999999982 5 4.9999999999999991 6.9999999999999991 7.0000000000000018 5.9999999999999982 5 8.9999999999999982 5
leaf_count=7 5 7 8 5 6 6 6 5 5 5 7 7 6 5 9 5
internal_value=-0.609161 0.094901 -0.410218 -6.25636 0.466704 -0.189636 -0.765762 -1.15644 -4.8217 -0.423384 -0.078512 -0.332774 -0.734844 -1.05922 -0.0072878 -0.226359
internal_weight=104 99 92 12 80 74 66 60 10 50 45 38 17 11 21 12
internal_count=104 99 92 12 80 74 66 60 10 50 45 38 17 11 21 12
is_linear=0
shrinkage=0.05


Tree=247
num_leaves=16
num_cat=0
split_feature=0 4 4 1 0 6 0 1 1 6 5 1 0 0 1
split_gain=368492 119845 170265 284204 99899.6 211430 47659.4 94557.1 5120.41 2770.26 1371.81 1354.1 1075.58 1663.48 506.803
threshold=91530 1.8899163912421544 2.1883376604767633 9833.536278827658 54773.500000000007 10.737411773725453 48227.499999999993 17549.64770584663 9442.0625753316071 16.260692376199078 0.39559492442219535 3269.5990641405679 19519.500000000011 29586.000000000004 6411.94674379548
decision_type=2 2 2 2 2 2 2 2 2 2 2 2 2 2 2
left_child=1 -1 3 -3 6 -6 7 8 9 11 -10 -4 -13 14 -14
right_child=-2 2 4 -5 5 -7 -8 -9 10 -11 -12 12 13 -15 -16
leaf_value=6.3969227313995365 -13.822109489440919 0.5597118718283518 0.62784203886985779 -15.048100519180295 9.6742139339447046 -2.2246265377317154 -3.782640396224128 6.6991586208343508 -1.9710440397262579 -1.146690124486174 -0.84966535568237289 0.2837687790393828 -1.2071367740631098 0.085803334249390503 -0.49523547679185864
leaf_weight=6.9999999999999991 4.9999999999999991 6.9999999999999982 5.9999999999999991 5 7.9999999999999982 7 8.9999999999999982 4.9999999999999991 5.9999999999999982 6.9999999999999991 5 8.0000000000000018 5.0000000000000018 8.9999999999999982 5
leaf_count=7 5 7 6 5 8 7 9 5 6 7 5 8 5 9 5
internal_value=-0.578703 0.090156 -0.389707 -5.94354 0.443369 4.12142 -0.405413 0.137356 -0.505958 -0.243231 -1.46133 -0.0515888 -0.202573 -0.407349 -0.851186
internal_weight=104 99 92 12 80 15 65 56 51 40 11 33 27 19 10
internal_count=104 99 92 12 80 15 65 56 51 40 11 33 27 19 10
is_linear=0
shrinkage=0.05


Tree=248
num_leaves=17
num_cat=0
split_feature=0 0 4 1 0 4 6 1 0 4 1 5 6 0 1 1
split_gain=332564 109106 101708 264405 143100 37827.3 78631.8 75881.5 67545.6 7028.79 4908.34 4836.16 2309.2 3992.65 564.25 193.638
threshold=91530 77954.999999999985 2.1883376604767633 13301.812676166339 58162.500000000022 2.4709768464156912 11.029932159873381 17549.64770584663 43685.500000000007 1.9905416946811754 16516.706392829426 0.43118641632164573 16.260692376199078 20969.499999999993 6411.94674379548 8017.8764203639594
decision_type=2 2 2 2 2 2 2 2 2 2 2 2 2 2 2 2
left_child=1 2 3 9 5 7 8 11 -7 -1 12 15 13 -8 -15 -4
right_child=-2 -3 4 -5 -6 6 10 -9 -10 -11 -12 -13 -14 14 -16 -17
leaf_value=-1.2388175296783441 -13.131002960205079 6.620614878336589 0.23727431774139376 -13.492284093499183 6.7715298205614092 -0.97210620164871231 0.9285440955843236 6.1504637400309248 -9.1907204151153561 1.2157044410705566 1.2732633272806804 -1.1403328193558586 -1.0893556083951679 -0.96926382899284358 -0.29217236600816249 0.67731802105903616
leaf_weight=5.0000000000000018 4.9999999999999991 5.9999999999999991 5.0000000000000053 4.9999999999999991 7.9999999999999991 4.9999999999999982 7.0000000000000062 5.9999999999999991 5 7 5.9999999999999991 8.9999999999999982 6.9999999999999991 4.9999999999999991 7.9999999999999991 5
leaf_count=5 5 6 5 5 8 5 7 6 5 7 6 9 7 5 8 5
internal_value=-0.549768 0.0856482 -0.335963 -3.83209 0.446067 -0.298106 -1.1973 1.24851 -5.08141 0.192987 -0.0202969 -0.299475 -0.307755 -0.0341945 -0.552592 0.457296
internal_weight=104 99 93 17 76 68 43 25 10 12 33 19 27 20 13 10
internal_count=104 99 93 17 76 68 43 25 10 12 33 19 27 20 13 10
is_linear=0
shrinkage=0.05


Tree=249
num_leaves=17
num_cat=0
split_feature=0 4 0 0 4 1 1 7 6 5 6 0 4 4 1 1
split_gain=300139 118228 171031 84940.4 42028.2 74637.2 62544.8 9981.07 6436 3469.22 2043.72 4203.95 1721.91 2743.19 1194.53 661.065
threshold=91530 1.8899163912421544 66429.000000000015 58162.500000000022 2.4709768464156912 24205.677865591173 17549.64770584663 0.25299665001172827 10.737411773725453 0.39292474761446045 16.260692376199078 20969.499999999993 2.3696226992571545 2.1883376604767633 9442.0625753316071 7387.5125544820748
decision_type=2 2 2 2 2 2 2 2 2 2 2 2 2 2 2 2
left_child=1 -1 3 4 6 8 7 12 -6 10 11 -10 13 -3 -13 -15
right_child=-2 2 -4 -5 5 -7 -8 -9 9 -11 -12 14 -14 15 -16 -17
leaf_value=6.3454526424407964 -12.474453372955324 0.40585511426130866 -6.9420924928453234 6.6322251701354986 -1.7511708429881505 -6.8801917266845711 5.8429401556650795 2.0508519132932026 0.93830200263431951 1.1335658299922944 -1.0348878349576678 -0.18191216247422359 0.58179291188716886 -0.58988635880606521 -1.1937846827507017 -1.3426330095529555
leaf_weight=6.9999999999999991 4.9999999999999991 6.0000000000000098 8.9999999999999982 4.9999999999999991 6.9999999999999991 4.9999999999999991 5.9999999999999991 5.9999999999999991 7.0000000000000098 4.9999999999999991 6.9999999999999991 6.9999999999999982 4.9999999999999991 6.9999999999999982 5 5
leaf_count=7 5 6 9 5 7 5 6 6 7 5 7 7 5 7 5 5
internal_value=-0.522279 0.0813657 -0.39525 0.314649 -0.0903238 -1.13744 1.19613 0.234719 -0.38181 -0.0725994 -0.304554 -0.0354839 -0.239055 -0.467069 -0.603526 -0.903531
internal_weight=104 99 92 83 78 43 35 29 38 31 26 19 23 18 12 12
internal_count=104 99 92 83 78 43 35 29 38 31 26 19 23 18 12 12
is_linear=0
shrinkage=0.05


Tree=250
num_leaves=19
num_cat=0
split_feature=0 1 5 1 2 5 1 3 5 6 7 5 1 0 0 6 7 5
split_gain=349702 546334 123691 296087 141493 22676.6 32458.6 32120.6 14156.6 6416.09 5867.14 4059.71 5539.42 1421.85 1667.47 1170.19 335.384 173.443
threshold=70868.500000000015 33902.646891508019 0.45698816419450822 15719.604082849797 0.81097315501112854 0.34079229426713314 22348.395371591363 1.5000000000000002 0.5184683316555917 7.6506066014448839 0.14610001537467651 0.44006687884785706 13301.812676166339 39777.5 31244.499999999993 15.389639996462732 0.10044078237494418 0.38926142689652604
decision_type=2 2 2 2 2 2 2 2 2 2 2 2 2 2 2 2 2 2
left_child=2 -2 4 8 5 7 9 -1 10 -7 -4 12 13 14 15 16 17 -11
right_child=1 -3 3 -5 -6 6 -8 -9 -10 11 -12 -13 -14 -15 -16 -17 -18 -19
leaf_value=0.3798910822187152 -2.119800702730815 19.217459615071615 -0.61604227066040007 -14.540692095756533 7.786663023630779 -1.5490573133741108 4.0799348449707038 -4.4100209781101771 -2.6633709454536438 -0.25173898831009817 1.8061763238906856 -1.0184869549104147 1.8418530988693238 -0.64279969458778696 1.0309941422939299 0.67256392955780031 -0.5450418949127197 0.16472603082656859
leaf_weight=6.9999999999999982 5.9999999999999982 6 5.0000000000000018 4.9999999999999991 5.9999999999999991 6.9999999999999991 4.9999999999999991 7 4.9999999999999991 5.0000000000000089 5 6.9999999999999991 4.9999999999999991 5.9999999999999991 4.9999999999999991 4.9999999999999991 4.9999999999999991 5
leaf_count=7 6 6 5 5 6 7 5 7 5 5 5 7 5 6 5 5 5 5
internal_value=0.506189 8.54883 -0.509723 -4.00348 0.421946 -0.218465 0.238852 -2.01506 -0.491079 -0.145257 0.595067 0.0832692 0.2975 0.0484103 0.214301 0.0101273 -0.210685 -0.0435065
internal_weight=107 12 95 20 75 69 55 14 15 50 10 43 36 31 25 20 15 10
internal_count=107 12 95 20 75 69 55 14 15 50 10 43 36 31 25 20 15 10
is_linear=0
shrinkage=0.05


Tree=251
num_leaves=18
num_cat=0
split_feature=0 1 0 2 4 4 4 0 0 4 2 0 6 1 0 2 1
split_gain=315606 493067 115223 110112 13878.2 30141.9 14159.3 3189.79 9515.46 7632.96 1704.71 1794.41 1032.75 919.572 1383.31 377.436 320.072
threshold=70868.500000000015 33902.646891508019 62016 0.81097315501112854 2.934351799697287 3.1962238028246612 1.8899163912421544 46235.500000000007 37401.000000000015 2.4420260066434127 0.28437702154139949 28397.000000000015 10.191971975417099 5451.4444842065941 14717.500000000004 0.32534461537208209 7607.5887173799301
decision_type=2 2 2 2 2 2 2 2 2 2 2 2 2 2 2 2 2
left_child=2 -2 3 4 6 -6 -1 8 10 -9 13 12 -12 14 -8 -14 -15
right_child=1 -3 -4 -5 5 -7 7 9 -10 -11 11 -13 15 16 -16 -17 -18
leaf_value=-2.3212157079151701 -2.0138106743494677 18.256587219238281 -7.1907564798990897 7.1764368438720716 -4.5636398474375417 0.26586197444370813 0.026416337490081779 -2.1703083848953253 1.7970853067934514 0.47485308249791464 0.40612946053345955 -1.1263973275820414 -0.11645195007324222 -0.41670308530330669 1.061025865872701 -0.73081005096435536 0.14904630422592161
leaf_weight=6.9999999999999991 5.9999999999999982 6 5.9999999999999991 4.9999999999999991 5.9999999999999982 7 7.0000000000000018 4.9999999999999982 7.9999999999999991 6 6.0000000000000062 5.9999999999999991 4.9999999999999982 4.9999999999999982 6 5 5
leaf_count=7 6 6 6 5 6 7 7 5 8 6 6 6 5 5 6 5 5
internal_value=0.48088 8.12139 -0.484237 -0.0321124 -0.461193 -1.96314 -0.186188 0.0473301 0.208142 -0.727493 -0.0743363 -0.388996 -0.112471 0.226643 0.503928 -0.423631 -0.133828
internal_weight=107 12 95 89 84 13 71 64 53 11 45 22 16 23 13 10 10
internal_count=107 12 95 89 84 13 71 64 53 11 45 22 16 23 13 10 10
is_linear=0
shrinkage=0.05


Tree=252
num_leaves=18
num_cat=0
split_feature=1 6 1 1 4 5 6 1 1 1 4 1 2 6 7 4 6
split_gain=285396 38425.6 209039 80298.1 21175.2 16904.3 12602.6 22561.4 7938.95 13585.6 4361.01 4009.46 2337.59 1745.98 1594.7 715.973 103.669
threshold=52757.674236056024 9.1127472625752919 27797.939671950877 31062.671928726599 3.2626666860657543 0.53816252767130213 10.737411773725453 9833.536278827658 16516.706392829426 12221.392818450666 2.7837997876371747 16516.706392829426 0.32534461537208209 7.1676944068471782 0.090753606681850285 2.6767405536233917 14.205942578101139
decision_type=2 2 2 2 2 2 2 2 2 2 2 2 2 2 2 2 2
left_child=1 3 4 5 6 8 7 -3 9 13 11 12 14 -1 15 16 -8
right_child=-2 2 -4 -5 -6 -7 10 -9 -10 -11 -12 -13 -14 -15 -16 -17 -18
leaf_value=0.61715757369994995 10.216907283238003 0.12147905528545383 -10.758432693481446 6.3883184115091964 2.6962692896525069 -2.6205442142486572 -0.12971626557409746 -4.4261875677108753 -0.97644363244374599 2.8284784700189318 -1.0351123756832548 1.509797306060791 -1.0064451503753664 -0.7041985416412353 0.9765234303474426 0.38586824238300327 -0.41994152426719666
leaf_weight=5.0000000000000089 6.9999999999999991 5.9999999999999982 4.9999999999999991 5.9999999999999991 5.9999999999999991 4.9999999999999991 8.0000000000000089 5 5.9999999999999991 6.9999999999999991 8.9999999999999982 4.9999999999999991 4.9999999999999991 5 4.9999999999999991 6.9999999999999991 4.9999999999999991
leaf_count=5 7 6 5 6 6 5 8 5 6 7 9 5 5 5 5 7 5
internal_value=0.456836 -0.226369 -0.929842 1.1392 -0.12422 0.0143843 -0.43191 -1.94564 0.587195 1.13907 -0.0534771 0.198943 -0.0195323 -0.0435205 0.17785 -0.021818 -0.241341
internal_weight=107 100 66 34 61 28 55 11 23 17 44 35 30 10 25 20 13
internal_count=107 100 66 34 61 28 55 11 23 17 44 35 30 10 25 20 13
is_linear=0
shrinkage=0.05


Tree=253
num_leaves=18
num_cat=0
split_feature=0 1 0 2 4 4 4 0 0 4 2 0 1 0 6 1 2
split_gain=277722 427595 109517 96821.4 12583.7 26846 11866.5 2864.34 8247.43 6777.05 1457.19 1474.75 822.628 1250.45 802.075 301.348 297.925
threshold=70868.500000000015 33902.646891508019 62016 0.81097315501112854 2.934351799697287 3.1962238028246612 1.8899163912421544 46235.500000000007 37401.000000000015 2.4420260066434127 0.28437702154139949 28397.000000000015 5451.4444842065941 14717.500000000004 10.191971975417099 7607.5887173799301 0.32534461537208209
decision_type=2 2 2 2 2 2 2 2 2 2 2 2 2 2 2 2 2
left_child=2 -2 3 4 6 -6 -1 8 10 -9 12 14 13 -8 -12 -14 -16
right_child=1 -3 -4 -5 5 -7 7 9 -10 -11 11 -13 15 -15 16 -17 -18
leaf_value=-2.1255792447498867 -1.8370657920837408 17.039611816406246 -7.0096926212310793 6.7289511871337897 -4.3173052469889326 0.24051310675484794 0.018665940420968186 -2.0510200309753421 1.6744066918268801 0.44142803748448689 0.34892940173546433 -1.0272884796063104 -0.40501136556267747 1.0023374438285826 -0.10940144300460818 0.14394056320190426 -0.65522653102874751
leaf_weight=6.9999999999999991 5.9999999999999982 6 5.9999999999999991 4.9999999999999991 5.9999999999999982 7 7.0000000000000018 4.9999999999999982 7.9999999999999991 6 6.0000000000000062 5.9999999999999991 4.9999999999999982 6 4.9999999999999982 5 5
leaf_count=7 6 6 6 5 6 7 7 5 8 6 6 6 5 6 5 5 5
internal_value=0.433994 7.60127 -0.471347 -0.0305593 -0.432911 -1.8631 -0.171046 0.0427306 0.195119 -0.691503 -0.0678658 -0.358786 0.210406 0.472668 -0.108098 -0.130535 -0.382314
internal_weight=107 12 95 89 84 13 71 64 53 11 45 22 23 13 16 10 10
internal_count=107 12 95 89 84 13 71 64 53 11 45 22 23 13 16 10 10
is_linear=0
shrinkage=0.05


Tree=254
num_leaves=18
num_cat=0
split_feature=0 2 4 0 0 0 2 2 4 4 5 0 6 2 6 0 2
split_gain=250644 385904 107173 265180 134456 51766.6 52662.1 15560.1 5915.18 4664.18 4548.79 4520.82 2392.86 1824.94 736.124 200.525 277.321
threshold=70868.500000000015 0.38140948671013492 2.1883376604767633 37401.000000000015 58162.500000000022 48227.499999999993 0.55662553940215431 0.38140948671013492 2.7837997876371747 3.1962238028246612 0.52913203615314297 37401.000000000015 9.6179462059860477 0.33522895219823584 15.389639996462732 24627.000000000004 0.22605089977735515
decision_type=2 2 2 2 2 2 2 2 2 2 2 2 2 2 2 2 2
left_child=2 -2 3 10 5 6 8 -7 11 -10 12 13 -1 14 15 -4 -17
right_child=1 -3 4 -5 -6 7 -8 -9 9 -11 -12 -13 -14 -15 -16 16 -18
leaf_value=1.0132576274871823 -1.7452124675114953 16.187630716959632 -0.23704032699267052 -13.671997032165528 7.0178038528987345 -1.6098930120468145 4.7484246730804447 -5.5545203018188474 -2.1581090847651168 -0.18660709063212075 -1.6072356998920441 1.2474894796098983 -0.53363051414489737 -0.75864770114421853 0.61603093147277832 -0.17502739191055303 0.35158560752868651
leaf_weight=5.0000000000000018 5.9999999999999982 6 9.0000000000000053 4.9999999999999991 6.9999999999999991 4.9999999999999982 5.9999999999999991 5 5.9999999999999982 6 4.9999999999999991 6.9999999999999991 5 8.9999999999999982 4.9999999999999991 4.9999999999999982 5
leaf_count=5 6 6 9 5 7 5 6 5 6 6 5 7 5 9 5 5 5
internal_value=0.412294 7.22121 -0.447779 -3.6999 0.419453 -0.259789 0.313042 -3.58221 -0.198733 -1.17236 -0.37587 0.0933545 0.239814 -0.151462 0.0762326 -0.0658196 0.0882791
internal_weight=107 12 95 20 75 68 58 10 52 12 15 40 10 33 24 19 10
internal_count=107 12 95 20 75 68 58 10 52 12 15 40 10 33 24 19 10
is_linear=0
shrinkage=0.05


Tree=255
num_leaves=18
num_cat=0
split_feature=3 0 7 0 2 2 4 4 0 0 2 0 0 7 3 2 3
split_gain=94792.8 144498 647482 137260 71105 7995.64 7230.75 6490.83 2968.05 6797.17 4465.11 649.563 827.931 758.933 963.029 585.487 535.499
threshold=1.5000000000000002 70868.500000000015 0.14029013502643015 62016 0.56505205340798936 0.51592895015361084 2.934351799697287 1.8899163912421544 53055.999999999993 37401.000000000015 0.23674119032890859 19519.500000000011 14717.500000000004 0.11677816766031567 4.5000000000000009 0.28437702154139949 3.5000000000000004
decision_type=2 2 2 2 2 2 2 2 2 2 2 2 2 2 2 2 2
left_child=-1 3 -3 4 5 6 7 -2 9 11 -11 12 16 14 -13 -15 -9
right_child=1 2 -4 -5 -6 -7 -8 8 -10 10 -12 13 -14 15 -16 -17 -18
leaf_value=-4.9131879806518555 -1.6590543007850649 17.714177735646569 -4.6694632462092809 -8.031485214233399 5.3208386148725246 1.9871318626403811 -1.7423142512639362 0.41429015398025498 -0.83898784319559727 0.33882229387760171 2.3619441191355386 -0.19441169021385052 0.76229402919610345 -0.11672613024711609 0.71413282871246331 -0.79154349327087403 -0.28633387585481007
leaf_weight=7.9999999999999991 4.9999999999999991 5.9999999999999982 7 4.9999999999999991 6.9999999999999991 4.9999999999999991 5.9999999999999991 5.0000000000000018 5.9999999999999991 4.9999999999999982 6 7.0000000000000018 5.9999999999999991 8.9999999999999982 5 4.9999999999999991 6
leaf_count=8 5 6 7 5 7 5 6 5 6 5 6 7 6 9 5 5 6
internal_value=0.325953 0.740934 5.66145 0.0140402 0.49871 0.054567 -0.0815291 0.0717741 0.21601 0.333232 1.44234 0.0495056 0.289836 -0.107633 0.184149 -0.357732 0.0321316
internal_weight=109 101 13 88 83 76 71 65 60 54 11 43 17 26 12 14 11
internal_count=109 101 13 88 83 76 71 65 60 54 11 43 17 26 12 14 11
is_linear=0
shrinkage=0.05


Tree=256
num_leaves=18
num_cat=0
split_feature=3 0 7 0 2 2 5 5 0 0 2 0 0 7 3 2 3
split_gain=85550.5 130410 584352 123877 64172.2 7216.07 6525.75 5857.97 2678.67 6134.45 4029.77 586.231 747.207 684.937 869.133 528.402 483.288
threshold=1.5000000000000002 70868.500000000015 0.14029013502643015 62016 0.56505205340798936 0.51592895015361084 0.34079229426713314 0.52913203615314297 53055.999999999993 37401.000000000015 0.23674119032890859 19519.500000000011 14717.500000000004 0.11677816766031567 4.5000000000000009 0.28437702154139949 3.5000000000000004
decision_type=2 2 2 2 2 2 2 2 2 2 2 2 2 2 2 2 2
left_child=-1 3 -3 4 5 6 -2 8 9 11 -11 12 16 14 -13 -15 -8
right_child=1 2 -4 -5 -6 -7 7 -9 -10 10 -12 13 -14 15 -16 -17 -18
leaf_value=-4.6675285398960114 -1.6551985740661621 16.828469276428226 -4.43599048256874 -7.6299109268188481 5.0547966139657161 1.8877753448486327 0.39357563734054546 -1.5761015963554383 -0.79703845977783205 0.32188110232353218 2.2438469171524047 -0.18469110301562711 0.72417933444182081 -0.11088983284102545 0.67842620372772211 -0.75196633815765379 -0.27201718688011167
leaf_weight=7.9999999999999991 5.9999999999999991 5.9999999999999982 7 4.9999999999999991 6.9999999999999991 4.9999999999999991 5.0000000000000018 4.9999999999999991 5.9999999999999991 4.9999999999999982 6 7.0000000000000018 5.9999999999999991 8.9999999999999982 5 4.9999999999999991 6
leaf_count=8 6 6 7 5 7 5 5 5 6 5 6 7 6 9 5 5 6
internal_value=0.309655 0.703888 5.37838 0.0133382 0.473775 0.0518387 -0.0774527 0.0681854 0.205209 0.31657 1.37023 0.0470303 0.275344 -0.102252 0.174941 -0.339846 0.030525
internal_weight=109 101 13 88 83 76 71 65 60 54 11 43 17 26 12 14 11
internal_count=109 101 13 88 83 76 71 65 60 54 11 43 17 26 12 14 11
is_linear=0
shrinkage=0.05


Tree=257
num_leaves=18
num_cat=0
split_feature=4 5 2 0 6 1 2 1 5 5 1 0 4 1 4 6 0
split_gain=76110.6 357332 356754 213503 79940.7 522430 234007 19733.4 10895 5307.77 4611.51 1168.42 1071.62 1131.86 926.21 405.268 584.109
threshold=3.0121539584389425 0.35114664584695249 0.51592895015361084 87502.499999999985 8.3629238554085266 39566.250451175925 0.56505205340798936 12221.392818450666 0.30656309121883385 0.48402602529779554 13301.812676166339 39777.5 2.6272356579924998 2608.015573342022 2.6969315988360472 11.49094878481216 20969.499999999993
decision_type=2 2 2 2 2 2 2 2 2 2 2 2 2 2 2 2 2
left_child=1 -1 8 4 6 10 7 9 -2 -3 11 12 13 -6 -14 16 -15
right_child=2 3 -4 -5 5 -7 -8 -9 -10 -11 -12 -13 14 15 -16 -17 -18
leaf_value=11.705569137845721 3.5789171536763513 0.16830232484000054 -13.965237884521486 -10.069252326488495 -0.81550061225891057 17.06691665649414 -11.428913192749024 2.3767637676662869 0.41868541240692131 -1.9646564006805418 1.416253674030304 -0.70983024140199025 0.95156540095806141 0.27319666236639006 0.060558031286512097 0.30156346037983894 -0.415707340836525
leaf_weight=6.9999999999999991 5.9999999999999982 7.0000000000000053 4.9999999999999991 4.9999999999999991 5.0000000000000027 4.9999999999999991 4.9999999999999991 8.9999999999999982 5 5 5.9999999999999991 5.9999999999999991 4.9999999999999982 5.0000000000000027 7 7.9999999999999991 7.9999999999999991
leaf_count=7 6 7 5 5 5 5 5 9 5 5 6 6 5 5 7 8 8
internal_value=0.294172 0.842194 -2.8912 -0.0420341 0.57693 1.65691 -1.70765 0.606938 2.14245 -0.72043 0.115912 -0.0614073 0.0409753 -0.13941 0.431811 0.0215634 -0.150744
internal_weight=109 93 16 86 81 55 26 21 11 12 50 44 38 26 12 21 13
internal_count=109 93 16 86 81 55 26 21 11 12 50 44 38 26 12 21 13
is_linear=0
shrinkage=0.05


Tree=258
num_leaves=17
num_cat=0
split_feature=4 2 6 0 1 0 2 3 5 2 6 1 1 1 2 2
split_gain=74675.6 358400 107070 96919.6 55113.6 25945.1 6357.63 5551.45 8055.74 2418.59 2873.16 3232.72 2519.47 489.946 259.404 308.379
threshold=1.8899163912421544 0.75904576824017289 6.8722645661915465 50610.999999999993 31062.671928726599 66429.000000000015 0.51592895015361084 1.5000000000000002 0.34079229426713314 0.3433574889033712 11.49094878481216 9442.0625753316071 8587.5259268539885 5657.3230438461069 0.28437702154139949 0.1816627865598146
decision_type=2 2 2 2 2 2 2 2 2 2 2 2 2 2 2 2
left_child=-1 2 3 -2 5 6 7 -4 -9 10 11 13 14 -10 15 -12
right_child=1 -3 4 -5 -6 -7 -8 8 9 -11 12 -13 -14 -15 -16 -17
leaf_value=4.9295592650771143 1.3947310924530032 -10.244089794158937 1.6374893760681155 10.509219932556151 -4.9531455993652349 3.3666990416390554 1.8891012001037599 -1.8341581503550213 -0.39938748975594823 0.89993403889238843 -0.11000691822596949 -1.4709238146742187 1.1966000939408938 0.21634338583265034 -0.28350196957588197 0.34441965464502577
leaf_weight=7.9999999999999991 6.9999999999999982 7.9999999999999991 4.9999999999999991 5 4.9999999999999991 6.9999999999999991 4.9999999999999991 5.9999999999999991 6.0000000000000018 7.9999999999999991 7.0000000000000062 5.9999999999999991 5.9999999999999991 7 4.9999999999999991 7.9999999999999991
leaf_count=8 7 8 5 5 5 7 5 6 6 8 7 6 6 7 5 8
internal_value=0.279464 -0.0888606 0.784707 5.19243 0.131711 0.466241 0.171991 0.0378423 -0.097721 0.0988567 -0.043557 -0.510919 0.297977 -0.0678401 0.0283899 0.132354
internal_weight=109 101 93 12 81 76 69 64 59 53 45 19 26 13 20 15
internal_count=109 101 93 12 81 76 69 64 59 53 45 19 26 13 20 15
is_linear=0
shrinkage=0.05


Tree=259
num_leaves=18
num_cat=0
split_feature=4 2 1 4 6 1 1 5 2 5 2 4 4 3 7 2 6
split_gain=67394.8 323456 97264.1 27492.8 34926.6 43922.8 20494 25070.8 17250.4 2861.3 1595.6 822.408 820.372 755.642 532.487 357.576 70.1734
threshold=1.8899163912421544 0.75904576824017289 33902.646891508019 3.0121539584389425 8.8564046125742681 17549.64770584663 12221.392818450666 0.43118641632164573 0.30882258029930471 0.35922375171208942 0.41711654529755943 2.6272356579924998 2.6969315988360472 5.5000000000000009 0.11677816766031567 0.30882258029930471 13.8610787059551
decision_type=2 2 2 2 2 2 2 2 2 2 2 2 2 2 2 2 2
left_child=-1 2 3 4 6 9 -2 -8 -5 -6 11 13 -13 14 15 16 -11
right_child=1 -3 -4 8 5 -7 7 -9 -10 10 -12 12 -14 -15 -16 -17 -18
leaf_value=4.6830812714993959 -0.014866593148973248 -9.7318852901458754 6.9027494430541996 0.94072178772517623 -1.3243510437011718 -4.7232596000035612 5.3813990275065109 0.58749237060546866 4.7859840965270992 -0.11296201467514025 -0.81986323694388075 0.8890677881240846 0.050512002195630748 0.45191361427307131 -0.63012321194012966 0.27244946718215945 -0.37786458194255823
leaf_weight=7.9999999999999991 9.0000000000000018 7.9999999999999991 5.9999999999999991 6.9999999999999982 4.9999999999999991 5.9999999999999991 5.9999999999999982 5 5 5.0000000000000053 5.9999999999999991 4.9999999999999982 7 4.9999999999999991 5.9999999999999991 4.9999999999999991 5
leaf_count=8 9 8 6 7 5 6 6 5 5 5 6 5 7 5 6 5 5
internal_value=0.265491 -0.0844176 0.745472 0.320832 -0.0347009 -0.685357 1.7546 3.20235 2.54291 -0.19092 -0.0621208 0.0575228 0.39991 -0.100502 -0.23203 -0.0727924 -0.245413
internal_weight=109 101 93 87 75 55 20 11 12 49 44 38 12 26 21 15 10
internal_count=109 101 93 87 75 55 20 11 12 49 44 38 12 26 21 15 10
is_linear=0
shrinkage=0.05


Tree=260
num_leaves=18
num_cat=0
split_feature=2 6 0 0 4 4 1 4 6 1 0 6 0 1 6 6 0
split_gain=229082 520759 137681 32041.4 14862.5 7286.4 4258.94 3958.12 4206.19 2867.72 7740.32 2032.79 1266.2 1110.12 315.093 241.427 110.761
threshold=0.63546820154915784 10.191971975417099 77954.999999999985 62016 1.8899163912421544 3.0121539584389425 1926.3337192909112 2.1883376604767633 9.6179462059860477 11399.273390776547 50610.999999999993 14.53419826291236 11010.999999999998 8587.5259268539885 9.4306243500006861 11.029932159873381 27800.999999999996
decision_type=2 2 2 2 2 2 2 2 2 2 2 2 2 2 2 2 2
left_child=2 -2 3 4 -1 7 -7 8 -6 11 -11 13 -13 14 -9 -16 -17
right_child=1 -3 -4 -5 5 6 -8 9 -10 10 -12 12 -14 -15 15 16 -18
leaf_value=-2.7087955713272098 -5.3192520141601571 15.808093970162526 -7.0712516648428778 3.4557965551103864 1.6633522033691408 0.33167852401733411 2.3953993606567381 -0.42635122776031464 -0.04573118289311727 -2.0351193291800365 0.54064531564712526 -0.14507352828979495 -1.2703275907039639 0.57979195912679038 0.31758977413177469 -0.27584849834442138 0.024139989167451859
leaf_weight=4.9999999999999991 4.9999999999999982 7 6.9999999999999991 6.9999999999999991 5.9999999999999991 4.9999999999999982 5 5.0000000000000027 8.9999999999999982 6.9999999999999982 5 4.9999999999999982 5 8.9999999999999982 5.0000000000000027 4.9999999999999991 7.9999999999999991
leaf_count=5 5 7 7 7 6 5 5 5 9 7 5 5 5 9 5 5 8
internal_value=0.48437 7.00503 -0.314078 0.205704 -0.0651366 0.102184 1.36354 -0.0806215 0.637902 -0.280211 -0.961884 -0.0854478 -0.707701 0.109006 -0.0752143 0.0223237 -0.0912402
internal_weight=110 12 98 91 84 79 10 69 15 54 12 42 10 32 23 18 13
internal_count=110 12 98 91 84 79 10 69 15 54 12 42 10 32 23 18 13
is_linear=0
shrinkage=0.05


Tree=261
num_leaves=18
num_cat=0
split_feature=2 6 2 2 4 1 0 4 3 6 3 1 4 2 0 0 4
split_gain=206747 469985 134752 90804.9 29381.2 92181.3 62762.4 13726.1 3835.03 1309.2 2245.81 5075.54 3440.11 1229.54 1208.83 1104.25 494.125
threshold=0.63546820154915784 10.191971975417099 0.52592071588983369 0.50562705853824974 2.8480664780767246 17549.64770584663 50610.999999999993 1.8899163912421544 1.5000000000000002 6.8722645661915465 3.5000000000000004 11399.273390776547 2.5967981128142408 0.24878814255985207 24627.000000000004 33369.000000000007 2.3696226992571545
decision_type=2 2 2 2 2 2 2 2 2 2 2 2 2 2 2 2 2
left_child=2 -2 3 4 5 7 8 -1 -6 -9 12 13 -11 15 16 -12 -15
right_child=1 -3 -4 -5 6 -7 -8 9 -10 10 11 -13 -14 14 -16 -17 -18
leaf_value=-2.5733557724952698 -5.053289947509767 15.017688941955564 -6.9833031381879538 6.766255838871003 0.79347080230712852 -6.5456201632817583 6.4034433174133305 0.7981714657374791 -1.0195841108049664 1.6599041640758516 0.11627862676978107 -1.4662504146496456 0.024164413081275093 -0.22047719955444328 0.9695765733718873 -0.83092756271362311 0.42121637662251787
leaf_weight=4.9999999999999991 4.9999999999999982 7 6.9999999999999991 4.9999999999999991 5.0000000000000018 5.9999999999999991 4.9999999999999991 6.9999999999999991 7 4.9999999999999991 8.0000000000000018 5.9999999999999991 8.9999999999999982 6.0000000000000018 5.9999999999999991 4.9999999999999991 6
leaf_count=5 5 7 7 5 5 6 5 7 7 5 8 6 9 6 6 5 6
internal_value=0.460152 6.65478 -0.298374 0.215851 -0.164986 -0.623715 1.69691 -0.0597237 -0.264145 0.156969 0.0689605 -0.135136 0.608357 0.1225 0.390105 -0.248031 0.10037
internal_weight=110 12 98 91 86 69 17 63 12 58 51 37 14 31 18 13 12
internal_count=110 12 98 91 86 69 17 63 12 58 51 37 14 31 18 13 12
is_linear=0
shrinkage=0.05


Tree=262
num_leaves=19
num_cat=0
split_feature=2 7 2 2 4 0 0 4 0 0 3 6 2 4 6 5 2 0
split_gain=186589 424161 121614 81951.4 26516.5 56643.1 49042.7 10737.9 5337.19 3541.76 3461.11 3404.66 880.3 551.11 812.317 591.27 64.5523 19.8718
threshold=0.63546820154915784 0.15165859421828662 0.52592071588983369 0.50562705853824974 2.8480664780767246 50610.999999999993 70868.500000000015 1.8899163912421544 39777.5 33369.000000000007 1.5000000000000002 8.8564046125742681 0.40053970387469134 2.2516050081241255 15.389639996462732 0.47093532015918654 0.28437702154139949 24627.000000000004
decision_type=2 2 2 2 2 2 2 2 2 2 2 2 2 2 2 2 2 2
left_child=2 -2 3 4 6 10 7 -1 9 12 -6 -10 13 15 16 -9 17 -15
right_child=1 -3 -4 -5 5 -7 -8 8 11 -11 -12 -13 -14 14 -16 -17 -18 -19
leaf_value=-2.44468802601099 14.266804177420482 -4.8006262207031245 -6.6341381754193991 6.4279429149627694 0.75379734039306601 6.0832711982727048 -5.3616415023803716 0.82452428817749035 -1.9690614891052249 1.3434998929500581 -0.96860488142286028 -0.26076286179678781 -0.46775482722691131 -0.20156287908554066 0.53147370113059889 0.1463822278711531 -0.35111148357391359 -0.060595576763153074
leaf_weight=4.9999999999999991 6.9999999999999982 5 6.9999999999999991 4.9999999999999991 5.0000000000000018 4.9999999999999991 4.9999999999999991 4.9999999999999991 4.9999999999999982 5.9999999999999991 7 7 6.9999999999999991 5.0000000000000018 4.9999999999999991 8.9999999999999982 4.9999999999999991 5
leaf_count=5 7 5 7 5 5 5 5 5 5 6 7 7 7 5 5 9 5 5
internal_value=0.437144 6.32204 -0.283456 0.205059 -0.156737 1.61207 -0.592529 -0.219942 -0.0314043 0.208889 -0.250937 -0.972554 0.0428487 0.147973 -0.0204491 0.388576 -0.204423 -0.131079
internal_weight=110 12 98 91 86 17 69 64 59 47 12 12 41 34 20 14 15 10
internal_count=110 12 98 91 86 17 69 64 59 47 12 12 41 34 20 14 15 10
is_linear=0
shrinkage=0.05


Tree=263
num_leaves=17
num_cat=0
split_feature=2 7 0 0 4 2 0 6 2 2 6 2 3 6 4 4
split_gain=168396 382806 115245 25928.7 11104.1 8911.61 3108.62 4156.05 2646.86 4532.76 1730.79 1506.87 1105.2 1009.97 666.21 377.317
threshold=0.63546820154915784 0.15165859421828662 77954.999999999985 62016 1.8899163912421544 0.51592895015361084 39777.5 8.8564046125742681 0.40053970387469134 0.32534461537208209 16.260692376199078 0.16744804518791417 3.5000000000000004 11.49094878481216 2.6767405536233917 2.1234392662738975
decision_type=2 2 2 2 2 2 2 2 2 2 2 2 2 2 2 2
left_child=2 -2 3 4 -1 6 8 -8 9 10 11 -6 14 15 -13 -14
right_child=1 -3 -4 -5 5 -7 7 -9 -10 -11 -12 12 13 -15 -16 -17
leaf_value=-2.3224535942077638 13.55346407209124 -4.560594234466552 -6.4514341081891748 3.129950373513358 0.84015084505081183 1.959591054916382 -1.8706084537506105 -0.072697491115993926 -0.67541198465559216 1.6842238712310793 -0.62514466856207163 0.095241904258727972 -0.28963755130767804 0.8353407522042593 -0.68622625668843584 0.26405023187398913
leaf_weight=4.9999999999999991 6.9999999999999982 5 6.9999999999999991 6.9999999999999991 7.9999999999999991 5.9999999999999991 4.9999999999999991 8.9999999999999982 8.9999999999999982 4.9999999999999991 6.9999999999999991 5.0000000000000018 5.0000000000000027 5.9999999999999991 6 7.9999999999999991
leaf_count=5 7 5 7 7 8 6 5 9 9 5 7 5 5 6 6 8
internal_value=0.415287 6.00594 -0.269283 0.206267 -0.0373729 0.107252 -0.0449946 -0.714809 0.113944 0.256028 0.0973401 0.230429 0.067837 0.29875 -0.331013 0.0510934
internal_weight=110 12 98 91 84 79 73 14 59 50 45 38 30 19 11 13
internal_count=110 12 98 91 84 79 73 14 59 50 45 38 30 19 11 13
is_linear=0
shrinkage=0.05


Tree=264
num_leaves=18
num_cat=0
split_feature=1 0 0 2 5 2 1 6 5 1 5 1 0 5 5 0 5
split_gain=165821 79097.7 97885.9 41436.8 10000.8 7945.95 7055.48 2884 2746.82 1754.03 1739.98 1098.9 286.514 694.18 575.097 531.732 305.672
threshold=52757.674236056024 77954.999999999985 58162.500000000022 0.75904576824017289 0.52913203615314297 0.51592895015361084 13956.18840917876 7.1676944068471782 0.33198916330476513 10621.309512456515 0.36316424738755676 9024.029416178264 28397.000000000015 0.42201395357088417 0.41243257855243948 18132.499999999996 0.45698816419450822
decision_type=2 2 2 2 2 2 2 2 2 2 2 2 2 2 2 2 2
left_child=1 2 3 4 5 6 7 -1 -9 10 -10 12 13 15 -14 -12 -15
right_child=-2 -3 -4 -5 -6 -7 -8 8 9 -11 11 -13 14 16 -16 -17 -18
leaf_value=1.1621764421463012 7.8411981855119981 -6.2458112907409671 5.1706586149003773 -4.7231417274475103 -2.0049534082412719 1.8616114934285481 -1.6738351504007978 0.87498016059398653 -0.90723718643188489 -1.010557541847229 0.44227085209318551 0.77518269062042244 -0.19668905138969428 -0.68270792961120619 0.52937747637430821 -0.1740152209997177 -0.17084411042077199
leaf_weight=5.9999999999999991 6.9999999999999991 4.9999999999999991 8.9999999999999982 4.9999999999999991 5.9999999999999991 5.9999999999999991 5.9999999999999991 7.9999999999999991 4.9999999999999991 4.9999999999999991 7.0000000000000018 4.9999999999999991 4.9999999999999982 4.9999999999999982 6 7 7
leaf_count=6 7 5 9 5 6 6 6 8 5 5 7 5 5 5 6 7 7
internal_value=0.394523 -0.111562 0.20141 -0.301099 -0.0378817 0.113432 -0.0322501 0.116985 0.0124657 -0.120229 -0.025513 0.0794541 -0.0145632 -0.105064 0.199347 0.134128 -0.384121
internal_weight=110 103 98 89 84 78 72 66 60 52 47 42 37 26 11 14 12
internal_count=110 103 98 89 84 78 72 66 60 52 47 42 37 26 11 14 12
is_linear=0
shrinkage=0.05


Tree=265
num_leaves=18
num_cat=0
split_feature=2 5 1 7 7 1 4 2 1 6 5 6 6 1 5 5 2
split_gain=101280 455653 35202.8 109408 236497 9076.29 5313.45 5589.21 11186.1 3783.35 2993.94 2332.22 648.238 1485.27 469.242 322.628 144.176
threshold=0.75904576824017289 0.42201395357088417 24205.677865591173 0.25299665001172827 0.14029013502643015 17549.64770584663 3.0121539584389425 0.45754712422382926 12221.392818450666 16.260692376199078 0.35922375171208942 7.6506066014448839 11.642466352918628 6411.94674379548 0.45698816419450822 0.37358923902760793 0.22093611501468283
decision_type=2 2 2 2 2 2 2 2 2 2 2 2 2 2 2 2 2
left_child=2 -2 5 4 -4 6 7 8 10 -8 -1 -12 13 14 -13 -14 -17
right_child=1 -3 3 -5 -6 -7 9 -9 -10 -11 11 12 15 -15 -16 16 -18
leaf_value=-1.3067679786682129 -13.989151136080427 6.4481104278564452 6.156429004669187 7.8574089527130129 -8.5673237609863264 -1.6648598432540895 2.1521354484558111 -1.392877913585731 1.980846326691764 0.20705163955688477 -0.87239678246634345 -0.29565395031656527 0.17164964477221167 0.84812969565391549 0.33854449510574336 -0.37273666943822592 -0.062017176114022736
leaf_weight=4.9999999999999991 5.9999999999999982 5 6.0000000000000018 5.9999999999999991 5 7.9999999999999991 4.9999999999999982 6.9999999999999991 6.9999999999999991 5 6.9999999999999991 7.0000000000000018 9.0000000000000018 7.9999999999999991 5 6.9999999999999991 7.9999999999999991
leaf_count=5 6 5 6 6 5 8 5 7 7 5 7 7 9 8 5 7 8
internal_value=-0.134896 -4.69949 0.343299 2.42626 -0.536186 -0.0590914 0.101485 -0.05253 0.0963975 1.17959 -0.139159 -0.0246871 0.110176 0.320409 -0.0314046 -0.0650186 -0.20702
internal_weight=116 11 105 17 11 88 80 70 63 10 56 51 44 20 12 24 15
internal_count=116 11 105 17 11 88 80 70 63 10 56 51 44 20 12 24 15
is_linear=0
shrinkage=0.05


Tree=266
num_leaves=18
num_cat=0
split_feature=2 5 0 7 2 2 7 7 7 1 4 2 7 2 7 3 1
split_gain=91405.5 411227 43966.5 135085 12808.6 17873.3 8766.98 2025.36 2616.69 2205.25 1872.46 1272.24 1697.94 1190.7 921.654 598.19 268.964
threshold=0.75904576824017289 0.42201395357088417 66429.000000000015 0.11677816766031567 0.55662553940215431 0.50562705853824974 0.31484733852736624 0.18776678944947769 0.2165094734714553 11399.273390776547 3.0531436581951543 0.24878814255985207 0.05467668294401349 0.28437702154139949 0.077356522101407768 4.5000000000000009 6411.94674379548
decision_type=2 2 2 2 2 2 2 2 2 2 2 2 2 2 2 2 2
left_child=2 -2 4 -4 5 6 7 9 -9 10 11 12 -1 -13 -14 -16 -15
right_child=1 -3 3 -5 -6 -7 -8 8 -10 -11 -12 13 14 16 15 -17 -18
leaf_value=-0.94800440328461733 -13.289693450927738 6.1257054138183591 -3.3991093444824219 7.0773579478263855 -2.2920486927032471 2.5188763703618733 -1.586161518096924 1.5392634820938114 -0.078356275558471675 -0.8109603188931942 0.78440824151039124 0.77309435435703788 0.47573790202538141 -0.21554788425564772 -0.69855383396148696 0.041946376363436379 0.25192731142044067
leaf_weight=7.0000000000000027 5.9999999999999982 5 4.9999999999999991 7.9999999999999991 5.9999999999999991 6.9999999999999991 8.9999999999999982 4.9999999999999982 5 7.9999999999999991 7.9999999999999991 7.0000000000000027 6.0000000000000027 7.9999999999999982 4.9999999999999982 6 5
leaf_count=7 6 5 5 8 6 7 9 5 5 8 8 7 6 8 5 6 5
internal_value=-0.128152 -4.46451 0.326134 3.04795 -0.0584703 0.0973607 -0.117204 0.071662 0.730454 -0.0381366 0.0807593 -0.0471768 -0.292612 0.247346 -0.0227449 -0.294645 -0.0357497
internal_weight=116 11 105 13 92 86 79 70 10 60 52 44 24 20 17 11 13
internal_count=116 11 105 13 92 86 79 70 10 60 52 44 24 20 17 11 13
is_linear=0
shrinkage=0.05


Tree=267
num_leaves=19
num_cat=0
split_feature=2 5 0 7 2 2 7 7 7 1 7 5 1 1 2 4 0 2
split_gain=82493.4 371132 39679.7 121914 11559.8 16130.6 7912.2 1827.89 2361.57 1990.24 1753.85 2894.78 612.852 933.909 634.698 275.819 505.33 110.433
threshold=0.75904576824017289 0.42201395357088417 66429.000000000015 0.11677816766031567 0.55662553940215431 0.50562705853824974 0.31484733852736624 0.18776678944947769 0.2165094734714553 11399.273390776547 0.029207731540309843 0.33198916330476513 6411.94674379548 5746.7049674573136 0.24878814255985207 2.6767405536233917 29586.000000000004 0.24472592425180703
decision_type=2 2 2 2 2 2 2 2 2 2 2 2 2 2 2 2 2 2
left_child=2 -2 4 -4 5 6 7 9 -9 10 -1 -12 13 15 -14 16 17 -13
right_child=1 -3 3 -5 -6 -7 -8 8 -10 -11 11 12 14 -15 -16 -17 -18 -19
leaf_value=-0.81356364250183111 -12.625208504994713 5.8194199752807609 -3.2291539001464842 6.723490372300148 -2.1774462381998698 2.3929325708321163 -1.5068534162309435 1.4623002672195438 -0.074438428878784171 -0.77041227221488962 1.3087154865264894 -0.43753570795059127 -0.10605041484038036 -0.72314975738525389 0.55784888664881394 0.32297587891419732 0.34223889231681826 -0.11936797518283127
leaf_weight=4.9999999999999991 5.9999999999999982 5 4.9999999999999991 7.9999999999999991 5.9999999999999991 6.9999999999999991 8.9999999999999982 4.9999999999999982 5 7.9999999999999991 4.9999999999999991 5.0000000000000089 5.9999999999999991 4.9999999999999991 8.9999999999999982 5.9999999999999991 4.9999999999999991 6
leaf_count=5 6 5 5 8 6 7 9 5 5 8 5 5 6 5 9 6 5 6
internal_value=-0.121744 -4.24129 0.309827 2.89555 -0.0555468 0.0924927 -0.111344 0.0680789 0.693931 -0.0362298 0.0767214 0.171433 0.0360417 -0.106318 0.292289 0.0338711 -0.0745432 -0.26399
internal_weight=116 11 105 13 92 86 79 70 10 60 52 47 42 27 15 22 16 11
internal_count=116 11 105 13 92 86 79 70 10 60 52 47 42 27 15 22 16 11
is_linear=0
shrinkage=0.05


Tree=268
num_leaves=18
num_cat=0
split_feature=4 2 7 1 0 1 4 3 2 1 4 5 0 3 1 7 0
split_gain=75434.6 362005 67462.6 178423 94903.1 82357 10314.4 16142 5422.9 5518.35 1332.04 2392.77 1554.94 873.894 767.111 675.661 50.5158
threshold=1.8899163912421544 0.90942970609434792 0.25299665001172827 31062.671928726599 50610.999999999993 24205.677865591173 2.3481496299525113 4.5000000000000009 0.3433574889033712 13301.812676166339 3.0531436581951543 0.35922375171208942 39777.5 5.5000000000000009 7387.5125544820748 0.04970776372884636 19519.500000000011
decision_type=2 2 2 2 2 2 2 2 2 2 2 2 2 2 2 2 2
left_child=-1 2 3 5 -4 6 7 -2 9 10 11 -8 14 -9 15 -13 -17
right_child=1 -3 4 -5 -6 -7 8 13 -10 -11 -12 12 -14 -15 -16 16 -18
leaf_value=4.9157629847526554 -3.1138932387034082 -13.580297737121583 0.1849129974842072 -6.9711302227444127 8.9660738372802715 6.0847394466400146 -1.1869394683837891 -0.43531352016660896 1.5019641160964967 1.7187896513938903 0.57921753610883442 0.51293588634580267 -0.79208931088447576 0.28290647566318511 0.72913572907447821 -0.057485607862472546 -0.2655704310962132
leaf_weight=6.9999999999999991 6.0000000000000027 4.9999999999999991 7.9999999999999982 8.9999999999999982 5 5.9999999999999991 4.9999999999999991 9 8.9999999999999982 4.9999999999999991 6.9999999999999991 5.0000000000000098 4.9999999999999991 8 4.9999999999999991 4.9999999999999982 7
leaf_count=7 6 5 8 9 5 6 5 9 9 5 7 5 5 8 5 5 7
internal_value=-0.115657 -0.438776 0.193028 -0.288294 3.56228 0.445188 -3.93175e-05 -0.884258 0.383678 0.154938 -0.045556 -0.182225 0.00383298 -0.0973276 0.184724 0.0246034 -0.178868
internal_weight=116 109 104 91 13 82 76 23 53 44 39 32 27 17 22 17 12
internal_count=116 109 104 91 13 82 76 23 53 44 39 32 27 17 22 17 12
is_linear=0
shrinkage=0.05


Tree=269
num_leaves=20
num_cat=0
split_feature=4 2 6 1 1 1 4 1 6 2 1 1 6 2 4 2 3 2 2
split_gain=68079.7 326709 60885 161027 85650.1 74327.2 9308.76 15585.9 5259.38 12709.4 3229.16 2012.51 2044.27 5261.08 4324.36 1257.72 739.346 753.374 708.834
threshold=1.8899163912421544 0.90942970609434792 6.8722645661915465 31062.671928726599 29628.349800647582 24205.677865591173 2.3481496299525113 12221.392818450666 12.796655641163168 0.32534461537208209 12221.392818450666 9024.029416178264 17.688723062656781 0.22093611501468283 2.8480664780767246 0.27702064154860279 5.5000000000000009 0.27447364996027118 0.24878814255985207
decision_type=2 2 2 2 2 2 2 2 2 2 2 2 2 2 2 2 2 2 2
left_child=-1 2 4 5 -2 6 7 16 9 10 18 12 13 14 -10 -15 17 -4 -8
right_child=1 -3 3 -5 -6 -7 8 -9 11 -11 -12 -13 -14 15 -16 -17 -18 -19 -20
leaf_value=4.6699747971126007 0.17566734552383426 -12.901282424926757 -0.045813877241952045 -6.6225735452440055 8.5177703094482418 5.7805027167002363 -0.59402625958124744 -3.3096260070800785 0.10878206610679607 2.9117587049802145 1.3026466941833497 -0.98734493494033826 -0.79274944305419925 -1.0340984570980074 2.1882910919189449 0.087384259700775138 0.29913181364536284 -0.84939927101135249 0.17454035580158234
leaf_weight=6.9999999999999991 7.9999999999999982 4.9999999999999991 7.0000000000000053 8.9999999999999982 5 5.9999999999999991 6.0000000000000053 4.9999999999999991 5.0000000000000089 5.9999999999999991 4.9999999999999991 4.9999999999999991 4.9999999999999991 4.9999999999999982 5 5 5.9999999999999991 5 6
leaf_count=7 8 5 7 9 5 6 6 5 5 6 5 5 5 5 5 5 6 5 6
internal_value=-0.109874 -0.416837 0.183377 -0.273879 3.38417 0.422929 -3.73613e-05 -0.840045 0.364494 0.933342 0.235078 -0.0716226 0.111522 0.33759 1.14854 -0.473357 -0.15405 -0.380641 -0.209743
internal_weight=116 109 104 91 13 82 76 23 53 23 17 30 25 20 10 10 18 12 12
internal_count=116 109 104 91 13 82 76 23 53 23 17 30 25 20 10 10 18 12 12
is_linear=0
shrinkage=0.05


Tree=270
num_leaves=18
num_cat=0
split_feature=0 2 1 1 4 1 2 4 3 1 6 4 1 1 5 6 4
split_gain=345464 113903 57534.6 51453.4 11875.4 9361.84 2660.87 1998.07 3886.79 3438.26 579.47 2790.29 1119.58 547.779 787.258 223.818 121.997
threshold=91530 0.81097315501112854 31062.671928726599 24205.677865591173 1.8581763196093466 17549.64770584663 0.51592895015361084 2.934351799697287 1.5000000000000002 13301.812676166339 11.49094878481216 2.4924571051868147 8587.5259268539885 5451.4444842065941 0.44006687884785706 15.389639996462732 2.6272356579924998
decision_type=2 2 2 2 2 2 2 2 2 2 2 2 2 2 2 2 2
left_child=1 2 3 4 -1 6 7 9 -9 10 11 13 15 -6 -15 16 -12
right_child=-2 -3 -4 -5 5 -7 -8 8 -10 -11 12 -13 -14 14 -16 -17 -18
leaf_value=-2.5622444534301758 -13.23200517654419 6.3794268471854076 -4.5890374592372352 4.5897225220998132 0.62472266674041665 -1.679094982147217 1.2345823860168457 0.51809669494628918 -1.3071530887058802 1.2954786141713461 0.042090182006359063 -0.98838612820420946 0.80027836362520854 0.46405442953109743 -0.27534173329671224 0.30397989273071291 -0.25616535659258566
leaf_weight=4.9999999999999991 4.9999999999999991 6.9999999999999991 6.9999999999999991 5.9999999999999991 5.0000000000000062 7.9999999999999991 4.9999999999999991 4.9999999999999982 7 5.9999999999999991 8.0000000000000053 6.9999999999999991 5.9999999999999991 5.9999999999999991 8.9999999999999982 4.9999999999999991 5.9999999999999991
leaf_count=5 5 7 7 6 5 8 5 5 7 6 8 7 6 6 9 5 6
internal_value=-0.383312 0.211535 -0.215943 0.109713 -0.195742 -0.053182 0.120249 0.0406535 -0.546632 0.162161 0.0313935 -0.129216 0.204852 0.171493 0.0204167 0.0168226 -0.0857336
internal_weight=113 108 101 94 88 83 75 70 12 58 52 27 25 20 15 19 14
internal_count=113 108 101 94 88 83 75 70 12 58 52 27 25 20 15 19 14
is_linear=0
shrinkage=0.05


Tree=271
num_leaves=19
num_cat=0
split_feature=0 2 1 1 4 1 2 4 3 1 4 4 6 4 1 1 0 4
split_gain=311781 102797 51925 46436.7 10717.6 8449.07 2401.44 1803.26 3507.83 3103.03 548.431 2398.03 818.749 705.629 600.366 643.037 621.171 944.742
threshold=91530 0.81097315501112854 31062.671928726599 24205.677865591173 1.8581763196093466 17549.64770584663 0.51592895015361084 2.934351799697287 1.5000000000000002 13301.812676166339 2.6272356579924998 2.4924571051868147 14.205942578101139 2.7451911326668745 9024.029416178264 7387.5125544820748 14717.500000000004 2.1883376604767633
decision_type=2 2 2 2 2 2 2 2 2 2 2 2 2 2 2 2 2 2
left_child=1 2 3 4 -1 6 7 9 -9 10 11 14 13 -12 15 16 -6 -18
right_child=-2 -3 -4 -5 5 -7 -8 8 -10 -11 12 -13 -14 -15 -16 -17 17 -19
leaf_value=-2.4341323471069338 -12.57040412902832 6.060455199650356 -4.3595858982631137 4.3602363745371502 -0.24773952166239377 -1.5951402664184571 1.1728533744812013 0.49219184875488287 -1.2417954513004847 1.2307046731313072 0.41634887456893932 -0.90903682282992782 0.73514517496029541 -0.42366840600967404 0.62048760175704964 -0.43004904091358187 0.90027124166488681 0.00039417743682861322
leaf_weight=4.9999999999999991 4.9999999999999991 6.9999999999999991 6.9999999999999991 5.9999999999999991 6.0000000000000098 7.9999999999999991 4.9999999999999991 4.9999999999999982 7 5.9999999999999991 4.9999999999999982 6.9999999999999991 5.9999999999999991 5 4.9999999999999991 5.9999999999999991 4.9999999999999982 7
leaf_count=5 5 7 7 6 6 8 5 5 7 6 5 7 6 5 5 6 5 7
internal_value=-0.364147 0.200958 -0.205146 0.104227 -0.185955 -0.0505229 0.114236 0.0386208 -0.519301 0.154053 0.0298238 -0.0784288 0.273392 -0.00365977 0.122063 0.0182243 0.167649 0.375343
internal_weight=113 108 101 94 88 83 75 70 12 58 52 36 16 10 29 24 18 12
internal_count=113 108 101 94 88 83 75 70 12 58 52 36 16 10 29 24 18 12
is_linear=0
shrinkage=0.05


Tree=272
num_leaves=18
num_cat=0
split_feature=1 2 2 1 1 4 1 6 1 4 7 6 4 4 1 4 4
split_gain=190235 128566 114512 192248 81469.2 12100.4 8973.17 2076.73 7188.29 5752.4 5364.31 1153.32 657.709 761.381 774.642 196.345 212.192
threshold=62105.199800608134 0.75904576824017289 0.52592071588983369 31062.671928726599 24205.677865591173 1.8899163912421544 16516.706392829426 8.8564046125742681 10621.309512456515 3.0121539584389425 0.2165094734714553 14.53419826291236 2.1234392662738975 2.6272356579924998 8017.8764203639594 2.3696226992571545 2.2516050081241255
decision_type=2 2 2 2 2 2 2 2 2 2 2 2 2 2 2 2 2
left_child=1 2 4 -4 5 -1 7 10 9 11 -7 12 -9 14 15 16 -14
right_child=-2 -3 3 -5 -6 6 -8 8 -10 -11 -12 -13 13 -15 -16 -17 -18
leaf_value=-2.6151592540740971 -9.8805407714843767 7.2083729426066085 1.5282664871215825 -12.337082023620603 5.0507426261901855 1.9618499994277958 -1.5649251262346904 0.59161109447479254 -1.6502788225809735 1.3269742541842993 -0.18244090761457168 -0.60473627746105196 0.071712597608566145 0.35697302288479277 -0.73592828333377847 0.20318724364042284 -0.38893015146255489
leaf_weight=4.9999999999999991 4.9999999999999991 5.9999999999999991 4.9999999999999982 5 7.9999999999999991 4.9999999999999982 8.9999999999999982 4.9999999999999991 5.9999999999999991 8.9999999999999982 7 7.9999999999999991 5.0000000000000089 8.9999999999999982 4.9999999999999991 5.9999999999999991 5
leaf_count=5 5 6 5 5 8 5 9 5 6 9 7 8 5 9 5 6 5
internal_value=-0.345939 0.0954774 -0.322928 -5.40441 0.229406 -0.229768 -0.0787943 0.11228 -0.0115963 0.177482 0.711014 -0.0631089 0.0606916 -0.027795 -0.192696 -0.0229353 -0.158609
internal_weight=113 108 102 10 92 84 79 70 58 52 12 43 35 30 21 16 10
internal_count=113 108 102 10 92 84 79 70 58 52 12 43 35 30 21 16 10
is_linear=0
shrinkage=0.05


Tree=273
num_leaves=16
num_cat=0
split_feature=0 2 1 1 4 1 2 2 1 5 3 7 0 5 0
split_gain=271633 92703.1 41421.1 37820.6 9418.34 6858.99 2010.32 1776.69 5785.18 3320.42 3284.92 1969.43 3341.57 284.795 353.884
threshold=91530 0.81097315501112854 31062.671928726599 24205.677865591173 1.8581763196093466 17549.64770584663 0.51592895015361084 0.22605089977735515 1926.3337192909112 0.35922375171208942 3.5000000000000004 0.2165094734714553 35195 0.45698816419450822 19519.500000000011
decision_type=2 2 2 2 2 2 2 2 2 2 2 2 2 2 2
left_child=1 2 3 4 -1 6 7 8 -6 -9 -10 12 13 14 -11
right_child=-2 -3 -4 -5 5 -7 -8 9 10 11 -12 -13 -14 -15 -16
leaf_value=-2.2799030351638794 -11.721917419433595 5.7632052012852268 -3.8973485495362965 3.9304151058197023 -0.757227003574371 -1.4371370159089567 1.0715957069396973 -1.1584067617143903 1.5342001458009078 0.063736559285057837 0.18329126677579352 -0.72606325149536133 1.260721179842949 0.23980533878008525 -0.37966224352518718
leaf_weight=4.9999999999999991 4.9999999999999991 6.9999999999999991 6.9999999999999991 5.9999999999999991 8.0000000000000018 7.9999999999999991 4.9999999999999991 6.9999999999999991 9.0000000000000018 9.0000000000000089 8.9999999999999982 6.9999999999999991 5.9999999999999991 5.9999999999999991 8.9999999999999982
leaf_count=5 5 7 7 6 8 8 5 7 9 9 9 7 6 6 9
internal_value=-0.328642 0.198824 -0.186826 0.0894894 -0.172392 -0.0454334 0.103015 0.0338306 0.361523 -0.159806 0.858746 0.0291185 0.205328 -0.0585208 -0.157963
internal_weight=113 108 101 94 88 83 75 70 26 44 18 37 30 24 18
internal_count=113 108 101 94 88 83 75 70 26 44 18 37 30 24 18
is_linear=0
shrinkage=0.05


Tree=274
num_leaves=17
num_cat=0
split_feature=0 0 4 0 2 0 6 1 1 4 0 0 4 2 6 4
split_gain=247070 144420 114258 279958 243870 12563.3 21125.6 5175.89 5050.18 6138.91 3191.54 1214.12 755.589 415.554 418.53 266.54
threshold=87502.499999999985 70868.500000000015 2.1883376604767633 35195 0.81097315501112854 54773.500000000007 7.6931119805369192 15719.604082849797 10621.309512456515 3.0121539584389425 23817.000000000018 37401.000000000015 2.7451911326668745 0.28437702154139949 13.274265526549931 2.3696226992571545
decision_type=2 2 2 2 2 2 2 2 2 2 2 2 2 2 2 2
left_child=1 2 3 10 5 6 -4 8 9 11 -1 12 13 14 -8 -15
right_child=-2 -3 4 -5 -6 -7 7 -9 -10 -11 -12 -13 -14 15 -16 -17
leaf_value=-0.8759614877402776 -8.7823512315750119 7.8654853423436482 -2.7984826564788818 -13.724211983680727 11.440620613098146 1.8960155546665192 -0.24762028381228426 1.3842691557747979 -1.5747949337959291 1.2695528931087918 0.5363815233111382 0.46455240699773032 -0.81636960307757056 -0.64621494213740049 0.30480909744898477 -0.15191907167434693
leaf_weight=8.0000000000000053 7.9999999999999991 5.9999999999999991 6.9999999999999991 4.9999999999999991 4.9999999999999991 7.9999999999999991 8.0000000000000053 6.9999999999999991 4.9999999999999991 8.9999999999999982 7.9999999999999991 5.9999999999999991 5.9999999999999991 5.9999999999999982 5.9999999999999991 5
leaf_count=8 8 6 7 5 5 8 8 7 5 9 8 6 6 6 6 5
internal_value=-0.31221 0.333134 -0.123372 -3.39703 0.757998 0.0263114 -0.203806 0.109345 -0.065645 0.098393 -0.16979 -0.186484 -0.312491 -0.19156 -0.0108648 -0.421535
internal_weight=113 105 99 21 78 73 65 58 51 46 16 37 31 25 14 11
internal_count=113 105 99 21 78 73 65 58 51 46 16 37 31 25 14 11
is_linear=0
shrinkage=0.05


Tree=275
num_leaves=19
num_cat=0
split_feature=5 0 0 0 0 0 5 2 5 2 0 1 2 5 0 3 5 0
split_gain=96382.4 309943 298332 98518.4 52256.8 34152 55229.2 35496.8 7046.36 5750.27 5252.62 4098.42 1627.58 1314.45 476.901 1446.01 414.035 413.655
threshold=0.33198916330476513 77954.999999999985 62016 66429.000000000015 58162.500000000022 48227.499999999993 0.40469831891852054 0.56505205340798936 0.53816252767130213 0.2994101109548431 35195 12221.392818450666 0.43149840856083482 0.36427410282794453 19519.500000000011 4.5000000000000009 0.40949729383885825 29848.500000000004
decision_type=2 2 2 2 2 2 2 2 2 2 2 2 2 2 2 2 2 2
left_child=2 3 9 4 5 7 -7 8 10 -1 12 -12 13 -2 15 -15 -16 -18
right_child=1 -3 -4 -5 -6 6 -8 -9 -10 -11 11 -13 -14 14 16 -17 17 -19
leaf_value=-0.26077007566179539 -0.90383130788803112 9.8959419965744022 -13.872532272338868 -7.1994618988037109 4.9825724554061894 -6.7534461784362811 0.36180532773335772 4.186259450912476 -1.9929449987411498 1.9593213462829586 -0.0069994303584098834 2.0174565315246578 -1.0258797645568849 0.68257031014987413 -0.43545688390731796 -0.43072905063629147 -0.22087320884068809 0.31509382724761964
leaf_weight=7.0000000000000018 4.9999999999999991 7.9999999999999991 4.9999999999999991 4.9999999999999991 4.9999999999999991 4.9999999999999982 6 4.9999999999999991 4.9999999999999991 5 4.9999999999999982 5 5.9999999999999991 6.9999999999999982 9.0000000000000018 5 8.9999999999999982 5.9999999999999991
leaf_count=7 5 8 5 5 5 5 6 5 5 5 5 5 6 7 9 5 9 6
internal_value=-0.141172 0.473323 -3.61126 -0.383278 0.0273352 -0.290308 -2.8724 0.133617 -0.193209 0.664268 -0.035337 1.00523 -0.256734 -0.144176 -0.0386684 0.218696 -0.16735 -0.00648639
internal_weight=113 96 17 88 83 78 11 67 62 12 57 10 47 41 36 12 24 15
internal_count=113 96 17 88 83 78 11 67 62 12 57 10 47 41 36 12 24 15
is_linear=0
shrinkage=0.05


Tree=276
num_leaves=19
num_cat=0
split_feature=4 0 0 0 0 0 5 2 4 2 0 2 5 0 3 4 0 1
split_gain=86985.1 279724 269245 88912.8 47161.7 30822.2 49844.4 32035.9 6359.34 5189.62 4772.68 1374.92 1167.39 451.509 1305.02 345.947 536.745 223.974
threshold=3.0121539584389425 77954.999999999985 62016 66429.000000000015 58162.500000000022 48227.499999999993 0.40469831891852054 0.56505205340798936 1.8581763196093466 0.2994101109548431 37401.000000000015 0.45754712422382926 0.36427410282794453 19519.500000000011 4.5000000000000009 2.4924571051868147 29848.500000000004 7607.5887173799301
decision_type=2 2 2 2 2 2 2 2 2 2 2 2 2 2 2 2 2 2
left_child=1 3 9 4 5 7 -7 8 -1 -2 11 12 -10 14 -14 16 17 -15
right_child=2 -3 -4 -5 -6 6 -8 -9 10 -11 -12 -13 13 15 -16 -17 -18 -19
leaf_value=-1.8932977414131167 -0.247731590270996 9.4011456012725834 -13.178906092643738 -6.8394887733459475 4.7334437704086305 -6.4157738304138192 0.34371507565180459 3.9769462633132933 -0.85863973617553713 1.8613553237915035 1.0230355814099312 -1.0164443683624267 0.64844178280660092 -0.028746190071105921 -0.40919260501861565 -0.41368403633435569 0.30548368181501118 -0.50200554847717282
leaf_weight=4.9999999999999991 7.0000000000000018 7.9999999999999991 4.9999999999999991 4.9999999999999991 4.9999999999999991 4.9999999999999982 6 4.9999999999999991 4.9999999999999991 5 8.9999999999999982 4.9999999999999991 6.9999999999999982 5.0000000000000053 5 8.9999999999999982 6.9999999999999991 5
leaf_count=5 7 8 5 5 5 5 6 5 5 5 9 5 7 5 5 9 7 5
internal_value=-0.134113 0.449657 -3.4307 -0.364114 0.0259685 -0.275793 -2.72878 0.126936 -0.183548 0.631055 -0.0335702 -0.231684 -0.140433 -0.0459316 0.207761 -0.16302 -0.0303161 -0.265376
internal_weight=113 96 17 88 83 78 11 67 62 12 57 48 43 38 12 26 17 10
internal_count=113 96 17 88 83 78 11 67 62 12 57 48 43 38 12 26 17 10
is_linear=0
shrinkage=0.05


Tree=277
num_leaves=19
num_cat=0
split_feature=5 0 0 0 0 0 5 2 5 0 0 2 5 1 0 7 5 1
split_gain=78504 252450 242993 80243.8 42563.4 27817 44984.6 28912.4 5739.3 4979.91 4307.34 1240.86 1053.57 419.28 377.828 254.232 487.038 185.032
threshold=0.33198916330476513 77954.999999999985 62016 66429.000000000015 58162.500000000022 48227.499999999993 0.40469831891852054 0.56505205340798936 0.53816252767130213 11010.999999999998 37401.000000000015 0.45754712422382926 0.36427410282794453 5166.7437459527355 14717.500000000004 0.11677816766031567 0.4500170190692121 7387.5125544820748
decision_type=2 2 2 2 2 2 2 2 2 2 2 2 2 2 2 2 2 2
left_child=2 3 9 4 5 7 -7 8 10 -1 11 12 -2 14 -14 17 -17 -15
right_child=1 -3 -4 -5 -6 6 -8 -9 -10 -11 -12 -13 13 15 -16 16 -18 -19
leaf_value=-0.41906618277231839 -0.81570778131484989 8.9310883522033695 -12.519960236549379 -6.4975146102905272 4.4967714881896974 -6.0949851799011245 0.3265292982260386 3.7780991378426552 -1.7986328949028394 1.6180699666341145 0.97188379168510441 -0.96562211990356461 -0.062875030721936925 -0.17072065453976387 0.47783464789390556 -0.009826225893838067 -0.59964344501495359 0.24111980438232417
leaf_weight=6.0000000000000018 4.9999999999999991 7.9999999999999991 4.9999999999999991 4.9999999999999991 4.9999999999999991 4.9999999999999982 6 4.9999999999999991 4.9999999999999991 6 8.9999999999999982 4.9999999999999991 6.9999999999999982 6.0000000000000018 6 6.9999999999999982 7 5
leaf_count=6 5 8 5 5 5 5 6 5 5 6 9 5 7 6 6 7 7 5
internal_value=-0.127407 0.427174 -3.25916 -0.345909 0.02467 -0.262003 -2.59234 0.12059 -0.174371 0.599502 -0.0318917 -0.2201 -0.133411 -0.043635 0.186683 -0.163401 -0.304735 0.0164796
internal_weight=113 96 17 88 83 78 11 67 62 12 57 48 43 38 13 25 14 11
internal_count=113 96 17 88 83 78 11 67 62 12 57 48 43 38 13 25 14 11
is_linear=0
shrinkage=0.05


Tree=278
num_leaves=19
num_cat=0
split_feature=4 5 2 6 2 1 1 2 7 2 4 1 2 2 6 2 2 2
split_gain=70849.9 190058 162375 67805 493827 412525 61528.3 50412.6 11349.2 8327.36 3134.03 3208.41 2010.24 1894.69 1217.46 641.258 91.7405 28.0031
threshold=3.0121539584389425 0.34079229426713314 0.51592895015361084 8.3629238554085266 0.56505205340798936 39566.250451175925 18300.224719541544 0.50562705853824974 0.2385095961990355 0.35245113372703452 2.3696226992571545 13301.812676166339 0.23339000128674831 0.41711654529755943 14.205942578101139 0.24878814255985207 0.28965910529666361 0.23674119032890859
decision_type=2 2 2 2 2 2 2 2 2 2 2 2 2 2 2 2 2 2
left_child=1 -1 12 4 7 6 10 8 -3 -10 13 14 -2 16 15 -12 17 -5
right_child=2 3 -4 5 -6 -7 -8 -9 9 -11 11 -13 -14 -15 -16 -17 -18 -19
leaf_value=9.0221501350402828 0.82378658294677687 1.0551369756460176 -10.666467857360841 -0.10734076499938952 -16.452343063354494 14.524229278564455 -5.751963539123536 5.3266612398624424 -0.028643159866333014 -2.9143592834472654 -0.37259547180599595 1.543747673034668 -0.4888690982546125 -1.1558865904808044 0.66492251362651589 0.24264479270204903 0.06357096672058106 -0.26755789915720618
leaf_weight=5.9999999999999991 5.0000000000000018 8.0000000000000089 4.9999999999999991 5.0000000000000053 4.9999999999999991 4.9999999999999991 4.9999999999999991 4.9999999999999991 4.9999999999999982 5 9.0000000000000089 4.9999999999999991 7 5.9999999999999991 7.9999999999999991 7.9999999999999991 4.9999999999999991 6
leaf_count=6 5 8 5 5 5 5 5 5 5 5 9 5 7 6 8 8 5 6
internal_value=-0.121037 0.405816 -3.09621 -0.168607 -2.2108 0.753673 -0.45427 0.885191 -0.348551 -1.4715 0.0551231 0.387531 0.0580708 -0.39816 0.156287 -0.0830706 -0.114012 -0.194732
internal_weight=113 96 17 90 28 62 57 23 18 10 52 30 12 22 25 17 16 11
internal_count=113 96 17 90 28 62 57 23 18 10 52 30 12 22 25 17 16 11
is_linear=0
shrinkage=0.05


Tree=279
num_leaves=20
num_cat=0
split_feature=4 0 1 0 0 0 0 2 2 4 0 1 4 2 0 0 4 7 7
split_gain=63942 231498 615314 210666 88932.5 29501.6 51165.3 32301.3 5836.13 5278.99 3903.03 3680.04 1206.58 1307.81 365.866 444.224 358.852 346.741 185.892
threshold=3.0121539584389425 70868.500000000015 33902.646891508019 62016 62016 54773.500000000007 48227.499999999993 0.56505205340798936 0.2994101109548431 1.8581763196093466 35195 12221.392818450666 2.7451911326668745 0.43149840856083482 19519.500000000011 14717.500000000004 2.535545779047951 0.15165859421828662 0.11928437684421113
decision_type=2 2 2 2 2 2 2 2 2 2 2 2 2 2 2 2 2 2 2
left_child=1 4 -3 8 5 6 7 9 -2 -1 12 -12 13 14 15 -11 17 18 -16
right_child=3 2 -4 -5 -6 -7 -8 -9 -10 10 11 -13 -14 -15 16 -17 -18 -19 -20
leaf_value=-1.7404136514663699 -0.2804817131587436 -4.8168192100524916 19.98869720458984 -11.564191303253175 -6.9232852745056155 3.3214353243509929 -4.1015195876359938 3.9950417232513433 1.9561222267150875 -0.067222582655293614 -0.10819540500640873 1.8101475048065183 -0.97109024047851555 -0.83286792834599821 -0.042239975929260209 0.54983772039413448 -0.42166990749537947 -0.35677614927291873 0.37055611133575433
leaf_weight=4.9999999999999991 7.0000000000000018 4.9999999999999982 5 4.9999999999999991 4.9999999999999991 5.9999999999999991 7.9999999999999991 4.9999999999999991 5 6.9999999999999982 4.9999999999999982 5 4.9999999999999991 5.9999999999999991 6.0000000000000053 5 7.9999999999999991 4.9999999999999991 5
leaf_count=5 7 5 5 5 5 6 8 5 5 7 5 5 5 6 6 5 8 5 5
internal_value=-0.114985 0.385525 7.58594 -2.9414 -0.451733 -0.052254 -0.322149 0.129119 0.651437 -0.182649 -0.0460029 0.850976 -0.23685 -0.14944 -0.0355352 0.189886 -0.148246 -0.0115338 0.145395
internal_weight=113 96 10 17 86 81 75 67 12 62 57 10 47 42 36 12 24 16 11
internal_count=113 96 10 17 86 81 75 67 12 62 57 10 47 42 36 12 24 16 11
is_linear=0
shrinkage=0.05


Tree=280
num_leaves=18
num_cat=0
split_feature=0 4 1 1 4 0 5 4 3 1 6 1 1 0 1 0 0
split_gain=101100 452937 217839 16791.7 4177.98 2863.37 3452.31 2646.43 5236.76 2189.83 2053.41 9074.05 3225.28 1920.09 1128.58 378.216 100.621
threshold=70868.500000000015 3.0121539584389425 33902.646891508019 27797.939671950877 1.8581763196093466 11010.999999999998 0.33597815644353413 2.1883376604767633 5.5000000000000009 1580.3453037190059 7.1676944068471782 15719.604082849797 9833.536278827658 17132.500000000004 8587.5259268539885 30461.999999999993 24627.000000000004
decision_type=2 2 2 2 2 2 2 2 2 2 2 2 2 2 2 2 2
left_child=2 -2 3 4 -1 9 -7 8 -8 -6 -9 12 13 -12 15 16 -15
right_child=1 -3 -4 -5 5 6 7 10 -10 -11 11 -13 -14 14 -16 -17 -18
leaf_value=-1.2068052013715109 10.904430452982586 -7.8648029327392583 -9.5722268342971812 2.6123389652797155 0.031755847401089138 1.4475443840026856 2.0832714557647711 -0.83686936696370451 -0.10770248174667357 -1.2014172226190567 -0.85531995445489839 1.9521793524424238 -1.3264731718599796 0.056204949319362596 0.75729487793786188 -0.31374403238296511 0.34213182695209982
leaf_weight=5.9999999999999991 8.9999999999999982 4.9999999999999991 5.9999999999999991 6.9999999999999991 8.9999999999999982 5.9999999999999991 4.9999999999999982 5.9999999999999991 6 5.9999999999999991 5.0000000000000027 5.9999999999999991 4.9999999999999991 8.0000000000000053 6.9999999999999991 5.9999999999999991 4.9999999999999991
leaf_count=6 9 5 6 7 9 6 5 6 6 6 5 6 5 8 7 6 5
internal_value=0.224093 4.20113 -0.338316 0.25742 0.0657403 0.161181 0.30488 0.188677 0.888195 -0.461513 0.0283707 0.151976 -0.148057 0.0420096 0.214573 0.0146229 0.166177
internal_weight=113 14 99 93 86 80 65 59 11 15 48 42 36 31 26 19 13
internal_count=113 14 99 93 86 80 65 59 11 15 48 42 36 31 26 19 13
is_linear=0
shrinkage=0.05


Tree=281
num_leaves=17
num_cat=0
split_feature=2 2 0 0 2 2 2 1 0 6 2 3 2 0 2 0
split_gain=147060 141205 53712.1 34789.4 17247 6815.33 3277.17 5517.89 3787.44 3323.92 2146.47 3690.69 1733.58 1238.6 1137.8 1100.5
threshold=0.90942970609434792 0.63546820154915784 87502.499999999985 62016 0.51592895015361084 0.45754712422382926 0.2994101109548431 10621.309512456515 37401.000000000015 16.260692376199078 0.16744804518791417 3.5000000000000004 0.24472592425180703 18132.499999999996 0.2079265850607315 28397.000000000015
decision_type=2 2 2 2 2 2 2 2 2 2 2 2 2 2 2 2
left_child=1 2 3 4 5 6 7 9 13 10 11 -1 14 -8 -12 -14
right_child=-2 -3 -4 -5 -6 -7 8 -9 -10 -11 12 -13 15 -15 -16 -17
leaf_value=1.7308008480072026 -8.170207061767579 6.9930057793855669 -4.4970044453938804 3.5361949937418107 2.4677370071411135 -1.908364549279213 0.5659412701614196 -1.5283973557608468 1.574454164505005 -1.2307565546035768 0.050373052699225242 -0.19031490564346309 -0.014077406004071239 -0.28911411232418488 -0.79957449552085669 0.93152264595031731
leaf_weight=4.9999999999999982 4.9999999999999991 7.9999999999999991 5.9999999999999991 7.9999999999999991 6.9999999999999991 4.9999999999999991 8.0000000000000053 6.9999999999999991 5.9999999999999991 4.9999999999999991 7.0000000000000062 5 7.9999999999999982 8.9999999999999982 8.9999999999999982 5
leaf_count=5 5 8 6 8 7 5 8 7 6 5 7 5 8 9 9 5
internal_value=0.212889 0.600995 0.089634 0.382398 0.0890217 -0.121751 -0.0010334 -0.224484 0.494445 -0.0170436 0.138561 0.770243 -0.0792609 0.113265 -0.427722 0.349615
internal_weight=113 108 100 94 86 79 74 51 23 44 39 10 29 17 16 13
internal_count=113 108 100 94 86 79 74 51 23 44 39 10 29 17 16 13
is_linear=0
shrinkage=0.05


Tree=282
num_leaves=20
num_cat=0
split_feature=2 2 2 2 4 1 1 4 2 1 5 1 6 1 7 5 7 1 2
split_gain=132721 127437 39099.7 57063.5 40583.5 102023 99289.7 5351.29 3048.88 3048.78 5109.21 1216.85 323.629 381.439 234.305 119.314 262.695 93.2218 83.9338
threshold=0.90942970609434792 0.63546820154915784 0.52592071588983369 0.50562705853824974 2.8480664780767246 17549.64770584663 22348.395371591363 1.8899163912421544 0.22605089977735515 12221.392818450666 0.40469831891852054 9833.536278827658 7.6931119805369192 9024.029416178264 0.04970776372884636 0.46418096374551515 0.12281249521708473 6411.94674379548 0.23674119032890859
decision_type=2 2 2 2 2 2 2 2 2 2 2 2 2 2 2 2 2 2 2
left_child=1 2 3 4 6 8 7 -1 -6 11 -11 12 -9 14 -14 16 17 18 -16
right_child=-2 -3 -4 -5 5 -7 -8 9 -10 10 -12 -13 13 -15 15 -17 -18 -19 -20
leaf_value=-1.485357780456543 -7.7616961288452151 6.6433556877076629 -3.058654875225491 5.5887712264060978 0.45571900095258427 8.28308609008789 -7.2307777976989742 0.518624324798584 -1.1608584785461424 2.144081773757935 -0.116274356842041 -0.68323601961135871 0.31493564893802012 0.49911350727081305 0.063340912262598567 0.19199723720550538 -0.3981089234352112 0.17248403752843541 -0.20112995654344556
leaf_weight=4.9999999999999991 4.9999999999999991 7.9999999999999991 8.9999999999999982 4.9999999999999991 7.0000000000000018 4.9999999999999991 4.9999999999999991 4.9999999999999991 5 4.9999999999999982 5 4.9999999999999991 5.9999999999999991 4.9999999999999991 6.0000000000000089 4.9999999999999991 4.9999999999999991 5.9999999999999991 6
leaf_count=5 5 8 9 5 7 5 5 5 5 5 5 5 6 5 6 5 5 6 6
internal_value=0.202244 0.570945 0.0851523 0.396078 0.0941775 2.28242 -0.444955 0.0851872 -0.217855 0.218284 1.0139 0.0559129 0.139907 0.0913537 0.031389 -0.029371 -0.0774946 0.011565 -0.0688945
internal_weight=113 108 100 91 86 17 69 64 12 59 10 49 44 39 34 28 23 18 12
internal_count=113 108 100 91 86 17 69 64 12 59 10 49 44 39 34 28 23 18 12
is_linear=0
shrinkage=0.05


Tree=283
num_leaves=17
num_cat=0
split_feature=2 2 2 1 1 1 4 2 1 7 2 4 1 2 1 4
split_gain=119781 115012 35287.4 53381.2 6109.82 6864.38 4285.71 3798.59 2868.77 1854.62 2245.88 5649.01 1635.5 1714.2 632.324 185.168
threshold=0.90942970609434792 0.63546820154915784 0.52592071588983369 24205.677865591173 16516.706392829426 12221.392818450666 1.929028480034092 0.41711654529755943 9833.536278827658 0.029207731540309843 0.22605089977735515 2.8480664780767246 8587.5259268539885 0.26451798600539184 5451.4444842065941 2.5450332819636068
decision_type=2 2 2 2 2 2 2 2 2 2 2 2 2 2 2 2
left_child=1 2 3 4 5 6 -1 8 9 -8 11 14 13 -12 -11 -15
right_child=-2 -3 -4 -5 -6 -7 7 -9 -10 10 12 -13 -14 15 -16 -17
leaf_value=-1.4330450010299682 -7.3736121749877928 6.3111880004405982 -2.9057221349742677 4.2769294261932371 -1.3131943345069885 1.5247210532426836 -0.82010803699493418 1.4100973796844483 -1.0613927702109018 0.41173565122816269 -1.0514554776251304 2.0361041355133058 0.66395411491394052 -0.23356200158596044 -0.19920383691787721 0.14496782038893016
leaf_weight=4.9999999999999991 4.9999999999999991 7.9999999999999991 8.9999999999999982 7.9999999999999991 7.9999999999999991 7.9999999999999991 4.9999999999999991 4.9999999999999991 5.9999999999999991 9.0000000000000053 6.0000000000000062 4.9999999999999991 4.9999999999999991 5.9999999999999982 7.9999999999999991 7
leaf_count=5 5 8 9 8 8 8 5 5 6 9 6 5 5 6 8 7
internal_value=0.192132 0.542398 0.0808947 0.376274 0.000307592 0.140414 -0.0248759 0.0886862 -0.0272271 0.0944394 0.193847 0.55875 -0.140648 -0.352386 0.124235 -0.0297383
internal_weight=113 108 100 91 83 75 67 62 57 51 46 22 24 19 17 13
internal_count=113 108 100 91 83 75 67 62 57 51 46 22 24 19 17 13
is_linear=0
shrinkage=0.05


Tree=284
num_leaves=19
num_cat=0
split_feature=2 0 2 7 2 2 4 0 0 0 7 2 3 2 2 0 4 0
split_gain=108102 108108 156203 105096 92502.8 17190.9 4542.34 1893.43 4959.84 5613.3 1233.31 2512.47 2832.8 1044.37 847.953 769.797 171.396 173.287
threshold=0.90942970609434792 58162.500000000022 0.55662553940215431 0.17020059730283604 0.63546820154915784 0.51592895015361084 1.8581763196093466 50610.999999999993 45841.500000000007 37401.000000000015 0.029207731540309843 0.22605089977735515 2.5000000000000004 0.26451798600539184 0.16155975403500911 27800.999999999996 2.3193823819540831 18132.499999999996
decision_type=2 2 2 2 2 2 2 2 2 2 2 2 2 2 2 2 2 2
left_child=1 4 3 -3 5 6 -1 8 9 10 -8 12 -12 -13 -14 16 -15 -18
right_child=-2 2 -4 -5 -6 -7 7 -9 -10 -11 11 13 14 15 -16 -17 17 -19
leaf_value=-1.4953196859359741 -7.004931411743164 -2.5219840764999382 11.525120980739594 6.23202927907308 -6.8226816523075104 2.5499744006565641 -0.77910265922546396 1.0017718410491943 -1.3785637557506563 1.58022518157959 1.5284913504123678 -0.76113942861557016 -0.3827180147171021 -0.11535387833913154 0.44731927067041399 -0.5150916116578238 0.37252477152006974 -0.012873369455337522
leaf_weight=4.9999999999999991 4.9999999999999991 8.0000000000000018 4.9999999999999991 5.9999999999999991 4.9999999999999991 6.9999999999999991 4.9999999999999991 4.9999999999999991 5.9999999999999991 5.9999999999999991 5.0000000000000027 6.9999999999999991 4.9999999999999991 6.0000000000000062 7.9999999999999991 6.9999999999999991 6.9999999999999982 5
leaf_count=5 5 8 5 6 5 7 5 5 6 6 5 7 5 6 8 7 7 5
internal_value=0.182525 0.515278 3.93905 1.22974 -0.215639 0.177637 -0.0380298 0.0631709 -0.006874 0.128046 -0.0303732 0.0444997 0.517079 -0.221326 0.128074 -0.0701783 0.102844 0.211942
internal_weight=113 108 19 14 89 84 77 72 67 61 55 50 18 32 13 25 18 12
internal_count=113 108 19 14 89 84 77 72 67 61 55 50 18 32 13 25 18 12
is_linear=0
shrinkage=0.05


Tree=285
num_leaves=19
num_cat=0
split_feature=1 0 7 1 4 6 4 1 6 1 3 5 6 4 0 7 1 0
split_gain=280274 46821.9 172309 63680.3 3504.61 2272.18 2363.44 2519.65 5108.34 5127.77 1152.77 3011.09 254.924 383.979 796.468 318.644 569.316 4.43892
threshold=62105.199800608134 58162.500000000022 0.15165859421828662 27797.939671950877 1.8581763196093466 14.53419826291236 2.8480664780767246 15719.604082849797 7.1676944068471782 11399.273390776547 1.5000000000000002 0.35922375171208942 9.4306243500006861 2.2516050081241255 24627.000000000004 0.10044078237494418 7607.5887173799301 27800.999999999996
decision_type=2 2 2 2 2 2 2 2 2 2 2 2 2 2 2 2 2 2
left_child=1 3 -3 4 -1 6 7 8 -6 12 -7 -12 -10 14 -14 16 17 -15
right_child=-2 2 -4 -5 5 10 -8 -9 9 -11 11 -13 13 15 -16 -17 -18 -19
leaf_value=-1.1120896577835084 12.293082275390626 -2.3620207680596237 7.4220092137654623 -5.744166727066041 1.2125243306159974 0.26162536621093729 1.2181787490844727 1.0034676730632783 -0.30109192490577702 -1.6685057210922243 -1.5791451072692875 0.027383344514029365 -0.14182056546211247 -0.1761678421497343 0.71263595819473258 -0.31629034004041129 0.47321604142586393 -0.10954259335994719
leaf_weight=5.9999999999999991 4.9999999999999991 9.0000000000000018 8.9999999999999982 4.9999999999999991 7.9999999999999991 5.0000000000000027 5.9999999999999991 7.9999999999999991 4.9999999999999991 4.9999999999999991 4.9999999999999982 7 4.9999999999999982 5.0000000000000053 6 6.9999999999999991 5.9999999999999991 5
leaf_count=6 5 9 9 5 8 5 6 8 5 5 5 7 5 5 6 7 6 5
internal_value=0.710842 0.193777 2.52999 -0.253583 0.0548763 0.139235 0.272007 0.17739 0.0503006 -0.161013 -0.37623 -0.642004 0.0322555 0.0812772 0.324247 -0.0349256 0.0881715 -0.142855
internal_weight=117 112 18 94 89 83 66 60 52 44 17 12 39 34 11 23 16 10
internal_count=117 112 18 94 89 83 66 60 52 44 17 12 39 34 11 23 16 10
is_linear=0
shrinkage=0.05


Tree=286
num_leaves=17
num_cat=0
split_feature=1 0 7 1 2 4 4 4 2 2 5 2 0 6 2 2
split_gain=252947 42256.8 155509 57471.4 4363.71 3641.56 2585.93 1763.42 1441.65 4920.69 2256.5 1209.07 1013.3 668.986 899.421 243.528
threshold=62105.199800608134 58162.500000000022 0.15165859421828662 27797.939671950877 0.51592895015361084 1.8581763196093466 2.934351799697287 3.1962238028246612 0.35245113372703452 0.32534461537208209 0.42201395357088417 0.28437702154139949 45841.500000000007 9.4306243500006861 0.24878814255985207 0.18761642588800242
decision_type=2 2 2 2 2 2 2 2 2 2 2 2 2 2 2 2
left_child=1 3 -3 4 5 -1 8 -8 9 11 -10 12 13 -7 15 -15
right_child=-2 2 -4 -5 -6 6 7 -9 10 -11 -12 -13 -14 14 -16 -17
leaf_value=-1.364949233531952 11.678428344726562 -2.2439198970794672 7.0509090211656362 -5.4569582903385161 1.1661721467971802 -0.33476158550807389 -1.3626259803771976 -0.13319450105939593 -1.1488928890228272 1.5055281707218715 0.20513951480388642 -0.47769927754998209 0.86237550377845773 0.22795606479048713 0.75092407365640002 -0.13986625870068867
leaf_weight=4.9999999999999991 4.9999999999999991 9.0000000000000018 8.9999999999999982 4.9999999999999991 7.9999999999999991 7.0000000000000027 4.9999999999999982 7 4.9999999999999991 6.9999999999999991 7.9999999999999991 7.9999999999999991 4.9999999999999991 9.0000000000000053 5.9999999999999991 8.9999999999999982
leaf_count=5 5 9 9 5 8 7 5 7 5 7 8 8 5 9 6 9
internal_value=0.6753 0.184088 2.40349 -0.240904 0.0521325 -0.0578961 0.0280942 -0.645458 0.154385 0.274196 -0.315642 0.0783024 0.201858 0.0953233 0.220765 0.0440449
internal_weight=117 112 18 94 89 81 76 12 64 51 13 44 36 31 24 18
internal_count=117 112 18 94 89 81 76 12 64 51 13 44 36 31 24 18
is_linear=0
shrinkage=0.05


Tree=287
num_leaves=17
num_cat=0
split_feature=1 0 7 1 2 4 4 3 2 2 4 2 0 6 2 2
split_gain=228285 38136.7 140347 51868 3938.25 3286.51 2333.8 2659.21 1301.09 4440.92 2036.49 1091.19 914.505 603.76 811.727 219.784
threshold=62105.199800608134 58162.500000000022 0.15165859421828662 27797.939671950877 0.51592895015361084 1.8581763196093466 2.934351799697287 1.5000000000000002 0.35245113372703452 0.32534461537208209 2.3696226992571545 0.28437702154139949 45841.500000000007 9.4306243500006861 0.24878814255985207 0.18761642588800242
decision_type=2 2 2 2 2 2 2 2 2 2 2 2 2 2 2 2
left_child=1 3 -3 4 5 -1 8 -8 9 11 -10 12 13 -7 15 -15
right_child=-2 2 -4 -5 -6 6 7 -9 10 -11 -12 -13 -14 14 -16 -17
leaf_value=-1.2967017710208895 11.094507446289064 -2.1317239708370628 6.6983635796440986 -5.1841103196144109 1.1078634977340698 -0.31802349771772098 0.26749818801879888 -1.2422440256391252 0.19488255083560946 1.4302517192704338 -1.0914482402801513 -0.45381431356072427 0.81925670981407173 0.21655825793018757 0.71337788626551635 -0.13287293910980225
leaf_weight=4.9999999999999991 4.9999999999999991 9.0000000000000018 8.9999999999999982 4.9999999999999991 7.9999999999999991 7.0000000000000027 4.9999999999999982 7 7.9999999999999982 6.9999999999999991 5 7.9999999999999991 4.9999999999999991 9.0000000000000053 5.9999999999999991 8.9999999999999982
leaf_count=5 5 9 9 5 8 7 5 7 8 7 5 8 5 9 6 9
internal_value=0.641535 0.174884 2.28332 -0.228859 0.0495259 -0.0550013 0.0266895 -0.613185 0.146666 0.260486 -0.29986 0.0743873 0.191765 0.0905571 0.209726 0.0418427
internal_weight=117 112 18 94 89 81 76 12 64 51 13 44 36 31 24 18
internal_count=117 112 18 94 89 81 76 12 64 51 13 44 36 31 24 18
is_linear=0
shrinkage=0.05


Tree=288
num_leaves=19
num_cat=0
split_feature=1 0 7 1 2 4 4 3 1 0 2 1 6 7 3 0 0 0
split_gain=206027 34418.4 126663 46810.8 3554.27 2966.08 2106.26 2399.94 1194.64 3358.05 2510.17 657.37 485.465 256.933 223.606 1013.69 432.186 354.238
threshold=62105.199800608134 58162.500000000022 0.15165859421828662 27797.939671950877 0.51592895015361084 1.8581763196093466 2.934351799697287 1.5000000000000002 16516.706392829426 37401.000000000015 0.23674119032890859 7387.5125544820748 11.49094878481216 0.15165859421828662 4.5000000000000009 18132.499999999996 20369.499999999996 12372.000000000005
decision_type=2 2 2 2 2 2 2 2 2 2 2 2 2 2 2 2 2 2
left_child=1 3 -3 4 5 -1 8 -8 9 11 -11 14 13 -13 15 17 -16 -7
right_child=-2 2 -4 -5 -6 6 7 -9 -10 10 -12 12 -14 -15 16 -17 -18 -19
leaf_value=-1.2318666774034501 10.539782714843751 -2.0251377105712884 6.3634454329808561 -4.9249047183990484 1.0524702966213226 0.30155794382095302 0.25412324905395511 -1.1801317964281353 -0.60272832870483395 0.22559341192245488 1.6719009240468343 -0.69906480789184589 0.15984032154083253 -0.21375905275344845 -0.37805777072906505 -0.13229269352224138 0.23058411478996274 0.89673732757568347
leaf_weight=4.9999999999999991 4.9999999999999991 9.0000000000000018 8.9999999999999982 4.9999999999999991 7.9999999999999991 5.0000000000000053 4.9999999999999982 7 4.9999999999999991 5.9999999999999982 6 4.9999999999999982 4.9999999999999991 6 4.9999999999999982 8.9999999999999982 7 5
leaf_count=5 5 9 9 5 8 5 5 7 5 6 6 5 5 6 5 9 7 5
internal_value=0.609458 0.16614 2.16915 -0.217416 0.0470496 -0.0522512 0.025355 -0.582526 0.139333 0.202219 0.948747 0.0116163 -0.248667 -0.434353 0.145956 0.252676 -0.0230167 0.599148
internal_weight=117 112 18 94 89 81 76 12 64 59 12 47 16 11 31 19 12 10
internal_count=117 112 18 94 89 81 76 12 64 59 12 47 16 11 31 19 12 10
is_linear=0
shrinkage=0.05


Tree=289
num_leaves=20
num_cat=0
split_feature=2 6 0 2 0 0 4 0 5 2 2 0 2 4 6 2 4 4 4
split_gain=102382 42679.2 272640 179374 35502.3 4660.21 4199 7424.08 3863.05 2336.98 4844.71 2209.33 1865.4 1749.86 1118.3 588.855 399.243 433.155 355.251
threshold=0.81097315501112854 10.631232603955729 66429.000000000015 0.56505205340798936 70868.500000000015 45841.500000000007 3.0121539584389425 11010.999999999998 0.53816252767130213 0.32534461537208209 0.43149840856083482 48227.499999999993 0.38140948671013492 2.7535771856059377 7.1676944068471782 0.23674119032890859 2.5450332819636068 2.6969315988360472 2.2516050081241255
decision_type=2 2 2 2 2 2 2 2 2 2 2 2 2 2 2 2 2 2 2
left_child=1 3 6 4 5 8 11 -8 9 15 -11 12 13 16 -7 -1 18 -18 -3
right_child=-2 2 -4 -5 -6 14 7 -9 -10 10 -12 -13 -14 -15 -16 -17 17 -19 -20
leaf_value=0.37551133155822702 6.4421943119594038 0.20047178745269748 12.299438095092775 -8.279971776689802 3.9044869606693591 -1.6864184188842779 -0.33553491433461513 2.1517787933349606 -1.1702733564376833 2.0417710065841681 -0.15929884910583494 0.82957781791687024 -1.0968704938888549 -0.98498439311981201 -0.62892158031463619 -0.30124434621797669 0.55150609811147067 -0.078619738221168509 -0.32517639398574832
leaf_weight=5.0000000000000062 6.9999999999999991 5.0000000000000062 4.9999999999999991 6.9999999999999991 5.9999999999999991 4.9999999999999982 5.9999999999999982 6 4.9999999999999991 4.9999999999999982 5 4.9999999999999991 5.9999999999999991 4.9999999999999991 5 8.9999999999999982 5.9999999999999982 5 8.9999999999999982
leaf_count=5 7 5 5 7 6 5 6 6 5 5 5 5 6 5 5 9 6 5 9
internal_value=0.578985 0.205872 1.13842 -0.834274 0.323946 -0.226906 0.085489 0.908122 0.0940466 0.357447 0.941236 -0.155282 -0.292068 -0.131107 -1.15767 -0.0595459 0.0396684 0.265085 -0.137445
internal_weight=117 110 58 52 45 39 53 12 29 24 10 41 36 30 10 14 25 11 14
internal_count=117 110 58 52 45 39 53 12 29 24 10 41 36 30 10 14 25 11 14
is_linear=0
shrinkage=0.05


Tree=290
num_leaves=19
num_cat=0
split_feature=4 0 2 1 1 4 0 0 6 1 6 1 4 3 5 2 0 1
split_gain=86392.9 261092 190430 113188 12250.3 3942.3 3615.27 3195.96 2398.15 2741.16 2176.32 974.025 716.974 240.927 439.539 427.652 116.756 38.879
threshold=3.0121539584389425 77954.999999999985 0.35245113372703452 33902.646891508019 27797.939671950877 1.8581763196093466 11010.999999999998 35195 7.6931119805369192 13301.812676166339 7.6931119805369192 9833.536278827658 2.7451911326668745 5.5000000000000009 0.44006687884785706 0.27447364996027118 20369.499999999996 6411.94674379548
decision_type=2 2 2 2 2 2 2 2 2 2 2 2 2 2 2 2 2 2
left_child=1 3 6 4 5 -1 -2 10 -9 -10 -7 12 13 14 16 -16 -12 -18
right_child=2 -3 -4 -5 -6 7 -8 8 9 -11 11 -13 -14 -15 15 -17 17 -19
leaf_value=-1.3522809219360352 -0.66109053611755386 9.6849289417266853 -11.661239852905275 -6.4457733426775254 2.3509862263997396 0.78035684426625573 1.2402945899963378 -0.33705503463745096 0.34028038183848064 1.6595307145799911 0.18219324648380264 -0.82647035916646328 -0.64493115577691551 0.26895887017250064 -0.046643438339233408 -0.70059443473815908 -0.17266691699624065 0.024510542154312129
leaf_weight=4.9999999999999991 4.9999999999999982 6.9999999999999991 4.9999999999999991 6.9999999999999991 5.9999999999999991 5.9999999999999991 5 5.0000000000000027 8.9999999999999982 6.9999999999999991 8.0000000000000053 5.9999999999999991 5.9999999999999991 4.9999999999999991 4.9999999999999982 5 4.9999999999999982 5
leaf_count=5 5 7 5 7 6 6 5 5 9 7 8 6 6 5 5 5 5 5
internal_value=-0.162665 0.383419 -3.69401 -0.340032 0.174911 0.00534623 0.289602 0.0996259 0.61876 0.917452 -0.114135 -0.233401 -0.142159 -0.0507464 -0.107837 -0.373619 0.0398202 -0.0740782
internal_weight=112 97 15 90 83 77 10 72 21 16 51 45 39 33 28 10 18 10
internal_count=112 97 15 90 83 77 10 72 21 16 51 45 39 33 28 10 18 10
is_linear=0
shrinkage=0.05


Tree=291
num_leaves=20
num_cat=0
split_feature=4 0 0 0 4 1 1 4 1 6 5 4 7 0 3 4 4 1 4
split_gain=77969.6 235636 144489 102370 18331.4 84425.8 62095.5 3016.6 5379.73 6193.06 2174.46 1357 1306.39 540.757 497.891 444.915 296.472 409.033 67.5255
threshold=3.0121539584389425 77954.999999999985 62016 66429.000000000015 2.4709768464156912 29628.349800647582 24205.677865591173 1.8581763196093466 13956.18840917876 7.6506066014448839 0.39439240646744306 2.7837997876371747 0.11342507648198333 14717.500000000004 1.5000000000000002 2.6272356579924998 2.3481496299525113 7387.5125544820748 2.7451911326668745
decision_type=2 2 2 2 2 2 2 2 2 2 2 2 2 2 2 2 2 2 2
left_child=1 3 14 4 5 7 10 -1 9 -9 11 12 15 -11 -2 -6 17 -15 -17
right_child=2 -3 -4 -5 6 -7 -8 8 -10 13 -12 -13 -14 16 -16 18 -18 -19 -20
leaf_value=-1.2846668577194214 0.31347587585449227 9.2006823880331847 -10.44927194595337 -7.275833435058594 -0.10947765231132485 5.7990977287292482 -5.941337928771973 1.7101018349329633 -1.5014289951324464 -0.53932592391967737 0.91806894143422457 -0.87862026214599609 -0.65760947823524474 0.13362100786632955 -0.39213770866394038 0.59810631513595591 0.33629850447177889 -0.39934305747350063 0.33824971735477444
leaf_weight=4.9999999999999991 4.9999999999999982 6.9999999999999991 4.9999999999999991 4.9999999999999991 5.0000000000000098 6.9999999999999991 4.9999999999999991 5.9999999999999991 4.9999999999999991 5.0000000000000027 5.9999999999999991 4.9999999999999991 4.9999999999999991 9.0000000000000018 5 4.9999999999999982 5.9999999999999991 5.9999999999999991 5
leaf_count=5 5 7 5 5 5 7 5 6 5 5 6 5 5 9 5 5 6 6 5
internal_value=-0.154532 0.364248 -3.50931 -0.32303 0.0859585 0.715337 -0.770695 -0.131957 0.0238151 0.262134 0.0632793 -0.14187 0.0423172 -0.0720118 -0.0393309 0.275626 0.0392534 -0.0795646 0.468178
internal_weight=112 97 15 90 85 49 36 42 37 32 31 25 20 26 10 15 21 15 10
internal_count=112 97 15 90 85 49 36 42 37 32 31 25 20 26 10 15 21 15 10
is_linear=0
shrinkage=0.05


Tree=292
num_leaves=18
num_cat=0
split_feature=7 2 2 1 0 7 2 0 1 4 4 5 7 5 7 5 5
split_gain=76445.4 691747 330548 106134 40228.5 9210.02 11599.1 8728.87 4482.43 1072.75 1055.48 550.369 543.422 270.218 311.007 269.383 72.5171
threshold=0.18776678944947769 0.63546820154915784 0.63546820154915784 22348.395371591363 62016 0.31484733852736624 0.3433574889033712 50610.999999999993 9833.536278827658 3.0531436581951543 2.7451911326668745 0.38063547960389132 0.058358282577577782 0.46418096374551515 0.12281249521708473 0.39559492442219535 0.41781195714099434
decision_type=2 2 2 2 2 2 2 2 2 2 2 2 2 2 2 2 2
left_child=2 4 3 7 5 6 -2 8 9 10 11 -1 -13 14 16 -10 -14
right_child=1 -3 -4 -5 -6 -7 -8 -9 15 -11 -12 12 13 -15 -16 -17 -18
leaf_value=0.46759451826413473 -0.42547792394955891 -19.283732929229739 9.6843906190660274 -7.502162971496583 5.1004104995727539 -1.1000560760498048 2.8352762222290036 1.4960666868421768 -1.3998503398895268 0.55087851881980898 -0.64119001797267372 -0.48188796142737039 -0.047485733032226501 0.37804820537567141 -0.37141029521822932 -0.88082907199859606 0.20182832734925404
leaf_weight=5.9999999999999991 6.0000000000000089 4.9999999999999991 8.9999999999999982 4.9999999999999991 4.9999999999999991 8.9999999999999982 5 8.9999999999999982 4.9999999999999982 7.9999999999999991 6.9999999999999991 6.0000000000000027 5.0000000000000053 4.9999999999999991 4.9999999999999991 5 7
leaf_count=6 6 5 9 5 5 9 5 9 5 8 7 6 5 5 5 5 7
internal_value=-0.146805 -2.30645 0.64331 -0.471344 1.089 0.0861504 1.05668 0.0456279 -0.175625 0.021255 -0.0820861 0.0330235 -0.0600989 0.0549345 -0.0400989 -1.14034 0.0979475
internal_weight=112 30 82 73 25 20 11 68 59 49 41 34 28 22 17 10 12
internal_count=112 30 82 73 25 20 11 68 59 49 41 34 28 22 17 10 12
is_linear=0
shrinkage=0.05


Tree=293
num_leaves=19
num_cat=0
split_feature=4 0 0 1 1 1 4 6 6 5 4 1 1 3 5 4 4 4
split_gain=70585.8 209410 129577 102235 11379.1 3662.97 4285.28 2288.67 1960.38 1307.57 801.85 663.923 567.902 398.563 136.807 247.776 223.096 119.375
threshold=3.0121539584389425 77954.999999999985 62016 33902.646891508019 27797.939671950877 12221.392818450666 2.4420260066434127 7.1676944068471782 5.7811278719123775 0.35922375171208942 2.6272356579924998 9442.0625753316071 4405.9086795478224 1.5000000000000002 0.46418096374551515 2.2723896376949191 2.4246638699485072 2.6969315988360472
decision_type=2 2 2 2 2 2 2 2 2 2 2 2 2 2 2 2 2 2
left_child=1 3 13 4 5 8 7 -7 -1 -10 11 12 -11 -2 15 -14 -17 -12
right_child=2 -3 -4 -5 -6 6 -8 -9 9 10 17 -13 14 -15 -16 16 -18 -19
leaf_value=-1.1115830516815186 0.27025817871093755 8.6843333108084533 -9.9035307502746583 -6.0965804236275813 2.2929016431172689 0.67878578186035121 1.4262553109063043 -0.834048284292221 -0.84537488937377925 -0.42375034477029505 0.5448212814331056 -0.64837760925292975 -0.20956004858016947 -0.36106017112731931 0.32079596996307375 0.38034286300341297 -0.050833495457967115 0.22494428626128604
leaf_weight=4.9999999999999991 4.9999999999999982 6.9999999999999991 4.9999999999999991 6.9999999999999991 5.9999999999999991 5.0000000000000018 8.9999999999999982 5 4.9999999999999991 7.0000000000000027 4.9999999999999982 4.9999999999999991 7.0000000000000062 5 4.9999999999999991 5.9999999999999982 6 7
leaf_count=5 5 7 5 7 6 5 9 5 5 7 5 5 7 5 5 6 6 7
internal_value=-0.139465 0.35414 -3.33144 -0.293764 0.19563 0.0322063 0.634736 -0.0776313 -0.165174 -0.0758902 0.00426441 -0.113723 -0.0274883 -0.045401 0.0880882 0.0268493 0.164755 0.358226
internal_weight=112 97 15 90 83 77 19 10 58 53 48 36 31 10 24 19 12 12
internal_count=112 97 15 90 83 77 19 10 58 53 48 36 31 10 24 19 12 12
is_linear=0
shrinkage=0.05


Tree=294
num_leaves=20
num_cat=0
split_feature=2 0 0 1 0 2 2 2 2 5 0 1 6 1 1 6 0 6 4
split_gain=75636.3 262061 64063.3 22403.6 25820.1 11663.3 12842.4 1672.09 3525.33 3659.48 2721.04 2386.51 2535.41 1913.45 2542.03 1738.96 1610.19 500.423 231.24
threshold=0.75904576824017289 66429.000000000015 87502.499999999985 31062.671928726599 62016 0.52592071588983369 0.45754712422382926 0.2994101109548431 0.35245113372703452 0.39439240646744306 24627.000000000004 10621.309512456515 16.260692376199078 5166.7437459527355 8587.5259268539885 9.8202207392153866 14717.500000000004 13.8610787059551 2.3193823819540831
decision_type=2 2 2 2 2 2 2 2 2 2 2 2 2 2 2 2 2 2 2
left_child=2 -2 3 4 5 6 7 11 9 -9 -10 12 13 16 15 -15 -1 18 -17
right_child=1 -3 -4 -5 -6 -7 -8 8 10 -11 -12 -13 -14 14 -16 17 -18 -19 -20
leaf_value=0.14083489179611208 2.9753319740295416 -12.52378219604492 5.3070345560709633 -3.2777908706665038 3.6526514816284177 2.0806740760803222 -2.6584906601905822 0.12554988364378605 0.41007407704989118 1.9570847940444942 -1.1692562389373777 -0.98925464451313028 -1.1104569816589356 -1.2173362872004492 0.85102765083312981 0.29058110833168038 1.2846339035034178 -0.56382480204105379 -0.16982071548700331
leaf_weight=7.9999999999999982 5.9999999999999982 5 5.9999999999999991 4.9999999999999991 4.9999999999999991 5.9999999999999991 4.9999999999999991 6.0000000000000018 5.9999999999999982 5 5 7.9999999999999991 4.9999999999999991 5.0000000000000062 4.9999999999999991 4.9999999999999982 5 4.9999999999999991 6
leaf_count=8 6 5 6 5 5 6 5 6 6 5 5 8 5 5 5 5 5 5 6
internal_value=-0.132492 -4.06972 0.296315 -0.0201514 0.160829 -0.0445727 -0.205984 -0.040274 0.325131 0.958066 -0.307803 -0.194868 -0.0504346 0.0854657 -0.16218 -0.40342 0.580758 -0.149071 0.0394528
internal_weight=112 11 101 95 90 85 79 74 22 11 11 52 44 39 26 21 13 16 11
internal_count=112 11 101 95 90 85 79 74 22 11 11 52 44 39 26 21 13 16 11
is_linear=0
shrinkage=0.05


Tree=295
num_leaves=20
num_cat=0
split_feature=0 0 1 1 4 0 0 1 0 4 6 1 0 7 5 3 5 4 3
split_gain=147074 165246 90367.9 11864.7 3630.26 7031.09 2461.4 2104.24 4186.78 1451.67 5477.51 3968.04 269.512 514.643 608.732 387.455 263.543 168.334 243.929
threshold=87502.499999999985 70868.500000000015 33902.646891508019 27797.939671950877 3.0121539584389425 11010.999999999998 12372.000000000005 15719.604082849797 46235.500000000007 1.8899163912421544 7.1676944068471782 11399.273390776547 28397.000000000015 0.077356522101407768 0.41243257855243948 3.5000000000000004 0.40121061746896597 2.3481496299525113 5.5000000000000009
decision_type=2 2 2 2 2 2 2 2 2 2 2 2 2 2 2 2 2 2 2
left_child=1 2 3 4 6 -6 16 9 -9 -8 -11 12 15 -14 -15 -12 -1 18 -17
right_child=-2 -3 -4 -5 5 -7 7 8 -10 10 11 -13 13 14 -16 17 -18 -19 -20
leaf_value=-1.0112958240509036 -6.6982045888900759 8.3918699264526371 -5.6297718048095708 2.2407064165387833 -0.20564626057942711 2.3330865859985348 -0.85194378852844244 1.7869064426422121 -0.17214471499125161 1.3373355150222779 -0.49671591877937282 -1.4954450941085815 0.58046867847442629 -0.4387732034921647 0.3082234263420105 -0.36503637552261359 -0.49793129920959461 0.21690594454606377 0.1288557457923889
leaf_weight=4.9999999999999982 7.9999999999999991 5.9999999999999991 6.9999999999999991 6.9999999999999991 5.9999999999999982 5 4.9999999999999991 4.9999999999999982 6 6.9999999999999991 5.0000000000000027 4.9999999999999991 4.9999999999999991 4.9999999999999982 6 4.9999999999999982 5 5.9999999999999991 5
leaf_count=5 8 6 7 7 6 5 5 5 6 7 5 5 5 5 6 5 5 6 5
internal_value=-0.160979 0.332396 -0.151172 0.261196 0.100073 0.948323 -0.0243373 0.0880129 0.718333 -0.0403856 0.0424264 -0.173392 0.00526408 0.159864 -0.0313205 -0.112526 -0.754614 0.00753328 -0.11809
internal_weight=114 106 100 93 86 11 75 65 11 54 49 42 37 16 11 21 10 16 10
internal_count=114 106 100 93 86 11 75 65 11 54 49 42 37 16 11 21 10 16 10
is_linear=0
shrinkage=0.05


Tree=296
num_leaves=18
num_cat=0
split_feature=0 0 1 1 4 6 0 2 2 2 1 0 0 1 1 5 5
split_gain=132734 149134 81557 10707.9 3276.31 6746.88 2373.45 1716.04 1419.31 4128.38 2988.66 753.073 2799.03 2030.6 565.498 407.564 315.168
threshold=87502.499999999985 70868.500000000015 33902.646891508019 27797.939671950877 3.0121539584389425 15.896966433889316 29586.000000000004 0.23674119032890859 0.32534461537208209 0.35245113372703452 11399.273390776547 21486.000000000011 24627.000000000004 7387.5125544820748 8587.5259268539885 0.44412785151983714 0.42201395357088417
decision_type=2 2 2 2 2 2 2 2 2 2 2 2 2 2 2 2 2
left_child=1 2 3 4 6 -6 7 -1 10 -10 14 13 -13 16 15 -8 -9
right_child=-2 -3 -4 -5 5 -7 8 11 9 -11 -12 12 -14 -15 -16 -17 -18
leaf_value=-0.88921194606357157 -6.3632939577102663 7.9722765445709234 -5.3482834679739817 2.1286711011614119 2.2573945426940925 -0.22949911753336588 -0.16878024101257305 0.18729784124427359 1.8234058952331544 -0.0080710500478744507 -1.0354424190521241 1.1011403286457064 -0.50066409309705084 -1.1627840471267701 0.80592150688171393 0.44244824647903436 -0.26003520233290539
leaf_weight=8.9999999999999982 7.9999999999999991 5.9999999999999991 6.9999999999999991 6.9999999999999991 4.9999999999999982 6 5.0000000000000053 9.0000000000000053 4.9999999999999991 7.9999999999999991 4.9999999999999991 4.9999999999999982 6 4.9999999999999991 4.9999999999999991 6 6.9999999999999991
leaf_count=9 8 6 7 7 5 6 5 9 5 8 5 5 6 5 5 6 7
internal_value=-0.15293 0.315777 -0.143613 0.248136 0.0950691 0.900907 -0.0231204 -0.27926 0.285754 0.696343 0.0315802 -0.107712 0.227429 -0.283261 0.365025 0.164617 -0.00841037
internal_weight=114 106 100 93 86 11 75 41 34 13 21 32 11 21 16 11 16
internal_count=114 106 100 93 86 11 75 41 34 13 21 32 11 21 16 11 16
is_linear=0
shrinkage=0.05


Tree=297
num_leaves=17
num_cat=0
split_feature=0 0 0 2 0 2 4 4 6 1 4 0 2 4 2 7
split_gain=119793 134594 79085.6 22810.4 7084.33 7077.59 1203.77 991.812 1806.97 1481.75 773.562 862.28 638.842 904.153 391.042 226.977
threshold=87502.499999999985 70868.500000000015 62016 0.75904576824017289 53055.999999999993 0.51592895015361084 1.8581763196093466 2.1543446061517115 9.6179462059860477 11399.273390776547 3.0531436581951543 35195 0.23674119032890859 2.6767405536233917 0.28437702154139949 0.11928437684421113
decision_type=2 2 2 2 2 2 2 2 2 2 2 2 2 2 2 2
left_child=1 2 3 4 5 6 -1 8 -8 10 11 12 13 -9 -14 -16
right_child=-2 -3 -4 -5 -6 -7 7 9 -10 -11 -12 -13 14 -15 15 -17
leaf_value=-0.78281596183776858 -6.0451292395591736 7.5736627260843923 -5.7019700686136883 2.9647046906607493 -1.6598983128865559 1.5325232028961182 1.0519604563713074 -0.064562761783599862 -0.095899188518524178 -0.7548888206481934 0.47273679971694949 0.48436117172241211 0.24165089196628986 -0.97495098233222943 -0.38052168211766657 0.038569196065266924
leaf_weight=4.9999999999999991 7.9999999999999991 5.9999999999999991 5.9999999999999991 6.9999999999999991 5.9999999999999991 7.9999999999999991 5.9999999999999991 5.9999999999999982 7.9999999999999991 6.9999999999999991 7.9999999999999991 5.9999999999999991 9.0000000000000018 5 6.9999999999999982 6
leaf_count=5 8 6 6 7 6 8 6 6 8 7 8 6 9 5 7 6
internal_value=-0.145284 0.299988 -0.136433 0.218814 -0.00211937 0.120679 -0.0340436 0.0210132 0.396041 -0.0762161 0.0248628 -0.0670088 -0.167258 -0.478376 -0.011699 -0.187095
internal_weight=114 106 100 94 87 81 73 68 14 54 47 39 33 11 22 13
internal_count=114 106 100 94 87 81 73 68 14 54 47 39 33 11 22 13
is_linear=0
shrinkage=0.05


Tree=298
num_leaves=19
num_cat=0
split_feature=0 0 1 1 4 0 0 4 2 2 0 0 6 0 0 4 5 6
split_gain=108113 121471 71721.2 10324.7 3019.42 6505.82 2528.61 1785.91 1104.75 2797.09 1804.48 4056.89 851.448 588.019 931.434 249.582 61.9069 22.4081
threshold=87502.499999999985 70868.500000000015 33902.646891508019 27797.939671950877 3.0121539584389425 11010.999999999998 50610.999999999993 2.7837997876371747 0.35245113372703452 0.32534461537208209 28397.000000000015 21486.000000000011 7.6506066014448839 33369.000000000007 29586.000000000004 2.6767405536233917 0.47093532015918654 13.8610787059551
decision_type=2 2 2 2 2 2 2 2 2 2 2 2 2 2 2 2 2 2
left_child=1 2 3 4 6 -6 7 8 9 12 11 -10 -1 14 15 16 17 -14
right_child=-2 -3 -4 -5 5 -7 -8 -9 10 -11 -12 -13 13 -15 -16 -17 -18 -19
leaf_value=-0.6624157810211182 -5.7428731799125678 7.1949795643488574 -5.0103568349565784 2.0843374252319338 -0.24897402127583823 2.1930890655517579 1.0602777481079102 -1.0141876792907716 -0.72154406607151 1.1056194345156352 -1.0715303262074789 1.0940059101581574 0.037815647125244073 -0.34139335006475452 0.69607824087142944 0.29803990244865419 -0.25254576444625854 -0.10550473580757776
leaf_weight=4.9999999999999991 7.9999999999999991 5.9999999999999991 6.9999999999999991 6.9999999999999991 5.9999999999999982 5 4.9999999999999991 4.9999999999999991 8.0000000000000018 5.9999999999999991 5.9999999999999991 4.9999999999999991 5.0000000000000089 7.9999999999999991 5.9999999999999991 4.9999999999999991 4.9999999999999991 6
leaf_count=5 8 6 7 7 6 5 5 5 8 6 6 5 5 8 6 5 5 6
internal_value=-0.138019 0.284988 -0.129611 0.237757 0.0874538 0.861055 -0.0260076 -0.103599 -0.0335542 0.0989235 -0.35429 -0.0232556 -0.0520809 0.0351098 0.146666 -0.0103085 -0.106667 -0.0403591
internal_weight=114 106 100 93 86 11 75 70 65 46 19 13 40 35 27 21 16 11
internal_count=114 106 100 93 86 11 75 70 65 46 19 13 40 35 27 21 16 11
is_linear=0
shrinkage=0.05


Tree=299
num_leaves=18
num_cat=0
split_feature=0 0 0 0 0 1 4 6 1 7 6 1 1 4 0 3 3
split_gain=97571.9 109627 69610.3 21146.2 25728.2 30959.4 2265.73 2949.41 9093.75 1895.42 1829.49 1086.51 969.878 512.452 349.935 226.328 133.522
threshold=87502.499999999985 70868.500000000015 62016 54773.500000000007 48227.499999999993 22348.395371591363 3.0121539584389425 8.3629238554085266 12221.392818450666 0.31484733852736624 16.260692376199078 11399.273390776547 1926.3337192909112 2.1543446061517115 30461.999999999993 3.5000000000000004 4.5000000000000009
decision_type=2 2 2 2 2 2 2 2 2 2 2 2 2 2 2 2 2
left_child=1 2 3 4 5 6 7 8 9 -1 -8 12 -9 -14 15 -15 -17
right_child=-2 -3 -4 -5 -6 -7 10 11 -10 -11 -12 -13 13 14 -16 16 -18
leaf_value=0.29466401168278272 -5.4557290911674503 6.8352307677268982 -5.344626728693644 3.3741219711303714 -2.6726576387882233 4.1106329345703125 1.4264953804016116 -0.74672202269236254 2.3015674686431886 -0.97995035171508771 0.073909149169921862 -0.83101612499782029 0.36173662741978968 -0.2647950704608642 -0.4053014993667603 0.26171031892299651 -0.05031496258452535
leaf_weight=7.0000000000000018 7.9999999999999991 5.9999999999999991 5.9999999999999991 4.9999999999999991 7.9999999999999991 4.9999999999999991 4.9999999999999982 5.9999999999999991 4.9999999999999991 5 5 6.9999999999999991 5.9999999999999991 7.0000000000000062 8.9999999999999982 5.9999999999999991 7.9999999999999991
leaf_count=7 8 6 6 5 8 5 5 6 5 5 5 7 6 7 9 6 8
internal_value=-0.131118 0.270739 -0.123131 0.210156 0.0324056 0.299572 0.0488447 -0.0574216 0.510043 -0.236425 0.750202 -0.254297 -0.158177 -0.0600866 -0.144451 -0.0326583 0.0834102
internal_weight=114 106 100 94 89 81 76 66 17 12 10 49 42 36 30 21 14
internal_count=114 106 100 94 89 81 76 66 17 12 10 49 42 36 30 21 14
is_linear=0
shrinkage=0.05


Tree=300
num_leaves=18
num_cat=0
split_feature=2 0 1 1 4 2 0 0 2 0 2 0 2 0 0 4 6
split_gain=112102 299438 52674 36057.3 13202.1 28862.1 6394.37 3919.44 2900.79 928.724 1513.85 2111.93 428.896 504.479 437.851 417.73 290.165
threshold=0.75904576824017289 48227.499999999993 33902.646891508019 29628.349800647582 3.0121539584389425 0.2994101109548431 54773.500000000007 35195 0.32534461537208209 29586.000000000004 0.22093611501468283 27800.999999999996 0.28437702154139949 20969.499999999993 20369.499999999996 2.3193823819540831 10.631232603955729
decision_type=2 2 2 2 2 2 2 2 2 2 2 2 2 2 2 2 2
left_child=2 -2 3 4 6 -6 7 9 -9 10 -1 12 14 15 -12 -14 -11
right_child=1 -3 -4 -5 5 -7 -8 8 -10 16 11 -13 13 -15 -16 -17 -18
leaf_value=-1.0450634519259134 3.9183072280883802 -12.649288686116535 4.3876571450914659 -4.2424710464477542 -0.59512093861897797 4.5485080337524408 -1.8417818450927734 0.21943361626731026 1.7214901256561281 0.38348643098558699 0.59824280977249111 -1.025154173374176 -0.68656288623809836 0.25170633956789973 -0.035289537906646726 -0.040242765545845029 -0.057316161692142487
leaf_weight=5.9999999999999991 4.9999999999999982 6 6.9999999999999991 4.9999999999999991 5.9999999999999982 5 4.9999999999999991 8.9999999999999982 4.9999999999999991 6.9999999999999991 5.0000000000000018 5.9999999999999991 4.9999999999999982 4.9999999999999991 6 5 7.9999999999999991
leaf_count=6 5 6 7 5 6 5 5 9 5 7 5 6 5 5 6 5 8
internal_value=-0.340086 -5.11856 0.213211 -0.118847 0.129564 1.74289 -0.116917 0.0118045 0.755882 -0.184744 -0.316245 -0.179592 0.0155377 -0.158366 0.25268 -0.363403 0.148392
internal_weight=106 11 95 88 83 11 72 67 14 53 38 32 26 15 11 10 15
internal_count=106 11 95 88 83 11 72 67 14 53 38 32 26 15 11 10 15
is_linear=0
shrinkage=0.05


Tree=301
num_leaves=17
num_cat=0
split_feature=2 0 1 1 5 2 0 0 2 0 2 0 0 2 1 6
split_gain=101172 270243 47538.3 32541.7 11914.9 26048 5770.92 3537.29 2617.97 838.174 1366.25 1906.01 391.472 867.466 463.972 261.874
threshold=0.75904576824017289 48227.499999999993 33902.646891508019 29628.349800647582 0.33198916330476513 0.2994101109548431 54773.500000000007 35195 0.32534461537208209 29586.000000000004 0.22093611501468283 27800.999999999996 21486.000000000011 0.32534461537208209 5052.4392740799294 10.631232603955729
decision_type=2 2 2 2 2 2 2 2 2 2 2 2 2 2 2 2
left_child=2 -2 3 4 5 -1 7 9 -9 10 -6 12 13 14 -12 -11
right_child=1 -3 -4 -5 6 -7 -8 8 -10 15 11 -13 -14 -15 -16 -17
leaf_value=-0.56536490122477223 3.7223918914794929 -12.016824340820312 4.168274177823748 -4.0303475952148444 -0.99281026522318516 4.3210825157165527 -1.7496927642822264 0.2084619654549493 1.6354156255722048 0.36431209359850203 0.43516524348940133 -0.973896465698878 0.41237174153327943 -0.53437465684754515 -0.14051594351019178 -0.054450353980064398
leaf_weight=5.9999999999999982 4.9999999999999982 6 6.9999999999999991 4.9999999999999991 5.9999999999999991 5 4.9999999999999991 8.9999999999999982 4.9999999999999991 6.9999999999999991 7.0000000000000053 5.9999999999999991 4.9999999999999991 6.9999999999999991 7 7.9999999999999991
leaf_count=6 5 6 7 5 6 5 5 9 5 7 7 6 5 7 7 8
internal_value=-0.323082 -4.86264 0.202551 -0.112905 0.123086 1.65575 -0.111071 0.0112143 0.718088 -0.175507 -0.300433 -0.170612 0.0147608 -0.0799085 0.147325 0.140972
internal_weight=106 11 95 88 83 11 72 67 14 53 38 32 26 21 14 15
internal_count=106 11 95 88 83 11 72 67 14 53 38 32 26 21 14 15
is_linear=0
shrinkage=0.05


Tree=302
num_leaves=18
num_cat=0
split_feature=2 6 1 1 4 2 1 2 1 1 2 2 4 4 1 1 1
split_gain=91307.9 83178.6 42903.3 29368.9 10753.2 23508.4 4149.48 1551.26 3422.65 552.125 1590.72 819.535 618.18 588.408 574.456 376.82 38.727
threshold=0.75904576824017289 10.883215456439848 33902.646891508019 29628.349800647582 3.0121539584389425 0.2994101109548431 16516.706392829426 0.45754712422382926 12221.392818450666 6411.94674379548 0.2566042183329999 0.22605089977735515 2.1234392662738975 2.6969315988360472 9024.029416178264 4405.9086795478224 5657.3230438461069
decision_type=2 2 2 2 2 2 2 2 2 2 2 2 2 2 2 2 2
left_child=2 -2 3 4 6 -6 7 8 9 12 11 -11 -1 15 -12 -14 -17
right_child=1 -3 -4 -5 5 -7 -8 -9 -10 10 14 -13 13 -15 -16 16 -18
leaf_value=-0.67712200880050666 -8.5885729948679632 0.14338140487670897 3.9598604815346854 -3.8288304328918459 -0.53709669113159186 4.1050285148620596 -1.3644345124562582 -0.69481909019606458 1.2242725372314454 0.16727100849151602 0.078433599074681615 1.0725529623031613 0.46205986201763088 -0.40196851756837637 -0.6472276830673217 -0.15786038398742677 0.019525301828980449
leaf_weight=4.9999999999999991 5.9999999999999982 5 6.9999999999999991 4.9999999999999991 5.9999999999999982 5 5.9999999999999991 6.9999999999999991 5.9999999999999991 5.0000000000000018 5.9999999999999982 5 5.0000000000000062 8.9999999999999982 5 4.9999999999999991 7.9999999999999991
leaf_count=5 6 5 7 5 6 5 6 7 6 5 6 5 5 9 5 5 8
internal_value=-0.306928 -4.6195 0.192423 -0.10726 0.116931 1.57296 -0.105517 0.00892966 0.0924253 -0.0357084 0.163504 0.619912 -0.166441 -0.071871 -0.251412 0.0931778 -0.0487
internal_weight=106 11 95 88 83 11 72 66 59 53 21 10 32 27 11 18 13
internal_count=106 11 95 88 83 11 72 66 59 53 21 10 32 27 11 18 13
is_linear=0
shrinkage=0.05


Tree=303
num_leaves=18
num_cat=0
split_feature=2 0 1 1 4 7 0 0 7 0 2 0 4 7 0 2 1
split_gain=82405.4 234957 38720.3 26505.4 9704.77 21359.7 5063.79 3105.49 1146.92 779.538 1229.83 1740.89 379.716 588.322 355.803 769.328 418.275
threshold=0.75904576824017289 48227.499999999993 33902.646891508019 29628.349800647582 3.0121539584389425 0.058358282577577782 54773.500000000007 37401.000000000015 0.090753606681850285 29586.000000000004 0.22093611501468283 27800.999999999996 1.9905416946811754 0.11677816766031567 21486.000000000011 0.32534461537208209 5052.4392740799294
decision_type=2 2 2 2 2 2 2 2 2 2 2 2 2 2 2 2 2
left_child=2 -2 3 4 6 -6 7 9 -9 10 -1 14 -11 -14 15 16 -12
right_child=1 -3 -4 -5 5 -7 -8 8 -10 12 11 -13 13 -15 -16 -17 -18
leaf_value=-0.93288592497507727 3.6164229583740246 -11.059320958455402 3.7618674005780903 -3.6373885726928714 -0.91926609039306661 3.5056273778279619 -1.6351905632019044 0.11403703927993775 1.0793707132339478 0.50133926868438727 0.42138391264847314 -0.92051673928896582 0.3096358756224315 -0.42473153352737419 0.40340970203280452 -0.49389585639749262 -0.12521264851093292
leaf_weight=5.9999999999999991 4.9999999999999982 6 6.9999999999999991 4.9999999999999991 4.9999999999999982 6 4.9999999999999991 4.9999999999999991 7.9999999999999991 4.9999999999999991 7.0000000000000053 5.9999999999999991 5.9999999999999982 5 4.9999999999999991 6.9999999999999991 7
leaf_count=6 5 6 7 5 5 6 5 5 8 5 7 6 6 5 5 7 7
internal_value=-0.291581 -4.38853 0.182802 -0.101897 0.111085 1.49431 -0.100241 0.0143069 0.708089 -0.152715 -0.275985 -0.152816 0.140053 -0.0241675 0.0243452 -0.0659082 0.148086
internal_weight=106 11 95 88 83 11 72 67 13 54 38 32 16 11 26 21 14
internal_count=106 11 95 88 83 11 72 67 13 54 38 32 16 11 26 21 14
is_linear=0
shrinkage=0.05


Tree=304
num_leaves=18
num_cat=0
split_feature=2 0 1 1 2 0 1 5 1 1 5 5 2 7 6 2 7
split_gain=74370.9 212049 34945 23921.1 9007.03 24286.9 7220.6 4874.05 2630.09 4422.58 2255.68 1085.34 843.85 588.985 555.522 532.296 503.545
threshold=0.75904576824017289 48227.499999999993 33902.646891508019 29628.349800647582 0.2994101109548431 43685.500000000007 10621.309512456515 0.39559492442219535 13956.18840917876 9833.536278827658 0.34079229426713314 0.38063547960389132 0.22093611501468283 0.058358282577577782 9.1127472625752919 0.33522895219823584 0.08708707792479202
decision_type=2 2 2 2 2 2 2 2 2 2 2 2 2 2 2 2 2
left_child=2 -2 3 4 6 8 10 -8 9 15 -1 13 16 -12 -14 -6 -13
right_child=1 -3 -4 -5 5 -7 7 -9 -10 -11 11 12 14 -15 -16 -17 -18
leaf_value=-0.90419230461120614 3.4356018352508553 -10.506354522705077 3.5737741879054479 -3.4555191040039066 0.22854868173599199 3.6431178410847984 -0.39266769409179697 -2.6003916931152342 -0.82007038394610088 1.497088646888733 0.88209155003229789 -0.065589336554209371 0.63336783885955816 0.1815055211385091 -0.023954432209332785 -0.44691683564867291 -0.74498846054077139
leaf_weight=5.9999999999999991 4.9999999999999982 6 6.9999999999999991 4.9999999999999991 5.0000000000000089 5.9999999999999991 4.9999999999999982 5 5.9999999999999991 5.9999999999999991 5.9999999999999982 6.0000000000000018 4.9999999999999991 6 8.9999999999999982 7 5
leaf_count=6 5 6 7 5 5 6 5 5 6 6 6 6 5 6 9 7 5
internal_value=-0.277002 -4.1691 0.173662 -0.0968017 0.105531 0.797838 -0.286341 -1.49653 0.0865181 0.388714 -0.00490234 0.140928 -0.0466892 0.531799 0.210804 -0.165473 -0.374407
internal_weight=106 11 95 88 83 30 53 10 24 18 43 37 25 12 14 12 11
internal_count=106 11 95 88 83 30 53 10 24 18 43 37 25 12 14 12 11
is_linear=0
shrinkage=0.05


Tree=305
num_leaves=17
num_cat=0
split_feature=4 2 2 6 1 1 5 4 1 1 5 1 6 4 2 1
split_gain=74261.6 275931 32029 29334.1 61572 27409.4 10081.9 4286.31 4644.22 4533.88 2392.51 556.07 900.608 297.251 196.572 116.043
threshold=1.8899163912421544 0.75904576824017289 0.56505205340798936 7.1676944068471782 27797.939671950877 29628.349800647582 0.29614888529253236 2.1543446061517115 15719.604082849797 10621.309512456515 0.33198916330476513 6411.94674379548 11.49094878481216 2.7451911326668745 0.23674119032890859 5657.3230438461069
decision_type=2 2 2 2 2 2 2 2 2 2 2 2 2 2 2 2
left_child=-1 2 3 5 6 -2 -5 -8 9 10 -9 13 -13 14 -12 -16
right_child=1 -3 -4 4 -6 -7 7 8 -10 -11 11 12 -14 -15 15 -17
leaf_value=4.8356068900653293 0.19056328535079958 -9.4024578452110301 4.1644684600830075 2.2454954528808595 -5.6568383455276496 5.2030774688720696 -1.0971837070253161 1.1063308906555176 1.1198499865002103 -1.2940158469336374 0.064439186784956137 -0.31830826699733739 0.537112089805305 -0.53988185405731204 -0.3988952929774921 -0.072747358679771418
leaf_weight=6.9999999999999991 5.9999999999999982 7.9999999999999991 4.9999999999999991 4.9999999999999991 4.9999999999999991 5 8.9999999999999982 4.9999999999999991 8.9999999999999982 6.9999999999999991 9.0000000000000053 4.9999999999999991 7.9999999999999991 4.9999999999999991 5.9999999999999982 5
leaf_count=7 6 8 5 5 5 5 9 5 9 7 9 5 8 5 6 5
internal_value=-0.146236 -0.488127 0.27054 0.0517796 -0.289107 2.46898 0.0785453 -0.0807893 0.074254 -0.113953 0.0781499 -0.0571371 0.208104 -0.195063 -0.108858 -0.250646
internal_weight=109 102 94 89 78 11 73 68 59 50 43 38 13 25 20 11
internal_count=109 102 94 89 78 11 73 68 59 50 43 38 13 25 20 11
is_linear=0
shrinkage=0.05


Tree=306
num_leaves=18
num_cat=0
split_feature=4 2 2 6 0 0 1 6 1 5 5 2 5 5 0 0 4
split_gain=67021.1 249027 28906.2 26474 68376.5 24737 9102.8 2663.66 1866.08 4232.36 1628.01 1040.24 350.208 576.642 274.877 158.5 192.296
threshold=1.8899163912421544 0.75904576824017289 0.56505205340798936 7.1676944068471782 77954.999999999985 54773.500000000007 18300.224719541544 15.896966433889316 10621.309512456515 0.35114664584695249 0.39439240646744306 0.2994101109548431 0.37079327361855535 0.38063547960389132 30461.999999999993 24627.000000000004 2.3696226992571545
decision_type=2 2 2 2 2 2 2 2 2 2 2 2 2 2 2 2 2
left_child=-1 2 3 5 6 -2 7 8 9 -5 -10 -9 -11 -14 15 16 -15
right_child=1 -3 -4 4 -6 -7 -8 11 10 12 -12 -13 13 14 -16 -17 -18
leaf_value=4.5938268499714985 0.18103512525558474 -8.9323346257209781 3.9562456512451174 1.4500125090281168 -5.9312145203351978 4.9429235839843741 1.8272109423364915 -1.3306881237030033 -1.1765887498855594 -0.36890139579772951 0.0046963691711425781 -0.31076529629528515 0.57474310874938961 -0.16594275434811898 -0.30816877285639444 0.25116529241204261 0.22079192996025088
leaf_weight=6.9999999999999991 5.9999999999999982 7.9999999999999991 4.9999999999999991 5.9999999999999991 4.9999999999999991 5 6.9999999999999991 4.9999999999999982 4.9999999999999982 4.9999999999999991 7 5 4.9999999999999991 9.0000000000000053 5.9999999999999991 7.9999999999999991 4.9999999999999991
leaf_count=7 6 8 5 6 5 5 7 5 5 5 7 5 5 9 6 8 5
internal_value=-0.138924 -0.46372 0.257013 0.0491906 -0.274652 2.34553 0.112784 -0.0690495 0.0651786 0.215911 -0.487506 -0.820727 0.0210525 0.0801364 -0.00818627 0.0736271 -0.0278232
internal_weight=109 102 94 89 78 11 73 66 56 44 12 10 38 33 28 22 14
internal_count=109 102 94 89 78 11 73 66 56 44 12 10 38 33 28 22 14
is_linear=0
shrinkage=0.05


Tree=307
num_leaves=18
num_cat=0
split_feature=4 2 2 6 0 0 0 5 5 5 5 2 2 6 2 0 0
split_gain=60486.5 224747 26087.9 23892.8 61709.8 22325.1 7882.57 5926.63 2304.74 1648.63 1279.31 969.818 813.511 1585.39 510.5 216.512 173.455
threshold=1.8899163912421544 0.75904576824017289 0.56505205340798936 7.1676944068471782 77954.999999999985 54773.500000000007 48227.499999999993 0.35114664584695249 0.30656309121883385 0.33198916330476513 0.36316424738755676 0.43149840856083482 0.3433574889033712 9.1127472625752919 0.28437702154139949 29586.000000000004 11010.999999999998
decision_type=2 2 2 2 2 2 2 2 2 2 2 2 2 2 2 2 2
left_child=-1 2 3 5 6 -2 8 -8 -5 -10 -11 12 13 -12 15 16 -15
right_child=1 -3 -4 4 -6 -7 7 -9 9 10 11 -13 -14 14 -16 -17 -18
leaf_value=4.3641351802008499 0.17198330958684288 -8.4857176065444957 3.758433456420899 -1.1518495559692383 -5.6346538400650026 4.6957775878906238 2.5933383464813238 0.3394596653325217 0.83497144699096681 -0.8022209246953329 -0.85242012023925795 -0.68149868905544286 0.65367890551686292 0.36687611818313548 -0.20580980827411019 0.47132528509412497 -0.00042392677730984158
leaf_weight=6.9999999999999991 5.9999999999999982 7.9999999999999991 4.9999999999999991 4.9999999999999991 4.9999999999999991 5 4.9999999999999982 7 4.9999999999999991 5.9999999999999991 4.9999999999999991 4.9999999999999991 4.9999999999999991 5.0000000000000062 8.9999999999999982 6.9999999999999991 8.9999999999999982
leaf_count=7 6 8 5 5 5 5 5 7 5 6 5 5 5 5 9 7 9
internal_value=-0.131978 -0.440534 0.244162 0.0467311 -0.26092 2.22825 0.107144 1.27858 -0.123301 -0.0314663 -0.116411 -0.0249699 0.0570962 -0.0281299 0.109252 0.244278 0.130755
internal_weight=109 102 94 89 78 11 73 12 61 56 51 45 40 35 30 21 14
internal_count=109 102 94 89 78 11 73 12 61 56 51 45 40 35 30 21 14
is_linear=0
shrinkage=0.05


Tree=308
num_leaves=18
num_cat=0
split_feature=4 2 2 6 0 0 0 5 5 5 5 2 2 6 2 4 5
split_gain=54589.1 202834 23544.3 21563.3 55693.1 20148.4 7114.02 5348.78 2080.03 1487.89 1154.58 875.26 734.193 1430.82 460.726 201.006 167.695
threshold=1.8899163912421544 0.75904576824017289 0.56505205340798936 7.1676944068471782 77954.999999999985 54773.500000000007 48227.499999999993 0.35114664584695249 0.30656309121883385 0.33198916330476513 0.36316424738755676 0.43149840856083482 0.3433574889033712 9.1127472625752919 0.28437702154139949 2.6272356579924998 0.43118641632164573
decision_type=2 2 2 2 2 2 2 2 2 2 2 2 2 2 2 2 2
left_child=-1 2 3 5 6 -2 8 -8 -5 -10 -11 12 13 -12 15 16 -15
right_child=1 -3 -4 4 -6 -7 7 -9 9 10 11 -13 -14 14 -16 -17 -18
leaf_value=4.1459284169333328 0.16338416735331221 -8.0614317178726207 3.5705113601684575 -1.0942571258544922 -5.3529211044311529 4.4609884643554683 2.4636714458465581 0.32248667223112926 0.79322293281555178 -0.76210987567901611 -0.80979909896850588 -0.64742378950119017 0.62099496066570292 -0.077137176195780352 -0.19551931851440008 0.45083012069974632 0.2725452959537506
leaf_weight=6.9999999999999991 5.9999999999999982 7.9999999999999991 4.9999999999999991 4.9999999999999991 4.9999999999999991 5 4.9999999999999982 7 4.9999999999999991 5.9999999999999991 4.9999999999999991 4.9999999999999991 4.9999999999999991 6.0000000000000062 8.9999999999999982 6.9999999999999991 7.9999999999999991
leaf_count=7 6 8 5 5 5 5 5 7 5 6 5 5 5 6 9 7 8
internal_value=-0.125379 -0.418508 0.231954 0.0443945 -0.247874 2.11684 0.101787 1.21465 -0.117136 -0.029893 -0.110591 -0.0237214 0.0542414 -0.0267234 0.103789 0.232064 0.122681
internal_weight=109 102 94 89 78 11 73 12 61 56 51 45 40 35 30 21 14
internal_count=109 102 94 89 78 11 73 12 61 56 51 45 40 35 30 21 14
is_linear=0
shrinkage=0.05


Tree=309
num_leaves=19
num_cat=0
split_feature=6 2 2 0 0 7 0 3 2 0 5 7 5 2 2 0 7 2
split_gain=57256.7 403922 350311 182360 47580.8 10269.4 6543.14 4724.76 4133 1962.92 2066.12 1538.46 3112.41 715.951 483.448 209.511 80.1509 72.6458
threshold=8.8564046125742681 0.63546820154915784 0.56505205340798936 77954.999999999985 62016 0.31484733852736624 48227.499999999993 3.5000000000000004 0.3433574889033712 33369.000000000007 0.37079327361855535 0.038704089731232433 0.36316424738755676 0.18761642588800242 0.43149840856083482 28397.000000000015 0.11928437684421113 0.28437702154139949
decision_type=2 2 2 2 2 2 2 2 2 2 2 2 2 2 2 2 2 2
left_child=2 3 4 6 5 8 9 -8 -1 11 -11 -2 -13 -14 15 16 17 -15
right_child=1 -3 -4 -5 -6 -7 7 -9 -10 10 -12 12 13 14 -16 -17 -18 -19
leaf_value=-0.36253986358642509 -0.68145822116306853 11.229326987266541 -12.781806286176046 -9.8247174072265633 5.0992677497863772 -1.7494961321353912 2.3404878616333011 0.16683551907539365 1.6704375839233396 -1.4877883911132814 -0.050386774539947499 1.1719459692637126 0.43240831096967058 0.063541648387908808 -0.61505257368087773 -0.35890921592712405 0.13921358244759696 -0.19451265732447304
leaf_weight=5.0000000000000089 6.9999999999999991 7.9999999999999991 5.9999999999999991 4.9999999999999991 4.9999999999999991 7.9999999999999991 4.9999999999999982 5 5 4.9999999999999982 5 5.9999999999999991 5.9999999999999991 5.0000000000000089 4.9999999999999991 4.9999999999999991 6.9999999999999991 6
leaf_count=5 7 8 6 5 5 8 5 5 5 5 5 6 6 5 5 5 7 6
internal_value=-0.11911 0.57085 -2.02245 -0.613425 0.784342 -0.414249 0.0739847 1.25366 0.653949 -0.132976 -0.769088 0.00236674 0.122036 -0.0632421 -0.169453 -0.0725834 0.00695152 -0.0772152
internal_weight=109 80 29 72 23 18 67 10 10 57 10 47 40 34 28 23 18 11
internal_count=109 80 29 72 23 18 67 10 10 57 10 47 40 34 28 23 18 11
is_linear=0
shrinkage=0.05


Tree=310
num_leaves=18
num_cat=0
split_feature=6 1 6 0 4 1 0 7 0 1 4 1 6 5 7 3 0
split_gain=66963.3 341127 278373 43268.3 22135.3 61001.2 38935.9 9066.66 2085 1438.74 1143.36 813.92 371.139 838.471 863.627 184.367 58.5753
threshold=8.3629238554085266 39566.250451175925 7.6931119805369192 62016 2.8480664780767246 18300.224719541544 50610.999999999993 0.31484733852736624 35195 1580.3453037190059 2.3696226992571545 9024.029416178264 14.53419826291236 0.39439240646744306 0.10044078237494418 5.5000000000000009 19519.500000000011
decision_type=2 2 2 2 2 2 2 2 2 2 2 2 2 2 2 2 2
left_child=2 4 3 7 5 10 8 -1 9 -6 11 15 13 14 -12 16 -2
right_child=1 -3 -4 -5 6 -7 -8 -9 -10 -11 12 -13 -14 -15 -16 -17 -18
leaf_value=0.70874960157606259 -0.35655776063601141 10.829128932952882 -11.363679480552674 4.8443042850494393 -0.086010494232177701 -5.8373609697818765 5.191718196868897 -1.5355839106771683 -0.73677361488342286 1.1134638595581052 0.15209796958499475 -0.86764601588249202 0.56995391368865966 0.50106788761913779 -0.66748091936111453 0.11494554638862611 -0.1248380661010742
leaf_weight=9.0000000000000089 6.0000000000000053 7.9999999999999991 5.9999999999999991 4.9999999999999991 5.0000000000000018 4.9999999999999991 4.9999999999999991 8.9999999999999982 4.9999999999999991 5 9.0000000000000053 4.9999999999999991 4.9999999999999991 7.9999999999999991 4.9999999999999991 4.9999999999999991 5
leaf_count=9 6 8 6 5 5 5 5 9 5 5 9 5 5 8 5 5 5
internal_value=0.289263 1.02742 -1.77248 0.729566 -0.0467406 -0.581586 1.3706 -0.413417 0.0968933 0.513727 -0.0341094 -0.310811 0.181103 0.0927282 -0.140609 -0.136801 -0.251231
internal_weight=110 81 29 23 73 53 20 18 15 10 48 21 27 22 14 16 11
internal_count=110 81 29 23 73 53 20 18 15 10 48 21 27 22 14 16 11
is_linear=0
shrinkage=0.05


Tree=311
num_leaves=17
num_cat=0
split_feature=2 7 1 1 1 4 4 6 2 4 3 0 4 2 4 1
split_gain=78913.9 383164 56872 31000.5 5580.47 9054.26 2720.03 2115.88 1712.75 953.121 728.631 843.286 919.181 772.044 258.997 176.919
threshold=0.63546820154915784 0.15165859421828662 31062.671928726599 24205.677865591173 13956.18840917876 2.4709768464156912 1.9905416946811754 7.1676944068471782 0.35245113372703452 2.934351799697287 3.5000000000000004 39777.5 2.5450332819636068 0.2079265850607315 2.3193823819540831 5657.3230438461069
decision_type=2 2 2 2 2 2 2 2 2 2 2 2 2 2 2 2
left_child=2 -2 3 4 6 -6 -1 -8 9 10 13 12 14 -9 15 -12
right_child=1 -3 -4 -5 5 -7 7 8 -10 -11 11 -13 -14 -15 -16 -17
leaf_value=-0.85244692904608588 11.652984482901438 -6.4695531082153312 -4.5367103576660162 3.6137411912282311 -2.2933806487492152 0.16895994357764721 1.0795971016089121 0.88307142734527599 0.82498445425714773 -0.47601974275377068 -0.1533648180961607 -0.53190625054495677 0.69283909559249879 0.1081656598382526 -0.38379214495420455 0.26725218296051023
leaf_weight=6.9999999999999991 6.9999999999999982 5 6.9999999999999991 5.9999999999999991 6.9999999999999991 7.9999999999999991 5.9999999999999991 4.9999999999999991 6.9999999999999991 8.9999999999999982 5.0000000000000053 6.9999999999999991 4.9999999999999991 8.9999999999999982 4.9999999999999991 5
leaf_count=7 7 5 7 6 7 8 6 5 7 9 5 7 5 9 5 5
internal_value=0.2748 4.10193 -0.193828 0.14024 -0.104949 -0.980132 0.0825906 0.186484 0.0924717 -0.01008 0.0921994 -0.0595805 0.105734 0.384918 -0.0899683 0.0569437
internal_weight=110 12 98 91 85 15 70 63 57 50 41 27 20 14 15 10
internal_count=110 12 98 91 85 15 70 63 57 50 41 27 20 14 15 10
is_linear=0
shrinkage=0.05


Tree=312
num_leaves=18
num_cat=0
split_feature=2 6 0 1 0 4 1 4 6 1 4 0 4 0 0 4 0
split_gain=71219.8 345806 51788.8 14564.7 45848.5 2802.58 1475 2199.98 2049.07 2213.39 1779.2 421.934 385.476 471.859 130.78 53.2281 52.5883
threshold=0.63546820154915784 10.191971975417099 87502.499999999985 29628.349800647582 66429.000000000015 1.8899163912421544 13301.812676166339 2.4924571051868147 7.1676944068471782 10621.309512456515 3.0121539584389425 14717.500000000004 2.6272356579924998 30461.999999999993 27800.999999999996 2.4709768464156912 19519.500000000011
decision_type=2 2 2 2 2 2 2 2 2 2 2 2 2 2 2 2 2
left_child=2 -2 3 4 5 -1 8 -8 -7 10 11 15 13 14 16 -10 -13
right_child=1 -3 -4 -5 -6 6 7 -9 9 -11 -12 12 -14 -15 -16 -17 -18
leaf_value=-1.170323600769043 -6.1460758399963389 11.070335251944405 -4.6849734981854763 -2.5148288917541506 4.9085195970535285 1.0256172279516855 -1.2590852260589602 0.11412047190325599 -0.36087399721145635 -0.85442583560943608 0.79935666190253363 0.18415924310684179 0.39624361462063262 -0.37146247625350953 0.35785367250442507 -0.13998397787412006 -0.02254828363656998
leaf_weight=4.9999999999999991 4.9999999999999982 7 5.9999999999999991 4.9999999999999991 4.9999999999999991 5.9999999999999991 4.9999999999999982 7 4.9999999999999982 5.9999999999999991 8.9999999999999982 5.0000000000000062 8.9999999999999982 5.9999999999999991 4.9999999999999991 6 7.9999999999999991
leaf_count=5 5 7 6 5 5 6 5 7 5 6 9 5 9 6 5 6 8
internal_value=0.26106 3.89683 -0.184137 0.109396 0.260214 -0.0232198 0.0512675 -0.458049 0.145295 0.0557708 0.158812 0.0277914 0.117185 0.0125376 0.140538 -0.240389 0.0569546
internal_weight=110 12 98 92 87 82 77 12 65 59 53 44 33 24 18 11 13
internal_count=110 12 98 92 87 82 77 12 65 59 53 44 33 24 18 11 13
is_linear=0
shrinkage=0.05


Tree=313
num_leaves=18
num_cat=0
split_feature=2 7 2 5 0 1 2 2 6 1 2 6 2 6 1 2 1
split_gain=64275.9 312090 48051.4 23339.8 62812 17408.3 49080.9 3152.43 2458.94 2249.98 1259.15 1298.73 676.072 503.843 323.912 195.183 70.9961
threshold=0.63546820154915784 0.15165859421828662 0.52592071588983369 0.35114664584695249 62016 16516.706392829426 0.35245113372703452 0.45754712422382926 15.896966433889316 12221.392818450666 0.22093611501468283 11.998065177793462 0.2566042183329999 9.6179462059860477 9024.029416178264 0.28437702154139949 6093.7564319131534
decision_type=2 2 2 2 2 2 2 2 2 2 2 2 2 2 2 2 2
left_child=2 -2 3 4 8 7 -7 9 -1 10 11 -5 13 -12 15 -14 -17
right_child=1 -3 -4 5 -6 6 -8 -9 -10 -11 12 -13 14 -15 -16 16 -18
leaf_value=0.63552330562046577 10.516818523406984 -5.8387718772888171 -4.1668491227286202 -1.0343638160824777 6.5014653527736677 -5.7179687321186075 1.2878047561645507 -1.1707540726661683 -0.68976470402308865 0.97819861003330777 0.85395454406738291 -0.0071241736412048342 0.29466093033552143 0.21413234733045103 -0.34555690169334413 -0.14588066438833877 0.10922669053077697
leaf_weight=7.0000000000000018 6.9999999999999982 5 6.9999999999999991 4.9999999999999991 4.9999999999999991 4.9999999999999982 5 4.9999999999999991 7 6.9999999999999991 4.9999999999999991 7.9999999999999991 8.0000000000000053 7.9999999999999991 4.9999999999999991 5.9999999999999982 5
leaf_count=7 7 5 7 5 5 5 5 5 7 7 5 8 8 8 5 6 5
internal_value=0.248007 3.70199 -0.17493 0.132141 1.69093 -0.279206 -2.21508 0.0330321 -0.0271207 0.138627 0.0210874 -0.402216 0.169816 0.460218 0.0125147 0.106744 -0.0299228
internal_weight=110 12 98 91 19 72 10 62 14 57 50 13 37 13 24 19 11
internal_count=110 12 98 91 19 72 10 62 14 57 50 13 37 13 24 19 11
is_linear=0
shrinkage=0.05


Tree=314
num_leaves=17
num_cat=0
split_feature=2 7 1 1 1 4 7 1 7 4 0 2 2 7 2 5
split_gain=58009 281661 45644.3 27915.8 5463.17 2665.73 1363.54 1819.21 2235.12 1601.85 362.724 441.859 226.535 183.664 166.383 93.1126
threshold=0.63546820154915784 0.15165859421828662 31062.671928726599 24205.677865591173 17549.64770584663 1.8899163912421544 0.25299665001172827 10621.309512456515 0.16161402610131517 3.0121539584389425 37401.000000000015 0.16744804518791417 0.28437702154139949 0.070310733269566925 0.24878814255985207 0.41781195714099434
decision_type=2 2 2 2 2 2 2 2 2 2 2 2 2 2 2 2
left_child=2 -2 3 4 5 -1 7 9 -9 10 11 -7 13 -13 -15 -14
right_child=1 -3 -4 -5 -6 6 -8 8 -10 -11 -12 12 15 14 -16 -17
leaf_value=-1.0963701725006103 9.9909774439675481 -5.5468328285217279 -4.0568329402378636 3.429257734616598 -1.4376502241407123 -0.45794595003128058 0.76054733140128006 -1.1103834118161886 0.20474166075388589 0.76442617840237093 0.43326440811157224 0.38489114741484304 -0.28179754376411442 -0.11811937689781192 0.22661942626748763 -0.012686143981085885
leaf_weight=4.9999999999999991 6.9999999999999982 5 6.9999999999999991 5.9999999999999991 6.9999999999999991 4.9999999999999991 6.9999999999999991 6.9999999999999982 6 8.9999999999999982 4.9999999999999991 6.0000000000000027 4.9999999999999991 6.9999999999999982 7 8.9999999999999982
leaf_count=5 7 5 7 6 7 5 7 7 6 9 5 6 5 7 7 9
internal_value=0.235606 3.51689 -0.166183 0.133097 -0.0995729 0.020511 0.0970097 0.0266345 -0.503403 0.156644 0.0323245 -0.0190781 0.0454613 0.153442 0.05425 -0.108797
internal_weight=110 12 98 91 85 78 73 66 13 53 44 39 34 20 14 14
internal_count=110 12 98 91 85 78 73 66 13 53 44 39 34 20 14 14
is_linear=0
shrinkage=0.05


Tree=315
num_leaves=19
num_cat=0
split_feature=0 0 4 0 2 4 2 2 4 0 0 4 0 2 5 7 3 2
split_gain=61822.5 93294.3 41712.6 125181 113589 17701.8 66667 25567.1 2510.82 1649.27 909.025 2177.32 1545.32 979.595 629.82 950.176 287.675 4.23741
threshold=87502.499999999985 70868.500000000015 2.1883376604767633 58162.500000000022 0.43149840856083482 2.4709768464156912 0.63546820154915784 0.51592895015361084 2.0660216113510246 29848.500000000004 20969.499999999993 2.7837997876371747 11010.999999999998 0.2994101109548431 0.44006687884785706 0.21467669911528109 2.5000000000000004 0.22605089977735515
decision_type=2 2 2 2 2 2 2 2 2 2 2 2 2 2 2 2 2 2
left_child=1 2 4 5 8 7 10 14 9 -1 12 13 16 17 15 -4 -7 -12
right_child=-2 -3 3 -5 -6 6 -8 -9 -10 -11 11 -13 -14 -15 -16 -17 -18 -19
leaf_value=-0.95976003110408736 -4.2243180632591253 7.0004489886760712 0.26891205310821514 6.900889250210354 -8.5622986316680905 -0.37952451705932627 -6.15260226726532 4.1523361873626712 1.0546254467964171 0.32447876930236813 -0.23529734134674044 -0.95697458812168668 0.90364618996779122 0.60537356535593678 0.61562964200973513 -0.59075418472290042 0.1568292951583862 -0.17020195245742797
leaf_weight=5.0000000000000018 7.9999999999999991 4.9999999999999991 9.0000000000000053 6.9999999999999991 4.9999999999999991 4.9999999999999982 4.9999999999999991 4.9999999999999991 4.9999999999999991 5 5.0000000000000053 6.9999999999999991 5.9999999999999991 5.9999999999999991 4.9999999999999991 4.9999999999999991 5 5
leaf_count=5 8 5 9 7 5 5 5 5 5 5 5 7 6 6 5 5 5 5
internal_value=0.00515493 0.343513 -0.0068523 0.534184 -2.03574 -0.121212 -0.717016 0.971094 0.139781 -0.317641 -0.0201455 -0.221482 0.269275 0.100297 0.133926 -0.0381116 -0.111348 -0.20275
internal_weight=108 100 95 75 20 68 44 24 15 10 39 23 16 16 19 14 10 10
internal_count=108 100 95 75 20 68 44 24 15 10 39 23 16 16 19 14 10 10
is_linear=0
shrinkage=0.05


Tree=316
num_leaves=16
num_cat=0
split_feature=5 2 2 0 1 5 6 1 2 2 1 6 1 6 7
split_gain=58868.9 206270 61715.5 98275.7 17679.6 2276.88 2461.49 2191.89 2610.1 2637.78 889.778 1568.14 917.967 441.201 76.387
threshold=0.52913203615314297 0.90942970609434792 0.63546820154915784 87502.499999999985 22348.395371591363 0.4500170190692121 9.6179462059860477 9833.536278827658 0.35245113372703452 0.2994101109548431 1117.7490461145278 15.008018257059971 8587.5259268539885 13.043294761977926 0.11928437684421113
decision_type=2 2 2 2 2 2 2 2 2 2 2 2 2 2 2
left_child=1 2 3 4 5 7 -7 10 9 -9 -1 12 13 14 -12
right_child=-2 -3 -4 -5 -6 6 -8 8 -10 -11 11 -13 -14 -15 -16
leaf_value=-0.47341977556546527 4.4390722419534416 -10.203388435840608 4.7336585044860842 -6.9523703765869147 2.3570755799611409 1.3524052421251933 0.012691238569095731 -0.68693036834398891 -1.4218262195587159 0.74541238784790043 -0.10117080907026915 0.80043719634413724 0.61495998382568362 -0.431779021024704 0.13483517654240132
leaf_weight=5.9999999999999991 6.9999999999999991 4.9999999999999991 6.9999999999999991 4.9999999999999991 8.9999999999999982 5.9999999999999991 7.9999999999999991 9.0000000000000018 5.9999999999999991 4.9999999999999991 6.0000000000000062 7.9999999999999991 4.9999999999999991 7.9999999999999991 7.9999999999999991
leaf_count=6 7 5 7 5 9 6 8 9 6 5 6 8 5 8 8
internal_value=0.0048972 -0.302422 0.213253 -0.142284 0.263078 0.0117986 0.586854 -0.120181 -0.549313 -0.175379 0.0891513 0.185592 0.00341572 -0.135572 0.0336898
internal_weight=108 101 96 89 84 75 14 61 20 14 41 35 27 22 14
internal_count=108 101 96 89 84 75 14 61 20 14 41 35 27 22 14
is_linear=0
shrinkage=0.05


Tree=317
num_leaves=18
num_cat=0
split_feature=4 2 2 0 6 0 0 2 2 2 2 0 2 0 2 3 7
split_gain=53129.2 186158 55698.2 88693.8 10138.8 17567.6 11910.3 10042.2 1527.24 1371.16 2404.29 1659.2 1721.53 1589.01 371.857 305.435 551.483
threshold=1.8899163912421544 0.90942970609434792 0.63546820154915784 87502.499999999985 14.53419826291236 62016 19519.500000000011 0.52592071588983369 0.2079265850607315 0.35245113372703452 0.32534461537208209 39777.5 0.23339000128674831 28397.000000000015 0.18761642588800242 4.5000000000000009 0.097445459401076309
decision_type=2 2 2 2 2 2 2 2 2 2 2 2 2 2 2 2 2
left_child=-1 2 3 4 5 7 8 9 -6 10 11 14 -13 -11 -2 16 -16
right_child=1 -3 -4 -5 6 -7 -8 -9 -10 13 -12 12 -14 -15 15 -17 -18
leaf_value=4.2171185425349647 0.64357087016105607 -9.6932196331024176 4.4969757148197722 -6.6047515678405766 -0.68980644702911331 2.9050676822662354 -2.8758084392547612 2.3995440101623537 0.42414240296930078 0.21748292207717901 1.0326290573392596 0.13871844311555229 -1.0590314467748005 -0.9894099513689677 -0.056609199444452897 -0.13613564347227414 0.59664609176771977
leaf_weight=6.9999999999999991 5.0000000000000027 4.9999999999999991 6.9999999999999991 4.9999999999999991 5.0000000000000027 6.9999999999999991 4.9999999999999991 4.9999999999999991 7.9999999999999991 4.9999999999999982 6.9999999999999991 5.9999999999999982 6 6 6.0000000000000018 5.9999999999999991 7
leaf_count=7 5 5 7 5 5 7 5 5 8 5 7 6 6 6 6 6 7
internal_value=0.00465232 -0.287301 0.202591 -0.13517 0.249924 0.536797 -0.801941 0.255815 -0.00429946 0.057322 0.184754 0.0198897 -0.460157 -0.440822 0.259913 0.15895 0.295144
internal_weight=108 101 96 89 84 66 18 59 13 54 43 36 12 11 24 19 13
internal_count=108 101 96 89 84 66 18 59 13 54 43 36 12 11 24 19 13
is_linear=0
shrinkage=0.05


Tree=318
num_leaves=17
num_cat=0
split_feature=4 2 2 1 1 0 4 6 0 0 4 2 6 0 0 1
split_gain=47949.1 168008 50267.6 90509.8 52545.5 6169.56 1554.08 2070.59 1327.66 2617.85 1223.67 697.871 596.047 787.817 1078.78 702.485
threshold=1.8899163912421544 0.90942970609434792 0.63546820154915784 31062.671928726599 24205.677865591173 58162.500000000022 2.2221563262003503 9.6179462059860477 50610.999999999993 45841.500000000007 2.2723896376949191 0.3433574889033712 11.49094878481216 8615.0000000000073 20969.499999999993 6411.94674379548
decision_type=2 2 2 2 2 2 2 2 2 2 2 2 2 2 2 2
left_child=-1 2 3 4 5 6 7 -2 9 10 -8 12 -12 -14 -15 -16
right_child=1 -3 -4 -5 -6 -7 8 -9 -10 -11 11 -13 13 14 15 -17
leaf_value=4.006262758799962 1.2420107523600261 -9.2085581016540541 4.2721265809876581 -6.0588427702585861 4.807097244262696 -1.7492581008374692 -0.73866920709609996 0.013268805108964443 0.65717717806498221 -1.1106287240982056 -0.38735935189761223 0.50881839394569395 -0.26574800784389169 0.84903456568717961 -0.41808685898780829 0.42005671501159664
leaf_weight=6.9999999999999991 5.9999999999999991 4.9999999999999991 6.9999999999999991 5.9999999999999991 5.9999999999999991 4.9999999999999991 4.9999999999999991 7.9999999999999991 5.9999999999999991 5.9999999999999991 7.9999999999999991 7.9999999999999991 9.0000000000000018 5.9999999999999991 4.9999999999999982 5
leaf_count=7 6 5 7 6 6 5 5 8 6 6 8 8 9 6 5 5
internal_value=0.0044197 -0.272936 0.192461 -0.128411 0.300295 -0.0508849 0.0670577 0.539872 -0.04707 -0.128329 -0.000203241 0.0898536 -0.0117136 0.108493 0.319004 0.000984928
internal_weight=108 101 96 89 83 77 72 14 58 52 46 41 33 25 16 10
internal_count=108 101 96 89 83 77 72 14 58 52 46 41 33 25 16 10
is_linear=0
shrinkage=0.05


Tree=319
num_leaves=18
num_cat=0
split_feature=4 0 6 0 4 1 1 7 1 4 1 0 0 0 0 0 1
split_gain=43274.1 68777.6 186942 43478.8 17159.9 63221.4 31385.3 3460.67 1292.46 1135.59 3538.76 477.683 344.509 1298.86 641.016 123.215 109.457
threshold=1.8899163912421544 66429.000000000015 10.191971975417099 58162.500000000022 2.4709768464156912 24205.677865591173 17549.64770584663 0.25299665001172827 9833.536278827658 2.535545779047951 9833.536278827658 14717.500000000004 11010.999999999998 20369.499999999996 37401.000000000015 29586.000000000004 6411.94674379548
decision_type=2 2 2 2 2 2 2 2 2 2 2 2 2 2 2 2 2
left_child=-1 3 -3 4 6 9 7 8 11 -6 12 -2 -11 -14 -15 16 -13
right_child=1 2 -4 -5 5 -7 -8 -9 -10 10 -12 15 13 14 -16 -17 -18
leaf_value=3.8059494222913473 -0.34302695751190115 -9.3507090841020855 1.8378590814769269 4.8106116390228273 0.59443584765706747 -5.9543091368675238 4.1099947611490881 1.2376243313153585 -0.81855666160583496 -0.10617556290494068 -1.2031594435373942 -0.045460196137428299 0.95346342086791924 -0.31456877674375266 0.42667500138282777 0.42395283699035646 0.28538230895996092
leaf_weight=6.9999999999999991 5.0000000000000098 6.9999999999999991 7.9999999999999991 4.9999999999999991 6.9999999999999991 4.9999999999999991 5.9999999999999991 5.9999999999999991 4.9999999999999991 9.0000000000000018 5.9999999999999991 4.9999999999999982 5.0000000000000027 6.9999999999999982 5 4.9999999999999991 5
leaf_count=7 5 7 8 5 7 5 6 6 5 9 6 5 5 7 5 5 5
internal_value=0.00419874 -0.259289 -3.38347 0.285627 0.0063068 -0.661053 0.799924 0.159265 -0.0995417 0.0175699 -0.10862 0.080212 0.143967 0.276395 -0.0057172 0.221292 0.119961
internal_weight=108 101 15 86 81 44 37 31 25 39 32 20 26 17 12 15 10
internal_count=108 101 15 86 81 44 37 31 25 39 32 20 26 17 12 15 10
is_linear=0
shrinkage=0.05


Tree=320
num_leaves=18
num_cat=0
split_feature=4 2 1 6 1 1 4 7 1 6 1 4 0 4 2 6 2
split_gain=44391.7 151059 53478.1 24710.8 136538 51370.3 9067.29 6892.45 4410.47 4547.92 4319.66 2979.79 720.128 486.4 247.543 118.286 249.527
threshold=1.8899163912421544 0.90942970609434792 52757.674236056024 9.1127472625752919 27797.939671950877 31062.671928726599 3.3769844207411572 0.36171664427398059 10621.309512456515 10.883215456439848 13301.812676166339 3.0121539584389425 31244.499999999993 2.7451911326668745 0.18761642588800242 10.631232603955729 0.30882258029930471
decision_type=2 2 2 2 2 2 2 2 2 2 2 2 2 2 2 2 2
left_child=-1 2 3 5 6 7 8 10 11 -10 -2 12 13 14 -5 -16 -17
right_child=1 -3 -4 4 -6 -7 -8 -9 9 -11 -12 -13 -14 -15 15 16 -18
leaf_value=3.933144773755755 -0.05994375050067894 -8.6605028915405278 5.2849444580078133 0.29566095829009992 -8.4814385557174692 5.8341603088378911 2.1456753921508791 -1.2255507508913677 -2.0788325890898709 -0.10444119998386928 1.5831596195697786 1.1883094628651938 0.45402706520898006 -0.558572382926941 0.062752626650035351 -0.0088111526436275896 -0.4250831152002017
leaf_weight=6.9999999999999991 8.0000000000000089 4.9999999999999991 4.9999999999999991 5.0000000000000027 4.9999999999999991 4.9999999999999991 4.9999999999999991 5.9999999999999991 4.9999999999999982 7 7.9999999999999991 5.9999999999999991 6.9999999999999991 4.9999999999999991 8.0000000000000018 8.9999999999999982 5.9999999999999991
leaf_count=7 8 5 5 5 5 5 5 6 5 7 8 6 7 5 8 9 6
internal_value=0.077849 -0.179171 0.244896 -0.0203698 -0.528505 1.25938 0.10268 0.219656 -0.0734403 -0.927104 0.761608 0.149255 -0.00660364 -0.104313 -0.0231955 -0.0925121 -0.17532
internal_weight=112 105 100 95 68 27 63 22 58 12 16 46 40 33 28 23 15
internal_count=112 105 100 95 68 27 63 22 58 12 16 46 40 33 28 23 15
is_linear=0
shrinkage=0.05


Tree=321
num_leaves=18
num_cat=0
split_feature=6 2 2 0 0 0 7 1 0 1 4 5 5 4 0 0 5
split_gain=40118.4 375637 331537 346236 128431 46559.8 9411.69 4072.22 3813.14 3350.64 1478.72 530.872 505.59 177.35 269.389 145.302 31.9534
threshold=8.8564046125742681 0.63546820154915784 0.63546820154915784 58162.500000000022 77954.999999999985 62016 0.36171664427398059 13301.812676166339 48227.499999999993 10621.309512456515 3.0121539584389425 0.37079327361855535 0.38063547960389132 2.1543446061517115 29848.500000000004 14717.500000000004 0.42586730557949953
decision_type=2 2 2 2 2 2 2 2 2 2 2 2 2 2 2 2 2
left_child=1 5 4 -4 8 6 7 -1 9 10 11 -2 -13 -14 15 -15 -17
right_child=2 -3 3 -5 -6 -7 -8 -9 -10 -11 -12 12 13 14 -16 16 -18
leaf_value=-0.19093762338161452 -0.46449053372655602 -14.010850009918213 -0.11517836570739748 18.492250671386717 -8.2660768890380876 4.7933595975240078 -1.6978686911719187 1.5322362184524536 1.0720945470035077 -1.0423471808433533 0.64035485585530605 0.47803302526474001 0.17315548012653978 -0.26508889436721766 -0.45613671779632575 0.15226437658071523 -0.013230696533407483
leaf_weight=8.0000000000000053 6.9999999999999991 4.9999999999999991 4.9999999999999982 5 4.9999999999999991 5.9999999999999991 6.9999999999999991 5.9999999999999991 7.9999999999999991 7.9999999999999991 8.9999999999999982 4.9999999999999991 6.0000000000000027 5.0000000000000062 4.9999999999999991 4.9999999999999982 7
leaf_count=8 7 5 5 5 5 6 7 6 8 8 9 5 6 5 5 5 7
internal_value=0.0739566 -1.42229 0.672455 9.18854 -0.544128 0.908926 -0.200913 0.547565 0.0498679 -0.0936025 0.0612946 -0.0689939 0.0148993 -0.0678031 -0.133519 -0.0386316 0.0557256
internal_weight=112 32 80 10 70 27 21 14 65 57 49 40 33 28 22 17 12
internal_count=112 32 80 10 70 27 21 14 65 57 49 40 33 28 22 17 12
is_linear=0
shrinkage=0.05


Tree=322
num_leaves=19
num_cat=0
split_feature=4 2 1 6 1 1 4 7 1 2 1 4 0 4 1 2 6 2
split_gain=42147.9 137395 44575.2 20459.8 118857 43448.6 8721.48 5320.28 3667.63 3935.06 3649.58 2532.62 628.21 398.994 388.198 225.364 100.867 213.085
threshold=1.8899163912421544 0.90942970609434792 52757.674236056024 9.1127472625752919 27797.939671950877 31062.671928726599 3.3769844207411572 0.36171664427398059 10621.309512456515 0.2994101109548431 15719.604082849797 3.0121539584389425 31244.499999999993 2.7451911326668745 10621.309512456515 0.18761642588800242 10.631232603955729 0.30882258029930471
decision_type=2 2 2 2 2 2 2 2 2 2 2 2 2 2 2 2 2 2
left_child=-1 2 3 5 6 7 8 10 11 -10 14 12 13 15 -2 -5 -17 -18
right_child=1 -3 -4 4 -6 -7 -8 -9 9 -11 -12 -13 -14 -15 -16 16 17 -19
leaf_value=3.8268559932708741 -0.16800502300262421 -8.2688368988037109 4.8256881713867195 0.28171059131622295 -7.9004623889923096 5.3538373565673831 2.1122650718688969 -1.0793796996275584 -1.9139035201072698 -0.077355296271187923 1.7865585899353029 1.0968762556711833 0.4254957113947187 -0.5074192857742309 0.42852483590443929 0.054713097121566516 -0.011262637045648364 -0.39593833722174171
leaf_weight=6.9999999999999991 5.0000000000000089 4.9999999999999991 4.9999999999999991 5.0000000000000027 4.9999999999999991 4.9999999999999991 4.9999999999999991 5.9999999999999991 4.9999999999999982 7 4.9999999999999991 5.9999999999999991 6.9999999999999991 4.9999999999999991 6 8.0000000000000018 8.9999999999999982 5.9999999999999991
leaf_count=7 5 5 5 5 5 5 5 6 5 7 5 6 7 5 6 8 9 6
internal_value=0.0702587 -0.180181 0.224252 -0.0179292 -0.480296 1.14655 0.108607 0.190347 -0.0641226 -0.842584 0.666495 0.138954 -0.00473406 -0.0959949 0.157375 -0.0225263 -0.0886647 -0.165133
internal_weight=112 105 100 95 68 27 63 22 58 12 16 46 40 33 11 28 23 15
internal_count=112 105 100 95 68 27 63 22 58 12 16 46 40 33 11 28 23 15
is_linear=0
shrinkage=0.05


Tree=323
num_leaves=17
num_cat=0
split_feature=7 2 2 0 0 0 7 0 1 1 1 7 2 1 3 3
split_gain=39761.5 340374 308640 294649 112705 39215 7903.4 4103.47 3596.13 2428.68 1465.41 858.223 913.078 1434.24 706.559 144.016
threshold=0.17020059730283604 0.63546820154915784 0.63546820154915784 58162.500000000022 77954.999999999985 62016 0.36171664427398059 50610.999999999993 13301.812676166339 10621.309512456515 9024.029416178264 0.029207731540309843 0.22093611501468283 5451.4444842065941 3.5000000000000004 4.5000000000000009
decision_type=2 2 2 2 2 2 2 2 2 2 2 2 2 2 2 2
left_child=2 5 4 -4 7 6 8 9 -2 10 11 -1 13 -13 -14 -16
right_child=1 -3 3 -5 -6 -7 -8 -9 -10 -11 -12 12 14 -15 15 -17
leaf_value=-0.67209649085998535 -0.23038286864757518 -13.405950965881349 0.29665462493896494 17.462005920410153 -7.7450045776367196 4.3611726919809977 -1.5940508059092933 1.1887432507106237 1.3889303843180338 -0.84776681794060593 0.77784579594930015 0.72742748657862355 -0.51883578234248673 -0.2705695003271103 0.23417445731659733 -0.089880270778667185
leaf_weight=4.9999999999999991 8.0000000000000053 4.9999999999999991 4.9999999999999982 5 4.9999999999999991 5.9999999999999991 6.9999999999999991 6.9999999999999991 5.9999999999999991 8.9999999999999982 5.9999999999999991 8.9999999999999982 9.0000000000000018 5.9999999999999991 5.9999999999999991 7.9999999999999991
leaf_count=5 8 5 5 5 5 6 7 7 6 9 6 9 9 6 6 8
internal_value=0.0667458 -1.42283 0.662576 8.87933 -0.511246 0.796267 -0.222278 0.045197 0.463609 -0.0928172 0.045847 -0.0562923 0.0247346 0.328229 -0.173196 0.0490003
internal_weight=112 32 80 10 70 27 21 65 14 58 49 43 38 15 23 14
internal_count=112 32 80 10 70 27 21 65 14 58 49 43 38 15 23 14
is_linear=0
shrinkage=0.05


Tree=324
num_leaves=18
num_cat=0
split_feature=4 2 2 6 0 0 2 4 4 6 0 2 2 6 4 0 4
split_gain=39999.9 125296 37787.7 25856.7 80294.3 18446 2036.93 9849.73 1665.74 1111.03 1059.16 904.061 901.203 250.657 247.752 96.2695 49.2067
threshold=1.8899163912421544 0.90942970609434792 0.63546820154915784 6.8722645661915465 77954.999999999985 50610.999999999993 0.3433574889033712 2.4420260066434127 2.934351799697287 11.49094878481216 35195 0.22605089977735515 0.28965910529666361 14.53419826291236 2.4924571051868147 27800.999999999996 2.6272356579924998
decision_type=2 2 2 2 2 2 2 2 2 2 2 2 2 2 2 2 2
left_child=-1 2 3 5 6 -2 8 -8 9 12 13 -10 14 16 15 -5 -11
right_child=1 -3 -4 4 -6 -7 7 -9 11 10 -12 -13 -14 -15 -16 -17 -18
leaf_value=3.723030744280134 0.51819075532257564 -7.9048549842834479 3.7483751433236261 -0.061472561489208523 -5.9600707530975345 4.3895425224304194 -0.65295851230621316 1.6862876309288872 -0.23252431551615402 0.051912994434436116 0.92682667493820192 -1.1428661537170408 -0.80404045820236214 0.33811332583427434 -0.29885919988155368 0.23559145927429195 -0.16046909451484678
leaf_weight=6.9999999999999991 7.9999999999999982 4.9999999999999991 6.9999999999999991 5.0000000000000053 5.9999999999999991 5 9.0000000000000018 8.9999999999999982 5.9999999999999982 6.0000000000000053 4.9999999999999991 5 4.9999999999999991 6.9999999999999991 5.9999999999999991 6 5
leaf_count=7 8 5 7 5 6 5 9 9 6 6 5 5 5 7 6 6 5
internal_value=0.0634085 -0.180566 0.205648 -0.0610087 -0.397088 2.00717 0.0539645 0.516665 -0.0947605 0.0400642 0.283046 -0.646316 -0.213962 0.104218 -0.04041 0.100562 -0.0446243
internal_weight=112 105 100 93 80 13 74 18 56 45 23 11 22 18 17 11 11
internal_count=112 105 100 93 80 13 74 18 56 45 23 11 22 18 17 11 11
is_linear=0
shrinkage=0.05


Tree=325
num_leaves=19
num_cat=0
split_feature=3 0 7 4 0 1 0 2 5 4 7 7 7 7 1 2 2 0
split_gain=31158.8 67480.3 80424.1 47789 116850 92663.6 23935.8 3787.84 3545.48 2560.96 2516.14 1037.29 846.121 531.218 434.45 378.736 406.181 108.138
threshold=1.5000000000000002 77954.999999999985 0.14610001537467651 2.2516050081241255 33369.000000000007 27797.939671950877 35195 0.51592895015361084 0.53816252767130213 2.934351799697287 0.2165094734714553 0.14610001537467651 0.16161402610131517 0.058358282577577782 8587.5259268539885 0.24878814255985207 0.33522895219823584 39777.5
decision_type=2 2 2 2 2 2 2 2 2 2 2 2 2 2 2 2 2 2
left_child=6 3 -3 4 8 7 -1 9 11 10 12 14 13 -5 -2 17 -17 -15
right_child=1 2 -4 5 -6 -7 -8 -9 -10 -11 -12 -13 -14 15 -16 16 -18 -19
leaf_value=-0.095370254516601582 0.061507055815309214 8.7685900878906278 -0.19935857772827148 0.38565613097614715 -8.6924398422241218 5.745194602012635 -4.9877930259704586 1.3132091331481934 -1.43665696144104 -0.95054082870483403 -1.0339999532699584 0.68041789054870616 0.70354831616083791 -0.13537741303443904 -0.53262298107147221 0.30382288106613692 -0.25824352979660031 -0.46422093868255604
leaf_weight=4.9999999999999982 8.0000000000000089 4.9999999999999982 5 8.9999999999999982 4.9999999999999991 7.9999999999999991 5 4.9999999999999991 4.9999999999999991 7.9999999999999991 4.9999999999999991 4.9999999999999991 5.9999999999999991 5.0000000000000018 4.9999999999999991 8.9999999999999982 4.9999999999999991 5
leaf_count=5 8 5 5 9 5 8 5 5 5 8 5 5 6 5 5 9 5 5
internal_value=0.123067 0.381771 4.28462 -0.0378902 -1.7648 0.70601 -2.54158 -0.00124367 -0.258794 -0.127633 0.0219862 0.0683906 0.157369 0.0580637 -0.167004 -0.0647835 0.103085 -0.299799
internal_weight=113 103 10 93 28 65 10 57 23 52 44 18 39 33 13 24 14 10
internal_count=113 103 10 93 28 65 10 57 23 52 44 18 39 33 13 24 14 10
is_linear=0
shrinkage=0.05


Tree=326
num_leaves=21
num_cat=0
split_feature=4 5 2 0 6 0 6 0 1 2 2 3 2 1 6 6 2 2 5 1
split_gain=28432.6 152663 105649 65888.7 51053.2 254300 125160 24827.7 29214.6 15269.4 11301.8 10237.8 1568.51 725.879 222.251 425.774 297.161 322.836 71.6329 51.7546
threshold=3.0121539584389425 0.34079229426713314 0.51592895015361084 87502.499999999985 8.8564046125742681 58162.500000000022 8.0258522432096608 48227.499999999993 16516.706392829426 0.52592071588983369 0.2994101109548431 4.5000000000000009 0.43149840856083482 11399.273390776547 11.49094878481216 10.631232603955729 0.23674119032890859 0.28437702154139949 0.47093532015918654 5451.4444842065941
decision_type=2 2 2 2 2 2 2 2 2 2 2 2 2 2 2 2 2 2 2 2
left_child=1 -1 10 4 6 7 9 8 12 11 -2 13 14 -3 15 18 19 -18 -6 -16
right_child=2 3 -4 -5 5 -7 -8 -9 -10 -11 -12 -13 -14 -15 16 -17 17 -19 -20 -21
leaf_value=8.9659122562408449 -0.49501709938049299 0.74038915395736604 -7.8818139266967782 -5.5882842636108405 0.0013331395387649531 10.874184310436249 -8.6561046504974382 -3.3324765300750734 3.9879546260833743 2.5812829780578617 2.5352825546264648 -2.4565847778320311 -0.87905493021011361 -0.11159626007080077 0.081749629974365204 -0.37327980633292879 0.64699371814727802 0.10299631311014915 0.26897635385394092 -0.13606156349182127
leaf_weight=4.9999999999999991 8.0000000000000018 5.0000000000000053 4.9999999999999991 4.9999999999999991 5.0000000000000018 5.9999999999999991 4.9999999999999991 4.9999999999999991 4.9999999999999991 4.9999999999999991 4.9999999999999991 4.9999999999999991 4.9999999999999991 5 6.0000000000000018 6.9999999999999991 4.9999999999999982 6 5 5
leaf_count=5 8 5 5 5 5 6 5 5 5 5 5 5 5 5 6 7 5 6 5 5
internal_value=0.116913 0.462148 -1.70516 -0.0102838 0.317834 1.10882 -1.58052 0.0237748 0.366249 0.188373 0.670483 -0.609264 -0.0453079 0.314396 0.0615827 -0.0742007 0.166506 0.350268 0.135155 -0.0172555
internal_weight=113 95 18 90 85 60 25 54 49 20 13 15 44 10 39 17 22 11 10 11
internal_count=113 95 18 90 85 60 25 54 49 20 13 15 44 10 39 17 22 11 10 11
is_linear=0
shrinkage=0.05


Tree=327
num_leaves=20
num_cat=0
split_feature=3 0 7 4 0 2 0 0 5 2 5 6 7 6 6 7 0 6 4
split_gain=26721.4 62037.9 68834 39968.6 74570.5 63834.4 20437.7 3673.33 3193.79 1398.39 3142.1 2083.45 553.208 485.514 605.721 644.918 248.298 395.27 127.162
threshold=1.5000000000000002 77954.999999999985 0.14610001537467651 2.1883376604767633 31244.499999999993 0.56505205340798936 35195 62016 0.53816252767130213 0.51592895015361084 0.34079229426713314 7.6506066014448839 0.14029013502643015 9.1127472625752919 11.49094878481216 0.11928437684421113 35195 15.389639996462732 2.6272356579924998
decision_type=2 2 2 2 2 2 2 2 2 2 2 2 2 2 2 2 2 2 2
left_child=6 3 -3 4 8 7 -1 9 12 10 -5 -12 -2 -13 15 -15 17 18 -16
right_child=1 2 -4 5 -6 -7 -8 -9 -10 -11 11 13 -14 14 16 -17 -18 -19 -20
leaf_value=-0.096153888702392609 -0.013213084212371272 8.2411077880859391 -0.055518264770507808 -1.1352840423583985 -6.6522890408833817 5.0721239771161768 -4.6169607877731318 1.3394655609130861 -1.230378360748291 0.72634611129760751 -0.96179009258747117 0.53486718734105432 0.67539317518472664 -0.67856676578521746 0.092820811085402868 0.090312357122699416 0.43951038973672052 0.45919156014919288 -0.23270649015903469
leaf_weight=4.9999999999999982 7.0000000000000053 4.9999999999999982 5 6.9999999999999991 5.9999999999999991 6.9999999999999991 5 4.9999999999999991 4.9999999999999991 4.9999999999999991 4.9999999999999991 5.9999999999999991 5 4.9999999999999982 6.0000000000000053 6 6.9999999999999991 4.9999999999999991 6
leaf_count=5 7 5 5 7 6 7 5 5 5 5 5 6 5 5 6 6 7 5 6
internal_value=0.111068 0.350643 4.09279 -0.0517388 -1.86005 0.542421 -2.35656 0.0391203 -0.168672 -0.0729784 -0.148386 0.00179368 0.273706 0.119304 0.0480645 -0.259178 0.188884 0.0856849 -0.0699428
internal_weight=113 103 10 93 23 70 10 63 17 58 53 46 12 41 35 11 24 17 12
internal_count=113 103 10 93 23 70 10 63 17 58 53 46 12 41 35 11 24 17 12
is_linear=0
shrinkage=0.05


Tree=328
num_leaves=18
num_cat=0
split_feature=3 2 2 1 1 1 1 6 6 2 2 5 2 1 2 1 3
split_gain=25026.5 111225 55711.9 51792.9 28511.4 42436.5 3752.68 1876.9 1513.99 2063.73 1125.64 2007 799.793 316.475 212.39 46.477 22.8023
threshold=5.5000000000000009 0.90942970609434792 0.63546820154915784 13956.18840917876 31062.671928726599 24205.677865591173 17549.64770584663 7.6506066014448839 15.896966433889316 0.3433574889033712 0.16744804518791417 0.36316424738755676 0.27702064154860279 8587.5259268539885 0.27702064154860279 5052.4392740799294 3.5000000000000004
decision_type=2 2 2 2 2 2 2 2 2 2 2 2 2 2 2 2 2
left_child=1 2 4 14 5 6 7 -1 9 10 -9 -12 -10 15 -2 -13 -17
right_child=3 -3 -4 -5 -6 -7 -8 8 12 -11 11 13 -14 -15 -16 16 -18
leaf_value=-0.79967391975224023 0.16037147819995884 -7.4502566719055183 4.8649776458740241 6.1624944400787358 -3.4421350955963135 4.1761878887812296 -1.2960952179772516 0.4978262477450901 -0.98149939537048358 0.92947079113551556 -1.0557509708404542 -0.19097633461157459 -0.12526120593150455 0.29755244255065921 -0.30048646733164786 -0.098331413666407269 0.030613184720277787
leaf_weight=7.9999999999999991 4.9999999999999982 4.9999999999999991 5.9999999999999991 4.9999999999999991 5.9999999999999991 5.9999999999999991 6.9999999999999991 8.9999999999999982 4.9999999999999982 6.9999999999999991 4.9999999999999991 6.0000000000000062 6 7.9999999999999991 5 5.9999999999999991 7.9999999999999991
leaf_count=8 5 5 6 5 6 6 7 9 5 7 5 6 6 8 5 6 8
internal_value=0.105514 -0.1856 0.204973 2.00746 -0.116406 0.129944 -0.193756 -0.0802794 0.0156399 0.134642 0.00217047 -0.133008 -0.51446 0.0317671 -0.0700575 -0.0745471 -0.0246488
internal_weight=113 98 93 15 87 81 75 68 60 49 42 33 11 28 10 20 14
internal_count=113 98 93 15 87 81 75 68 60 49 42 33 11 28 10 20 14
is_linear=0
shrinkage=0.05


Tree=329
num_leaves=20
num_cat=0
split_feature=4 5 2 0 7 1 0 2 7 1 2 0 1 4 7 5 0 0 2
split_gain=24054.5 136847 92445.2 61024.5 43962.7 223172 83822.1 9663.58 6513.86 2867.26 1517.99 1201 365.927 282.006 323.478 310.221 466.927 120.554 20.0995
threshold=3.0121539584389425 0.34079229426713314 0.51592895015361084 87502.499999999985 0.18776678944947769 39566.250451175925 50610.999999999993 0.2994101109548431 0.31484733852736624 16516.706392829426 0.43149840856083482 33369.000000000007 11399.273390776547 2.6272356579924998 0.058358282577577782 0.48402602529779554 30461.999999999993 14717.500000000004 0.28437702154139949
decision_type=2 2 2 2 2 2 2 2 2 2 2 2 2 2 2 2 2 2 2
left_child=1 -1 7 4 5 9 8 -2 11 10 12 -6 13 15 -15 16 17 -3 -19
right_child=2 3 -4 -5 6 -7 -8 -9 -10 -11 -12 -13 -14 14 -16 -17 -18 18 -20
leaf_value=8.4690185785293579 -0.43117958307266219 -0.15468435704708067 -7.3534883308410643 -5.3976686286926272 0.30671213626861538 11.093795623779299 -7.3288385009765626 2.3709011268615723 -1.1340157295976367 1.033382306780134 -0.8731689500808717 1.4026134395599363 -0.31995623906453452 0.55722451408704121 0.071560747921466827 0.3553118944168091 -0.50466820001602175 0.079717151075601594 0.21545416340231893
leaf_weight=4.9999999999999991 8.0000000000000018 5.0000000000000098 4.9999999999999991 4.9999999999999991 5.0000000000000053 4.9999999999999991 4.9999999999999991 4.9999999999999991 6.9999999999999991 6.9999999999999991 4.9999999999999991 5 5.9999999999999991 5.9999999999999991 7.9999999999999991 4.9999999999999991 4.9999999999999991 5.9999999999999982 5
leaf_count=5 8 5 5 5 5 5 5 5 7 7 5 5 6 6 8 5 5 6 5
internal_value=0.100239 0.417783 -1.57569 -0.0295082 0.286266 0.958227 -1.63799 0.646544 0.0357952 0.0844706 -0.0457721 0.854663 0.0441623 0.0987801 0.279702 0.0013604 -0.0829138 0.0488845 0.141416
internal_weight=113 95 18 90 85 63 22 13 17 58 51 10 46 40 14 26 21 16 11
internal_count=113 95 18 90 85 63 22 13 17 58 51 10 46 40 14 26 21 16 11
is_linear=0
shrinkage=0.05


Tree=330
num_leaves=20
num_cat=0
split_feature=2 0 4 1 2 2 4 2 4 2 6 2 0 1 1 2 1 0 1
split_gain=99627.2 27459.6 61568.2 195382 53407 33099.8 7759.23 3408.94 1428.9 2692.42 501.735 365.876 471.89 448.103 223.034 140.561 118.341 84.4882 42.9714
threshold=0.90942970609434792 54773.500000000007 3.0121539584389425 39566.250451175925 0.38140948671013492 0.63546820154915784 1.8581763196093466 0.51592895015361084 2.934351799697287 0.22605089977735515 8.3629238554085266 0.33522895219823584 29586.000000000004 8587.5259268539885 5451.4444842065941 0.27447364996027118 4405.9086795478224 31244.499999999993 6093.7564319131534
decision_type=2 2 2 2 2 2 2 2 2 2 2 2 2 2 2 2 2 2 2
left_child=1 5 3 4 -3 6 -1 8 10 -10 15 13 -13 14 16 -8 -12 18 -16
right_child=-2 2 -4 -5 -6 -7 7 -9 9 -11 11 12 -14 -15 17 -17 -18 -19 -20
leaf_value=-1.9085823822021486 -7.0625267982482915 -3.6287921746571818 -3.1448669958114626 11.47099853515625 3.0424765745798741 -4.197180213928223 0.26057335853576669 1.2690105915069581 0.36090959548950208 -1.210095222791036 0.056771425157785396 0.13313175439834599 -0.55381044387817369 0.46182072162628174 -0.11456237912178042 0.63548796892166137 0.35052306950092316 -0.26264091491699221 0.09273313641548156
leaf_weight=4.9999999999999991 4.9999999999999991 6.0000000000000053 4.9999999999999991 4.9999999999999991 6 4.9999999999999991 4.9999999999999982 5.9999999999999991 4.9999999999999982 6 8.0000000000000018 4.9999999999999982 5 7.9999999999999991 4.9999999999999982 5 5.9999999999999991 4.9999999999999991 5
leaf_count=5 5 6 5 5 6 5 5 6 5 6 8 5 5 8 5 5 6 5 5
internal_value=-0.165443 0.159891 1.7324 3.16689 -0.293158 -0.251956 -0.00225865 0.126547 0.0257414 -0.496002 0.126429 0.0580028 -0.210339 0.130528 0.0391365 0.448031 0.182665 -0.0948234 -0.0109146
internal_weight=111 106 22 17 12 84 79 74 68 11 57 47 10 37 29 10 14 15 10
internal_count=111 106 22 17 12 84 79 74 68 11 57 47 10 37 29 10 14 15 10
is_linear=0
shrinkage=0.05


Tree=331
num_leaves=20
num_cat=0
split_feature=2 0 5 1 2 2 5 2 5 2 6 2 0 1 1 1 0 0 5
split_gain=89913.6 24782.3 55565.3 176332 48199.8 29872.6 7002.71 3076.56 1289.58 2429.91 452.816 330.203 425.88 404.413 202.442 130.842 87.5187 113.78 79.5082
threshold=0.90942970609434792 54773.500000000007 0.33198916330476513 39566.250451175925 0.38140948671013492 0.63546820154915784 0.53816252767130213 0.51592895015361084 0.34079229426713314 0.22605089977735515 8.3629238554085266 0.33522895219823584 29586.000000000004 8587.5259268539885 5166.7437459527355 8587.5259268539885 30461.999999999993 24627.000000000004 0.40121061746896597
decision_type=2 2 2 2 2 2 2 2 2 2 2 2 2 2 2 2 2 2 2
left_child=1 5 -3 4 -4 6 7 8 9 -1 15 13 -13 14 18 -10 17 -16 -12
right_child=-2 2 3 -5 -6 -7 -8 -9 10 -11 11 12 -14 -15 16 -17 -18 -19 -20
leaf_value=0.34286407470703134 -6.7094000434875483 -2.9876236486434919 -3.4473526318867993 10.897448730468751 2.8903528690338134 -3.9873211669921873 -1.8131532096862792 1.20556009610494 0.24476843953132632 -1.1495904604593912 0.34669920682907085 0.12647517442703249 -0.52611991882324216 0.43872968554496766 -0.16618082076311103 0.6064897668361664 -0.22742032607396445 0.15677229464054107 0.085643905401229847
leaf_weight=4.9999999999999982 4.9999999999999991 5.0000000000000027 6.0000000000000018 4.9999999999999991 6 4.9999999999999991 4.9999999999999991 5.9999999999999991 4.9999999999999982 6 5.0000000000000018 4.9999999999999982 5 7.9999999999999991 5.0000000000000018 5 5.9999999999999991 6 7
leaf_count=5 5 5 6 5 6 5 5 6 5 6 5 5 5 8 5 5 6 6 7
internal_value=-0.157171 0.151896 1.64578 3.00854 -0.2785 -0.239359 -0.00214572 0.12022 0.0244543 -0.471202 0.120107 0.0551027 -0.199822 0.124001 0.0371797 0.425629 -0.0738113 0.00997542 0.194417
internal_weight=111 106 22 17 12 84 79 74 68 11 57 47 10 37 29 10 17 11 12
internal_count=111 106 22 17 12 84 79 74 68 11 57 47 10 37 29 10 17 11 12
is_linear=0
shrinkage=0.05


Tree=332
num_leaves=19
num_cat=0
split_feature=2 6 0 0 0 2 1 4 1 0 4 2 5 4 4 0 0 2
split_gain=81147 23675.3 55151.2 51219.7 46857.2 49202.9 37285.1 1766.78 1514.35 4136.26 3536.34 1349 1054.97 360.158 242.659 186.709 85.1287 34.0903
threshold=0.90942970609434792 6.8722645661915465 87502.499999999985 46235.500000000007 58162.500000000022 0.55662553940215431 24205.677865591173 2.1234392662738975 10621.309512456515 50610.999999999993 3.0121539584389425 0.38140948671013492 0.36316424738755676 2.0660216113510246 2.5967981128142408 30461.999999999993 14717.500000000004 0.2994101109548431
decision_type=2 2 2 2 2 2 2 2 2 2 2 2 2 2 2 2 2 2
left_child=1 3 4 7 5 8 -6 -1 10 11 12 -10 -3 -14 15 16 -15 -18
right_child=-2 2 -4 -5 6 -7 -8 -9 9 -11 -12 -13 13 14 -16 -17 17 -19
leaf_value=-0.7457714080810548 -6.3739296531677248 -0.6922152042388916 -5.2640260314941409 6.1167971229553224 -0.0036192482337355624 -5.1010485458374024 5.8425778706868483 0.58343287587165826 -0.35090451240539533 0.83064140319824231 1.1333918690681457 -1.4111735820770264 0.403879209288529 -0.15785337686538675 0.23043084078364903 -0.2913382121494838 0.0034319574634234119 0.17198037269214789
leaf_weight=4.9999999999999982 4.9999999999999991 4.9999999999999991 4.9999999999999991 4.9999999999999991 4.9999999999999982 4.9999999999999991 6 5 6.0000000000000018 4.9999999999999991 7.9999999999999991 6 6.9999999999999991 5.0000000000000062 8.9999999999999982 6.9999999999999991 5.9999999999999982 6
leaf_count=5 5 5 5 5 5 5 6 5 6 5 8 6 7 5 9 7 6 6
internal_value=-0.149313 0.144302 -0.159081 1.98482 0.137719 -0.309248 3.18522 -0.0811693 0.0330238 -0.377604 0.164735 -0.881039 -0.00747121 0.0781218 0.00902173 -0.0740067 0.0154828 0.0877062
internal_weight=111 106 91 15 86 75 11 10 70 17 53 12 45 40 33 24 17 12
internal_count=111 106 91 15 86 75 11 10 70 17 53 12 45 40 33 24 17 12
is_linear=0
shrinkage=0.05


Tree=333
num_leaves=19
num_cat=0
split_feature=2 6 0 0 0 2 1 3 1 0 4 2 5 4 4 0 0 2
split_gain=73235.2 21367 49774 46225.8 42288.6 44405.6 33649.8 1594.52 1366.7 3732.97 3191.54 1236.03 952.108 325.042 219 168.505 76.8286 30.7665
threshold=0.90942970609434792 6.8722645661915465 87502.499999999985 46235.500000000007 58162.500000000022 0.55662553940215431 24205.677865591173 4.5000000000000009 10621.309512456515 50610.999999999993 3.0121539584389425 0.41711654529755943 0.36316424738755676 2.0660216113510246 2.5967981128142408 30461.999999999993 14717.500000000004 0.2994101109548431
decision_type=2 2 2 2 2 2 2 2 2 2 2 2 2 2 2 2 2 2
left_child=1 3 4 7 5 8 -6 -1 10 11 12 -10 -3 -14 15 16 -15 -18
right_child=-2 2 -4 -5 6 -7 -8 -9 9 -11 -12 -13 13 14 -16 -17 17 -19
leaf_value=0.55426122844219217 -6.0552334594726567 -0.65760445594787598 -5.0008251953125002 5.8109572601318362 -0.0034382855892181406 -4.8459962272644042 5.5504491170247396 -0.70848283767700193 -0.40811322075980039 0.78910931587219246 1.0767222821712494 -1.4374105644226072 0.38368524994168962 -0.14996071100234964 0.21890929606225759 -0.27677129592214311 0.0032603596647580468 0.16338134979208307
leaf_weight=4.9999999999999982 4.9999999999999991 4.9999999999999991 4.9999999999999991 4.9999999999999991 4.9999999999999982 4.9999999999999991 6 5 7.0000000000000018 4.9999999999999991 7.9999999999999991 5 6.9999999999999991 5.0000000000000062 8.9999999999999982 6.9999999999999991 5.9999999999999982 6
leaf_count=5 5 5 5 5 5 5 6 5 7 5 8 5 7 5 9 7 6 6
internal_value=-0.141847 0.137086 -0.151127 1.88558 0.130833 -0.293785 3.02595 -0.0771108 0.0313726 -0.358723 0.156498 -0.836987 -0.00709765 0.0742157 0.00857065 -0.0703063 0.0147086 0.0833209
internal_weight=111 106 91 15 86 75 11 10 70 17 53 12 45 40 33 24 17 12
internal_count=111 106 91 15 86 75 11 10 70 17 53 12 45 40 33 24 17 12
is_linear=0
shrinkage=0.05


Tree=334
num_leaves=18
num_cat=0
split_feature=2 2 1 1 4 2 4 2 2 3 1 0 5 5 0 0 0
split_gain=66094.7 20323.1 32675.1 23348.3 5617.24 1639.96 1414.3 2057.99 798.317 568.289 1136.86 575.649 395.549 450.457 374.972 202.527 80.2587
threshold=0.90942970609434792 0.63546820154915784 31062.671928726599 22348.395371591363 1.8581763196093466 0.51592895015361084 2.7837997876371747 0.22605089977735515 0.2994101109548431 4.5000000000000009 13301.812676166339 18132.499999999996 0.41243257855243948 0.38926142689652604 33369.000000000007 24627.000000000004 12372.000000000005
decision_type=2 2 2 2 2 2 2 2 2 2 2 2 2 2 2 2 2
left_child=1 2 3 4 -1 6 9 -8 -9 10 11 16 13 -13 15 -11 -6
right_child=-2 -3 -4 -5 5 -7 7 8 -10 14 -12 12 -14 -15 -16 -17 -18
leaf_value=-1.6652101516723634 -5.7524716508388529 2.403112750583225 -3.3711759703499933 3.1885646025339764 0.30138250827789292 0.93930709838867199 0.2609653200422013 -1.3035840565711263 -0.41009819984436024 -0.16724447522844571 0.94327172248391433 0.094783337383220534 0.37030017495155337 -0.4400102947439466 -0.46159578442573546 0.19134810037083097 0.58468208312988279
leaf_weight=4.9999999999999991 4.9999999999999991 8.9999999999999982 6.9999999999999991 5.9999999999999991 5.0000000000000018 4.9999999999999991 7.0000000000000027 4.9999999999999982 5 7.0000000000000062 4.9999999999999991 9.0000000000000053 4.9999999999999991 6.9999999999999991 4.9999999999999991 8.9999999999999982 5
leaf_count=5 5 9 7 6 5 5 7 5 5 7 5 9 5 7 5 9 5
internal_value=-0.134755 0.130232 -0.0806537 0.175276 -0.0399591 0.0629049 0.0036885 -0.396568 -0.856841 0.123063 0.243643 0.1308 -0.017882 -0.139189 -0.0836456 0.0344638 0.443032
internal_weight=111 106 97 90 84 79 74 17 10 57 36 31 21 16 21 16 10
internal_count=111 106 97 90 84 79 74 17 10 57 36 31 21 16 21 16 10
is_linear=0
shrinkage=0.05


Tree=335
num_leaves=17
num_cat=0
split_feature=5 2 0 6 1 5 5 5 6 6 6 5 2 2 6 0
split_gain=38797.1 80201.9 29521.4 43094.1 12368.7 2650.56 2912.04 1619.19 2499.94 701.347 1117.29 524.294 404.815 201.79 316.077 375.358
threshold=0.52913203615314297 0.75904576824017289 66429.000000000015 10.737411773725453 29628.349800647582 0.35922375171208942 0.31286958373127377 0.46418096374551515 9.6179462059860477 7.1676944068471782 8.3629238554085266 0.42201395357088417 0.40053970387469134 0.22093611501468283 11.49094878481216 24627.000000000004
decision_type=2 2 2 2 2 2 2 2 2 2 2 2 2 2 2 2
left_child=1 2 4 -4 5 6 -1 9 -9 -7 -11 13 -13 -12 -15 -16
right_child=-2 -3 3 -5 -6 7 -8 8 -10 10 11 12 -14 14 15 -17
leaf_value=0.067633172443934853 3.3323503315448764 -4.792196822166443 4.6358474634587772 -1.281412887573242 -2.3901659329732259 -0.53544200466324887 -1.3745976039341516 1.3528587559858958 0.0027195900678634644 0.74398943185806277 -0.11884980425238606 -0.087492045015096678 -0.66100081920623766 -0.098196349168817199 0.05451168775558473 0.66717647731304153
leaf_weight=6.9999999999999982 7.9999999999999991 8.9999999999999982 7.9999999999999982 5 5.9999999999999991 5.9999999999999991 7 5.9999999999999991 7.9999999999999991 4.9999999999999991 8.0000000000000018 7.9999999999999982 5 5.9999999999999991 4.9999999999999982 5
leaf_count=7 8 9 8 5 6 6 7 6 8 5 8 8 5 6 5 5
internal_value=-0.0229578 -0.281058 0.146313 2.35998 -0.204634 -0.0320924 -0.653482 0.108221 0.581351 -0.0297746 0.0424636 -0.0523372 -0.308072 0.086186 0.188704 0.360844
internal_weight=112 104 95 13 82 76 14 62 14 48 42 37 13 24 16 10
internal_count=112 104 95 13 82 76 14 62 14 48 42 37 13 24 16 10
is_linear=0
shrinkage=0.05


Tree=336
num_leaves=17
num_cat=0
split_feature=4 2 0 2 0 2 6 4 4 4 0 2 6 6 4 3
split_gain=35014.4 72382.2 26643.1 41564.2 10418.6 9557.2 2477.26 3820.99 1411.65 2922.71 313.241 351.393 348.978 153.052 107.785 37.7447
threshold=1.8899163912421544 0.75904576824017289 66429.000000000015 0.38140948671013492 53055.999999999993 0.45754712422382926 8.3629238554085266 2.3934212238621493 2.8480664780767246 3.1962238028246612 29586.000000000004 0.41711654529755943 11.49094878481216 15.389639996462732 2.6272356579924998 5.5000000000000009
decision_type=2 2 2 2 2 2 2 2 2 2 2 2 2 2 2 2
left_child=-1 2 4 -4 6 -6 7 -2 10 -10 11 13 -12 14 15 -8
right_child=1 -3 3 -5 5 -7 8 -9 9 -11 12 -13 -14 -15 -16 -17
leaf_value=3.1657328665256501 1.3338312938809398 -4.5525869846343996 -0.37550781241485054 5.2957148234049471 -0.16095458030700688 -3.2524272727966306 -0.079661650748716367 -0.26576217412948605 -1.3969832738240564 0.16365439891815184 -0.093499135971069347 -0.48562614679336547 0.3772168195909924 0.22127085775136948 -0.28891271561384202 0.091677266359329226
leaf_weight=7.9999999999999991 7.9999999999999982 8.9999999999999982 6.9999999999999982 6 4.9999999999999982 5 9.0000000000000089 7 5.9999999999999982 6 6.9999999999999991 4.9999999999999991 8.9999999999999982 4.9999999999999991 4.9999999999999991 4.9999999999999991
leaf_count=8 8 9 7 6 5 5 9 7 6 6 7 5 9 5 5 5
internal_value=-0.0218099 -0.267005 0.138997 2.24198 -0.194403 -1.70669 0.0156374 0.587354 -0.134814 -0.616664 -0.00632114 -0.104307 0.171279 -0.0248657 -0.0896385 -0.0184692
internal_weight=112 104 95 13 82 10 72 15 57 12 45 29 16 24 19 14
internal_count=112 104 95 13 82 10 72 15 57 12 45 29 16 24 19 14
is_linear=0
shrinkage=0.05


Tree=337
num_leaves=17
num_cat=0
split_feature=4 2 0 6 0 2 6 4 4 4 0 2 6 6 4 3
split_gain=31600.5 65324.9 24045.4 38501.1 9402.81 8625.38 2235.72 3448.44 1274.01 2637.74 282.7 317.133 314.953 138.13 97.2758 34.0646
threshold=1.8899163912421544 0.75904576824017289 66429.000000000015 10.737411773725453 53055.999999999993 0.45754712422382926 8.3629238554085266 2.3934212238621493 2.8480664780767246 3.1962238028246612 29586.000000000004 0.41711654529755943 11.49094878481216 15.389639996462732 2.6272356579924998 5.5000000000000009
decision_type=2 2 2 2 2 2 2 2 2 2 2 2 2 2 2 2
left_child=-1 2 4 -4 6 -6 7 -2 10 -10 11 13 -12 14 15 -8
right_child=1 -3 3 -5 5 -7 8 -9 9 -11 12 -13 -14 -15 -16 -17
leaf_value=3.007446372509003 1.2671397402882578 -4.3249579111735024 4.2810502916574489 -1.3119912791252135 -0.1529068756103516 -3.0898057937622063 -0.075678570775522036 -0.25247406512498854 -1.3271341145038607 0.15547168254852295 -0.088824176788330086 -0.46134483814239502 0.35835598177380035 0.21020733162760738 -0.27446707725524905 0.087093401551246646
leaf_weight=7.9999999999999991 7.9999999999999982 8.9999999999999982 7.9999999999999982 5 4.9999999999999982 5 9.0000000000000089 7 5.9999999999999982 6 6.9999999999999991 4.9999999999999991 8.9999999999999982 4.9999999999999991 4.9999999999999991 4.9999999999999991
leaf_count=8 8 9 8 5 5 5 9 7 6 6 7 5 9 5 5 5
internal_value=-0.0207194 -0.253655 0.132047 2.12988 -0.184683 -1.62136 0.0148555 0.557987 -0.128074 -0.585831 -0.00600508 -0.0990918 0.162715 -0.0236225 -0.0851566 -0.0175457
internal_weight=112 104 95 13 82 10 72 15 57 12 45 29 16 24 19 14
internal_count=112 104 95 13 82 10 72 15 57 12 45 29 16 24 19 14
is_linear=0
shrinkage=0.05


Tree=338
num_leaves=18
num_cat=0
split_feature=6 1 7 0 4 0 0 0 0 1 5 1 0 1 0 4 3
split_gain=32045.8 219579 180051 32838.6 24049.2 39424.2 35368.7 24378.2 11080.8 3634.36 1392.62 671.024 166.398 57.1294 95.7913 142.127 74.0573
threshold=8.3629238554085266 52757.674236056024 0.21467669911528109 62016 3.3769844207411572 70868.500000000015 53055.999999999993 46235.500000000007 53055.999999999993 12221.392818450666 0.35922375171208942 11399.273390776547 31244.499999999993 4405.9086795478224 19519.500000000011 2.3193823819540831 3.5000000000000004
decision_type=2 2 2 2 2 2 2 2 2 2 2 2 2 2 2 2 2
left_child=2 4 -1 8 5 6 7 10 9 -4 -2 12 13 16 -15 -16 -12
right_child=1 -3 3 -5 -6 -7 -8 -9 -10 -11 11 -13 -14 14 15 -17 -18
leaf_value=-9.1643067896366119 -0.794493089403425 9.7146535237630207 -0.53382908442290433 4.0864196777343755 3.1177705669403077 -4.3460885698596634 3.9304679965972902 -3.7897378516197211 -2.4768821525573732 0.97331285830587155 0.025795609280467036 -0.53057023684183757 0.25789060422352383 0.20463711619377123 0.10856159064504832 -0.18108333740383387 -0.24633918046951289
leaf_weight=5.9999999999999991 6.9999999999999991 5.9999999999999991 8.0000000000000089 4.9999999999999991 4.9999999999999991 5.9999999999999991 4.9999999999999991 4.9999999999999991 4.9999999999999991 7.9999999999999991 4.9999999999999982 5.9999999999999991 6.9999999999999991 6.0000000000000027 9.0000000000000018 7.9999999999999991 5
leaf_count=6 7 6 8 5 5 6 5 5 5 8 5 6 7 6 9 8 5
internal_value=-0.0196834 0.515222 -1.35695 0.444752 -0.230678 -0.473319 -0.104484 -0.452325 -0.422311 0.219742 -0.137474 -0.0374934 0.0364682 -0.0105002 0.0328787 -0.0277419 -0.110272
internal_weight=112 80 32 26 74 69 63 58 21 16 53 46 40 33 23 17 10
internal_count=112 80 32 26 74 69 63 58 21 16 53 46 40 33 23 17 10
is_linear=0
shrinkage=0.05


Tree=339
num_leaves=20
num_cat=0
split_feature=6 1 7 0 6 1 5 0 4 1 0 6 6 6 0 0 1 4 0
split_gain=28921.4 198170 162496 29636.8 24534 84588.7 11190.1 10000.4 3469.32 6657.81 1876.8 784.904 570.751 667.735 636.543 825.967 422.835 161.216 56.8789
threshold=8.3629238554085266 52757.674236056024 0.21467669911528109 62016 9.1127472625752919 27797.939671950877 0.30656309121883385 53055.999999999993 2.3934212238621493 12221.392818450666 45841.500000000007 11.642466352918628 12.204789657770361 11.49094878481216 29586.000000000004 11010.999999999998 8587.5259268539885 2.6969315988360472 17132.500000000004
decision_type=2 2 2 2 2 2 2 2 2 2 2 2 2 2 2 2 2 2 2
left_child=2 4 -1 7 -2 6 -6 8 9 -4 12 -12 13 16 15 -14 18 -17 -8
right_child=1 -3 3 -5 5 -7 10 -9 -10 -11 11 -13 14 -15 -16 17 -18 -19 -20
leaf_value=-8.7060914516448982 2.8457605520884197 9.228920618693035 -0.64236196279525637 3.8820985603332518 2.0611264467239381 -6.7493253707885748 -0.022635650634765594 -2.3530380439758303 -0.88329727113246914 1.8280621210734047 -1.2739463043212895 -0.38799816489219663 0.0072722392156720096 0.61251860857009888 0.2547606146335602 -0.4856979389985403 -0.43139045715332031 -0.87012171745300282 0.19233905673027041
leaf_weight=5.9999999999999991 5.9999999999999991 5.9999999999999991 5.0000000000000089 4.9999999999999991 5.9999999999999991 4.9999999999999991 5.0000000000000062 4.9999999999999991 4.9999999999999991 6 4.9999999999999982 5 8.0000000000000053 4.9999999999999991 4.9999999999999991 5.9999999999999982 4.9999999999999991 5 7.9999999999999991
leaf_count=6 6 6 5 5 6 5 5 5 5 6 5 5 8 5 5 6 5 5 8
internal_value=-0.0186992 0.489461 -1.2891 0.422515 -0.219144 -0.489577 0.00722851 -0.401196 0.208755 0.705142 -0.208971 -0.830972 -0.0766306 0.101355 -0.247201 -0.379296 -0.0406343 -0.660436 0.109656
internal_weight=112 80 32 26 74 68 63 21 16 11 57 10 47 23 24 19 18 11 13
internal_count=112 80 32 26 74 68 63 21 16 11 57 10 47 23 24 19 18 11 13
is_linear=0
shrinkage=0.05


Tree=340
num_leaves=19
num_cat=0
split_feature=1 1 1 1 4 2 6 1 1 7 5 6 0 4 4 2 4 6
split_gain=157443 55888.5 13068 30438.7 8208.98 5071.63 4271.97 3064.01 2116.69 1853.8 895.415 219.063 316.771 156.508 147.85 106.96 41.9668 18.5206
threshold=62105.199800608134 39566.250451175925 29628.349800647582 24205.677865591173 1.8899163912421544 0.51592895015361084 8.3629238554085266 12221.392818450666 15719.604082849797 0.029207731540309843 0.35114664584695249 10.631232603955729 39777.5 2.5967981128142408 2.6969315988360472 0.24472592425180703 2.4709768464156912 11.642466352918628
decision_type=2 2 2 2 2 2 2 2 2 2 2 2 2 2 2 2 2 2
left_child=1 2 3 4 -1 6 7 -6 9 -8 -11 15 13 16 -15 -12 17 -13
right_child=-2 -3 -4 -5 5 -7 8 -9 -10 10 11 12 -14 14 -16 -17 -18 -19
leaf_value=-1.9061638832092287 8.9462677001953121 -5.2931465148925785 -1.6960383521185982 3.7434442996978761 0.30583364102575517 1.5801851987838746 -0.93197300910949721 1.8495678845606744 -1.0030438303947449 0.65076515674591073 0.32253604928652446 0.021121926903724646 -0.43987638950347902 0.34156114101409923 -0.0429515665769577 0.043266313895583157 -0.22433536559343339 -0.11496830910444258
leaf_weight=4.9999999999999991 4.9999999999999991 4.9999999999999991 8.9999999999999982 5.9999999999999991 8.9999999999999982 5.9999999999999991 4.9999999999999991 4.9999999999999991 5.9999999999999991 5.9999999999999991 5.9999999999999991 5.0000000000000053 4.9999999999999991 4.9999999999999982 5 7.9999999999999991 4.9999999999999991 5
leaf_count=5 5 5 9 6 9 6 5 5 6 6 6 5 5 5 5 8 5 5
internal_value=0.275884 -0.133096 0.122352 0.300238 0.060014 0.181383 0.0694788 0.857167 -0.111302 -0.0140213 0.0777739 -0.000361273 -0.0765748 -0.00391443 0.149305 0.162953 -0.106061 -0.0469232
internal_weight=111 106 101 92 86 81 75 14 61 55 50 44 30 25 10 14 15 10
internal_count=111 106 101 92 86 81 75 14 61 55 50 44 30 25 10 14 15 10
is_linear=0
shrinkage=0.05


Tree=341
num_leaves=18
num_cat=0
split_feature=1 1 7 1 7 4 7 2 1 1 7 4 1 7 2 5 0
split_gain=142092 50548.8 161384 13369.7 34805.2 7130.4 2777.12 2599.01 3151.15 1304.96 1591.44 1131 367.883 588.746 151.85 61.0881 175.728
threshold=62105.199800608134 31062.671928726599 0.21467669911528109 22348.395371591363 0.090753606681850285 1.8899163912421544 0.08708707792479202 0.32534461537208209 9833.536278827658 13956.18840917876 0.029207731540309843 2.7535771856059377 11399.273390776547 0.20086655430696435 0.24878814255985207 0.40949729383885825 19519.500000000011
decision_type=2 2 2 2 2 2 2 2 2 2 2 2 2 2 2 2 2
left_child=1 3 -3 5 -5 -1 9 12 -9 10 -7 15 13 14 -8 16 -12
right_child=-2 2 -4 4 -6 6 7 8 -10 -11 11 -13 -14 -15 -16 -17 -18
leaf_value=-1.8108557128906249 8.4989544677734372 -9.9695024108886745 2.1933733622233071 4.9912136077880866 -0.47074489508356365 -0.88537440299987724 -0.10294439382851116 0.11187100410461426 1.5263430747720932 -0.94850675106048588 0.12745068737616128 0.63008072716849195 -0.20524274962288991 0.63190059661865239 0.21593722349831035 -0.27190311431884767 -0.25522464116414384
leaf_weight=4.9999999999999991 4.9999999999999991 4.9999999999999982 6 4.9999999999999982 7 5.0000000000000027 8.0000000000000053 6.9999999999999991 8.9999999999999982 4.9999999999999991 6.0000000000000053 6.9999999999999991 6.9999999999999991 5.9999999999999991 6.9999999999999991 4.9999999999999991 6
leaf_count=5 5 5 6 5 7 5 8 7 9 5 6 7 7 6 7 5 6
internal_value=0.26209 -0.126442 -3.33521 0.2451 1.80507 0.0195616 0.136896 0.399157 0.907512 -0.2025 -0.0738781 0.0951836 0.108668 0.213305 0.045867 -0.125068 -0.063887
internal_weight=111 106 11 95 12 83 78 44 16 34 29 24 28 21 15 17 12
internal_count=111 106 11 95 12 83 78 44 16 34 29 24 28 21 15 17 12
is_linear=0
shrinkage=0.05


Tree=342
num_leaves=20
num_cat=0
split_feature=1 1 7 0 2 5 0 6 0 6 5 2 6 5 6 5 2 5 5
split_gain=128238 45620.3 145649 12544.5 11067.7 5916.22 2377.43 2586.19 1732.81 1624.63 3022.85 1004.8 310.701 546.039 498.097 295.097 127.124 76.4787 36.0699
threshold=62105.199800608134 31062.671928726599 0.21467669911528109 66429.000000000015 0.56505205340798936 0.53816252767130213 54773.500000000007 8.3629238554085266 33369.000000000007 15.896966433889316 0.35114664584695249 0.27702064154860279 11.998065177793462 0.40949729383885825 11.49094878481216 0.41243257855243948 0.22093611501468283 0.4500170190692121 0.50249433107651253
decision_type=2 2 2 2 2 2 2 2 2 2 2 2 2 2 2 2 2 2 2
left_child=1 3 -3 4 5 6 7 8 -1 10 -9 -11 14 16 15 -12 -14 -17 -19
right_child=-2 2 -4 -5 -6 -7 -8 9 -10 11 12 -13 13 -15 -16 17 -18 18 -20
leaf_value=0.29501947675432483 8.074007263183594 -9.4710269165039076 2.0837048053741452 2.4457037766774494 2.3690386772155763 -1.720312957763672 -0.90354960759480807 1.0844233981200628 1.5137330818176267 -1.0737863063812259 -0.3661981813609595 -0.11406574463471769 -0.16835676091057908 -0.63843940496444707 0.52441190212965016 0.23701058983802797 0.1452824016412099 -0.097447187602520011 0.09247346878051757
leaf_weight=6.9999999999999982 4.9999999999999991 4.9999999999999982 6 5.9999999999999991 4.9999999999999991 4.9999999999999991 5.9999999999999991 6.9999999999999991 5 4.9999999999999982 5.0000000000000062 6 7.0000000000000018 4.9999999999999991 4.9999999999999991 4.9999999999999991 6 4.9999999999999982 5
leaf_count=7 5 5 6 6 5 5 6 7 5 5 5 6 7 5 5 5 6 5 5
internal_value=0.248985 -0.120119 -3.16845 0.232845 0.0836632 -0.0523711 0.0531949 0.131831 0.802817 -0.000165725 0.120864 -0.550302 -0.0359941 -0.194389 0.0780501 -0.0335403 -0.0236002 0.0773456 -0.00248686
internal_weight=111 106 11 95 89 84 79 73 12 61 50 11 43 18 25 20 13 15 10
internal_count=111 106 11 95 89 84 79 73 12 61 50 11 43 18 25 20 13 15 10
is_linear=0
shrinkage=0.05


Tree=343
num_leaves=20
num_cat=0
split_feature=1 1 6 0 2 4 0 6 0 6 4 2 6 4 6 4 2 4 4
split_gain=115735 41172.3 131725 11321.4 9988.56 5339.38 2145.63 2334.04 1563.86 1466.23 2728.12 906.829 280.408 492.801 449.533 266.325 114.729 69.022 32.553
threshold=62105.199800608134 31062.671928726599 7.6506066014448839 66429.000000000015 0.56505205340798936 1.8899163912421544 54773.500000000007 8.3629238554085266 33369.000000000007 15.896966433889316 2.8480664780767246 0.27702064154860279 11.998065177793462 2.4420260066434127 11.49094878481216 2.4246638699485072 0.22093611501468283 2.2221563262003503 2.0660216113510246
decision_type=2 2 2 2 2 2 2 2 2 2 2 2 2 2 2 2 2 2 2
left_child=1 3 -3 4 5 -1 7 8 -7 10 12 -11 14 -14 15 17 -15 18 -9
right_child=-2 2 -4 -5 -6 6 -8 9 -10 11 -12 -13 13 16 -16 -17 -18 -19 -20
leaf_value=-1.634297275543213 7.6703063964843752 2.98372130393982 -8.0048113187154115 2.3234185814857482 2.2505867290496826 0.2802684973393168 -0.85837213993072514 0.087849793434142953 1.4380464363098142 -1.0200969696044924 1.0302022116524834 -0.10836248928681014 -0.60651744008064234 -0.15993891102927074 0.49819129973649984 -0.34788826525211336 0.13801827828089394 0.2251600742340088 -0.092574836611747729
leaf_weight=4.9999999999999991 4.9999999999999991 4.9999999999999982 6 5.9999999999999991 4.9999999999999991 6.9999999999999982 5.9999999999999991 5.0000000000000053 5 4.9999999999999982 6.9999999999999991 6 5.0000000000000027 6.9999999999999982 4.9999999999999991 4.9999999999999991 6 4.9999999999999991 5
leaf_count=5 5 5 6 6 5 7 6 5 5 5 7 6 5 7 5 5 6 5 5
internal_value=0.236536 -0.114113 -3.01002 0.221202 0.07948 -0.0497525 0.0505351 0.12524 0.762676 -0.000157441 0.114821 -0.522787 -0.0341944 -0.184669 0.0741476 -0.0318633 -0.0224202 0.0734783 -0.00236252
internal_weight=111 106 11 95 89 84 79 73 12 61 50 11 43 18 25 20 13 15 10
internal_count=111 106 11 95 89 84 79 73 12 61 50 11 43 18 25 20 13 15 10
is_linear=0
shrinkage=0.05


Tree=344
num_leaves=20
num_cat=0
split_feature=1 1 7 0 2 4 0 7 2 5 5 0 1 2 7 7 4 2 1
split_gain=104451 37158 120712 10217.6 9014.68 4818.79 1936.43 2106.47 1532.37 1336.37 2727.52 348.411 251.403 232.023 349.316 85.385 82.1404 70.7429 50.6752
threshold=62105.199800608134 31062.671928726599 0.21467669911528109 66429.000000000015 0.56505205340798936 1.8899163912421544 54773.500000000007 0.20086655430696435 0.32534461537208209 0.30656309121883385 0.33597815644353413 37401.000000000015 9833.536278827658 0.22093611501468283 0.077356522101407768 0.097445459401076309 2.3696226992571545 0.28437702154139949 5657.3230438461069
decision_type=2 2 2 2 2 2 2 2 2 2 2 2 2 2 2 2 2 2 2
left_child=1 3 -3 4 5 -1 7 9 -9 -7 -11 12 13 14 -12 -13 18 -18 -15
right_child=-2 2 -4 -5 -6 6 -8 8 -10 10 11 15 -14 16 -16 -17 17 -19 -20
leaf_value=-1.5525824737548828 7.2867910766601574 -8.5972352600097661 1.9219045321146646 2.2072477221488955 2.1380573987960818 -0.70870658556620292 -0.81545356909433997 0.24701581001281744 1.3930791315436362 1.1906032013893129 -0.50018228689829525 0.083672374486923232 -0.43183711051940921 -0.15737395683924352 0.065685098860412836 0.37587945938110345 0.27380092382431037 0.019148888066411018 0.040648681776864183
leaf_weight=4.9999999999999991 4.9999999999999991 4.9999999999999982 6 5.9999999999999991 4.9999999999999991 5.9999999999999991 5.9999999999999991 6.9999999999999982 5 4.9999999999999991 5.9999999999999982 4.9999999999999982 4.9999999999999991 6.0000000000000018 5 5 4.9999999999999982 6 7
leaf_count=5 5 5 6 6 5 6 6 7 5 5 6 5 5 6 5 5 5 6 7
internal_value=0.224709 -0.108408 -2.85952 0.210142 0.075506 -0.0472649 0.0480084 0.118978 0.724542 -0.00014956 0.0771476 -0.034198 -0.100191 -0.0528135 -0.24297 0.229776 0.0343415 0.1349 -0.0507464
internal_weight=111 106 11 95 89 84 79 73 12 61 55 50 40 35 11 10 24 11 13
internal_count=111 106 11 95 89 84 79 73 12 61 55 50 40 35 11 10 24 11 13
is_linear=0
shrinkage=0.05


Tree=345
num_leaves=19
num_cat=0
split_feature=0 0 0 2 0 2 4 4 2 2 6 0 5 0 5 0 0 2
split_gain=87616.3 71797.9 52746 48587.9 6698.4 9290.47 3992.69 2276.65 2194.26 1551.58 2334.96 1724.63 396.586 132.515 186.912 194.245 76.1491 27.3391
threshold=87502.499999999985 70868.500000000015 62016 0.81097315501112854 53055.999999999993 0.51592895015361084 1.8581763196093466 2.9765045141594961 0.22605089977735515 0.35245113372703452 8.3629238554085266 28397.000000000015 0.36427410282794453 37401.000000000015 0.48402602529779554 29848.500000000004 11010.999999999998 0.27447364996027118
decision_type=2 2 2 2 2 2 2 2 2 2 2 2 2 2 2 2 2 2
left_child=1 2 3 4 5 6 -1 9 -9 10 -8 -11 -12 14 15 16 -14 -18
right_child=-2 -3 -4 -5 -6 -7 7 8 -10 11 12 -13 13 -15 -16 -17 17 -19
leaf_value=-1.4749533081054689 -5.5694098472595215 6.0538399076461795 -4.6308463255564369 5.0000532293319706 -1.4427777469158174 1.5896079725689358 0.95394664340549051 0.028239278793334967 -1.4530645942687987 0.098542576680691663 0.40441416376935585 -1.1172938632965086 0.12990433767437909 0.22717284917831423 0.22479785203933719 -0.38820129632949829 -0.19141805410385132 -0.04237771313637495
leaf_weight=4.9999999999999991 6.9999999999999991 4.9999999999999991 5.9999999999999991 4.9999999999999991 7.9999999999999991 8.9999999999999982 8.9999999999999982 4.9999999999999982 5 6.9999999999999982 6.9999999999999991 5 5.0000000000000098 4.9999999999999991 4.9999999999999991 4.9999999999999991 4.9999999999999991 7.9999999999999991
leaf_count=5 7 5 6 5 8 9 9 5 5 7 7 5 5 5 5 5 5 8
internal_value=-0.146932 0.2013 -0.0800716 0.198547 -0.0595983 0.0705833 -0.109301 -0.0131285 -0.712413 0.101508 0.2263 -0.408056 0.0625789 -0.00993161 -0.0522717 -0.112504 -0.0359217 -0.0997009
internal_weight=116 109 104 98 93 85 76 71 10 61 49 12 40 33 28 23 18 13
internal_count=116 109 104 98 93 85 76 71 10 61 49 12 40 33 28 23 18 13
is_linear=0
shrinkage=0.05


Tree=346
num_leaves=20
num_cat=0
split_feature=6 2 2 6 2 7 4 1 2 5 2 2 2 6 1 6 1 4 2
split_gain=67740.4 267898 230289 144776 41087.4 7327.61 5698.13 13813.8 13586.6 3232.47 1128.74 673.248 276.951 263.842 110.005 175.507 118.006 136.363 82.0446
threshold=8.3629238554085266 0.63546820154915784 0.63546820154915784 10.883215456439848 0.52592071588983369 0.31484733852736624 2.8480664780767246 13301.812676166339 0.30882258029930471 0.46418096374551515 0.43149840856083482 0.27447364996027118 0.2079265850607315 15.389639996462732 9833.536278827658 11.998065177793462 6411.94674379548 2.1883376604767633 0.22093611501468283
decision_type=2 2 2 2 2 2 2 2 2 2 2 2 2 2 2 2 2 2 2
left_child=1 5 4 -4 6 10 7 13 12 -7 11 -1 -8 14 15 16 17 -2 -17
right_child=2 -3 3 -5 -6 9 8 -9 -10 -11 -12 -13 -14 -15 -16 18 -18 -19 -20
leaf_value=0.51322763919830261 0.17263603538274758 -12.739593353271486 13.733597259521487 1.7013079249858856 -4.7390377759933475 -2.021144863888622 -0.17041349411010734 -2.5621654669443767 2.4385619844709123 -0.29977913697560626 0.0034032118320465087 1.3337444972991941 -0.69667438507080071 0.29516122342708212 -0.24033401012420655 -0.29821659078200663 0.22111960612237455 -0.16924491077661513 -0.05362682174891234
leaf_weight=5.0000000000000053 5.0000000000000018 4.9999999999999991 4.9999999999999982 5 4.9999999999999991 4.9999999999999982 5.0000000000000018 5.9999999999999991 6.9999999999999991 6 4.9999999999999991 5 5 5.9999999999999991 6.9999999999999991 5.9999999999999991 7.9999999999999991 7 7.9999999999999991
leaf_count=5 5 5 5 5 5 5 5 6 7 6 5 5 5 6 7 6 8 7 8
internal_value=-0.139585 -2.14034 0.590101 7.71745 -0.360213 -0.10202 -0.0474394 -0.302929 0.749088 -1.08222 0.616792 0.923486 -0.433544 -0.0145162 -0.0598349 -0.0226733 0.0723711 -0.0267945 -0.158451
internal_weight=116 31 85 10 75 26 70 53 17 11 15 10 10 47 41 34 20 12 14
internal_count=116 31 85 10 75 26 70 53 17 11 15 10 10 47 41 34 20 12 14
is_linear=0
shrinkage=0.05


Tree=347
num_leaves=19
num_cat=0
split_feature=0 0 0 2 6 5 0 1 5 1 6 6 5 5 5 0 6 0
split_gain=78012.2 62797.2 48510.9 39049.7 5811.67 3803.16 10362.3 5247.07 1781.2 1625.66 976.915 708.986 369.257 112.312 125.234 200.965 89.2828 37.1923
threshold=87502.499999999985 70868.500000000015 62016 0.75904576824017289 5.7811278719123775 0.34079229426713314 27800.999999999996 15719.604082849797 0.47093532015918654 11399.273390776547 8.8564046125742681 7.6931119805369192 0.36427410282794453 0.48402602529779554 0.38926142689652604 30461.999999999993 14.205942578101139 18132.499999999996
decision_type=2 2 2 2 2 2 2 2 2 2 2 2 2 2 2 2 2 2
left_child=1 2 3 4 8 6 -6 9 -1 10 -7 -9 -12 14 -14 16 17 -16
right_child=-2 -3 -4 -5 5 7 -8 11 -10 -11 12 -13 13 -15 15 -17 -18 -19
leaf_value=-1.8812982118129735 -5.2492653438023167 5.6694053077697752 -4.4314157048861187 3.7986722622598919 0.39604838490486149 0.72841808299223587 -2.5055713570117946 1.6921904850006109 -0.54668314933776851 -0.68345778329031814 0.38292331844568256 0.8501775646209716 0.12646610513329506 0.20857101678848267 0.15295375585556009 -0.35308790157238645 -0.2025232455134392 -0.017126576271322039
leaf_weight=4.9999999999999982 6.9999999999999991 4.9999999999999991 5.9999999999999991 6.9999999999999991 7.9999999999999982 5.9999999999999991 5 4.9999999999999982 5 6.9999999999999991 6.9999999999999991 5 7.9999999999999991 4.9999999999999991 5.0000000000000062 5.9999999999999991 4.9999999999999991 8.9999999999999982
leaf_count=5 7 5 6 7 8 6 5 5 5 7 7 5 8 5 5 6 5 9
internal_value=-0.132606 0.195987 -0.0671585 0.200041 -0.0767769 0.0636198 -0.719959 0.213422 -1.21399 0.0310489 0.129118 1.27118 0.0492118 -0.0122613 -0.0457208 -0.100821 -0.0211572 0.0436164
internal_weight=116 109 104 98 91 81 13 68 10 58 51 10 45 38 33 25 19 14
internal_count=116 109 104 98 91 81 13 68 10 58 51 10 45 38 33 25 19 14
is_linear=0
shrinkage=0.05


Tree=348
num_leaves=19
num_cat=0
split_feature=0 0 0 2 6 4 0 2 5 6 7 2 4 2 6 0 4 2
split_gain=70406 56674.5 43781.1 35242.3 5245.03 3432.36 9352.01 3588.23 1607.53 957.861 2072.25 332.741 275.577 301.953 154.93 245.287 208.673 135.424
threshold=87502.499999999985 70868.500000000015 62016 0.75904576824017289 5.7811278719123775 2.934351799697287 27800.999999999996 0.52592071588983369 0.47093532015918654 8.3629238554085266 0.2165094734714553 0.16744804518791417 1.9905416946811754 0.22093611501468283 11.49094878481216 29848.500000000004 2.4246638699485072 0.28437702154139949
decision_type=2 2 2 2 2 2 2 2 2 2 2 2 2 2 2 2 2 2
left_child=1 2 3 4 8 7 -7 9 -1 10 -6 -11 -13 -14 16 17 -15 -16
right_child=-2 -3 -4 -5 5 6 -8 -9 -10 11 -12 12 13 14 15 -17 -18 -19
leaf_value=-1.7872332298755649 -4.986802210126605 5.3859349632263189 -4.2098445753256479 3.6087386165346418 1.27609142780304 0.3762459576129914 -2.3802927887439722 1.4920124912261965 -0.51934899330139161 0.33144375426428663 -0.10215368668238321 -0.35458394090334577 -0.26446299366070891 0.10078969978623915 0.22689140141010278 0.47574999809265139 -0.30207694470882418 -0.10904569073269764
leaf_weight=4.9999999999999982 6.9999999999999991 4.9999999999999991 5.9999999999999991 6.9999999999999991 4.9999999999999982 7.9999999999999982 5 4.9999999999999991 5 6.9999999999999991 6 5.9999999999999991 7.9999999999999991 9.0000000000000018 6.0000000000000018 4.9999999999999991 4.9999999999999991 6
leaf_count=5 7 5 6 7 5 8 5 5 5 7 6 6 8 9 6 5 5 6
internal_value=-0.125976 0.186187 -0.0638006 0.190039 -0.0729381 0.0604388 -0.683961 0.202751 -1.15329 0.100428 0.524321 0.0107586 -0.0391258 0.00940623 0.0800822 0.181519 -0.0430912 0.0589229
internal_weight=116 109 104 98 91 81 13 68 10 63 11 52 45 39 31 17 14 12
internal_count=116 109 104 98 91 81 13 68 10 63 11 52 45 39 31 17 14 12
is_linear=0
shrinkage=0.05


Tree=349
num_leaves=19
num_cat=0
split_feature=0 0 0 2 0 2 4 4 2 2 6 0 0 6 4 0 4 7
split_gain=63541.4 51148.7 39512.4 31806.2 4978.5 6691.65 3550.08 1892.35 1636.22 1110.67 1937.65 1340.05 372.195 235.264 232.152 109.852 50.7982 3.96714
threshold=87502.499999999985 70868.500000000015 62016 0.75904576824017289 53055.999999999993 0.51592895015361084 1.8581763196093466 2.9765045141594961 0.22605089977735515 0.35245113372703452 8.3629238554085266 28397.000000000015 35195 15.389639996462732 2.1543446061517115 30461.999999999993 2.6272356579924998 0.10044078237494418
decision_type=2 2 2 2 2 2 2 2 2 2 2 2 2 2 2 2 2 2
left_child=1 2 3 4 5 6 -1 9 -9 10 -8 -11 13 14 -12 16 17 -16
right_child=-2 -3 -4 -5 -6 -7 7 8 -10 11 12 -13 -14 -15 15 -17 -18 -19
leaf_value=-1.3784609413146973 -4.7374621527535572 5.1166381231695413 -3.9993523786465328 3.4283017430986678 -1.2605125248432161 1.524821868964604 0.87291089031431413 0.0019958782196044926 -1.2771523094177244 0.11990485382931576 0.19230495393276203 -0.95183108091354363 0.36595309525728226 0.26687140253682934 0.0019040796160697928 -0.36526989966630935 -0.22477731823921207 -0.061081185936927788
leaf_weight=4.9999999999999991 6.9999999999999991 4.9999999999999991 5.9999999999999991 6.9999999999999991 7.9999999999999991 6.9999999999999991 8.9999999999999982 4.9999999999999982 5 6.9999999999999982 6.0000000000000027 5 7.9999999999999991 5.9999999999999991 5.0000000000000018 4.9999999999999991 4.9999999999999991 5
leaf_count=5 7 5 6 7 8 7 9 5 5 7 6 5 8 6 5 5 5 5
internal_value=-0.119677 0.176878 -0.0606106 0.180537 -0.0692912 0.0455254 -0.0907256 -4.00604e-05 -0.637578 0.104474 0.210056 -0.326652 0.060914 -0.0153457 -0.0804728 -0.162306 -0.0946515 -0.0295886
internal_weight=116 109 104 98 91 83 76 71 10 61 49 12 40 32 26 20 15 10
internal_count=116 109 104 98 91 83 76 71 10 61 49 12 40 32 26 20 15 10
is_linear=0
shrinkage=0.05


Tree=350
num_leaves=17
num_cat=0
split_feature=2 2 2 0 6 6 4 2 2 6 1 6 5 6 4 4
split_gain=54791.1 22452.8 22723.4 24379.6 6631.09 3504.88 1880.24 1337.3 1816.17 1025.86 669.362 591.478 113.583 274.805 67.9277 35.79
threshold=0.90942970609434792 0.63546820154915784 0.52592071588983369 77954.999999999985 5.0852088199700551 16.260692376199078 2.8480664780767246 0.43149840856083482 0.3433574889033712 13.8610787059551 11399.273390776547 8.8564046125742681 0.45698816419450822 11.49094878481216 2.6272356579924998 2.4709768464156912
decision_type=2 2 2 2 2 2 2 2 2 2 2 2 2 2 2 2
left_child=1 2 3 4 -1 6 7 8 10 -8 11 -6 13 -13 15 -15
right_child=-2 -3 -4 -5 5 -7 9 -9 -10 -11 -12 12 -14 14 -16 -17
leaf_value=-1.5871060337339129 -5.2544202136993405 2.4910612954033748 -2.6719554543495181 3.1880479494730634 0.58722316026687627 -1.1321308153371017 1.2680220079422 -0.6880542576313019 0.91797247280677174 0.25517244338989253 -0.42304665148258214 -0.30859138795307678 0.21943328574299814 0.062784891724586456 0.15753652561042045 -0.12639752060174941
leaf_weight=6.9999999999999991 4.9999999999999991 8.9999999999999982 7.9999999999999991 5.9999999999999991 4.9999999999999991 5.9999999999999991 4.9999999999999982 5.9999999999999991 5.9999999999999991 5 7.9999999999999991 7.0000000000000062 4.9999999999999991 5.0000000000000018 8.9999999999999982 5
leaf_count=7 5 9 8 6 5 6 5 6 6 5 8 7 5 5 9 5
internal_value=-0.144097 0.106409 -0.124364 0.115409 -0.117956 0.0248782 0.130061 0.0172865 0.101927 0.761597 -0.00935148 0.0825808 0.00118685 -0.0407836 0.0578824 -0.0318063
internal_weight=107 102 93 85 79 72 66 56 50 10 44 36 31 26 19 10
internal_count=107 102 93 85 79 72 66 56 50 10 44 36 31 26 19 10
is_linear=0
shrinkage=0.05


Tree=351
num_leaves=17
num_cat=0
split_feature=2 2 2 0 6 7 5 2 2 6 1 6 2 1 2 0
split_gain=49449 20263.6 20507.9 22002.6 5984.56 3163.16 1696.91 1206.91 1639.09 925.842 604.099 533.808 111.807 153.111 266.097 139.889
threshold=0.90942970609434792 0.63546820154915784 0.52592071588983369 77954.999999999985 5.0852088199700551 0.038704089731232433 0.35114664584695249 0.43149840856083482 0.3433574889033712 13.8610787059551 11399.273390776547 8.8564046125742681 0.28437702154139949 5451.4444842065941 0.24878814255985207 33369.000000000007
decision_type=2 2 2 2 2 2 2 2 2 2 2 2 2 2 2 2
left_child=1 2 3 4 -1 -6 9 8 10 -7 11 -8 13 -13 15 -15
right_child=-2 -3 -4 -5 5 6 7 -9 -10 -11 -12 12 -14 14 -16 -17
leaf_value=-1.5077507053102766 -4.9916987800598145 2.3665084838867188 -2.5383576452732086 3.0286454836527508 -1.0755242745081584 1.2046208477020266 0.55786200672388075 -0.65365156630675003 0.87207385500272128 0.24241380691528316 -0.40189433991909029 0.21544891926977355 -0.17469726204872132 -0.007317163348197939 0.25241003245115284 -0.38133419394493101
leaf_weight=6.9999999999999991 4.9999999999999991 8.9999999999999982 7.9999999999999991 5.9999999999999991 5.9999999999999991 4.9999999999999982 4.9999999999999991 5.9999999999999991 5.9999999999999991 5 7.9999999999999991 9.0000000000000053 6.9999999999999991 4.9999999999999982 4.9999999999999991 5
leaf_count=7 5 9 8 6 6 5 5 6 6 5 8 9 7 5 5 5
internal_value=-0.136892 0.101088 -0.118146 0.109639 -0.112058 0.0236343 0.123558 0.0164222 0.096831 0.723517 -0.00888391 0.0784517 0.00112751 0.0524097 -0.0454138 -0.194326
internal_weight=107 102 93 85 79 72 66 56 50 10 44 36 31 24 15 10
internal_count=107 102 93 85 79 72 66 56 50 10 44 36 31 24 15 10
is_linear=0
shrinkage=0.05


Tree=352
num_leaves=18
num_cat=0
split_feature=2 1 7 1 1 7 1 2 4 4 1 0 7 2 7 5 2
split_gain=44627.7 19175.9 10242.6 64688 26852.7 11472.1 4903.09 4002.83 16518.5 3385.66 1298.69 857.681 414.075 264.173 174.436 63.1617 3.97641
threshold=0.90942970609434792 52757.674236056024 0.16161402610131517 27797.939671950877 31062.671928726599 0.36171664427398059 15719.604082849797 0.30882258029930471 2.9765045141594961 2.934351799697287 9442.0625753316071 31244.499999999993 0.097445459401076309 0.18761642588800242 0.058358282577577782 0.4500170190692121 0.26451798600539184
decision_type=2 2 2 2 2 2 2 2 2 2 2 2 2 2 2 2 2
left_child=1 2 3 7 5 6 11 9 12 10 13 -4 -9 -1 -15 -14 -16
right_child=-2 -3 4 -5 -6 -7 -8 8 -10 -11 -12 -13 15 14 16 -17 -18
leaf_value=0.34684187786446652 -4.7421138238906861 3.1156248474121093 0.49136991918086936 -5.884181518554688 3.6877434412638346 -1.9406737248102826 1.6189981119973318 -0.46601414425032434 3.0982460975646973 -1.1894536435604095 -0.68974990447362261 -0.34341499530710284 0.16104676246643068 0.24532331466674806 -0.14790578365325932 -0.090273110866546616 -0.084846988916397081
leaf_weight=9.0000000000000053 4.9999999999999991 4.9999999999999991 5.0000000000000062 4.9999999999999991 5.9999999999999991 5.9999999999999991 6.9999999999999991 7.0000000000000062 4.9999999999999991 7.9999999999999991 5.9999999999999991 7.9999999999999991 4.9999999999999982 4.9999999999999991 4.9999999999999982 5 5
leaf_count=9 5 5 5 5 6 6 7 7 5 8 6 8 5 5 5 5 5
internal_value=-0.130048 0.0960338 -0.0596152 -0.420117 0.672654 -0.0231356 0.552126 0.0352217 0.571955 -0.275518 -0.0318023 -0.0223439 -0.171072 0.132685 0.00419018 0.0353868 -0.116376
internal_weight=107 102 97 65 32 26 20 60 22 38 30 13 17 24 15 10 10
internal_count=107 102 97 65 32 26 20 60 22 38 30 13 17 24 15 10 10
is_linear=0
shrinkage=0.05


Tree=353
num_leaves=19
num_cat=0
split_feature=2 2 2 1 5 0 7 7 5 1 1 7 4 0 7 4 0 4
split_gain=40276.5 17411.5 19942.3 9234.95 14485.4 2195.83 2389.32 2389.17 969.514 1750.28 2158.38 723.866 101.173 139.952 109.234 139.725 101.566 57.6956
threshold=0.90942970609434792 0.63546820154915784 0.55662553940215431 24205.677865591173 0.38063547960389132 62016 0.038704089731232433 0.31484733852736624 0.35114664584695249 15719.604082849797 11399.273390776547 0.18776678944947769 2.1543446061517115 19519.500000000011 0.11677816766031567 2.6767405536233917 29586.000000000004 2.5450332819636068
decision_type=2 2 2 2 2 2 2 2 2 2 2 2 2 2 2 2 2 2
left_child=1 2 3 5 -5 6 -1 8 -8 10 11 12 -10 17 15 16 -15 -14
right_child=-2 -3 -4 4 -6 -7 7 -9 9 -11 -12 -13 13 14 -16 -17 -18 -19
leaf_value=-1.0159913122653961 -4.5050083899497988 2.1911790317959254 -3.1836477327346806 3.0740493774414066 -0.56989452362060544 -1.1442827811837197 0.67432496207101011 -0.92516052722930908 0.22445380926132202 0.93850487232208257 -0.85593853678022114 0.65777134835720075 0.020797082781791681 -0.080685603022575339 -0.29910115480422972 -0.24505727767944335 0.23800828516483305 0.2507701921463012
leaf_weight=5.9999999999999991 4.9999999999999991 8.9999999999999982 4.9999999999999991 5.9999999999999982 5 4.9999999999999991 6.9999999999999991 5.9999999999999991 4.9999999999999991 4.9999999999999991 6.9999999999999991 4.9999999999999991 6.0000000000000018 5.0000000000000018 4.9999999999999991 4.9999999999999991 5 5
leaf_count=6 5 9 5 6 5 5 7 6 5 5 7 5 6 5 5 5 5 5
internal_value=-0.123545 0.0912322 -0.111988 0.0625376 1.41771 -0.131059 -0.0606959 0.0261492 0.12128 0.0482365 -0.0444998 0.0940385 0.0157423 -0.0179208 -0.0967089 -0.0292449 0.0786613 0.12533
internal_weight=107 102 93 88 11 77 72 66 60 53 48 41 36 31 20 15 10 11
internal_count=107 102 93 88 11 77 72 66 60 53 48 41 36 31 20 15 10 11
is_linear=0
shrinkage=0.05


Tree=354
num_leaves=19
num_cat=0
split_feature=2 1 6 1 1 7 1 4 1 1 2 5 7 5 2 7 6 5
split_gain=36349.6 17022.2 9360.63 60516.9 23393.4 10007.6 4130.53 3549.83 14215.2 1761.72 759.838 615.923 247.966 124.068 118.755 127.551 84.9433 28.943
threshold=0.90942970609434792 52757.674236056024 9.1127472625752919 27797.939671950877 31062.671928726599 0.36171664427398059 15719.604082849797 3.0121539584389425 2608.015573342022 13956.18840917876 0.2566042183329999 0.35922375171208942 0.04970776372884636 0.37358923902760793 0.26451798600539184 0.097445459401076309 10.631232603955729 0.43118641632164573
decision_type=2 2 2 2 2 2 2 2 2 2 2 2 2 2 2 2 2 2
left_child=1 2 4 7 5 6 10 9 -9 11 -1 -4 -13 -14 15 -15 -16 -18
right_child=-2 -3 3 -5 -6 -7 -8 8 -10 -11 -12 12 13 14 16 -17 17 -19
leaf_value=0.35455069712230108 -4.2797581863403327 2.9316432189941408 -0.5381227350234985 -5.6895780181884774 3.4542392253875733 -1.8003425598144531 1.5071396487099786 -0.98937598228454604 2.7809256696701046 -0.87178416592734198 -0.41224126468102135 0.34716869095961256 -0.20804956232508026 0.00078483045101165731 0.13058902859687804 0.35792789697647093 -0.19199865013360981 -0.02911510109901428
leaf_weight=7.0000000000000053 4.9999999999999991 4.9999999999999991 4.9999999999999991 4.9999999999999991 5.9999999999999991 5.9999999999999991 6.9999999999999991 4.9999999999999982 5 6.9999999999999991 6 5.9999999999999991 5.9999999999999991 5.0000000000000018 4.9999999999999991 5 5.9999999999999982 5
leaf_count=7 5 5 5 5 6 6 7 5 5 7 6 6 6 5 5 5 6 5
internal_value=-0.117368 0.0866705 -0.0599776 -0.404609 0.640055 -0.00937194 0.527919 0.035805 0.895775 -0.136189 0.000646715 -0.0164409 0.0522015 -0.00310488 0.0441901 0.179356 -0.0402889 -0.117961
internal_weight=107 102 97 65 32 26 20 60 10 50 13 43 38 32 26 10 16 11
internal_count=107 102 97 65 32 26 20 60 10 50 13 43 38 32 26 10 16 11
is_linear=0
shrinkage=0.05


Tree=355
num_leaves=18
num_cat=0
split_feature=2 1 1 4 4 2 4 0 6 0 2 2 4 4 1 0 3
split_gain=32942.7 15276 8649.99 71443.8 10178.7 1893.94 2583.03 1733.32 2800.21 1020.89 2564.74 392.758 662.036 551.041 147.891 94.0563 38.4332
threshold=0.90942970609434792 52757.674236056024 29628.349800647582 2.4709768464156912 3.2626666860657543 0.51592895015361084 1.8581763196093466 43685.500000000007 7.6506066014448839 50610.999999999993 0.28437702154139949 0.23674119032890859 2.6969315988360472 2.6272356579924998 5451.4444842065941 29586.000000000004 4.5000000000000009
decision_type=2 2 2 2 2 2 2 2 2 2 2 2 2 2 2 2 2
left_child=1 2 4 -4 5 6 -1 8 -8 -9 -11 12 14 15 -10 16 -13
right_child=-2 -3 3 -5 -6 -7 7 9 11 10 -12 13 -14 -15 -16 -17 -18
leaf_value=-1.1909874534606935 -4.0657699584960936 2.7850611877441409 2.5516337712605797 -5.164353354771932 2.1124621788660689 0.76692302397319256 1.2548339366912842 -0.91115287882941076 0.19141622952052517 -0.83569357792536436 0.69760861992835999 0.12919431499072473 -0.5996684567381938 0.45214432080586753 -0.14687315821647642 -0.20677427073940635 -0.031231751572340729
leaf_weight=4.9999999999999991 4.9999999999999991 4.9999999999999991 5.9999999999999982 6 5.9999999999999991 6.9999999999999991 4.9999999999999991 7.0000000000000027 7.0000000000000018 5.9999999999999982 5 7.0000000000000062 5.9999999999999991 8.9999999999999982 6 4.9999999999999991 7.9999999999999991
leaf_count=5 5 5 6 6 6 7 5 7 7 6 5 7 6 9 6 5 8
internal_value=-0.0997386 0.0873383 -0.0462123 -1.30636 0.123695 -0.0200711 -0.0925573 -0.0152031 0.128769 -0.439122 -0.138738 0.0114708 -0.165228 0.127239 0.0352827 -0.0189683 0.0436337
internal_weight=111 106 101 12 89 83 76 71 53 18 11 48 19 29 13 20 15
internal_count=111 106 101 12 89 83 76 71 53 18 11 48 19 29 13 20 15
is_linear=0
shrinkage=0.05


Tree=356
num_leaves=18
num_cat=0
split_feature=2 2 2 0 1 4 4 6 2 1 5 5 2 2 4 0 5
split_gain=29730.8 14407 14663.7 18613.8 3487.05 4224.15 1991.37 2746.73 1304.38 811.811 1536.56 532.445 156.668 522.704 245.293 129.948 37.3036
threshold=0.90942970609434792 0.63546820154915784 0.52592071588983369 77954.999999999985 13956.18840917876 2.4420260066434127 1.929028480034092 7.1676944068471782 0.41711654529755943 1117.7490461145278 0.33198916330476513 0.36316424738755676 0.2566042183329999 0.22605089977735515 2.4924571051868147 33369.000000000007 0.45698816419450822
decision_type=2 2 2 2 2 2 2 2 2 2 2 2 2 2 2 2 2
left_child=1 2 3 4 6 -6 -1 -8 9 -9 -11 -12 13 15 16 -13 -14
right_child=-2 -3 -4 -5 5 -7 7 8 -10 10 11 12 14 -15 -16 -17 -18
leaf_value=-0.91416887819767012 -3.8624812698364259 1.996649021572537 -2.0169076462586721 2.7903124491373701 -1.6803110769816809 0.12764074802398681 1.2471139526367188 -0.65187286853790294 0.79916558027267459 0.84754226684570322 -0.56320248603820799 0.040016034576627932 -0.054880833476781826 0.47204203009605411 -0.32976325750350954 -0.26038654943307243 0.13826068170368669
leaf_weight=4.9999999999999991 4.9999999999999991 8.9999999999999982 8.9999999999999982 5.9999999999999991 6.9999999999999982 6 4.9999999999999991 4.9999999999999991 4.9999999999999991 4.9999999999999991 4.9999999999999991 9.0000000000000018 5.0000000000000018 5.9999999999999991 7.9999999999999991 5.9999999999999991 5
leaf_count=5 5 9 9 6 7 6 5 5 5 5 5 9 5 6 8 6 5
internal_value=-0.0947517 0.0829714 -0.0945863 0.102015 -0.0946899 -0.845872 0.0468371 0.121916 0.0265599 -0.0449777 0.0169504 -0.077435 -0.0151572 0.0776227 -0.1234 -0.080145 0.0416899
internal_weight=111 106 97 88 82 13 69 64 59 54 49 44 39 21 18 15 10
internal_count=111 106 97 88 82 13 69 64 59 54 49 44 39 21 18 15 10
is_linear=0
shrinkage=0.05


Tree=357
num_leaves=19
num_cat=0
split_feature=6 2 2 0 0 6 0 4 2 4 3 6 1 6 1 4 5 2
split_gain=28723.5 279540 157464 52083.8 26279.2 3866.45 1301.76 1215.07 1031.89 832.959 2142.94 149.834 335.55 189.081 125.056 82.0782 79.4076 48.8471
threshold=8.3629238554085266 0.63546820154915784 0.63546820154915784 77954.999999999985 62016 6.6798556851379809 45841.500000000007 2.1234392662738975 0.51592895015361084 2.7837997876371747 2.5000000000000004 11.49094878481216 9442.0625753316071 15.389639996462732 9833.536278827658 2.6272356579924998 0.46418096374551515 0.28437702154139949
decision_type=2 2 2 2 2 2 2 2 2 2 2 2 2 2 2 2 2 2
left_child=1 4 3 8 5 7 -7 -1 9 11 -11 14 13 15 16 -13 17 -2
right_child=2 -3 -4 -5 -6 6 -8 -9 -10 10 -12 12 -14 -15 -16 -17 -18 -19
leaf_value=-0.23601895332336378 -0.16772334992885582 -12.209226055145265 6.6411880387200259 -5.299272193908692 3.9577622985839849 0.074733376502990737 1.1671058940887449 -1.3383212566375731 0.68417406558990479 0.1342132389545441 -1.1158121625582376 0.034219008916988945 0.48796863079071051 0.26485573252042138 -0.23180961949484691 -0.21042090033491456 0.18682396650314331 0.053290423154830929
leaf_weight=5.0000000000000089 5.0000000000000018 4.9999999999999991 8.9999999999999982 4.9999999999999991 4.9999999999999991 5.9999999999999982 5 5 4.9999999999999991 7.9999999999999982 6 8.0000000000000053 4.9999999999999991 5.9999999999999991 6.9999999999999991 5.9999999999999991 4.9999999999999991 5
leaf_count=5 5 5 9 5 5 6 5 5 5 8 6 8 5 6 7 6 5 5
internal_value=-0.0900141 -1.3821 0.410669 -0.379115 0.70004 -0.0756082 0.571266 -0.78717 -0.00637583 -0.0629783 -0.401512 0.0378615 0.121608 0.0300181 -0.0573051 -0.0706267 0.0241303 -0.0572165
internal_weight=111 31 80 71 26 21 11 10 66 61 14 47 25 20 22 14 15 10
internal_count=111 31 80 71 26 21 11 10 66 61 14 47 25 20 22 14 15 10
is_linear=0
shrinkage=0.05


Tree=358
num_leaves=18
num_cat=0
split_feature=3 1 1 3 0 1 5 0 1 0 0 7 1 4 5 0 0
split_gain=26807.2 62886.1 44080.8 12831.8 27694.8 8325.5 8760.58 15792.4 5171.37 4885.08 1477.08 1332.93 1006.13 675.151 856.419 306.126 203.857
threshold=5.5000000000000009 52757.674236056024 15719.604082849797 4.5000000000000009 39777.5 33902.646891508019 0.30656309121883385 70868.500000000015 22348.395371591363 23817.000000000018 23817.000000000018 0.08708707792479202 8017.8764203639594 2.7837997876371747 0.41243257855243948 43685.500000000007 11010.999999999998
decision_type=2 2 2 2 2 2 2 2 2 2 2 2 2 2 2 2 2
left_child=1 3 12 5 9 6 -1 8 10 -5 11 16 -2 14 15 -12 -8
right_child=2 -3 -4 4 -6 -7 7 -9 -10 -11 13 -13 -14 -15 -16 -17 -18
leaf_value=1.9480301936467488 0.46513619765639319 -4.9557338169642859 5.7134406423568729 -0.85418167114257781 -4.3803992211818699 2.2450844955444338 0.22160990680567913 -2.7456352686882024 1.7233464217185976 1.0331552823384604 0.3014687766631442 0.8483732804656029 -0.53792245268821703 -0.74507294416427616 -0.55014485557164461 -0.18648427128791811 -0.14786453672817776
leaf_weight=5.9999999999999991 4.9999999999999982 6.9999999999999991 4.9999999999999991 8.0000000000000018 4.9999999999999991 4.9999999999999991 8.0000000000000018 4.9999999999999991 4.9999999999999991 5.9999999999999991 9.0000000000000053 7.9999999999999991 5 4.9999999999999991 6.9999999999999991 4.9999999999999991 6.9999999999999991
leaf_count=6 5 7 5 8 5 5 8 5 5 6 9 8 5 5 7 5 7
internal_value=-0.0855134 -0.392659 1.88022 -0.0337655 -1.18613 0.27902 0.127784 -0.0573256 0.191592 -0.045323 0.0352905 0.327166 -0.0363931 -0.222907 -0.0985817 0.1272 0.0491885
internal_weight=111 96 15 89 19 70 65 59 54 14 49 23 10 26 21 14 15
internal_count=111 96 15 89 19 70 65 59 54 14 49 23 10 26 21 14 15
is_linear=0
shrinkage=0.05


Tree=359
num_leaves=19
num_cat=0
split_feature=2 1 1 5 1 2 4 0 7 7 3 0 0 5 3 1 1 1
split_gain=29047.2 15692 7822.6 64764.5 7910.95 2120.32 2081.52 1542.82 2381.24 1077.49 810.748 757.592 243.937 170.958 119.038 58.6239 66.5293 16.3471
threshold=0.90942970609434792 52757.674236056024 29628.349800647582 0.40469831891852054 22348.395371591363 0.51592895015361084 1.8899163912421544 43685.500000000007 0.31484733852736624 0.029207731540309843 2.5000000000000004 50610.999999999993 31244.499999999993 0.37079327361855535 3.5000000000000004 5166.7437459527355 8587.5259268539885 6093.7564319131534
decision_type=2 2 2 2 2 2 2 2 2 2 2 2 2 2 2 2 2 2
left_child=1 2 4 -4 5 6 -1 8 9 -8 -11 -9 13 -12 -15 -16 17 -17
right_child=-2 -3 3 -5 -6 -7 7 11 -10 10 12 -13 -14 14 15 16 -18 -19
leaf_value=-0.97090647220611581 -3.805399513244629 2.8286448669433595 -4.9125203609466563 2.4339350382486979 1.8739363277951879 0.89922502761085843 -0.67961040973663334 -0.83128461292279621 1.1608667850494385 0.63523123487830169 -0.26011855431965419 -0.11902342624962331 0.30587630122900011 0.23738500952720629 -0.18338486433029164 0.028789110481739034 -0.12254908283551534 0.15120178103446957
leaf_weight=5.9999999999999991 4.9999999999999991 4.9999999999999991 5.9999999999999982 6 5.9999999999999991 5.9999999999999991 4.9999999999999991 6.9999999999999991 4.9999999999999991 5.9999999999999991 6.9999999999999991 7.9999999999999991 5.9999999999999991 5.0000000000000027 5.0000000000000027 6.0000000000000018 5.9999999999999991 5
leaf_count=6 5 5 6 6 6 6 5 7 5 6 7 8 6 5 5 6 6 5
internal_value=-0.0812377 0.0944303 -0.0409269 -1.23929 0.120651 -0.00609303 -0.0766373 -0.00106525 0.119563 0.0174748 0.0932449 -0.451412 0.0119469 -0.0399229 0.0171648 -0.0328852 0.0113794 0.0844312
internal_weight=111 106 101 12 89 83 77 71 56 51 46 15 40 34 27 22 17 11
internal_count=111 106 101 12 89 83 77 71 56 51 46 15 40 34 27 22 17 11
is_linear=0
shrinkage=0.05


Tree=360
num_leaves=19
num_cat=0
split_feature=6 2 2 1 0 5 2 2 2 5 5 5 6 1 6 2 0 5
split_gain=35864.8 251042 213292 149293 46618.2 10103 9099.38 4219.57 2589.85 4294.3 1214.31 871.392 256.015 476.916 197.064 121.909 158.203 75.7308
threshold=8.3629238554085266 0.63546820154915784 0.63546820154915784 52757.674236056024 77954.999999999985 0.39559492442219535 0.50562705853824974 0.35245113372703452 0.40053970387469134 0.42201395357088417 0.34079229426713314 0.31286958373127377 11.49094878481216 8587.5259268539885 15.389639996462732 0.23339000128674831 30461.999999999993 0.38063547960389132
decision_type=2 2 2 2 2 2 2 2 2 2 2 2 2 2 2 2 2 2
left_child=1 5 4 -4 8 -1 7 -7 10 -10 11 -2 15 14 17 -12 -17 -14
right_child=2 -3 3 -5 -6 6 -8 -9 9 -11 12 -13 13 -15 -16 16 -18 -19
leaf_value=2.6723979187011686 -0.12352337241172794 -11.610808391571046 1.3819796180725101 13.600524139404294 -4.9392843627929688 0.22853494750128844 2.0067918205261228 -1.4832643866539001 1.8418682229518895 -0.1421775569518407 0.081681803294590516 -0.94467571576436349 -0.21726364828646158 0.49928624970572333 0.25950740575790404 -0.048594327436553113 -0.39937472701072696 0.01772643979638815
leaf_weight=5.0000000000000062 6.9999999999999982 4.9999999999999991 4.9999999999999982 5 4.9999999999999991 9.0000000000000018 4.9999999999999991 5.9999999999999991 4.9999999999999982 6 7.0000000000000027 6 6.0000000000000062 6.9999999999999991 5.9999999999999991 8.9999999999999982 4.9999999999999991 7.9999999999999991
leaf_count=5 7 5 5 5 5 9 5 6 5 6 7 6 6 7 6 9 5 8
internal_value=0.107407 -1.38336 0.621465 7.49125 -0.270715 0.662127 0.159559 -0.456185 0.0534915 0.759661 -0.0738507 -0.502517 0.0422464 0.144084 0.0197637 -0.0886881 -0.173873 -0.0829836
internal_weight=117 30 87 10 77 25 20 15 72 11 61 13 48 27 20 21 14 14
internal_count=117 30 87 10 77 25 20 15 72 11 61 13 48 27 20 21 14 14
is_linear=0
shrinkage=0.05


Tree=361
num_leaves=20
num_cat=0
split_feature=6 2 2 1 0 4 2 2 2 5 4 4 0 7 1 1 4 4 5
split_gain=32368 226565 192496 134737 42073 9117.93 8212.19 3808.16 2337.34 3875.6 1095.92 786.431 238.179 179.131 74.2509 108.087 82.3576 31.7235 51.4066
threshold=8.3629238554085266 0.63546820154915784 0.63546820154915784 52757.674236056024 77954.999999999985 2.5278384386296175 0.50562705853824974 0.35245113372703452 0.40053970387469134 0.42201395357088417 2.934351799697287 3.1962238028246612 50610.999999999993 0.04970776372884636 9833.536278827658 7607.5887173799301 2.1543446061517115 2.6272356579924998 0.42201395357088417
decision_type=2 2 2 2 2 2 2 2 2 2 2 2 2 2 2 2 2 2 2
left_child=1 5 4 -4 8 6 7 -1 10 -10 12 -12 13 -2 15 16 -15 18 -18
right_child=2 -3 3 -5 -6 -7 -8 -9 9 -11 11 -13 -14 14 -16 -17 17 -19 -20
leaf_value=0.21710820992787655 0.24653202493985496 -11.030268249511719 1.3128807544708254 12.920497894287108 -4.6923203277587886 2.5387780666351318 1.9064521217346191 -1.4091012179851532 1.7497747755050661 -0.13506867811083792 -0.89744194348653172 -0.11734718254634312 0.30968706607818608 0.11418260812759383 -0.20926596621672311 0.17295933663845064 0.056155201345682117 -0.19841144595827376 -0.16092238525549571
leaf_weight=9.0000000000000089 5.9999999999999991 4.9999999999999991 4.9999999999999982 5 4.9999999999999991 4.9999999999999991 4.9999999999999991 5.9999999999999991 4.9999999999999982 6 5.9999999999999982 7 6.9999999999999991 5.0000000000000062 5.9999999999999991 5.9999999999999991 5.0000000000000018 6.9999999999999991 6
leaf_count=9 6 5 5 5 5 5 5 6 5 6 6 7 7 5 6 6 5 7 6
internal_value=0.102037 -1.31419 0.590392 7.11669 -0.257179 0.629021 0.151581 -0.433376 0.0508169 0.721678 -0.0701581 -0.477391 0.0401341 -0.00588715 -0.049159 -0.0160334 -0.0653359 -0.115202 -0.0622508
internal_weight=117 30 87 10 77 25 20 15 72 11 61 13 48 41 35 29 23 18 11
internal_count=117 30 87 10 77 25 20 15 72 11 61 13 48 41 35 29 23 18 11
is_linear=0
shrinkage=0.05


Tree=362
num_leaves=20
num_cat=0
split_feature=6 2 2 1 2 4 2 3 2 1 2 1 6 4 4 1 1 4 1
split_gain=29212.1 204475 173728 121600 28674 8228.93 7411.5 5173.02 14850.6 10426.5 3436.87 529.958 1835.07 454.056 115.38 63.2443 63.0671 49.1253 37.2927
threshold=8.3629238554085266 0.63546820154915784 0.63546820154915784 52757.674236056024 0.52592071588983369 2.5278384386296175 0.50562705853824974 2.5000000000000004 0.2994101109548431 17549.64770584663 0.35245113372703452 8587.5259268539885 11.49094878481216 2.6969315988360472 2.535545779047951 4405.9086795478224 12221.392818450666 2.1883376604767633 6093.7564319131534
decision_type=2 2 2 2 2 2 2 2 2 2 2 2 2 2 2 2 2 2 2
left_child=1 5 4 -4 7 6 10 8 -2 11 -1 13 16 14 15 -9 -13 -17 -19
right_child=2 -3 3 -5 -6 -7 -8 9 -10 -11 -12 12 -14 -15 -16 17 -18 18 -20
leaf_value=0.20625277757644628 -0.34120878386828635 -10.478754653930665 1.2472366905212404 12.274472808837888 -3.9057428181171421 2.4118390417099 1.8111295509338381 -0.19703733742237065 3.0573934268951417 -2.1718375126520795 -1.3386461451649667 -0.26319990952809641 0.88167964390345999 -0.41610117405653002 0.20696005945404372 0.13626399129629135 -0.022759595513343809 -0.15224049434065823 0.04087266266345977
leaf_weight=9.0000000000000089 8.9999999999999982 4.9999999999999991 4.9999999999999982 5 4.9999999999999991 4.9999999999999991 4.9999999999999991 5.0000000000000062 4.9999999999999991 5.9999999999999991 5.9999999999999991 6.0000000000000018 6.9999999999999991 7.9999999999999991 5.9999999999999991 4.9999999999999991 5 4.9999999999999982 5
leaf_count=9 9 5 5 5 5 5 5 5 5 6 6 6 7 8 6 5 5 5 5
internal_value=0.0969348 -1.24848 0.560872 6.76085 -0.24432 0.59757 0.144002 0.00994539 0.872578 -0.198276 -0.411707 0.0294424 0.24882 -0.0866987 0.0146559 -0.0430353 -0.153909 0.00829872 -0.0556839
internal_weight=117 30 87 10 77 25 20 72 14 58 15 52 18 34 26 20 11 15 10
internal_count=117 30 87 10 77 25 20 72 14 58 15 52 18 34 26 20 11 15 10
is_linear=0
shrinkage=0.05


Tree=363
num_leaves=20
num_cat=0
split_feature=6 2 2 1 2 1 3 2 1 5 5 2 5 4 2 6 2 2 6
split_gain=26363.9 184539 156789 109744 25878.3 7800.71 4668.65 13402.7 9409.89 1823.15 1637.92 519.472 376.794 321.912 105.724 28.6022 71.0902 35.9839 43.086
threshold=8.3629238554085266 0.63546820154915784 0.63546820154915784 52757.674236056024 0.52592071588983369 22348.395371591363 2.5000000000000004 0.2994101109548431 17549.64770584663 0.48402602529779554 0.41781195714099434 0.41711654529755943 0.35922375171208942 2.6272356579924998 0.26451798600539184 10.485838715812053 0.24472592425180703 0.18761642588800242 11.49094878481216
decision_type=2 2 2 2 2 2 2 2 2 2 2 2 2 2 2 2 2 2 2
left_child=1 5 4 -4 6 9 7 -2 11 10 -1 12 -8 15 -15 16 -14 -17 -19
right_child=2 -3 3 -5 -6 -7 8 -9 -10 -11 -12 -13 13 14 -16 17 -18 18 -20
leaf_value=-0.13863932092984496 -0.32414833009243016 -9.9548168563842783 1.1848748970031742 11.660749053955078 -3.7104554563760761 1.9839880807059154 -0.39859027365843458 2.904523620605469 -2.0632457017898562 -0.61389095783233649 1.0866870480775832 0.46554532647132874 0.12462325692176815 0.43457370877265938 0.10942186892032622 -0.20786248922348008 -0.13065308272838591 -0.16928321778774263 0.013777892705467013
leaf_weight=6.0000000000000089 8.9999999999999982 4.9999999999999991 4.9999999999999982 5 4.9999999999999991 6.9999999999999991 5.9999999999999991 4.9999999999999991 5.9999999999999991 6.9999999999999991 5 5.9999999999999991 6.0000000000000018 4.9999999999999982 5 5.0000000000000027 5 4.9999999999999991 8.9999999999999982
leaf_count=6 9 5 5 5 5 7 6 5 6 7 5 6 6 5 5 5 5 5 9
internal_value=0.092088 -1.18606 0.532829 6.42281 -0.232104 0.567691 0.00944811 0.828949 -0.188362 0.016909 0.418327 0.0279703 -0.0291047 0.0263181 0.271998 -0.0555751 0.00858856 -0.0927225 -0.0516011
internal_weight=117 30 87 10 77 25 72 14 58 18 11 52 46 40 10 30 11 19 14
internal_count=117 30 87 10 77 25 72 14 58 18 11 52 46 40 10 30 11 19 14
is_linear=0
shrinkage=0.05


Tree=364
num_leaves=21
num_cat=0
split_feature=6 6 1 6 1 1 1 0 1 7 6 1 6 1 6 1 6 0 1 1
split_gain=23793.5 127429 96201.6 16776 52940.7 15371.7 11995.2 2888.66 5857.1 1229.54 1009.99 1493.68 870.511 817.863 298.396 377.83 108.373 76.8179 47.2293 7.58762
threshold=8.3629238554085266 7.6931119805369192 52757.674236056024 9.1127472625752919 27797.939671950877 31062.671928726599 22348.395371591363 48227.499999999993 12221.392818450666 0.029207731540309843 11.49094878481216 8587.5259268539885 12.796655641163168 9833.536278827658 15.008018257059971 1926.3337192909112 14.205942578101139 24627.000000000004 5746.7049674573136 5657.3230438461069
decision_type=2 2 2 2 2 2 2 2 2 2 2 2 2 2 2 2 2 2 2 2
left_child=1 5 3 -2 6 7 9 8 -1 -5 13 14 -13 17 16 -16 18 19 -12 -11
right_child=2 -3 -4 4 -6 -7 -8 -9 -10 10 11 12 -14 -15 15 -17 -18 -19 -20 -21
leaf_value=-0.67419609520584256 2.597725253303846 -7.6441518127918249 6.615163930257161 -0.72966556787490855 -5.1203306579589842 2.6943168958028156 2.5650984430313111 -1.2493191242218018 1.5072918701171876 -0.095905466079711801 0.10883996605873095 1.1426191647847497 0.24932827472686767 -0.62453731298446657 -0.051553435325622565 0.56312540650367726 -0.28539630301296709 0.18594789981842041 -0.099230889976024625 -0.012506916622320811
leaf_weight=8.0000000000000089 5.9999999999999991 5.9999999999999991 5.9999999999999991 4.9999999999999991 4.9999999999999991 5.9999999999999991 4.9999999999999991 4.9999999999999991 4.9999999999999991 5.0000000000000053 5.0000000000000053 5.9999999999999982 5 6.9999999999999991 4.9999999999999982 5 4.9999999999999991 4.9999999999999991 6 6
leaf_count=8 6 6 6 5 5 6 5 5 5 5 5 6 5 7 5 5 5 5 6 6
internal_value=0.0874837 -1.12676 0.506187 0.0536706 -0.149854 0.502592 0.20518 -0.227984 0.164838 0.0236482 0.0864243 0.248163 0.736578 -0.173765 0.0415266 0.255786 -0.0923854 0.0234482 -0.00465323 -0.0504153
internal_weight=117 30 87 81 75 24 70 18 13 65 60 37 11 23 26 10 16 16 11 11
internal_count=117 30 87 81 75 24 70 18 13 65 60 37 11 23 26 10 16 16 11 11
is_linear=0
shrinkage=0.05


Tree=365
num_leaves=19
num_cat=0
split_feature=0 7 0 2 5 2 2 1 5 7 2 5 2 3 0 5 6 5
split_gain=67192.8 83471.9 36385.6 28663 4807.12 2350.92 5799.87 2941.26 1612.93 927.874 1084.63 1548.88 720.007 457.206 394.034 194.481 34.2363 36.2109
threshold=77954.999999999985 0.14610001537467651 66429.000000000015 0.63546820154915784 0.52913203615314297 0.50562705853824974 0.41711654529755943 12221.392818450666 0.41781195714099434 0.029207731540309843 0.22605089977735515 0.35114664584695249 0.26451798600539184 3.5000000000000004 33369.000000000007 0.44412785151983714 13.274265526549931 0.45698816419450822
decision_type=2 2 2 2 2 2 2 2 2 2 2 2 2 2 2 2 2 2
left_child=2 -2 3 4 5 6 7 9 -7 -1 11 -11 13 -12 15 -13 17 -14
right_child=1 -3 -4 -5 -6 8 -8 -9 -10 10 12 14 16 -15 -16 -17 -18 -19
leaf_value=-0.69318233728408818 8.8119503021240249 -0.32434346199035641 -3.8321685324112575 3.8680420827865607 -1.530747528076172 1.4194865784049038 -1.6762279963493349 0.93002152972751206 0.14947610855102536 1.0601851749420159 -0.85065491139888716 0.044940514117479305 -0.11389817595481869 -0.20327121814091997 -0.26685888568560284 0.4671656835079192 0.098647821588175644 0.06227751553058624
leaf_weight=4.9999999999999991 4.9999999999999982 5 5.9999999999999991 4.9999999999999991 4.9999999999999991 4.9999999999999982 4.9999999999999991 8.9999999999999982 5 5.0000000000000027 5.0000000000000018 6.0000000000000018 7.0000000000000018 6 5.9999999999999991 5 6.9999999999999991 5
leaf_count=5 5 5 6 5 5 5 5 9 5 5 5 6 7 6 6 5 7 5
internal_value=0.341462 4.2438 -0.0608413 0.187818 -0.0261489 0.0667276 -0.0343645 0.0900191 0.784481 -0.0426129 0.0199419 0.286602 -0.175609 -0.497537 0.0590775 0.236861 0.0107703 -0.0404916
internal_weight=107 10 97 91 86 81 71 66 10 57 52 22 30 11 17 11 19 12
internal_count=107 10 97 91 86 81 71 66 10 57 52 22 30 11 17 11 19 12
is_linear=0
shrinkage=0.05


Tree=366
num_leaves=19
num_cat=0
split_feature=0 7 0 2 4 5 2 0 6 5 0 5 6 4 4 4 4 7
split_gain=60641.5 75333.4 32838 25868.4 4338.42 2128.33 1713.86 2581 1930.92 1455.67 594.456 530.498 281.811 178.451 127.814 59.7842 45.5273 16.8929
threshold=77954.999999999985 0.14610001537467651 66429.000000000015 0.63546820154915784 1.8899163912421544 0.30656309121883385 0.50562705853824974 54773.500000000007 8.3629238554085266 0.41781195714099434 33369.000000000007 0.34079229426713314 14.205942578101139 2.535545779047951 2.3696226992571545 2.1543446061517115 2.6969315988360472 0.04970776372884636
decision_type=2 2 2 2 2 2 2 2 2 2 2 2 2 2 2 2 2 2
left_child=2 -2 3 4 -1 -6 7 8 10 -8 -7 -10 13 14 15 -13 -15 -14
right_child=1 -3 -4 -5 5 6 9 -9 11 -11 -12 12 17 16 -16 -17 -18 -19
leaf_value=-1.4542100906372071 8.3713527679443374 -0.3081263923645019 -3.6405602296193447 3.6746399831771854 -0.84276243845621746 0.38183262586593636 1.3485121941566471 -1.0493008255958558 -0.43480332692464191 0.14200228214263913 1.1528421175479886 0.10397926611559727 0.36468997001647957 -0.23446441633360729 0.26232680614505494 -0.10266773530415126 -0.046769242982069643 0.23471743196249004
leaf_weight=4.9999999999999991 4.9999999999999982 5 5.9999999999999991 4.9999999999999991 5.9999999999999991 4.9999999999999982 4.9999999999999982 4.9999999999999991 5.9999999999999991 5 5 7.0000000000000018 4.9999999999999982 6.9999999999999982 6.9999999999999991 7 6 5
leaf_count=5 5 5 6 5 6 5 5 5 6 5 5 7 5 7 7 7 6 5
internal_value=0.324389 4.03161 -0.0577992 0.178427 -0.0248414 0.0633912 0.135883 0.0421337 0.133087 0.745257 0.767337 0.00623638 0.0663782 -0.002247 0.0878794 0.000655765 -0.147836 0.299704
internal_weight=107 10 97 91 86 81 75 65 60 10 10 50 44 34 21 14 13 10
internal_count=107 10 97 91 86 81 75 65 60 10 10 50 44 34 21 14 13 10
is_linear=0
shrinkage=0.05


Tree=367
num_leaves=19
num_cat=0
split_feature=0 7 0 2 4 4 2 0 6 5 0 5 6 4 0 4 7 0
split_gain=54728.9 67988.4 29636.3 23346.2 3915.43 1920.82 1546.76 2329.35 1742.65 1313.74 536.496 478.775 254.335 161.052 116.524 41.0884 15.2458 11.8611
threshold=77954.999999999985 0.14610001537467651 66429.000000000015 0.63546820154915784 1.8899163912421544 3.2626666860657543 0.50562705853824974 54773.500000000007 8.3629238554085266 0.41781195714099434 33369.000000000007 0.34079229426713314 14.205942578101139 2.535545779047951 31244.499999999993 2.6969315988360472 0.04970776372884636 24627.000000000004
decision_type=2 2 2 2 2 2 2 2 2 2 2 2 2 2 2 2 2 2
left_child=2 -2 3 4 -1 6 7 8 10 -8 -6 -10 13 14 17 -15 -14 -13
right_child=1 -3 -4 -5 5 -7 9 -9 11 -11 -12 12 16 15 -16 -17 -18 -19
leaf_value=-1.3814995956420899 7.9527851104736342 -0.29272006988525384 -3.4585322598616282 3.490908225029707 0.36274100303649909 -0.80062430302302046 1.2810866045951848 -0.99683577537536616 -0.4130631685256958 0.13490217447280881 1.0952000048756598 -0.02032136205169888 0.3464554774761201 -0.2227411942822593 0.29417481899261472 -0.044430778920650477 0.22298157073557376 0.066459009104541375
leaf_weight=4.9999999999999991 4.9999999999999982 5 5.9999999999999991 4.9999999999999991 4.9999999999999982 5.9999999999999991 4.9999999999999982 4.9999999999999991 5.9999999999999991 5 5 9.0000000000000053 4.9999999999999982 6.9999999999999982 4.9999999999999991 6 5 6.9999999999999991
leaf_count=5 5 5 6 5 5 6 5 5 6 5 5 9 5 7 5 6 5 7
internal_value=0.308169 3.83003 -0.0549093 0.169505 -0.0235994 0.0602216 0.129089 0.040027 0.126432 0.707994 0.728971 0.00592456 0.0630593 -0.00213465 0.0834855 -0.140444 0.284719 0.0176451
internal_weight=107 10 97 91 86 81 75 65 60 10 10 50 44 34 21 13 10 16
internal_count=107 10 97 91 86 81 75 65 60 10 10 50 44 34 21 13 10 16
is_linear=0
shrinkage=0.05


Tree=368
num_leaves=19
num_cat=0
split_feature=6 2 2 4 1 2 1 2 3 1 1 4 4 2 1 2 7 1
split_gain=26002.4 347266 178786 13356.8 18885.1 3080.53 7641.94 3955.45 3564.9 2182.9 1143.04 1031.52 536.244 352.033 274.349 162.507 40.8955 61.4742
threshold=8.3629238554085266 0.63546820154915784 0.63546820154915784 2.2221563262003503 29628.349800647582 0.3433574889033712 13956.18840917876 0.2994101109548431 3.5000000000000004 18300.224719541544 13956.18840917876 2.934351799697287 2.7451911326668745 0.23674119032890859 6411.94674379548 0.2079265850607315 0.11342507648198333 5746.7049674573136
decision_type=2 2 2 2 2 2 2 2 2 2 2 2 2 2 2 2 2 2
left_child=2 5 3 -1 10 7 -7 11 -9 -8 -5 12 13 16 -15 -13 17 -2
right_child=1 -3 -4 4 -6 6 9 8 -10 -11 -12 15 -14 14 -16 -17 -18 -19
leaf_value=-0.8035287499427789 0.093131317694981799 13.509981687068938 -9.5855955505371107 -0.062739981412887585 4.2353135395050048 0.47791280895471555 -0.85666021823883076 1.9139490461349493 0.10623518228530882 -2.3341236639022824 1.0063888359069824 -0.77918371200561543 0.42845804244279861 -0.08572999263803166 -0.58721458241343494 -0.37606196403503411 0.13982544796807425 -0.14425311807543037
leaf_weight=8.0000000000000053 6.0000000000000053 4.9999999999999991 4.9999999999999991 4.9999999999999982 4.9999999999999991 8.0000000000000018 4.9999999999999982 4.9999999999999982 6 5 5 4.9999999999999982 5.9999999999999991 5.9999999999999982 5 5 6.9999999999999991 5
leaf_count=8 6 5 5 5 5 8 5 5 6 5 5 5 6 6 5 5 7 5
internal_value=0.292761 0.756795 -1.01648 0.846373 1.72632 -0.104907 -0.673923 0.0779915 0.927923 -1.59539 0.471824 -0.12977 -0.00181155 -0.0908328 -0.313678 -0.577623 0.04535 -0.0147707
internal_weight=107 79 28 23 15 74 18 56 11 10 10 45 35 29 11 10 18 11
internal_count=107 79 28 23 15 74 18 56 11 10 10 45 35 29 11 10 18 11
is_linear=0
shrinkage=0.05


Tree=369
num_leaves=17
num_cat=0
split_feature=0 7 0 2 4 5 2 2 1 1 1 0 0 2 2 6
split_gain=46392.5 57511.2 26886.8 21348.8 3300.99 1609.8 1313.08 1621.54 2562.92 475.907 165.893 660.434 429.587 151.665 183.674 8.43109
threshold=77954.999999999985 0.14610001537467651 66429.000000000015 0.63546820154915784 1.8899163912421544 0.30656309121883385 0.51592895015361084 0.41711654529755943 12221.392818450666 9442.0625753316071 5451.4444842065941 14717.500000000004 6414.0000000000009 0.18761642588800242 0.2566042183329999 10.883215456439848
decision_type=2 2 2 2 2 2 2 2 2 2 2 2 2 2 2 2
left_child=2 -2 3 4 -1 -6 7 8 9 10 11 12 -7 -12 -15 -16
right_child=1 -3 -4 -5 5 6 -8 -9 -10 -11 13 -13 -14 14 15 -17
leaf_value=-1.2738800191879274 7.3124890136718763 -0.27112640380859371 -3.2980542977650966 3.3337307548522954 -0.738182791074117 0.2638222742080687 0.71838945224881179 -0.74365815371274957 0.89682061009936875 -0.34766934514045716 0.17059186970194173 0.47645776602956985 -0.34298698391233168 -0.34288573972880843 0.052951963543891915 -0.038869027644395822
leaf_weight=4.9999999999999991 4.9999999999999982 5 5.9999999999999991 4.9999999999999991 5.9999999999999991 5.0000000000000018 7.9999999999999991 5.9999999999999991 8.9999999999999982 8.9999999999999982 6.0000000000000027 8.9999999999999982 7 5.9999999999999991 4.9999999999999982 5
leaf_count=5 5 5 6 5 6 5 8 6 9 9 6 9 7 6 5 5
internal_value=0.278123 3.52068 -0.0561615 0.15759 -0.0270697 0.0498939 0.11294 0.0406476 0.117792 -0.0170394 0.0521622 0.152682 -0.0901498 -0.0437886 -0.124181 0.00704147
internal_weight=107 10 97 91 86 81 75 67 61 52 43 21 12 22 16 10
internal_count=107 10 97 91 86 81 75 67 61 52 43 21 12 22 16 10
is_linear=0
shrinkage=0.05


Tree=370
num_leaves=19
num_cat=0
split_feature=0 3 4 1 1 2 1 0 5 4 2 1 1 1 3 0 2 2
split_gain=52996.8 22509.8 44494.5 50982.9 24866 19376.8 16854.8 13144.3 2154.9 1135.15 2135.05 1219.38 484.808 863.879 457.189 469.279 407.746 75.7932
threshold=91530 5.5000000000000009 2.1883376604767633 9833.536278827658 13956.18840917876 0.81097315501112854 31062.671928726599 66429.000000000015 0.29614888529253236 2.4246638699485072 0.45754712422382926 10621.309512456515 13301.812676166339 9833.536278827658 2.5000000000000004 37401.000000000015 0.23674119032890859 0.41711654529755943
decision_type=2 2 2 2 2 2 2 2 2 2 2 2 2 2 2 2 2 2
left_child=1 2 3 -1 -3 6 7 8 -4 11 12 17 13 14 -11 16 -16 -10
right_child=-2 4 5 -5 -6 -7 -8 -9 9 10 -12 -13 -14 -15 15 -17 -18 -19
leaf_value=-0.37041013240814213 -5.278656120300294 0.20904536210000521 -1.0301256898045541 -6.9809800171852103 4.7038939619064326 3.1525661468505861 -2.6041189114252727 2.6275470685958862 -0.12847848066261833 0.44773959262030449 1.1582923245429992 -0.95164801597595217 0.51801950931549079 -0.61569774687290202 -0.40339221917092766 0.40396215736866004 0.10142602194100619 0.12640508577227591
leaf_weight=6.9999999999999982 4.9999999999999991 7.9999999999999982 4.9999999999999991 5 5 4.9999999999999991 5.9999999999999991 4.9999999999999991 7.0000000000000018 7.0000000000000027 4.9999999999999991 4.9999999999999991 4.9999999999999991 4.9999999999999991 8.0000000000000053 4.9999999999999991 7.9999999999999991 5
leaf_count=7 5 8 5 5 5 5 6 5 7 7 5 5 5 5 8 5 8 5
internal_value=-0.248272 -0.0109901 -0.283406 -3.12481 1.93783 0.137543 -0.0608137 0.157184 -0.0328441 0.0502627 0.187008 -0.295621 0.059207 -0.01031 0.0977949 -0.0188533 -0.150983 -0.022277
internal_weight=111 106 93 12 13 81 76 70 65 60 43 17 38 33 28 21 16 12
internal_count=111 106 93 12 13 81 76 70 65 60 43 17 38 33 28 21 16 12
is_linear=0
shrinkage=0.05


Tree=371
num_leaves=18
num_cat=0
split_feature=0 3 4 1 1 2 1 1 4 4 2 1 6 1 2 4 2
split_gain=47829.6 20315.1 40156.3 46012.1 22441.6 17487.6 15211.5 12468.2 1078.44 918.197 2220.3 1100.49 750.615 443.11 261.291 224.667 68.4034
threshold=91530 5.5000000000000009 2.1883376604767633 9833.536278827658 13956.18840917876 0.81097315501112854 31062.671928726599 24205.677865591173 3.2626666860657543 2.4246638699485072 0.3433574889033712 10621.309512456515 10.737411773725453 8587.5259268539885 0.23674119032890859 2.6969315988360472 0.41711654529755943
decision_type=2 2 2 2 2 2 2 2 2 2 2 2 2 2 2 2 2
left_child=1 2 3 -1 -3 6 7 8 9 11 12 16 -11 14 15 -14 -4
right_child=-2 4 5 -5 -6 -7 -8 -9 -10 10 -12 -13 13 -15 -16 -17 -18
leaf_value=-0.35188963413238533 -5.0147233200073247 0.19859309382736687 -0.12205455132893149 -6.6319312477111811 4.4686992931365959 2.994937725067139 -2.4739129861195881 2.555314648151398 -0.674398414293925 -0.47099316034998212 0.96758522306169792 -0.90406559467315672 0.050868042434255238 0.42237876914441586 0.20342449974268675 -0.38182458281517029 0.12008482769131659
leaf_weight=6.9999999999999982 4.9999999999999991 7.9999999999999982 7.0000000000000018 5 5 4.9999999999999991 5.9999999999999991 4.9999999999999991 5.9999999999999991 6.9999999999999991 6.9999999999999991 4.9999999999999991 6.0000000000000053 7.9999999999999991 7.9999999999999991 6 5
leaf_count=7 5 8 7 5 5 5 6 5 6 7 7 5 6 8 8 6 5
internal_value=-0.235859 -0.0104406 -0.269236 -2.96857 1.84094 0.130666 -0.057773 0.149325 -0.0357515 0.0291957 0.154686 -0.28084 -0.00789329 0.107882 -0.0179172 -0.165478 -0.0211631
internal_weight=111 106 93 12 13 81 76 70 65 59 42 17 35 28 20 12 12
internal_count=111 106 93 12 13 81 76 70 65 59 42 17 35 28 20 12 12
is_linear=0
shrinkage=0.05


Tree=372
num_leaves=18
num_cat=0
split_feature=0 0 1 2 2 4 2 0 6 4 0 4 4 1 0 5 0
split_gain=43166.2 18278.7 26514.7 2266.22 2006.22 4644.69 1966.29 1781.87 1010.06 940.437 672.431 498.491 276.745 178.54 56.3051 15.7202 30.1386
threshold=91530 77954.999999999985 33902.646891508019 0.55662553940215431 0.41711654529755943 2.2516050081241255 0.32534461537208209 37401.000000000015 7.6506066014448839 2.934351799697287 11010.999999999998 2.0660216113510246 2.7451911326668745 9442.0625753316071 30461.999999999993 0.40121061746896597 20969.499999999993
decision_type=2 2 2 2 2 2 2 2 2 2 2 2 2 2 2 2 2
left_child=1 2 3 4 6 -6 8 -8 -1 11 -11 -10 13 14 15 -13 -17
right_child=-2 -3 -4 -5 5 -7 7 -9 9 10 -12 12 -14 -15 -16 16 -18
leaf_value=-0.64226389726003008 -4.763987102508545 2.6705724239349369 -3.1383489608764652 0.9924799869457881 -1.4839495752538954 0.23331835667292278 0.068629254613603877 1.1967967237745012 0.57634281913439434 -0.79410298347473163 -0.0089947938919067369 0.050407699992259261 0.36217507922223641 0.24992427428563438 -0.20579967379570008 -0.13876736044883731 0.034837475419044493
leaf_weight=5.9999999999999991 4.9999999999999991 5.9999999999999991 6.9999999999999991 5.9999999999999991 6.9999999999999991 8.9999999999999982 6.9999999999999982 7 5.9999999999999991 4.9999999999999982 6 6.0000000000000098 6.9999999999999991 5.9999999999999991 4.9999999999999991 4.9999999999999982 5
leaf_count=6 5 6 7 6 7 9 7 7 6 5 6 6 7 6 5 5 5
internal_value=-0.224066 -0.00991857 -0.170748 0.0526198 -0.0121982 -0.517986 0.101782 0.632713 -0.0286218 0.0435714 -0.365862 0.156166 0.0820168 0.00938311 -0.0593429 -0.0135752 -0.0519649
internal_weight=111 106 100 93 87 16 71 14 57 51 11 40 34 27 21 16 10
internal_count=111 106 100 93 87 16 71 14 57 51 11 40 34 27 21 16 10
is_linear=0
shrinkage=0.05


Tree=373
num_leaves=18
num_cat=0
split_feature=0 4 1 0 1 1 4 6 7 4 4 6 4 4 2 2 0
split_gain=38957.5 17677.1 31156 46604.4 7107.96 1385.77 1952.95 1808.52 818.117 784.124 226.476 108.523 59.0955 75.6231 71.1803 22.0546 13.9721
threshold=91530 1.8899163912421544 29628.349800647582 66429.000000000015 24205.677865591173 13956.18840917876 2.4709768464156912 7.1676944068471782 0.029207731540309843 2.8480664780767246 2.0660216113510246 9.1127472625752919 2.6272356579924998 2.4709768464156912 0.24878814255985207 0.35245113372703452 20969.499999999993
decision_type=2 2 2 2 2 2 2 2 2 2 2 2 2 2 2 2 2
left_child=1 -1 4 -4 5 7 -7 -3 -9 10 -10 -12 13 15 -14 16 -13
right_child=-2 2 3 -5 -6 6 -8 8 9 -11 11 12 14 -15 -16 -17 -18
leaf_value=2.1103424390157062 -4.5257878303527832 0.95132365127404539 -0.11719586849212649 -6.2707353973388669 1.9746530652046204 -1.2163207530975342 0.043349757790565491 -0.57146553993225102 0.29949863664029786 0.5233647028605144 -0.22597350999712945 -0.082253510951995748 -0.016117811203002933 -0.17798523828387261 0.23932022333145136 0.10612411379814149 0.030917765945196147
leaf_weight=8.9999999999999982 4.9999999999999991 5.9999999999999991 7.9999999999999982 5 4.9999999999999991 4.9999999999999991 7.9999999999999991 4.9999999999999991 5.9999999999999991 8.9999999999999982 5.9999999999999991 5.0000000000000053 5.9999999999999982 6.9999999999999991 5 4.9999999999999991 6
leaf_count=9 5 6 8 5 5 5 8 5 6 9 6 5 6 7 5 5 6
internal_value=-0.212862 -0.00942262 -0.206102 -2.48394 0.146421 0.0307101 -0.441139 0.12365 0.0408827 0.0965507 0.0130437 -0.0299246 0.00467227 -0.0409147 0.0999904 0.0190537 -0.0205237
internal_weight=111 106 97 13 84 79 13 66 60 55 46 40 34 23 11 16 11
internal_count=111 106 97 13 84 79 13 66 60 55 46 40 34 23 11 16 11
is_linear=0
shrinkage=0.05


Tree=374
num_leaves=18
num_cat=0
split_feature=0 0 1 3 4 4 4 4 2 0 6 6 6 3 4 2 0
split_gain=35159.1 18256.5 22241.7 2357.6 1943.5 2062.5 2165.79 3823.36 1861.07 2482.44 1264.28 620.564 386.044 301.22 469.159 144.145 112.993
threshold=91530 77954.999999999985 33902.646891508019 6.5000000000000009 3.3769844207411572 1.9905416946811754 2.1543446061517115 2.2516050081241255 0.40053970387469134 18132.499999999996 7.6931119805369192 10.191971975417099 10.883215456439848 2.5000000000000004 2.8480664780767246 0.23674119032890859 24627.000000000004
decision_type=2 2 2 2 2 2 2 2 2 2 2 2 2 2 2 2 2
left_child=1 2 3 4 5 -1 -7 -8 10 -10 -9 -12 -13 -14 15 -15 -17
right_child=-2 -3 -4 -5 -6 6 7 8 9 -11 11 12 13 14 -16 16 -18
leaf_value=-0.79366798613752643 -4.2994981384277349 2.6699066480000813 -2.8876641137259349 0.99351824124654142 -0.98824325084686293 0.94118609300681533 -1.1876563395063082 -0.76034483909606942 -0.20795774102210998 1.2122486609034242 0.60311449408531193 -0.35747011105219523 0.36966507104890689 -0.047474593751960295 -0.43512980461120609 0.087562921217509693 0.39877250701189038
leaf_weight=6.9999999999999991 4.9999999999999991 5.9999999999999991 6.9999999999999991 5.9999999999999991 4.9999999999999991 6.9999999999999991 5.9999999999999991 4.9999999999999991 4.9999999999999991 7.9999999999999991 4.9999999999999991 5.9999999999999991 6.9999999999999991 9.0000000000000053 4.9999999999999991 6.9999999999999982 5
leaf_count=7 5 6 7 6 5 7 6 5 5 8 5 6 7 9 5 7 5
internal_value=-0.202219 -0.00895152 -0.169683 0.0348962 -0.0312156 0.0271397 0.103748 0.0175416 0.134174 0.666015 -0.00692723 0.0786884 0.0114543 0.0785315 0.000149331 0.103787 0.217234
internal_weight=111 106 100 93 87 82 75 68 62 13 49 44 39 33 26 21 12
internal_count=111 106 100 93 87 82 75 68 62 13 49 44 39 33 26 21 12
is_linear=0
shrinkage=0.05


Tree=375
num_leaves=19
num_cat=0
split_feature=2 5 1 2 1 1 6 2 4 2 6 2 3 4 2 1 2 1
split_gain=23559 103970 28629.7 13937.4 2014.74 2346.65 1438.17 1321.3 1014.06 913.766 465.314 346.211 1434.41 584.105 427.964 157.404 38.6353 18.8892
threshold=0.75904576824017289 0.42201395357088417 24205.677865591173 0.52592071588983369 13956.18840917876 12221.392818450666 5.7811278719123775 0.35245113372703452 2.0660216113510246 0.43149840856083482 17.688723062656781 0.22605089977735515 2.5000000000000004 2.7535771856059377 0.2566042183329999 8587.5259268539885 0.1816627865598146 5657.3230438461069
decision_type=2 2 2 2 2 2 2 2 2 2 2 2 2 2 2 2 2 2
left_child=2 -2 4 -4 5 6 -1 -6 -8 10 11 12 -10 14 -13 17 -14 -16
right_child=1 -3 3 -5 7 -7 8 -9 9 -11 -12 13 16 -15 15 -17 -18 -19
leaf_value=-0.81734627246856695 -5.9380795717239394 3.5021113967895503 3.9831814970288963 0.92817119359970102 0.0049137496948242201 1.0305359860261283 0.68193822701772056 -1.0592963320868356 0.87532726347446388 0.64303354620933539 -0.52334839820861823 0.40044784784316961 -0.18933848254382613 -0.56273827950159716 -0.090305341283480292 -0.36148136585950852 -0.012162932157516479 0.035157728691895797
leaf_weight=4.9999999999999991 6.9999999999999982 5 6.9999999999999991 7.9999999999999991 4.9999999999999982 5.9999999999999991 5.9999999999999991 7 5.0000000000000027 4.9999999999999991 4.9999999999999991 5.0000000000000062 7.9999999999999982 5.9999999999999991 6.0000000000000018 4.9999999999999991 5 6
leaf_count=5 7 5 7 8 5 6 6 7 5 5 5 5 8 6 6 5 5 6
internal_value=0.088717 -2.00467 0.339923 2.35384 -0.0154745 0.0832215 -0.00161262 -0.615875 0.0641724 -0.00201685 -0.0652571 -0.0154645 0.155617 -0.125446 -0.00618424 -0.125782 -0.121194 -0.0275738
internal_weight=112 12 100 15 85 73 67 12 62 56 51 46 18 28 22 17 13 12
internal_count=112 12 100 15 85 73 67 12 62 56 51 46 18 28 22 17 13 12
is_linear=0
shrinkage=0.05


Tree=376
num_leaves=19
num_cat=0
split_feature=2 5 1 1 1 1 6 2 4 2 2 7 6 4 1 6 2 6
split_gain=21262 93833 26434.9 4283.26 1818.31 2117.85 1297.95 1192.47 915.187 824.674 440.773 1125.85 723.091 228.665 340.795 267.094 47.5465 15.8076
threshold=0.75904576824017289 0.42201395357088417 31062.671928726599 24205.677865591173 13956.18840917876 12221.392818450666 5.7811278719123775 0.35245113372703452 2.0660216113510246 0.43149840856083482 0.16744804518791417 0.046060019652292908 15.896966433889316 2.4924571051868147 9833.536278827658 11.998065177793462 0.2566042183329999 11.029932159873381
decision_type=2 2 2 2 2 2 2 2 2 2 2 2 2 2 2 2 2 2
left_child=2 -2 3 4 5 6 -1 -6 -8 10 11 -10 13 16 15 -15 -12 -18
right_child=1 -3 -4 -5 7 -7 8 -9 9 -11 12 -13 -14 14 -16 -17 17 -19
leaf_value=-0.77647895678877843 -5.6411755953516289 3.3270057678222651 3.0797428429126743 1.2720450537545342 0.0046680688858032234 0.97900914748509738 0.64784131050109872 -1.0063315323420932 -0.89016095161438002 0.61088188648223873 0.18715160727500915 0.17090207576751706 0.47336957710129879 0.21966526865959152 -0.55422805547714238 -0.23611950170662671 0.061177449822425858 -0.064550831317901611
leaf_weight=4.9999999999999991 6.9999999999999982 5 7.9999999999999991 6.9999999999999991 4.9999999999999982 5.9999999999999991 5.9999999999999991 7 4.9999999999999982 4.9999999999999991 4.9999999999999991 5 6.9999999999999991 5.0000000000000027 4.9999999999999991 8.9999999999999982 4.9999999999999982 5
leaf_count=5 7 5 8 7 5 6 6 7 5 5 5 5 7 5 5 9 5 5
internal_value=0.0842812 -1.90443 0.322927 0.0832038 -0.0147008 0.0790604 -0.00153199 -0.585082 0.0609637 -0.001916 -0.0619942 -0.359629 0.0105997 -0.0846764 -0.199889 -0.0733392 0.0612594 -0.00168669
internal_weight=112 12 100 92 85 73 67 12 62 56 51 10 41 34 19 14 15 10
internal_count=112 12 100 92 85 73 67 12 62 56 51 10 41 34 19 14 15 10
is_linear=0
shrinkage=0.05


Tree=377
num_leaves=19
num_cat=0
split_feature=0 0 3 1 6 4 4 1 7 1 6 6 0 0 1 0 0 1
split_gain=21722.9 23119.8 160237 24578.1 23162 16948.9 1038.96 941.076 4589.61 2114.31 1153.06 860.09 232.467 288.05 157.165 96.5436 69.2115 40.3831
threshold=77954.999999999985 48227.499999999993 4.5000000000000009 22348.395371591363 8.8564046125742681 2.7837997876371747 3.2626666860657543 9442.0625753316071 0.25299665001172827 10621.309512456515 5.7811278719123775 8.8564046125742681 6414.0000000000009 12372.000000000005 5451.4444842065941 19519.500000000011 21486.000000000011 7607.5887173799301
decision_type=2 2 2 2 2 2 2 2 2 2 2 2 2 2 2 2 2 2
left_child=1 3 4 6 -3 -6 7 10 9 -9 -1 -12 -13 -14 15 -15 -16 -18
right_child=-2 2 -4 -5 5 -7 -8 8 -10 -11 11 12 13 14 16 -17 17 -19
leaf_value=-0.73765500724315647 2.4357521269056535 -1.4060271898905421 -8.5314229210217789 3.6602833175659182 4.5819696283340461 0.46507018983364096 -0.59021148681640623 0.75568675398826546 1.6960671138763428 -0.52668042977650964 0.68095510423183447 0.27389292716979979 -0.37830445865790052 0.007378002107143399 0.058314187793681985 0.31809262752532952 -0.21665447577834135 -0.035515690818428987
leaf_weight=4.9999999999999991 8.9999999999999982 6.0000000000000062 5.9999999999999991 4.9999999999999991 4.9999999999999982 5 5.9999999999999991 5.0000000000000027 4.9999999999999991 8.9999999999999982 4.9999999999999991 5.9999999999999991 5.9999999999999991 5.0000000000000018 6.0000000000000027 5 7.9999999999999982 5
leaf_count=5 9 6 6 5 5 5 6 5 5 9 5 6 6 5 6 5 8 5
internal_value=0.0800671 -0.125769 -1.56316 0.264633 1.04994 2.52352 0.0412346 0.0953586 0.395718 -0.0686921 -0.0165401 0.061842 -0.0136596 -0.0629544 0.00229048 0.162735 -0.0821542 -0.146986
internal_weight=112 103 22 81 16 10 76 70 19 14 51 46 41 35 29 10 19 13
internal_count=112 103 22 81 16 10 76 70 19 14 51 46 41 35 29 10 19 13
is_linear=0
shrinkage=0.05


Tree=378
num_leaves=17
num_cat=0
split_feature=4 2 5 6 6 1 2 2 2 1 1 4 7 4 2 1
split_gain=21022.8 65987.6 40043.8 25082.7 126350 83596 13294.6 3591.51 3015.72 1239.35 234.066 100.294 121.564 52.2674 41.7235 27.867
threshold=3.0121539584389425 0.41711654529755943 0.34079229426713314 8.3629238554085266 7.6931119805369192 27797.939671950877 0.51592895015361084 0.26451798600539184 0.35245113372703452 16516.706392829426 12221.392818450666 2.6272356579924998 0.070310733269566925 2.4709768464156912 0.2994101109548431 5451.4444842065941
decision_type=2 2 2 2 2 2 2 2 2 2 2 2 2 2 2 2
left_child=2 7 -1 4 6 9 8 -2 -4 10 11 13 -13 14 15 -5
right_child=1 -3 3 5 -6 -7 -8 -9 -10 -11 -12 12 -14 -15 -16 -17
leaf_value=4.3194689353307094 -0.26355033602033334 -6.3692430067062382 0.27106064839495525 0.013734653166362205 -8.338750524520874 6.2818398793538419 2.2322470188140868 1.4909981632232663 -1.0631487518548965 0.73826932907104492 -0.34772207617759704 0.29487115542093917 -0.011833224977765764 -0.14598938915878534 0.086008144335614323 -0.13311147963007289
leaf_weight=5.9999999999999991 7.0000000000000018 4.9999999999999991 9.0000000000000089 7.0000000000000053 4.9999999999999991 5.9999999999999991 6.9999999999999991 5 7.9999999999999991 5.9999999999999991 4.9999999999999991 5.9999999999999982 7 7.9999999999999991 8.9999999999999982 6
leaf_count=6 7 5 9 7 5 6 7 5 8 6 5 6 7 8 9 6
internal_value=0.0760638 -1.5433 0.365844 0.0993079 -1.10806 0.682868 0.398337 0.467512 -0.356803 0.0607598 -0.0239288 0.0137215 0.129723 -0.0365456 0.00325214 -0.0540405
internal_weight=112 17 95 89 29 60 24 12 17 54 48 43 13 30 22 13
internal_count=112 17 95 89 29 60 24 12 17 54 48 43 13 30 22 13
is_linear=0
shrinkage=0.05


Tree=379
num_leaves=18
num_cat=0
split_feature=2 5 1 1 1 1 6 4 2 2 7 1 2 1 2 2 6
split_gain=20881.4 82098.9 21611.5 5137.22 1314.86 1641.58 1056.6 1177.28 1055.7 891.616 534.471 424.04 852.516 589.393 258.999 140.183 112.883
threshold=0.75904576824017289 0.42201395357088417 33902.646891508019 24205.677865591173 13956.18840917876 12221.392818450666 5.7811278719123775 2.0660216113510246 0.35245113372703452 0.43149840856083482 0.029207731540309843 5451.4444842065941 0.2566042183329999 1926.3337192909112 0.23674119032890859 0.2079265850607315 10.883215456439848
decision_type=2 2 2 2 2 2 2 2 2 2 2 2 2 2 2 2 2
left_child=2 -2 3 4 5 6 -1 -8 -6 10 -9 12 13 -12 15 -13 -16
right_child=1 -3 -4 -5 8 -7 7 9 -10 -11 11 14 -14 -15 16 -17 -18
leaf_value=-0.6876410865783692 -5.3938730648585738 2.9948390579223627 3.2181400616963707 1.2590036763085259 0.072646064758300807 0.87483257949352267 0.73357265194257104 -0.55679729461669925 -0.87860949039459213 0.63380983054637907 0.053183054924011201 -0.16853221484592978 -0.22424326315522194 0.78821827471256256 -0.12962052479851993 -0.51516842246055594 0.14531820586749486
leaf_weight=4.9999999999999991 6.9999999999999982 5 5.9999999999999991 8.9999999999999982 4.9999999999999982 5.9999999999999991 5.9999999999999991 4.9999999999999991 7 4.9999999999999991 5.0000000000000018 7.0000000000000018 7.9999999999999991 6 7.9999999999999982 5 7
leaf_count=5 7 5 6 9 5 6 6 5 7 5 5 7 8 6 8 5 7
internal_value=0.0722606 -1.89858 0.308761 0.123056 0.00277914 0.0825105 0.0115562 0.0679431 -0.482253 -0.00337434 -0.0658434 -0.0124788 0.168488 0.454111 -0.139826 -0.312964 -0.00131578
internal_weight=112 12 100 94 85 73 67 62 12 56 51 46 19 11 27 12 15
internal_count=112 12 100 94 85 73 67 62 12 56 51 46 19 11 27 12 15
is_linear=0
shrinkage=0.05


Tree=380
num_leaves=19
num_cat=0
split_feature=2 0 0 2 0 3 1 4 7 2 1 1 0 4 3 4 1 4
split_gain=31951.4 133533 10776.6 27148 5053.34 2540.5 2795.49 2168.03 2353.84 1437.58 1044.04 952.877 256.494 1580.93 402.313 87.1369 51.9285 69.9242
threshold=0.75904576824017289 48227.499999999993 66429.000000000015 0.38140948671013492 58162.500000000022 6.5000000000000009 17549.64770584663 1.929028480034092 0.20086655430696435 0.32534461537208209 10621.309512456515 9442.0625753316071 11010.999999999998 2.7535771856059377 2.5000000000000004 2.6272356579924998 5451.4444842065941 2.3696226992571545
decision_type=2 2 2 2 2 2 2 2 2 2 2 2 2 2 2 2 2 2
left_child=2 -2 4 -4 5 6 7 -1 10 -10 11 12 14 15 -9 16 -14 -18
right_child=1 -3 3 -5 -6 -7 -8 8 9 -11 -12 -13 13 -15 -16 -17 17 -19
leaf_value=-0.90950184345245377 3.3810418510437019 -7.6826599121093739 -0.58765051705496663 3.9957281112670895 -1.5582435333728792 1.1710627365112305 -1.0284661928812662 -0.49434359550476081 0.3417579036738192 1.4518083041906356 -0.49664265364408494 0.77375222444534308 0.15455016314983336 0.93333883762359626 0.092887027774538306 -0.19028831635202681 -0.14241514078208381 0.090196147623161471
leaf_weight=4.9999999999999991 4.9999999999999982 6 6.9999999999999982 6 4.9999999999999991 4.9999999999999991 5.9999999999999991 4.9999999999999982 6.9999999999999982 5 7.9999999999999991 4.9999999999999991 5.0000000000000098 4.9999999999999991 7 6.9999999999999991 6.9999999999999982 6
leaf_count=5 5 6 7 6 5 5 6 5 7 5 8 5 5 5 7 7 7 6
internal_value=-0.0947053 -2.6537 0.183998 1.52776 -0.014512 0.0784839 0.00844679 0.0948562 0.169808 0.804279 0.0313783 0.121254 0.0435759 0.121723 -0.151792 -0.0405999 0.0176123 -0.0350561
internal_weight=112 11 101 13 88 83 78 72 67 12 55 47 42 30 12 25 18 13
internal_count=112 11 101 13 88 83 78 72 67 12 55 47 42 30 12 25 18 13
is_linear=0
shrinkage=0.05


Tree=381
num_leaves=19
num_cat=0
split_feature=2 0 4 1 2 0 2 2 3 0 7 7 7 7 7 5 1 2
split_gain=28836.1 120514 9970 89531.7 30166.2 8790.08 3037.5 3306.56 2538.02 2118.18 721.774 3119.66 132.673 115.291 142.861 126.743 105.175 31.0472
threshold=0.75904576824017289 48227.499999999993 3.0121539584389425 33902.646891508019 0.35245113372703452 70868.500000000015 0.55662553940215431 0.45754712422382926 1.5000000000000002 50610.999999999993 0.18776678944947769 0.2165094734714553 0.04970776372884636 0.062533099679081688 0.10044078237494418 0.37358923902760793 9442.0625753316071 0.28437702154139949
decision_type=2 2 2 2 2 2 2 2 2 2 2 2 2 2 2 2 2 2
left_child=2 -2 3 5 8 6 7 9 -4 10 12 -12 -1 -14 15 -15 17 -16
right_child=1 -3 4 -5 -6 -7 -8 -9 -10 -11 11 -13 13 14 16 -17 -18 -19
leaf_value=0.17954060037930808 3.2119897651672371 -7.2985262552897128 -0.22573889732360844 6.8755856323242188 -4.1857141876220707 -2.0492548084259035 1.306190186738968 -0.86441841721534729 1.3673787784576414 1.0540045340855917 1.3777862624824049 -0.17990526888105607 -0.27449431226899229 -0.10710525512695307 -0.12996092140674584 0.21379714980721476 -0.32248074769973756 0.030889029800891872
leaf_weight=5.9999999999999991 4.9999999999999982 6 4.9999999999999982 4.9999999999999991 4.9999999999999991 4.9999999999999991 4.9999999999999991 8.9999999999999982 5 5.9999999999999991 4.9999999999999991 8.9999999999999982 5.9999999999999991 5.0000000000000027 6.0000000000000018 7.9999999999999991 4.9999999999999991 6
leaf_count=6 5 6 5 5 5 5 5 9 5 6 5 9 6 5 6 8 5 6
internal_value=-0.08997 -2.52102 0.174798 0.382267 -1.01469 -0.0185554 0.115043 0.0311597 0.57082 0.161163 0.0655014 0.376413 -0.0381359 -0.0744153 -0.0343995 0.0903731 -0.129814 -0.0495359
internal_weight=112 11 101 86 15 81 76 71 10 62 56 14 42 36 30 13 17 12
internal_count=112 11 101 86 15 81 76 71 10 62 56 14 42 36 30 13 17 12
is_linear=0
shrinkage=0.05


Tree=382
num_leaves=19
num_cat=0
split_feature=2 5 0 2 0 2 1 1 0 6 6 7 0 5 3 5 5 1
split_gain=26024.6 113254 9520.41 22684 5143.65 2737.85 1783.73 846.015 2820.54 1055.24 1012.02 841.057 226.705 1440.74 309.853 61.309 22.8348 54.694
threshold=0.75904576824017289 0.42201395357088417 66429.000000000015 0.38140948671013492 53055.999999999993 0.55662553940215431 13301.812676166339 9442.0625753316071 39777.5 5.7811278719123775 8.8564046125742681 0.17020059730283604 11010.999999999998 0.36316424738755676 2.5000000000000004 0.38063547960389132 0.42201395357088417 5451.4444842065941
decision_type=2 2 2 2 2 2 2 2 2 2 2 2 2 2 2 2 2 2
left_child=2 -2 4 -4 5 6 7 9 -9 -1 -11 -8 14 -14 -12 -15 -17 -18
right_child=1 -3 3 -5 -6 -7 11 8 -10 10 12 -13 13 15 -16 16 17 -19
leaf_value=-0.64887488484382638 -7.0263349294662492 3.1626720619201656 -0.50461429187229712 3.6850304603576656 -1.1530711498525408 1.2408806648850441 -1.0475813865661623 1.1553099811077121 -0.39955520451068871 0.7876013720035554 -0.45060208320617684 -0.1304897403717041 0.88159616470336855 -0.17166846990585319 0.082344570755958552 0.082114048798878944 0.074966041247049975 -0.13075889870524404
leaf_weight=4.9999999999999991 5.9999999999999982 5 6.9999999999999982 6 8.9999999999999982 4.9999999999999991 4.9999999999999982 6.9999999999999982 5 4.9999999999999991 4.9999999999999982 5 5.0000000000000027 7.0000000000000027 6 6.0000000000000027 5.9999999999999982 7
leaf_count=5 6 5 7 6 9 5 5 7 5 5 5 5 5 7 6 6 6 7
internal_value=-0.0854715 -2.39497 0.166058 1.42907 -0.0205232 0.108501 0.0319892 0.129024 0.507449 0.0416954 0.11516 -0.589036 0.0351078 0.104305 -0.159904 -0.0451735 0.00142991 -0.0358089
internal_weight=112 11 101 13 88 79 74 64 12 52 47 10 42 31 11 26 19 13
internal_count=112 11 101 13 88 79 74 64 12 52 47 10 42 31 11 26 19 13
is_linear=0
shrinkage=0.05


Tree=383
num_leaves=20
num_cat=0
split_feature=3 1 6 1 1 0 0 1 4 4 4 4 1 0 4 1 7 0 7
split_gain=19515.3 54496 67720.6 20619.2 8385.95 5186.19 1724.42 945.333 779.958 2518.89 767.915 865.42 656.332 1103.08 977.238 582.165 533.06 479.575 35.8701
threshold=5.5000000000000009 31062.671928726599 8.0258522432096608 15719.604082849797 62105.199800608134 66429.000000000015 54773.500000000007 22348.395371591363 1.9905416946811754 2.1883376604767633 2.4246638699485072 3.2626666860657543 13301.812676166339 20969.499999999993 2.7451911326668745 9024.029416178264 0.11677816766031567 35195 0.12281249521708473
decision_type=2 2 2 2 2 2 2 2 2 2 2 2 2 2 2 2 2 2 2
left_child=1 5 -3 -2 -4 6 7 8 -1 -10 15 12 13 14 -12 18 17 -15 -11
right_child=3 2 4 -5 -6 -7 -8 -9 9 10 11 -13 -14 16 -16 -17 -18 -19 -20
leaf_value=-0.52484965801239014 0.072409638123852871 1.6627945137023925 -6.9118731689453146 4.2764107418060302 -4.0160231018066401 1.4842148576463972 -0.83480072140693662 0.7885713863372803 1.2007361364364624 0.010504588059016634 0.10034034209591998 -0.40655228296915696 0.77373995542526242 -0.19656177163124078 0.96993578672409042 -0.70471364319324492 -0.54389769017696377 0.44458106994628904 -0.16484017252922056
leaf_weight=4.9999999999999991 6.9999999999999982 4.9999999999999991 4.9999999999999982 5 5 6.9999999999999991 4.9999999999999991 4.9999999999999991 4.9999999999999991 7.0000000000000018 7.0000000000000018 5.9999999999999991 4.9999999999999991 7.0000000000000018 6 4.9999999999999991 4.9999999999999991 5 5
leaf_count=5 7 5 5 5 5 7 5 5 5 7 7 6 5 7 6 5 5 5 5
internal_value=-0.0811979 -0.309831 -3.08837 1.82408 -5.46395 0.180499 0.0634989 0.125026 0.0762362 0.123941 0.0311143 0.148265 0.243377 0.154983 0.501692 -0.251426 -0.110148 0.0705811 -0.0625557
internal_weight=112 100 15 12 10 85 78 73 68 63 58 41 35 30 13 17 17 12 12
internal_count=112 100 15 12 10 85 78 73 68 63 58 41 35 30 13 17 17 12 12
is_linear=0
shrinkage=0.05


Tree=384
num_leaves=19
num_cat=0
split_feature=2 0 0 2 0 2 1 7 1 2 6 6 0 4 7 4 0 1
split_gain=21761 105407 9283.5 21755.3 4784.74 2276.31 1749.08 812.923 746.433 2441.62 936.573 891.73 213.39 1240.12 287.444 60.5477 20.1654 19.1376
threshold=0.75904576824017289 48227.499999999993 66429.000000000015 0.38140948671013492 53055.999999999993 0.55662553940215431 13301.812676166339 0.17020059730283604 9442.0625753316071 0.32534461537208209 5.7811278719123775 8.8564046125742681 11010.999999999998 2.7535771856059377 0.041624110544038653 2.6272356579924998 29586.000000000004 5746.7049674573136
decision_type=2 2 2 2 2 2 2 2 2 2 2 2 2 2 2 2 2 2
left_child=2 -2 4 -4 5 6 8 -8 10 -10 -1 -12 14 15 -13 16 17 -14
right_child=1 -3 3 -5 -6 -7 7 -9 9 -11 11 12 13 -15 -16 -17 -18 -19
leaf_value=-0.61322663784027098 3.1726658630371101 -6.6570470174153646 -0.49362226213727683 3.6093619664510088 -1.123699782954322 1.1255928790569305 -1.0424768781661988 -0.14085441589355466 -0.12793144498552597 1.318724524974823 0.73778323888778685 -0.39109919667243964 -0.10302436977624872 0.81970294952392586 0.12221416950225827 -0.16583054619176049 0.092383455038070689 0.018978971242904666
leaf_weight=4.9999999999999991 4.9999999999999982 6 6.9999999999999982 6 8.9999999999999982 4.9999999999999991 4.9999999999999982 5 6.9999999999999982 5 4.9999999999999991 5.9999999999999982 5.0000000000000098 4.9999999999999991 5 6.9999999999999991 4.9999999999999991 8.9999999999999982
leaf_count=5 5 6 7 6 9 5 5 5 7 5 5 6 5 5 5 7 5 9
internal_value=-0.077138 -2.189 0.152866 1.40006 -0.0313787 0.093063 0.0232975 -0.591666 0.119385 0.474842 0.037357 0.106568 0.0314234 0.0985583 -0.157775 -0.0401234 0.0061898 -0.0245937
internal_weight=112 11 101 13 88 79 74 10 64 12 52 47 42 31 11 26 19 14
internal_count=112 11 101 13 88 79 74 10 64 12 52 47 42 31 11 26 19 14
is_linear=0
shrinkage=0.05


Tree=385
num_leaves=18
num_cat=0
split_feature=6 2 2 1 2 1 5 1 7 7 7 5 5 4 4 1 2
split_gain=22638.8 109264 108446 10392.7 4115.01 11421 2651.76 1579.1 1410.94 1713.22 1466.31 829.93 373.352 86.7558 84.2148 95.6742 81.2695
threshold=9.8202207392153866 0.63546820154915784 0.55662553940215431 29628.349800647582 0.3433574889033712 18300.224719541544 0.31286958373127377 12221.392818450666 0.31484733852736624 0.18776678944947769 0.2165094734714553 0.35114664584695249 0.4500170190692121 2.6272356579924998 2.4709768464156912 5166.7437459527355 0.26451798600539184
decision_type=2 2 2 2 2 2 2 2 2 2 2 2 2 2 2 2 2
left_child=2 4 3 8 6 7 -2 -6 9 12 -11 -8 -1 14 15 -13 -15
right_child=1 -3 -4 -5 5 -7 11 -9 -10 10 -12 13 -14 16 -16 -17 -18
leaf_value=0.069175580739974887 1.0677927970886232 6.9244921922683718 -5.8641322930653894 2.4134972953796385 0.73782219171524066 -2.8172232151031498 -0.66200445175170897 -0.51880036592483514 -0.67303820167269024 1.2307711505889896 0.019858126640319822 -0.13527649730443944 -0.49652360486132752 0.22788942363113171 -0.16327326707541945 0.13751146578126483 -0.029076417684555052
leaf_weight=5.0000000000000053 5.9999999999999991 5.9999999999999991 8.9999999999999982 4.9999999999999991 4.9999999999999982 4.9999999999999991 4.9999999999999991 5 6.9999999999999991 4.9999999999999982 5 5.0000000000000027 7 7.9999999999999982 7.9999999999999991 8.9999999999999982 5
leaf_count=5 6 6 9 5 5 5 5 5 7 5 5 5 7 8 8 9 5
internal_value=-0.0882924 0.48635 -0.983665 0.308223 -0.14691 -0.866067 0.0875979 0.109511 -0.0547555 0.141971 0.625315 -0.0594314 -0.260816 0.0266505 -0.0338621 0.0400872 0.129056
internal_weight=110 67 43 34 61 15 46 10 29 22 10 40 12 35 22 14 13
internal_count=110 67 43 34 61 15 46 10 29 22 10 40 12 35 22 14 13
is_linear=0
shrinkage=0.05


Tree=386
num_leaves=19
num_cat=0
split_feature=7 1 2 2 0 0 7 7 2 7 0 2 7 2 2 7 0 2
split_gain=20431.6 101286 98610.8 3713.8 10307.5 3076.18 3041.01 5193.46 4985.77 1890.14 1425.14 492.441 1198.31 488.237 371.453 247.712 83.3753 74.7029
threshold=0.14029013502643015 52757.674236056024 0.63546820154915784 0.3433574889033712 48227.499999999993 53055.999999999993 0.36171664427398059 0.25299665001172827 0.43149840856083482 0.18776678944947769 28397.000000000015 0.1816627865598146 0.046060019652292908 0.22605089977735515 0.24878814255985207 0.11342507648198333 27800.999999999996 0.2994101109548431
decision_type=2 2 2 2 2 2 2 2 2 2 2 2 2 2 2 2 2 2
left_child=2 6 3 5 10 11 7 8 9 14 -5 12 -1 -13 -2 16 17 -15
right_child=1 -3 -4 4 -6 -7 -8 -9 -10 -11 -12 13 -14 15 -16 -17 -18 -19
leaf_value=-0.92014025688171408 0.071331174373626571 -7.6243374633789065 6.5782677213350942 0.70093106508255021 -2.676362156867981 1.2540744090080262 -0.99551841190883106 1.3566333906991144 -1.43942242761453 0.79771495908498768 -0.49286031723022455 0.45357274264097192 0.09333159497806004 -0.16724834839502956 -0.53813807368278499 -0.36422430127859118 0.18577901323636373 0.082256081948677687
leaf_weight=4.9999999999999982 5.0000000000000089 4.9999999999999991 5.9999999999999991 4.9999999999999982 4.9999999999999991 4.9999999999999991 6.9999999999999991 6.9999999999999991 5.9999999999999991 7.9999999999999991 5 6.0000000000000027 7 6.0000000000000053 5 4.9999999999999991 5.9999999999999991 6
leaf_count=5 5 5 6 5 5 5 7 7 6 8 5 6 7 6 5 5 6 6
internal_value=-0.0838778 -0.934482 0.462032 -0.139564 -0.822764 0.083218 -0.054238 0.158309 -0.191202 0.224871 0.104035 -0.0595694 -0.328948 0.0518978 -0.233403 -0.052887 0.0335956 -0.0424961
internal_weight=110 43 67 61 15 46 38 31 24 18 10 41 12 29 10 23 18 12
internal_count=110 43 67 61 15 46 38 31 24 18 10 41 12 29 10 23 18 12
is_linear=0
shrinkage=0.05


Tree=387
num_leaves=19
num_cat=0
split_feature=7 2 2 0 7 2 0 0 0 7 7 2 7 2 0 7 0 2
split_gain=18439.5 93033 88996.3 15891.4 3979.42 3351.7 9302.5 2776.25 1286.19 1068.67 1182.1 444.428 1081.48 440.634 279.273 223.56 75.2462 67.4194
threshold=0.14029013502643015 0.55662553940215431 0.63546820154915784 62016 0.31484733852736624 0.3433574889033712 48227.499999999993 53055.999999999993 28397.000000000015 0.18776678944947769 0.2165094734714553 0.1816627865598146 0.046060019652292908 0.22605089977735515 33369.000000000007 0.11342507648198333 27800.999999999996 0.2994101109548431
decision_type=2 2 2 2 2 2 2 2 2 2 2 2 2 2 2 2 2 2
left_child=2 3 5 4 9 7 8 11 -7 14 -11 12 -1 -13 -2 16 17 -15
right_child=1 -3 -4 -5 -6 6 -8 -9 -10 10 -12 13 -14 15 -16 -17 -18 -19
leaf_value=-0.87413327217102066 0.11160511374473558 -5.4081130663553871 6.2493545273939768 2.9121170711517337 -1.0889952629804611 0.66588451147079486 -2.5425440719351173 1.1913706827163697 -0.46821732521057124 1.1293468379974367 0.088387599587440482 0.43089411581555981 0.088665015995502472 -0.15888593246539418 -0.41685748457908628 -0.346013083383441 0.17649006247520449 0.078143278012673054
leaf_weight=4.9999999999999982 5.0000000000000053 8.9999999999999982 5.9999999999999991 4.9999999999999991 7.9999999999999991 4.9999999999999982 4.9999999999999991 4.9999999999999991 5 4.9999999999999982 6 6.0000000000000027 7 6.0000000000000053 5 4.9999999999999991 5.9999999999999991 6
leaf_count=5 5 9 6 5 8 5 5 5 5 5 6 6 7 6 5 5 6 6
internal_value=-0.0796839 -0.887758 0.438931 0.308807 -0.14004 -0.132586 -0.781626 0.0790571 0.0988336 0.221467 0.561551 -0.0565909 -0.312501 0.0493029 -0.152626 -0.0502427 0.0319158 -0.0403713
internal_weight=110 43 67 34 29 61 15 46 10 21 11 41 12 29 10 23 18 12
internal_count=110 43 67 34 29 61 15 46 10 21 11 41 12 29 10 23 18 12
is_linear=0
shrinkage=0.05


Tree=388
num_leaves=19
num_cat=0
split_feature=6 1 2 2 1 6 7 2 4 7 1 5 2 4 4 4 1 2
split_gain=16641.6 87348.3 80319.1 3024.91 8395.51 2742.83 5408.55 3870.08 2368.51 1833.28 1160.78 737.693 372.263 86.7159 123.977 95.6315 101.716 33.5055
threshold=9.8202207392153866 52757.674236056024 0.63546820154915784 0.3433574889033712 18300.224719541544 5.0852088199700551 0.25299665001172827 0.50562705853824974 3.1962238028246612 0.18776678944947769 12221.392818450666 0.35114664584695249 0.24878814255985207 2.5967981128142408 2.6969315988360472 2.535545779047951 4405.9086795478224 0.27447364996027118
decision_type=2 2 2 2 2 2 2 2 2 2 2 2 2 2 2 2 2 2
left_child=1 5 3 8 10 -1 7 9 11 12 -5 -2 -7 15 -15 16 -13 -18
right_child=2 -3 -4 4 -6 6 -8 -9 -10 -11 -12 13 -14 14 -16 -17 17 -19
leaf_value=-0.91987213066646045 -0.63195348739624024 -7.055917358398438 5.9368867675463362 0.63259030580520648 -2.415416760444641 0.044748475551605139 1.3988147803715298 -1.4184494113922119 1.0014705975850424 0.72087985724210746 -0.44480648159980768 -0.17429519712924935 -0.53941024839878071 0.31332097291946415 0.0027941200882196427 -0.23782221138477327 0.018028287341197335 0.1932807245850563
leaf_weight=6.9999999999999991 4.9999999999999991 4.9999999999999991 5.9999999999999991 4.9999999999999982 4.9999999999999991 5.0000000000000089 6.9999999999999991 4.9999999999999991 5.9999999999999991 7.9999999999999991 5 5.0000000000000062 6 4.9999999999999991 8.9999999999999982 4.9999999999999991 5.9999999999999982 5
leaf_count=7 5 5 6 5 5 5 7 5 6 8 5 5 6 5 9 5 6 5
internal_value=-0.0756997 -0.84337 0.416984 -0.125957 -0.742544 -0.0259297 0.175928 -0.180747 0.0751042 0.144964 0.0938919 -0.0638507 -0.273884 0.0173068 0.113697 -0.046953 0.0126936 0.0976885
internal_weight=110 43 67 61 15 38 31 24 46 19 10 40 11 35 14 21 16 11
internal_count=110 43 67 61 15 38 31 24 46 19 10 40 11 35 14 21 16 11
is_linear=0
shrinkage=0.05


Tree=389
num_leaves=19
num_cat=0
split_feature=6 2 2 0 7 2 0 0 0 7 7 5 1 0 5 2 0 5
split_gain=15019.1 79827.4 72488 15009.4 3488.64 2729.98 7576.95 2507.83 1047.61 855.821 1003.09 398.951 846.657 260.947 94.4938 107.452 43.3133 36.9575
threshold=9.8202207392153866 0.55662553940215431 0.63546820154915784 62016 0.31484733852736624 0.3433574889033712 48227.499999999993 53055.999999999993 28397.000000000015 0.18776678944947769 0.2165094734714553 0.35922375171208942 1926.3337192909112 33369.000000000007 0.38063547960389132 0.26451798600539184 12372.000000000005 0.44412785151983714
decision_type=2 2 2 2 2 2 2 2 2 2 2 2 2 2 2 2 2 2
left_child=1 3 5 4 9 7 8 11 -7 13 -11 12 -2 -1 15 -13 -16 -18
right_child=2 -3 -4 -5 -6 6 -8 -9 -10 10 -12 14 -14 -15 16 -17 17 -19
leaf_value=0.13010258555412277 -0.79225606918334979 -4.9884621196322971 5.6400423129399622 2.8372275924682619 -1.0175354957580567 0.60096078157424948 -2.2946459984779359 1.1285244645923376 -0.42256612241268154 1.0368354988098145 0.077930271625518799 0.29137487858533845 0.1278834319114685 -0.38072728514671317 -0.16117642387747755 -0.022469191700220104 -0.055329484740893047 0.1048733172317346
leaf_weight=5.0000000000000053 4.9999999999999982 8.9999999999999982 5.9999999999999991 4.9999999999999991 7.9999999999999991 4.9999999999999982 4.9999999999999991 4.9999999999999991 5 4.9999999999999982 6 6.0000000000000018 5 5 5.0000000000000027 5 8.9999999999999982 5.9999999999999991
leaf_count=5 5 9 6 5 8 5 5 5 5 5 6 6 5 5 5 5 9 6
internal_value=-0.0719147 -0.801202 0.396135 0.307191 -0.129022 -0.119659 -0.705417 0.071349 0.0891973 0.209459 0.513796 -0.0575748 -0.332186 -0.125312 0.0310095 0.148718 -0.0337304 0.00875164
internal_weight=110 43 67 34 29 61 15 46 10 21 11 41 10 10 31 11 20 15
internal_count=110 43 67 34 29 61 15 46 10 21 11 41 10 10 31 11 20 15
is_linear=0
shrinkage=0.05


Tree=390
num_leaves=17
num_cat=0
split_feature=2 2 1 1 5 5 6 1 5 1 2 2 5 2 5 2
split_gain=87938.1 67704.8 16001.9 11298.6 1519.2 995.339 1402.58 1433.63 884.754 400.617 259.997 99.043 119.551 81.415 83.6554 16.2918
threshold=0.90942970609434792 0.63546820154915784 29628.349800647582 22348.395371591363 0.34079229426713314 0.52913203615314297 6.8722645661915465 15719.604082849797 0.31286958373127377 11399.273390776547 0.16744804518791417 0.22605089977735515 0.40469831891852054 0.2566042183329999 0.45698816419450822 0.32534461537208209
decision_type=2 2 2 2 2 2 2 2 2 2 2 2 2 2 2 2
left_child=1 2 3 4 8 6 -6 9 -1 10 -8 12 -12 -13 15 -15
right_child=-2 -3 -4 -5 5 -7 7 -9 -10 -11 11 13 -14 14 -16 -17
leaf_value=-0.18530526757240298 -6.5056254577636725 4.7029102563858034 -2.0892781337102253 2.4317991542816166 0.75255973935127263 -0.54069323539733893 0.32303728262583414 0.77814347098271064 -1.0331630039215087 -0.38998651419367114 -0.33908522248268136 0.16479602881840291 0.0066769775748252852 -0.046190908799568775 0.12823657241339487 -0.14789641600634371
leaf_weight=7.9999999999999982 4.9999999999999991 7.9999999999999991 8.9999999999999982 4.9999999999999991 7.9999999999999991 5.9999999999999991 5.9999999999999991 5.9999999999999991 5 6.9999999999999991 4.9999999999999982 7.0000000000000027 5 9.0000000000000053 5.9999999999999991 6.9999999999999991
leaf_count=8 5 8 9 5 8 6 6 6 5 7 5 7 5 9 6 7
internal_value=-0.0244121 0.278448 -0.0790839 0.121935 -0.0139389 0.0758813 0.131934 0.0463299 -0.511404 -0.0381101 0.0166262 -0.0305139 -0.166204 0.0162758 -0.0309806 -0.0906871
internal_weight=112 107 99 90 85 72 66 58 13 52 45 39 10 29 22 16
internal_count=112 107 99 90 85 72 66 58 13 52 45 39 10 29 22 16
is_linear=0
shrinkage=0.05


Tree=391
num_leaves=19
num_cat=0
split_feature=2 2 2 0 2 2 0 0 4 4 6 6 4 0 7 0 0 2
split_gain=79364.1 61103.6 14947.3 12482.9 2499.43 2542.77 1756.4 1508.56 1105.39 736.251 680.187 284.68 213.035 197.481 91.5773 82.2892 73.1487 51.0104
threshold=0.90942970609434792 0.63546820154915784 0.52592071588983369 77954.999999999985 0.41711654529755943 0.32534461537208209 37401.000000000015 29848.500000000004 2.934351799697287 3.1962238028246612 7.6931119805369192 8.8564046125742681 2.5967981128142408 37401.000000000015 0.058358282577577782 33369.000000000007 28397.000000000015 0.27447364996027118
decision_type=2 2 2 2 2 2 2 2 2 2 2 2 2 2 2 2 2 2
left_child=1 2 3 4 5 8 -7 -6 10 -10 -1 -12 15 14 -14 16 17 -13
right_child=-2 -3 -4 -5 7 6 -8 -9 9 -11 11 12 13 -15 -16 -17 -18 -19
leaf_value=-0.43194982255143782 -6.180344314575196 4.4677646875381472 -2.1472252443432809 2.5357211685180667 -0.22973789327910971 0.077253811700003491 1.1617640785872936 -1.3668631124496458 -0.98150486946105975 -0.12345396041870116 0.41927369832992556 -0.19022342085838295 0.21421123385429386 0.44775411367416385 -0.088406264185905442 -0.23258066445589068 0.15837457776069641 0.026016045346235236
leaf_weight=6.9999999999999991 4.9999999999999991 7.9999999999999991 7.9999999999999991 4.9999999999999991 6.9999999999999982 6.9999999999999991 7.9999999999999991 5 4.9999999999999982 5 5.9999999999999991 5.0000000000000053 4.9999999999999982 4.9999999999999991 5 4.9999999999999991 4.9999999999999991 6
leaf_count=7 5 8 8 5 7 7 8 5 5 5 6 5 5 5 5 5 5 6
internal_value=-0.0231915 0.264526 -0.0751297 0.107033 -0.0341703 0.0743761 0.655659 -0.70354 -0.0734077 -0.552479 0.024362 0.100414 0.0472707 0.191186 0.0629025 -0.0555263 -0.000196746 -0.0722746
internal_weight=112 107 99 91 86 74 15 12 59 10 49 42 36 15 10 21 16 11
internal_count=112 107 99 91 86 74 15 12 59 10 49 42 36 15 10 21 16 11
is_linear=0
shrinkage=0.05


Tree=392
num_leaves=18
num_cat=0
split_feature=2 2 1 0 2 2 0 2 7 4 7 7 2 7 2 4 4
split_gain=71626.1 55146 14455.7 6722.74 2184.18 2401.92 1449.26 1361.66 1345.79 1269.67 569.808 287.504 229.96 190.564 90.5829 143.82 57.3564
threshold=0.90942970609434792 0.63546820154915784 31062.671928726599 66429.000000000015 0.52592071588983369 0.41711654529755943 29586.000000000004 0.2994101109548431 0.20086655430696435 2.934351799697287 0.21467669911528109 0.17020059730283604 0.16744804518791417 0.07366083498123159 0.22605089977735515 2.5450332819636068 2.3934212238621493
decision_type=2 2 2 2 2 2 2 2 2 2 2 2 2 2 2 2 2
left_child=1 2 3 4 5 7 -7 9 13 10 11 12 -1 -9 15 -14 -16
right_child=-2 -3 -4 -5 -6 6 -8 8 -10 -11 -12 -13 14 -15 16 -17 -18
leaf_value=0.30551078319549563 -5.8713271331787116 4.2443765878677366 -2.2617409910474504 1.713450296719869 0.99658730149269104 -0.24315089583396918 -1.3957524132728576 0.37655842185020422 1.0996583318710327 -0.68144970536231997 -0.41035232331071586 0.43418494224548337 0.018162966147065154 -0.016930267680436373 -0.077722005972949176 -0.34492824137210842 0.12185470130708483
leaf_weight=5.9999999999999991 4.9999999999999991 7.9999999999999991 6.9999999999999991 5.9999999999999991 4.9999999999999991 5.9999999999999982 5 5.0000000000000027 4.9999999999999991 7.9999999999999991 6.9999999999999991 4.9999999999999991 6.0000000000000018 7.9999999999999991 5.9999999999999991 5 8.9999999999999982
leaf_count=6 5 8 7 6 5 6 5 5 5 8 7 5 6 8 6 5 9
internal_value=-0.0220319 0.2513 -0.0713733 0.0952852 -0.0176101 -0.0802149 -0.767061 0.0277181 0.402536 -0.102026 0.00332318 0.0815861 0.0264925 0.134412 -0.0378963 -0.146878 0.042024
internal_weight=112 107 99 92 86 81 11 70 18 52 44 37 32 13 26 11 15
internal_count=112 107 99 92 86 81 11 70 18 52 44 37 32 13 26 11 15
is_linear=0
shrinkage=0.05


Tree=393
num_leaves=17
num_cat=0
split_feature=4 1 1 1 1 6 7 1 6 6 6 0 6 6 7 0
split_gain=28808 49525.3 39648.1 5415.92 2072.61 750.844 1692.06 1921.38 464.189 384.13 163.687 152.718 145.683 58.0575 48.217 24.0209
threshold=3.0121539584389425 39566.250451175925 24205.677865591173 29628.349800647582 12221.392818450666 12.204789657770361 0.20086655430696435 16516.706392829426 7.6931119805369192 9.6179462059860477 14.53419826291236 11010.999999999998 13.274265526549931 11.998065177793462 0.11677816766031567 29848.500000000004
decision_type=2 2 2 2 2 2 2 2 2 2 2 2 2 2 2 2
left_child=1 3 11 4 8 6 -6 -8 -1 -10 12 -2 13 14 15 -11
right_child=2 -3 -4 -5 5 -7 7 -9 9 10 -12 -13 -14 -15 -16 -17
leaf_value=-0.40672035217285157 -0.47716608842213959 4.3558724539620535 -5.6769178199768069 -1.2531576216220857 -0.14053093624404725 1.0454735445976258 1.4975417041778567 0.11140379846096038 0.32098829895257952 -0.027127083539962737 -0.26068372819572688 -0.10301199913024901 0.17712586484849455 -0.20360654604931674 -0.10915749503506555 0.12785983473062512
leaf_weight=7.9999999999999991 5.9999999999999982 6.9999999999999991 4.9999999999999991 7.9999999999999991 9.0000000000000053 4.9999999999999991 4.9999999999999982 5 7.9999999999999991 5.0000000000000053 7.9999999999999991 5 7.9999999999999991 5.9999999999999991 8.9999999999999982 5
leaf_count=8 6 7 5 8 9 5 5 5 8 5 8 5 8 6 9 5
internal_value=-0.0209303 0.306442 -1.98517 -0.0120523 0.110526 0.500305 0.356839 0.804473 -0.0535914 0.00406226 -0.057777 -0.307096 -0.00858746 -0.0680157 -0.0251976 0.0503664
internal_weight=112 96 16 89 81 24 19 10 57 49 41 11 33 25 19 10
internal_count=112 96 16 89 81 24 19 10 57 49 41 11 33 25 19 10
is_linear=0
shrinkage=0.05


Tree=394
num_leaves=17
num_cat=0
split_feature=2 2 2 0 2 2 0 4 4 6 6 4 0 4 0 0
split_gain=65587 48171.6 12507.5 11916.6 1982 2027.34 1500.24 1273.88 1211.41 505.521 205.729 184.09 157.662 129.378 68.3046 71.3792
threshold=0.90942970609434792 0.63546820154915784 0.52592071588983369 77954.999999999985 0.41711654529755943 0.2994101109548431 37401.000000000015 2.934351799697287 2.2516050081241255 7.6931119805369192 8.8564046125742681 2.5967981128142408 37401.000000000015 2.5689872596560668 33369.000000000007 28397.000000000015
decision_type=2 2 2 2 2 2 2 2 2 2 2 2 2 2 2 2
left_child=1 2 3 4 5 7 13 9 -6 -1 -11 14 -13 -7 15 -12
right_child=-2 -3 -4 -5 8 6 -8 -9 -10 10 11 12 -14 -15 -16 -17
leaf_value=-0.37319957826818739 -5.6171585083007818 3.9737098515033722 -1.9553600326180458 2.4796779823303225 -1.0518896183797293 -0.024742312543094148 1.0316754147410394 -0.63241178724500868 -0.032892960309982296 0.35758279760678613 -0.089570011198520635 0.05180764272809029 0.40198724031448363 0.31963669776916498 -0.22070913396775727 0.14605083584785461
leaf_weight=6.9999999999999991 4.9999999999999991 7.9999999999999991 7.9999999999999991 4.9999999999999991 6.9999999999999982 6.0000000000000018 7.9999999999999991 8.9999999999999982 5 5.9999999999999991 9.0000000000000018 8.9999999999999982 4.9999999999999991 5 4.9999999999999991 4.9999999999999991
leaf_count=7 5 8 8 5 7 6 8 9 5 6 9 9 5 5 5 5
internal_value=-0.0198838 0.241671 -0.0599078 0.106725 -0.031237 0.0654231 0.510691 -0.0883968 -0.627308 0.0180409 0.0882636 0.0392965 0.176872 0.131794 -0.0620748 -0.00541971
internal_weight=112 107 99 91 86 74 19 55 12 46 39 33 14 11 19 14
internal_count=112 107 99 91 86 74 19 55 12 46 39 33 14 11 19 14
is_linear=0
shrinkage=0.05


Tree=395
num_leaves=18
num_cat=0
split_feature=1 6 1 2 4 1 4 2 1 7 2 4 4 2 4 1 1
split_gain=65528.3 10241 67221.3 15945.4 4129.16 2435.7 1226.24 1115.15 867.189 420.863 668.346 1580.91 500.16 180.396 25.7176 23.1422 15.0736
threshold=52757.674236056024 9.1127472625752919 27797.939671950877 0.56505205340798936 2.5278384386296175 17549.64770584663 2.0660216113510246 0.51592895015361084 15719.604082849797 0.029207731540309843 0.22093611501468283 2.8480664780767246 2.7535771856059377 0.16744804518791417 2.5967981128142408 7607.5887173799301 5746.7049674573136
decision_type=2 2 2 2 2 2 2 2 2 2 2 2 2 2 2 2 2
left_child=1 3 7 4 5 6 -1 8 9 -3 11 13 14 -11 15 16 -12
right_child=-2 2 -4 -5 -6 -7 -8 -9 -10 10 12 -13 -14 -15 -16 -17 -18
leaf_value=-0.40392171655382375 -5.1006447928292413 -0.45916087150573737 -6.0356447792053229 3.2169717407226566 1.1262757182121277 -1.1718815994262695 0.47844271924760612 0.57409631737640932 -0.61583611965179452 0.19196518659591666 -0.048131396621465622 1.0207944107055664 -0.52689601182937629 -0.20125917068549565 0.084391357451677321 -0.12428087294101715 0.062536081969738019
leaf_weight=7.0000000000000098 6.9999999999999991 4.9999999999999991 4.9999999999999991 4.9999999999999991 7.9999999999999991 4.9999999999999991 8.9999999999999982 6.9999999999999991 6.9999999999999991 5.0000000000000018 8.0000000000000089 4.9999999999999991 5.9999999999999991 7 4.9999999999999991 5.9999999999999991 4.9999999999999991
leaf_count=7 7 5 5 5 8 5 9 7 7 5 8 5 6 7 5 6 5
internal_value=-0.416598 -0.104329 -0.446038 0.609241 0.159632 -0.208613 0.0924083 -0.0225829 -0.0933754 -0.0230442 0.0233512 0.273823 -0.118583 -0.0374157 -0.0165041 -0.0430556 -0.00556698
internal_weight=112 105 71 34 29 21 16 66 59 52 47 17 30 12 24 19 13
internal_count=112 105 71 34 29 21 16 66 59 52 47 17 30 12 24 19 13
is_linear=0
shrinkage=0.05


Tree=396
num_leaves=18
num_cat=0
split_feature=0 2 6 5 2 1 2 5 2 7 5 0 0 3 2 7 6
split_gain=64459.1 169828 21541 11579.2 70153.4 37415.1 3111.66 1539.4 2193.54 1425.17 581.059 182.317 380.474 570.608 279.083 43.421 19.1301
threshold=66429.000000000015 0.56505205340798936 10.191971975417099 0.41781195714099434 0.56505205340798936 29628.349800647582 0.45754712422382926 0.29614888529253236 0.45754712422382926 0.18776678944947769 0.39559492442219535 45841.500000000007 35195 2.5000000000000004 0.23674119032890859 0.14029013502643015 11.642466352918628
decision_type=2 2 2 2 2 2 2 2 2 2 2 2 2 2 2 2 2
left_child=3 2 -2 5 6 7 9 -1 10 15 11 12 13 -9 -15 16 -5
right_child=1 -3 -4 4 -6 -7 -8 8 -10 -11 -12 -13 -14 14 -16 -17 -18
leaf_value=-0.81855466842651381 2.6365025413036354 -10.969995727539064 -2.0047304248809814 0.0077214232283747799 6.2680978202819828 -4.5128674602508552 -1.0998499929904939 0.40494144942079235 0.99717123905817662 0.67357229921552875 -0.4087100794538856 -0.18304154773553213 0.51537628173828132 -0.40590821703275043 0.034327592452367148 -0.19660905102888745 -0.11425780355930329
leaf_weight=4.9999999999999991 4.9999999999999982 4.9999999999999991 5 9.0000000000000053 4.9999999999999991 4.9999999999999991 5.9999999999999991 7.0000000000000062 5.9999999999999991 8.9999999999999982 7.9999999999999991 5.9999999999999991 4.9999999999999991 5.9999999999999991 8.9999999999999982 5.9999999999999991 4.9999999999999991
leaf_count=5 5 5 5 9 5 5 6 7 6 9 8 6 5 6 9 6 5
internal_value=-0.395768 -3.44607 0.315886 0.0759283 0.728052 -0.381703 -0.0633829 0.0155249 0.104257 0.151059 -0.0264136 0.0662643 0.121666 0.0321859 -0.141767 -0.0840725 -0.0358426
internal_weight=112 15 10 97 40 57 35 52 47 29 41 33 27 22 15 20 14
internal_count=112 15 10 97 40 57 35 52 47 29 41 33 27 22 15 20 14
is_linear=0
shrinkage=0.05


Tree=397
num_leaves=19
num_cat=0
split_feature=0 3 0 2 0 4 0 2 4 7 4 1 2 4 4 0 6 2
split_gain=58526 13321.6 112038 45930 16700.2 1150.28 3921.54 2315.65 1005.91 910.087 610.123 2158.03 1606.26 373.743 370.544 86.8845 58.1064 18.7862
threshold=77954.999999999985 4.5000000000000009 48227.499999999993 0.75904576824017289 37401.000000000015 2.934351799697287 27800.999999999996 0.2079265850607315 2.7837997876371747 0.2165094734714553 2.4420260066434127 13956.18840917876 0.35245113372703452 2.5689872596560668 2.0660216113510246 19519.500000000011 13.043294761977926 0.27702064154860279
decision_type=2 2 2 2 2 2 2 2 2 2 2 2 2 2 2 2 2 2
left_child=1 3 4 5 9 8 7 -7 10 14 12 13 -1 -12 -3 -15 -17 -16
right_child=-2 2 -4 -5 -6 6 -8 -9 -10 -11 11 -13 -14 15 17 16 -18 -19
leaf_value=0.30929977893829352 -4.2426118214925133 0.39772520313660231 -7.0485376596450813 4.9763262939453128 3.0994445037841798 -0.52120594978332535 -1.3772413849830629 1.0005211639404297 0.79409425318241122 -0.68562506675720225 -0.32062673028558469 1.020139185587565 -0.76183552784579134 0.27273843348026278 -0.1575349068641663 0.13799365103244784 -0.10305907905101774 -0.030639439661587987
leaf_weight=6.9999999999999982 8.9999999999999982 6.0000000000000098 5.9999999999999991 4.9999999999999991 4.9999999999999991 4.9999999999999982 5.9999999999999991 5 4.9999999999999991 4.9999999999999991 8.0000000000000053 5.9999999999999991 7 4.9999999999999991 4.9999999999999982 4.9999999999999982 5 7
leaf_count=7 9 6 6 5 5 5 6 5 5 5 8 6 7 5 5 5 5 7
internal_value=-0.37598 -0.038119 -0.848174 0.361039 0.480475 0.000469298 -0.36668 0.239658 0.122852 -0.0888663 0.0448008 0.175662 -0.226268 -0.0446369 0.0769 0.102558 0.0174673 -0.0835126
internal_weight=112 103 34 69 28 64 16 10 48 23 43 29 14 23 18 15 10 12
internal_count=112 103 34 69 28 64 16 10 48 23 43 29 14 23 18 15 10 12
is_linear=0
shrinkage=0.05


Tree=398
num_leaves=18
num_cat=0
split_feature=0 0 4 4 2 2 2 2 7 2 2 7 2 0 3 7 0
split_gain=52830.8 15212.7 39975 10915 62237.9 36207.9 2410.94 1457.18 1416.25 587.068 405.743 467.321 875.283 301.895 210.755 59.7665 16.8049
threshold=91530 66429.000000000015 2.5967981128142408 2.3934212238621493 0.56505205340798936 0.63546820154915784 0.45754712422382926 0.45754712422382926 0.18776678944947769 0.35245113372703452 0.2994101109548431 0.038704089731232433 0.16744804518791417 39777.5 3.5000000000000004 0.14029013502643015 24627.000000000004
decision_type=2 2 2 2 2 2 2 2 2 2 2 2 2 2 2 2 2
left_child=1 3 -3 4 6 7 8 9 15 10 11 -5 -13 14 -14 16 -1
right_child=-2 2 -4 5 -6 -7 -8 -9 -10 -11 -12 12 13 -15 -16 -17 -18
leaf_value=-0.073198894869225664 -5.3807393932342533 -5.14053398013115 1.1820416355133057 -0.54873876571655278 5.9202820777893068 -4.4392969322204596 -0.95564674635728208 0.68653558918407986 0.66631895171271438 -0.59975217342376708 0.29339023251086477 0.45870664119720433 -0.20752731487154952 -0.45564904468400141 0.20628195822238926 -0.22098230918248496 0.041127347499132161
leaf_weight=9.0000000000000053 4.9999999999999991 4.9999999999999982 5 4.9999999999999991 4.9999999999999991 4.9999999999999991 5.9999999999999991 6.9999999999999991 8.9999999999999982 4.9999999999999991 7.9999999999999991 7.0000000000000027 8.0000000000000018 6.9999999999999991 4.9999999999999991 5.9999999999999991 4.9999999999999991
leaf_count=9 5 5 5 5 5 5 6 7 9 5 8 7 8 7 5 6 5
internal_value=-0.357181 -0.122435 -1.97925 0.0689884 0.702134 -0.375324 -0.0433159 0.0154425 0.145442 -0.0889497 -0.0250994 -0.104722 -0.0224965 -0.190918 -0.0483699 -0.0889524 -0.0323681
internal_weight=112 107 10 97 40 57 35 52 29 45 40 32 27 20 13 20 14
internal_count=112 107 10 97 40 57 35 52 29 45 40 32 27 20 13 20 14
is_linear=0
shrinkage=0.05


Tree=399
num_leaves=19
num_cat=0
split_feature=0 3 0 2 0 6 0 2 7 5 5 0 5 6 6 5 5 2
split_gain=47890.7 12782.7 99592.9 43578.5 13925.7 1135.93 2134.75 1403.03 951.999 928.385 338.921 486.502 328.334 178.636 140.478 51.5164 34.9205 17.8111
threshold=77954.999999999985 4.5000000000000009 48227.499999999993 0.75904576824017289 37401.000000000015 7.6931119805369192 48227.499999999993 0.3433574889033712 0.2165094734714553 0.39559492442219535 0.34079229426713314 11010.999999999998 0.50249433107651253 13.491940612647864 11.642466352918628 0.39439240646744306 0.37079327361855535 0.27702064154860279
decision_type=2 2 2 2 2 2 2 2 2 2 2 2 2 2 2 2 2 2
left_child=1 3 4 5 8 6 -1 10 12 -9 11 -7 17 14 15 -12 -15 -3
right_child=-2 2 -4 -5 -6 7 -8 9 -10 -11 13 -13 -14 16 -16 -17 -18 -19
leaf_value=0.13121086529323034 -3.8370329750908745 -0.14795017480850189 -6.6730537573496509 4.8528913497924808 2.8170261776447298 -0.63554666519165048 -1.2214836788177488 0.95314400281224954 -0.70476008415222169 0.061090933978557575 -0.047871884277888667 0.032256070772806802 0.37712541222572327 0.31099442958831797 -0.26757763624191283 0.15178754627704619 0.13207986007134118 -0.024391925547804148
leaf_weight=6.9999999999999982 8.9999999999999982 5.0000000000000089 5.9999999999999991 4.9999999999999991 4.9999999999999991 4.9999999999999982 5 6.9999999999999982 4.9999999999999991 5 7.0000000000000053 6 5.9999999999999991 4.9999999999999982 4.9999999999999991 6 6 7
leaf_count=7 9 5 6 5 5 5 5 7 5 5 7 6 6 5 5 6 6 7
internal_value=-0.339322 -0.0336968 -0.827198 0.357304 0.425485 0.00608607 -0.432412 0.107278 -0.0944149 0.581455 -0.0349753 -0.271291 0.0751255 0.0546616 -0.0423481 0.0442786 0.213405 -0.0758745
internal_weight=112 103 34 69 28 64 12 52 23 12 40 11 18 29 18 13 11 12
internal_count=112 103 34 69 28 64 12 52 23 12 40 11 18 29 18 13 11 12
is_linear=0
shrinkage=0.05


end of trees

feature_importances:
jobs=1586
population=1344
job_balance=1217
mean_dist_to_5_neighbors_km=876
dist_to_center_km=697
density_proxy=443
centrality=415
n_neighbors_3km=250

parameters:
[boosting: gbdt]
[objective: regression]
[metric: l1]
[tree_learner: serial]
[device_type: cpu]
[data_sample_strategy: bagging]
[data: ]
[valid: ]
[num_iterations: 400]
[learning_rate: 0.05]
[num_leaves: 31]
[num_threads: 0]
[seed: 0]
[deterministic: 0]
[force_col_wise: 0]
[force_row_wise: 0]
[histogram_pool_size: -1]
[max_depth: -1]
[min_data_in_leaf: 5]
[min_sum_hessian_in_leaf: 0.001]
[bagging_fraction: 0.9]
[pos_bagging_fraction: 1]
[neg_bagging_fraction: 1]
[bagging_freq: 5]
[bagging_seed: 3]
[bagging_by_query: 0]
[feature_fraction: 0.9]
[feature_fraction_bynode: 1]
[feature_fraction_seed: 2]
[extra_trees: 0]
[extra_seed: 6]
[early_stopping_round: 0]
[early_stopping_min_delta: 0]
[first_metric_only: 0]
[max_delta_step: 0]
[lambda_l1: 0]
[lambda_l2: 0]
[linear_lambda: 0]
[min_gain_to_split: 0]
[drop_rate: 0.1]
[max_drop: 50]
[skip_drop: 0.5]
[xgboost_dart_mode: 0]
[uniform_drop: 0]
[drop_seed: 4]
[top_rate: 0.2]
[other_rate: 0.1]
[min_data_per_group: 100]
[max_cat_threshold: 32]
[cat_l2: 10]
[cat_smooth: 10]
[max_cat_to_onehot: 4]
[top_k: 20]
[monotone_constraints: ]
[monotone_constraints_method: basic]
[monotone_penalty: 0]
[feature_contri: ]
[forcedsplits_filename: ]
[refit_decay_rate: 0.9]
[cegb_tradeoff: 1]
[cegb_penalty_split: 0]
[cegb_penalty_feature_lazy: ]
[cegb_penalty_feature_coupled: ]
[path_smooth: 0]
[interaction_constraints: ]
[verbosity: -1]
[saved_feature_importance_type: 0]
[use_quantized_grad: 0]
[num_grad_quant_bins: 4]
[quant_train_renew_leaf: 0]
[stochastic_rounding: 1]
[linear_tree: 0]
[max_bin: 255]
[max_bin_by_feature: ]
[min_data_in_bin: 3]
[bin_construct_sample_cnt: 200000]
[data_random_seed: 1]
[is_enable_sparse: 1]
[enable_bundle: 1]
[use_missing: 1]
[zero_as_missing: 0]
[feature_pre_filter: 1]
[pre_partition: 0]
[two_round: 0]
[header: 0]
[label_column: ]
[weight_column: ]
[group_column: ]
[ignore_column: ]
[categorical_feature: ]
[forcedbins_filename: ]
[precise_float_parser: 0]
[parser_config_file: ]
[objective_seed: 5]
[num_class: 1]
[is_unbalance: 0]
[scale_pos_weight: 1]
[sigmoid: 1]
[boost_from_average: 1]
[reg_sqrt: 0]
[alpha: 0.9]
[fair_c: 1]
[poisson_max_delta_step: 0.7]
[tweedie_variance_power: 1.5]
[lambdarank_truncation_level: 30]
[lambdarank_norm: 1]
[label_gain: ]
[lambdarank_position_bias_regularization: 0]
[eval_at: ]
[multi_error_top_k: 1]
[auc_mu_weights: ]
[num_machines: 1]
[local_listen_port: 12400]
[time_out: 120]
[machine_list_filename: ]
[machines: ]
[gpu_platform_id: -1]
[gpu_device_id: -1]
[gpu_use_dp: 0]
[num_gpu: 1]

end of parameters

pandas_categorical:null
