tree
version=v4
num_class=1
num_tree_per_iteration=1
label_index=0
max_feature_idx=7
objective=regression
feature_names=population jobs job_balance n_neighbors_3km mean_dist_to_5_neighbors_km density_proxy dist_to_center_km centrality
feature_infos=[1745:119808.00000000006] [362.10897114140073:103736.68141316395] [0.089773116150910548:4.5033564580293381] [1:8] [1.597595568515755:5.0100417154133376] [0.19959913645499419:0.62594064462074672] [3.1658053994289075:22.139596774830107] [0.011939305303867097:0.53091089391789137]
tree_sizes=1787 1644 1807 1662 1734 1856 1911 1912 1857 1860 1776 1627 1648 1775 1626 1772 1781 1704 1726 1782 1627 1658 1708 1784 1661 1838 1842 1784 1849 1855 1586 1655 1647 1628 1800 1779 1704 1698 1845 1688 1872 2037 1917 1969 1971 1892 1889 1848 1681 1767 1703 1769 1759 1662 1760 1853 1868 1685 1687 1699 1707 1635 1716 1642 1645 1817 1782 1789 1765 1699 1768 1769 1798 1767 1755 1958 1819 1957 1936 1786 1605 1612 1683 1695 1831 1726 1612 1848 1772 1763 1810 1892 1814 1893 1763 1820 1717 1845 1742 1850 1806 1801 1857 1861 1865 1797 1773 1774 1854 1750 1686 1703 1844 1847 1838 1928 1693 1908 1903 1515 1724 1687 1767 1712 1814 1775 1768 1852 1793 1840 1751 1687 1738 1691 1687 1754 1732 1881 1653 1698 1836 1826 1849 1826 1761 1861 1832 1783 1947 1939 1824 1732 1819 1734 1595 1522 1776 1772 1743 1680 2016 1876 1874 1833 1841 1776 1776 1684 1868 1823 1647 1777 1676 1615 1614 1639 1676 1710 1746 1688 1831 1806 1793 1849 1782 1694 1811 1762 1868 1839 1695 1694 1679 1682 1793 1674 1771 1666 1720 1858 1716 1741 1797 1816 1745 1928 1882 1798 1767 1776 1939 1669 1806 1721 1853 1973 1865 1922 1863 1875 1892 1984 1901 1956 1970 1569 1602 1597 1697 1609 1886 1805 1794 1700 1854 1798 1783 1766 1797 1717 1950 1877 1806 1898 1870 1705 1867 1801 1719 1709 1681 1700 1761 1666 1797 1680 1908 1860 1695 1647 1805 1761 1862 1865 1790 1968 1878 1878 1860 2027 1711 1853 1872 1693 1779 1808 1966 1974 1818 1969 1903 1801 1830 1906 1743 1993 1993 1919 1885 1775 1621 1779 1526 1789 1893 1834 1818 1807 2018 1812 1613 1858 1800 1618 1713 1718 1707 1845 1866 1849 1800 1712 1760 1807 1692 1865 1805 1790 1876 1786 1720 1814 1730 1718 1715 1798 1856 1782 1887 1865 1890 1888 1891 1825 1786 1805 1789 1828 1845 1855 1788 1707 1724 1785 1826 1913 1962 1915 1824 1804 1730 1731 1749 1787 1751 1746 1811 1824 1868 1821 1911 1804 1825 1832 1884 1722 1770 1771 1732 1733 1821 1814 1872 1799 1870 1804 1656 1851 1652 1789 1803 1788 1812 1920 1797 1837 1810 1900 1714 1812 1900 1853 1816 1948 1839 1774 1779 1781 1866 1779

Tree=0
num_leaves=19
num_cat=0
split_feature=0 0 0 0 0 0 1 0 0 0 2 1 0 5 0 4 4 4
split_gain=3.69861e+09 9.29999e+08 3.18399e+08 1.93219e+08 1.23063e+08 3.84457e+07 2.66678e+07 2.16503e+07 1.07796e+07 7.71721e+06 6.19158e+06 4.84125e+06 4.57768e+06 1.39899e+06 1.15404e+06 854785 397451 68663.3
threshold=62016 27800.999999999996 77954.999999999985 39777.5 17132.500000000004 91530 15719.604082849797 8615.0000000000073 33369.000000000007 23817.000000000018 0.23339000128674831 9833.536278827658 50610.999999999993 0.4500170190692121 12372.000000000005 2.1883376604767633 2.5689872596560668 3.1962238028246612
decision_type=2 2 2 2 2 2 2 2 2 2 2 2 2 2 2 2 2 2
left_child=1 4 -2 8 7 -4 10 17 11 15 -5 13 -8 -3 -9 -6 -17 -1
right_child=2 3 5 6 9 -7 12 14 -10 -11 -12 -13 -14 -15 -16 16 -18 -19
leaf_value=9667.5061854119049 10526.267299778223 10007.03418752779 10838.161195177528 10209.865180671506 9857.9473084587789 11034.237005724404 10246.86207408378 9755.7581133090389 10081.197212700341 9941.5818600538314 10134.528479113076 10043.947770375022 10309.501698804761 9971.2235242790921 9786.7694658481014 9893.2917859978406 9874.2043576124252 9675.7925184197156
leaf_weight=5.0000000000000018 9.0000000000000018 6.0000000000000053 4.9999999999999982 6.0000000000000018 5.0000000000000062 5 4.9999999999999982 5.9999999999999982 7.9999999999999991 5.9999999999999991 5 6.9999999999999991 7 5 6 4.9999999999999982 6 5
leaf_count=5 9 6 5 6 5 5 5 6 8 6 5 7 7 5 6 5 6 5
internal_value=10106.3 9976.46 10742 10126.3 9809.6 10936.2 10231.9 9725.98 10032.9 9893.22 10175.6 10011.4 10283.4 9990.76 9771.26 9875.09 9882.88 9671.65
internal_weight=112 93 19 49 44 10 23 22 26 22 11 18 12 11 12 16 11 10
internal_count=112 93 19 49 44 10 23 22 26 22 11 18 12 11 12 16 11 10
is_linear=0
shrinkage=1


Tree=1
num_leaves=16
num_cat=0
split_feature=1 1 1 2 1 2 2 2 1 2 2 5 4 1 6
split_gain=2.84946e+09 4.84843e+08 4.10916e+08 2.20954e+08 1.18023e+08 8.31775e+07 6.85211e+07 6.22081e+07 2.86078e+07 2.36793e+07 2.3535e+07 2.04599e+07 1.19417e+07 5.35912e+06 3.56908e+06
threshold=17549.64770584663 5052.4392740799294 52757.674236056024 0.38140948671013492 9442.0625753316071 0.2994101109548431 0.63546820154915784 0.27702064154860279 1580.3453037190059 0.1816627865598146 0.45754712422382926 0.39439240646744306 2.2221563262003503 2608.015573342022 9.6179462059860477
decision_type=2 2 2 2 2 2 2 2 2 2 2 2 2 2 2
left_child=1 8 3 -2 7 11 -5 9 -1 -3 -7 -6 -11 -10 -9
right_child=2 4 -4 6 5 10 -8 14 13 12 -12 -13 -14 -15 -16
leaf_value=-421.78474934895826 520.21160714285668 -8.5263651529947868 694.65621337890627 258.61331787109378 27.805427246093736 -19.926722717285159 27.757974243164064 -267.4481079101563 -343.2464518229167 -173.7477277483259 -145.46579764229909 164.75397491455078 -84.323596668243411 -280.73494873046877 -212.13797956194196
leaf_weight=9.0000000000000018 7.0000000000000062 6.0000000000000027 8.9999999999999982 8.9999999999999982 5.0000000000000018 7.9999999999999982 4.9999999999999991 4.9999999999999982 5.9999999999999991 6.9999999999999991 7 6 7.9999999999999991 7.9999999999999991 7
leaf_count=9 7 6 9 9 5 8 5 5 6 7 7 6 8 8 7
internal_value=-4.9646 -157.509 411.99 290.847 -81.5985 -1.92782 176.165 -144.369 -352.236 -92.4753 -78.5116 102.505 -126.055 -307.526 -235.184
internal_weight=112 82 30 21 59 26 14 33 23 21 15 11 15 14 12
internal_count=112 82 30 21 59 26 14 33 23 21 15 11 15 14 12
is_linear=0
shrinkage=0.05


Tree=2
num_leaves=19
num_cat=0
split_feature=0 0 0 0 0 0 1 0 0 2 0 1 1 5 5 0 5 2
split_gain=3.0542e+09 7.5622e+08 2.75206e+08 1.54316e+08 1.00022e+08 3.12152e+07 2.04471e+07 1.73465e+07 8.53441e+06 6.20946e+06 5.80276e+06 4.32051e+06 4.27124e+06 1.01945e+06 908393 851288 317722 55374.2
threshold=62016 27800.999999999996 77954.999999999985 39777.5 17132.500000000004 91530 15719.604082849797 8615.0000000000073 33369.000000000007 0.23339000128674831 23817.000000000018 29628.349800647582 9833.536278827658 0.4500170190692121 0.45698816419450822 12372.000000000005 0.38926142689652604 0.23674119032890859
decision_type=2 2 2 2 2 2 2 2 2 2 2 2 2 2 2 2 2 2
left_child=1 4 -2 8 7 -4 9 17 12 -5 14 -8 13 -3 16 -9 -6 -1
right_child=2 3 5 6 10 -7 11 15 -10 -11 -12 -13 -14 -15 -16 -17 -18 -19
leaf_value=-393.49566894531233 372.36002739800335 -95.712774658203031 665.13429687500013 91.768917338053356 -213.25851236979145 841.81258789062485 187.35038330078129 -321.36818033854172 -28.111226463317873 16.323539428710937 -155.87501627604169 126.49571097237722 -59.646238218035016 -126.28226928710936 -231.204375 -294.73348795572912 -196.19259277343747 -400.93705078124998
leaf_weight=5.0000000000000018 9.0000000000000018 6.0000000000000053 4.9999999999999982 6.0000000000000018 6.0000000000000053 5 4.9999999999999982 5.9999999999999982 7.9999999999999991 5 5.9999999999999991 7 6.9999999999999991 5 4.9999999999999991 6 5 5
leaf_count=5 9 6 5 6 6 5 5 6 8 5 6 7 7 5 5 6 5 5
internal_value=-4.71637 -122.733 572.946 12.3745 -273.195 753.473 106.715 -348.581 -71.0808 57.4756 -197.808 151.852 -90.1784 -109.608 -213.533 -308.051 -205.501 -397.216
internal_weight=112 93 19 49 44 10 23 22 26 11 22 12 18 11 16 12 11 10
internal_count=112 93 19 49 44 10 23 22 26 11 22 12 18 11 16 12 11 10
is_linear=0
shrinkage=0.05


Tree=3
num_leaves=16
num_cat=0
split_feature=1 1 1 2 2 1 2 1 1 2 2 1 2 1 2
split_gain=2.32018e+09 3.97487e+08 3.37681e+08 1.82912e+08 7.93976e+07 9.8262e+07 5.51855e+07 4.23517e+07 2.69608e+07 2.31211e+07 1.46049e+07 1.30226e+07 9.30946e+06 7.3622e+06 3.31074e+06
threshold=17549.64770584663 5451.4444842065941 52757.674236056024 0.38140948671013492 0.35245113372703452 8017.8764203639594 0.63546820154915784 2608.015573342022 12221.392818450666 0.23339000128674831 0.27447364996027118 11399.273390776547 0.22093611501468283 1580.3453037190059 0.22605089977735515
decision_type=2 2 2 2 2 2 2 2 2 2 2 2 2 2 2
left_child=1 7 3 -2 5 10 -5 13 -6 -7 14 -11 -9 -1 -3
right_child=2 4 -4 6 8 9 -8 12 -10 11 -12 -13 -14 -15 -16
leaf_value=-380.85536566840267 470.63079659598174 -44.510512797037741 628.00444200303821 231.59152018229167 -219.0914764404296 138.73267720540358 24.415066528320313 -175.43254516601564 -92.939277055528436 -26.258474676949643 -161.93794468470983 74.125827026367176 -262.40341796875003 -309.35264485677089 -99.599915771484362
leaf_weight=9.0000000000000018 7.0000000000000062 6.0000000000000018 8.9999999999999982 8.9999999999999982 8.0000000000000018 6.0000000000000027 4.9999999999999991 4.9999999999999991 8.9999999999999982 6.9999999999999982 6.9999999999999991 6 7.9999999999999991 5.9999999999999991 5
leaf_count=9 7 6 9 9 8 6 5 5 9 7 7 6 8 6 5
internal_value=-4.48055 -142.13 371.762 261.944 -62.8606 -21.7645 157.6 -295.007 -152.305 57.5443 -105.479 20.0727 -228.953 -352.254 -69.5512
internal_weight=112 82 30 21 54 37 14 28 17 19 18 13 13 15 11
internal_count=112 82 30 21 54 37 14 28 17 19 18 13 13 15 11
is_linear=0
shrinkage=0.05


Tree=4
num_leaves=18
num_cat=0
split_feature=0 0 0 0 0 0 0 0 0 1 5 1 4 4 4 0 2
split_gain=2.52367e+09 6.14419e+08 2.38048e+08 1.38937e+08 6.58698e+07 2.53316e+07 1.5434e+07 1.38798e+07 8.31037e+06 4.91032e+06 4.40667e+06 2.46443e+06 2.18648e+06 1.10746e+06 1.04166e+06 614262 60596
threshold=62016 24627.000000000004 77954.999999999985 43685.500000000007 17132.500000000004 91530 33369.000000000007 8615.0000000000073 53055.999999999993 9833.536278827658 0.37358923902760793 15719.604082849797 2.2221563262003503 2.1883376604767633 2.5450332819636068 12372.000000000005 0.23674119032890859
decision_type=2 2 2 2 2 2 2 2 2 2 2 2 2 2 2 2 2
left_child=1 4 -2 6 7 -4 9 16 11 12 -8 -5 -3 -6 -15 -9 -1
right_child=2 3 5 8 13 -7 10 15 -10 -11 -12 -13 -14 14 -16 -17 -18
leaf_value=-354.77811523437481 334.28975830078116 -124.01782052176334 609.16271484375011 60.495958164760026 -205.84222412109364 768.32172851562484 -48.719035949707042 -290.22338867187506 145.43613891601564 -52.969546726771767 14.837605031331378 106.45650390624999 -84.498592267717626 -164.58522135416672 -192.97623291015623 -267.59851074218744 -362.56246093749996
leaf_weight=5.0000000000000018 9.0000000000000018 7.0000000000000018 4.9999999999999982 7.0000000000000018 6.0000000000000027 5 4.9999999999999982 5.9999999999999982 7.9999999999999991 6.9999999999999991 6 5 7 5.9999999999999982 7 6 5
leaf_count=5 9 7 5 7 6 5 5 6 8 7 6 5 7 6 7 6 5
internal_value=-4.25652 -111.535 520.844 2.58216 -256.269 688.742 -62.0304 -315.165 105.962 -87.162 -14.0518 79.6462 -104.258 -188.074 -179.873 -278.911 -358.67
internal_weight=112 93 19 52 41 10 32 22 20 21 11 12 14 19 13 12 10
internal_count=112 93 19 52 41 10 32 22 20 21 11 12 14 19 13 12 10
is_linear=0
shrinkage=0.05


Tree=5
num_leaves=19
num_cat=0
split_feature=0 0 0 0 0 2 0 0 0 4 0 3 7 2 7 0 0 3
split_gain=2.27394e+09 6.10619e+08 1.42999e+08 1.23842e+08 7.26245e+07 5.11597e+07 1.18608e+07 8.48893e+06 6.07067e+06 6.66821e+06 4.32197e+06 3.09195e+06 2.95164e+06 3.8679e+06 667396 914943 554371 5963.52
threshold=62016 27800.999999999996 77954.999999999985 43685.500000000007 17132.500000000004 0.51592895015361084 8615.0000000000073 33369.000000000007 48227.499999999993 2.3934212238621493 23817.000000000018 4.5000000000000009 0.18776678944947769 0.33522895219823584 0.20086655430696435 19519.500000000011 12372.000000000005 2.5000000000000004
decision_type=2 2 2 2 2 2 2 2 2 2 2 2 2 2 2 2 2 2
left_child=1 4 -2 7 6 -4 17 12 -5 -10 14 -9 13 -3 15 -6 -8 -1
right_child=2 3 5 8 10 -7 16 11 9 -11 -12 -13 -14 -15 -16 -17 -18 -19
leaf_value=-337.47483886718737 338.54761199951162 -81.969375174386087 498.25191406250008 73.874354171752898 -194.22680908203102 714.80766601562493 -275.71221516927091 -37.950463649204806 174.77043457031252 102.75389234754776 -134.92594299316406 13.530045242309569 -103.70280151367189 -24.39032318115234 -199.63356689453127 -166.2225812639509 -254.21858317057291 -339.9168701171875
leaf_weight=5.0000000000000018 8.0000000000000018 7.0000000000000053 4.9999999999999982 8.0000000000000018 5.0000000000000053 6 5.9999999999999982 6.9999999999999982 4.9999999999999991 8.9999999999999982 5.9999999999999991 5 4.9999999999999991 5 4.9999999999999991 7 6 5
leaf_count=5 8 7 5 8 5 6 6 7 5 9 6 5 5 5 5 7 6 5
internal_value=-0.374737 -99.2873 499.394 19.1643 -233.532 616.373 -298.479 -48.6984 108.62 128.474 -171.409 -16.5003 -71.4265 -57.9781 -184.286 -177.891 -264.965 -338.696
internal_weight=115 96 19 51 45 11 22 29 22 14 23 12 17 12 17 12 12 10
internal_count=115 96 19 51 45 11 22 29 22 14 23 12 17 12 17 12 12 10
is_linear=0
shrinkage=0.05


Tree=6
num_leaves=20
num_cat=0
split_feature=0 0 0 0 0 1 0 1 0 4 0 4 6 7 1 0 7 0 1
split_gain=2.05223e+09 5.51084e+08 1.29057e+08 1.11767e+08 6.55436e+07 4.61716e+07 1.07043e+07 7.9382e+06 7.66126e+06 3.94687e+06 3.90058e+06 2.82611e+06 2.71202e+06 2.66386e+06 3.49078e+06 613524 908723 500321 373952
threshold=62016 27800.999999999996 77954.999999999985 43685.500000000007 17132.500000000004 52757.674236056024 8615.0000000000073 16516.706392829426 33369.000000000007 2.3934212238621493 23817.000000000018 2.6767405536233917 8.8564046125742681 0.18776678944947769 9833.536278827658 19519.500000000011 0.14029013502643015 12372.000000000005 1117.7490461145278
decision_type=2 2 2 2 2 2 2 2 2 2 2 2 2 2 2 2 2 2 2
left_child=1 4 -2 8 6 -4 18 12 13 -9 15 -10 -5 14 -3 -6 -17 -8 -1
right_child=2 3 5 7 10 -7 17 9 11 -11 -12 -13 -14 -15 -16 16 -18 -19 -20
leaf_value=-331.42998535156238 321.62024230957019 -77.870905848911775 473.33931640625008 45.957834777832005 -187.93280639648415 679.06727701822911 -261.92661132812503 166.03191406250005 4.8321348462786 105.88241628011068 -128.17964884440104 -44.385563049316403 95.817868550618471 -98.51765991210938 -23.170807800292966 -152.31364501953129 -181.17531534830727 -241.50764973958331 -312.09214843749999
leaf_weight=5.0000000000000018 8.0000000000000018 7.0000000000000053 4.9999999999999982 5.0000000000000018 6.0000000000000062 6 5.9999999999999982 4.9999999999999982 6.9999999999999982 6 5.9999999999999991 5 6 4.9999999999999991 5 4.9999999999999982 6 6 5
leaf_count=5 8 7 5 5 6 6 6 5 7 6 6 5 6 5 5 5 6 6 5
internal_value=-0.356 -94.3229 474.424 18.2061 -221.856 585.555 -283.555 103.189 -46.2635 133.223 -162.839 -15.6752 73.1542 -67.8552 -55.0792 -175.072 -168.056 -251.717 -321.761
internal_weight=115 96 19 51 45 11 22 22 29 11 23 12 11 17 12 17 11 12 10
internal_count=115 96 19 51 45 11 22 22 29 11 23 12 11 17 12 17 11 12 10
is_linear=0
shrinkage=0.05


Tree=7
num_leaves=20
num_cat=0
split_feature=0 0 0 0 0 0 0 1 0 4 0 3 6 6 1 6 0 0 1
split_gain=1.85214e+09 4.97353e+08 1.16545e+08 1.0087e+08 5.91531e+07 2.07312e+07 9.66066e+06 7.16422e+06 6.91428e+06 3.56205e+06 3.52027e+06 2.5935e+06 2.4476e+06 2.40413e+06 3.15043e+06 571920 742961 451539 337492
threshold=62016 27800.999999999996 87502.499999999985 43685.500000000007 17132.500000000004 70868.500000000015 8615.0000000000073 16516.706392829426 33369.000000000007 2.3934212238621493 23817.000000000018 4.5000000000000009 8.8564046125742681 9.4306243500006861 9833.536278827658 9.1127472625752919 19519.500000000011 12372.000000000005 1117.7490461145278
decision_type=2 2 2 2 2 2 2 2 2 2 2 2 2 2 2 2 2 2 2
left_child=1 4 5 8 6 -2 18 12 13 -9 15 -10 -5 -3 -15 -6 -17 -8 -1
right_child=2 3 -4 7 10 -7 17 9 11 -11 -12 -13 -14 14 -16 16 -18 -19 -20
leaf_value=-314.85848144531235 261.2320654296874 -93.591777343749868 581.23576117621531 43.659943542480448 -180.52554199218727 405.21538574218744 -248.83027343750007 157.73031860351568 -34.536771937779022 100.58829625447589 -121.77066497802736 12.611934967041014 91.026974487304685 -73.977360752650682 -22.012266235351561 -175.1188256835938 -149.88346121651784 -229.43227539062497 -296.48753906249993
leaf_weight=5.0000000000000018 5.0000000000000018 5.0000000000000062 8.9999999999999982 5.0000000000000018 5.0000000000000062 5 5.9999999999999982 4.9999999999999982 6.9999999999999982 6 5.9999999999999991 5 6 6.9999999999999982 5 4.9999999999999982 7 6 5
leaf_count=5 5 5 9 5 5 5 6 5 7 6 6 5 6 7 5 5 7 6 5
internal_value=-0.338199 -89.6068 450.703 17.2958 -210.763 333.224 -269.378 98.0292 -43.9503 126.562 -154.697 -14.8915 69.4965 -64.4625 -52.3252 -166.318 -160.398 -239.131 -305.673
internal_weight=115 96 19 51 45 10 22 22 29 11 23 12 11 17 12 17 12 12 10
internal_count=115 96 19 51 45 10 22 22 29 11 23 12 11 17 12 17 12 12 10
is_linear=0
shrinkage=0.05


Tree=8
num_leaves=19
num_cat=0
split_feature=0 0 0 0 0 2 0 0 0 4 0 5 7 3 6 0 6 3
split_gain=1.67155e+09 4.48861e+08 1.05857e+08 9.10352e+07 5.33857e+07 4.15449e+07 8.71875e+06 6.24014e+06 4.33872e+06 4.96064e+06 3.17704e+06 2.37016e+06 2.16973e+06 2.96556e+06 516158 670522 429053 3774.63
threshold=62016 27800.999999999996 77954.999999999985 43685.500000000007 17132.500000000004 0.51592895015361084 8615.0000000000073 33369.000000000007 48227.499999999993 2.3934212238621493 23817.000000000018 0.37358923902760793 0.18776678944947769 3.5000000000000004 9.1127472625752919 19519.500000000011 11.029932159873381 2.5000000000000004
decision_type=2 2 2 2 2 2 2 2 2 2 2 2 2 2 2 2 2 2
left_child=1 4 -2 7 6 -4 17 12 -5 -10 14 -9 13 -3 -6 -16 -8 -1
right_child=2 3 5 8 10 -7 16 11 9 -11 -12 -13 -14 -15 15 -17 -18 -19
leaf_value=-289.41793945312486 289.77793426513659 -79.119096679687402 422.37076171875009 63.754079818725565 -171.49926757812477 617.51897786458323 -238.3613208007813 -40.439445190429694 149.84380493164062 87.728793165418836 -115.68213195800782 4.6334841047014503 -88.912187500000016 -28.701747349330358 -166.36288085937505 -142.38928920200891 -219.18426339285713 -291.36078124999995
leaf_weight=5.0000000000000018 8.0000000000000018 5.0000000000000053 4.9999999999999982 8.0000000000000018 5.0000000000000062 6 4.9999999999999982 4.9999999999999982 4.9999999999999991 8.9999999999999982 5.9999999999999991 7 4.9999999999999991 7 4.9999999999999982 7 7 5
leaf_count=5 8 5 5 8 5 6 5 5 5 9 6 7 5 7 5 7 7 5
internal_value=-0.321288 -85.1265 428.168 16.431 -200.225 528.815 -255.909 -41.7528 93.1278 109.913 -146.962 -14.1469 -61.2393 -49.709 -158.002 -152.378 -227.175 -290.389
internal_weight=115 96 19 51 45 11 22 29 22 14 23 12 17 12 17 12 12 10
internal_count=115 96 19 51 45 11 22 29 22 14 23 12 17 12 17 12 12 10
is_linear=0
shrinkage=0.05


Tree=9
num_leaves=19
num_cat=0
split_feature=0 0 0 0 0 0 1 1 0 0 4 3 6 6 1 0 0 6
split_gain=1.50858e+09 4.05097e+08 9.6658e+07 8.21593e+07 4.81806e+07 1.74718e+07 8.04646e+06 5.98239e+06 5.63173e+06 2.86728e+06 2.83516e+06 2.17542e+06 2.1312e+06 1.95818e+06 2.73643e+06 1.30012e+06 471288 705300
threshold=62016 27800.999999999996 87502.499999999985 43685.500000000007 17132.500000000004 70868.500000000015 1580.3453037190059 16516.706392829426 33369.000000000007 23817.000000000018 2.3934212238621493 4.5000000000000009 8.8564046125742681 9.4306243500006861 9833.536278827658 11010.999999999998 19519.500000000011 10.191971975417099
decision_type=2 2 2 2 2 2 2 2 2 2 2 2 2 2 2 2 2 2
left_child=1 4 5 8 6 -2 -1 12 13 16 -9 -10 -5 -3 -15 -8 -6 -18
right_child=2 3 -4 7 9 -7 15 10 11 -11 -12 -13 -14 14 -16 -17 17 -19
leaf_value=-283.11505432128894 233.68156494140612 -84.466577148437381 525.63464084201394 38.289241333007794 -161.37422281901024 365.86238281249996 -240.69748046875003 142.35161132812502 -31.431860351562506 -109.89802551269531 91.372233708699525 11.749664001464843 82.488766479492185 -67.402909415108823 -18.972392272949218 -208.89808620876738 -155.51117553710941 -130.08432373046875
leaf_weight=8.0000000000000018 5.0000000000000018 5.0000000000000062 8.9999999999999982 5.0000000000000018 6.0000000000000062 5 4.9999999999999991 4.9999999999999982 6.9999999999999982 5.9999999999999991 6 5 6 6.9999999999999982 5 8.9999999999999982 5.9999999999999982 5
leaf_count=8 5 5 9 5 6 5 5 5 7 6 6 5 6 7 5 9 6 5
internal_value=-0.305225 -80.8701 406.76 15.6094 -190.214 299.772 -243.113 88.4714 -39.6652 -139.614 114.545 -13.4396 62.3981 -58.1774 -47.2235 -220.255 -150.102 -143.954
internal_weight=115 96 19 51 45 10 22 22 29 23 11 12 11 17 12 14 17 11
internal_count=115 96 19 51 45 10 22 22 29 23 11 12 11 17 12 14 17 11
is_linear=0
shrinkage=0.05


Tree=10
num_leaves=18
num_cat=0
split_feature=0 0 0 0 0 1 4 0 1 0 1 0 5 5 4 4 3
split_gain=1.38809e+09 3.72163e+08 1.04444e+08 5.04308e+07 3.85572e+07 9.69863e+06 8.67255e+06 8.17009e+06 7.43767e+06 5.29042e+06 2.88577e+06 2.26727e+06 2.08913e+06 1.98776e+06 918761 1.01535e+06 404777
threshold=66429.000000000015 24627.000000000004 43685.500000000007 91530 14717.500000000004 16516.706392829426 2.8480664780767246 33369.000000000007 29628.349800647582 6414.0000000000009 9833.536278827658 18132.499999999996 0.4500170190692121 0.37358923902760793 2.1883376604767633 2.5450332819636068 3.5000000000000004
decision_type=2 2 2 2 2 2 2 2 2 2 2 2 2 2 2 2 2
left_child=1 4 7 6 9 -4 -2 10 -7 -1 12 -6 -3 -9 -13 -16 -11
right_child=3 2 5 -5 11 8 -8 13 -10 16 -12 14 -14 -15 15 -17 -18
leaf_value=-270.80735405815966 403.81085937500006 -60.333236476353221 52.820698765345959 540.606689453125 -175.35756103515612 173.658564453125 310.68431640624999 -36.84587951660157 95.921138572692882 -207.90687744140629 -39.070804541451594 -155.06281249999989 -100.54002787272134 4.4312040056501116 -112.34342407226563 -141.8442661830357 -228.02594970703123
leaf_weight=9.0000000000000018 4.9999999999999982 7.0000000000000018 7.0000000000000027 5.9999999999999991 5.0000000000000027 4.9999999999999991 5 4.9999999999999982 7.9999999999999991 4.9999999999999982 6.9999999999999991 5.0000000000000027 6 7 4.9999999999999982 7 5
leaf_count=9 5 7 7 6 5 5 5 5 8 5 7 5 6 7 5 7 5
internal_value=-4.16895 -78.1778 10.6371 426.007 -190.821 100.27 357.248 -45.3837 125.82 -242.996 -64.9534 -145.76 -78.8902 -12.7676 -137.055 -129.552 -217.966
internal_weight=109 93 52 16 41 20 10 32 13 19 20 22 13 12 17 12 10
internal_count=109 93 52 16 41 20 10 32 13 19 20 22 13 12 17 12 10
is_linear=0
shrinkage=0.05


Tree=11
num_leaves=16
num_cat=0
split_feature=1 1 1 2 6 2 1 1 1 3 1 2 6 2 2
split_gain=9.97976e+08 1.94927e+08 1.54316e+08 1.16939e+08 6.51651e+07 3.50566e+07 3.51975e+07 1.74045e+07 1.22424e+07 1.18382e+07 1.14092e+07 6.3188e+06 5.56342e+06 4.06882e+06 1.00897e+06
threshold=17549.64770584663 52757.674236056024 5451.4444842065941 0.56505205340798936 7.6506066014448839 0.35245113372703452 11399.273390776547 1926.3337192909112 12221.392818450666 2.5000000000000004 7387.5125544820748 0.23674119032890859 11.49094878481216 0.26451798600539184 0.22093611501468283
decision_type=2 2 2 2 2 2 2 2 2 2 2 2 2 2 2
left_child=2 3 7 4 -2 6 10 14 -7 -6 11 -4 -12 -9 -1
right_child=1 -3 5 -5 9 8 -8 13 -10 -11 12 -13 -14 -15 -16
leaf_value=-230.73059779575885 86.983135738372624 448.61474609375 -47.0979775565011 -8.3701062883649566 247.86135131835943 -147.26770290798606 80.173776681082586 -137.58003692626957 -64.797658475240084 352.03270263671874 -56.609246978759771 -117.02328898111978 9.1714630126953125 -192.04880777994788 -260.13864746093748
leaf_weight=7.0000000000000018 5.0000000000000098 7.9999999999999991 7.0000000000000018 6.9999999999999991 4.9999999999999982 9.0000000000000018 6.9999999999999991 7.9999999999999982 8.9999999999999982 6 4.9999999999999991 6 8.9999999999999982 6 5
leaf_count=7 5 8 7 7 5 9 7 8 9 6 5 6 9 6 5
internal_value=-3.96051 236.024 -99.339 162.079 236.651 -49.6096 -19.7386 -198.798 -106.033 304.682 -45.6418 -79.3712 -14.3216 -160.924 -242.984
internal_weight=109 31 78 23 16 52 34 26 18 11 27 13 14 14 12
internal_count=109 31 78 23 16 52 34 26 18 11 27 13 14 14 12
is_linear=0
shrinkage=0.05


Tree=12
num_leaves=16
num_cat=0
split_feature=1 1 1 2 6 1 2 2 3 1 1 6 2 2 6
split_gain=9.00674e+08 1.75922e+08 1.39715e+08 1.06277e+08 6.39472e+07 3.02792e+07 3.12843e+07 2.33317e+07 1.0684e+07 8.43527e+06 6.75745e+06 5.42361e+06 2.24169e+06 1.94332e+06 1.24272e+06
threshold=17549.64770584663 52757.674236056024 5052.4392740799294 0.63546820154915784 7.6506066014448839 9442.0625753316071 0.2994101109548431 0.27702064154860279 2.5000000000000004 1580.3453037190059 7387.5125544820748 9.1127472625752919 0.22605089977735515 0.22093611501468283 9.6179462059860477
decision_type=2 2 2 2 2 2 2 2 2 2 2 2 2 2 2
left_child=2 3 9 4 -2 7 -7 10 -6 -1 12 -8 -4 -11 -9
right_child=1 -3 5 -5 8 6 11 14 -10 13 -12 -13 -14 -15 -16
leaf_value=-241.21160210503464 86.523990821838225 426.18402099609375 -54.165741511753609 -26.939210510253908 235.46828247070317 63.283306715223503 -97.954196777343753 -155.92487060546875 334.43107299804683 -153.36902099609378 -14.982775497436524 -33.005286608801946 -95.814721934000644 -194.18204345703123 -124.14890289306641
leaf_weight=9.0000000000000018 6.0000000000000098 7.9999999999999991 7.0000000000000018 5.9999999999999991 4.9999999999999982 9.0000000000000018 4.9999999999999991 4.9999999999999991 6 4.9999999999999982 7.9999999999999991 8.9999999999999982 6 7 7.9999999999999991
leaf_count=9 6 8 7 6 5 9 5 5 6 5 8 9 6 7 8
internal_value=-3.76248 224.223 -94.372 153.976 217.828 -53.7543 -9.44647 -83.7272 289.448 -204.62 -51.1386 -56.2013 -73.3883 -177.177 -136.37
internal_weight=109 31 78 23 17 57 23 34 11 21 21 14 13 12 13
internal_count=109 31 78 23 17 57 23 34 11 21 21 14 13 12 13
is_linear=0
shrinkage=0.05


Tree=13
num_leaves=18
num_cat=0
split_feature=0 0 0 0 0 1 5 0 1 0 1 0 5 5 5 5 5
split_gain=1.05508e+09 2.75628e+08 7.80043e+07 3.83522e+07 2.91718e+07 6.94429e+06 6.22679e+06 5.3027e+06 4.65807e+06 4.2825e+06 2.47262e+06 1.57383e+06 1.49977e+06 1.32261e+06 886360 785208 367980
threshold=66429.000000000015 24627.000000000004 43685.500000000007 91530 14717.500000000004 16516.706392829426 0.38509189123784332 33369.000000000007 29628.349800647582 6414.0000000000009 9833.536278827658 18132.499999999996 0.4500170190692121 0.37358923902760793 0.45698816419450822 0.39439240646744306 0.38926142689652604
decision_type=2 2 2 2 2 2 2 2 2 2 2 2 2 2 2 2 2
left_child=1 4 7 6 9 -4 -2 10 -7 -1 12 -6 -3 -9 15 -13 -11
right_child=3 2 5 -5 11 8 -8 13 -10 16 -12 14 -14 -15 -16 -17 -18
leaf_value=-235.44210883246521 272.05050781250009 -53.022010149274536 45.646374511718733 471.40584716796877 -150.50168457031239 145.27476318359376 350.96049804687499 -33.442752685546878 83.755012035369873 -178.30905273437506 -31.886114556448803 -122.02988804408479 -87.088610331217438 0.22713977268763952 -136.277041015625 -96.086970214843745 -197.49186035156248
leaf_weight=9.0000000000000018 4.9999999999999982 7.0000000000000018 7.0000000000000027 5.9999999999999991 5.0000000000000027 4.9999999999999991 5 4.9999999999999982 7.9999999999999991 4.9999999999999982 6.9999999999999991 7.0000000000000018 6 7 4.9999999999999991 5 5
leaf_count=9 5 7 7 6 5 5 5 5 8 5 7 7 6 7 5 5 5
internal_value=-3.57436 -68.0978 8.33512 371.468 -165.037 85.7969 311.506 -40.0785 107.416 -210.42 -55.8444 -125.843 -68.7451 -13.802 -118.59 -111.22 -187.9
internal_weight=109 93 52 16 41 20 10 32 13 19 20 22 13 12 17 12 10
internal_count=109 93 52 16 41 20 10 32 13 19 20 22 13 12 17 12 10
is_linear=0
shrinkage=0.05


Tree=14
num_leaves=16
num_cat=0
split_feature=1 1 1 2 6 2 1 1 1 2 2 3 2 2 2
split_gain=7.35036e+08 1.44745e+08 1.14048e+08 8.67876e+07 5.39603e+07 2.69158e+07 1.65686e+07 1.28511e+07 1.1543e+07 9.93972e+06 9.10439e+06 9.0593e+06 3.29387e+06 2.91402e+06 815912
threshold=17549.64770584663 52757.674236056024 5451.4444842065941 0.63546820154915784 7.6506066014448839 0.26451798600539184 9833.536278827658 1926.3337192909112 7387.5125544820748 0.45754712422382926 0.23339000128674831 2.5000000000000004 0.30882258029930471 0.26451798600539184 0.22093611501468283
decision_type=2 2 2 2 2 2 2 2 2 2 2 2 2 2 2
left_child=2 3 7 4 -2 8 12 14 -4 -8 -10 -6 -7 -9 -1
right_child=1 -3 5 -5 11 6 9 13 10 -11 -12 -13 -14 -15 -16
leaf_value=-197.70354003906243 75.928246434529498 385.75496215820317 -43.519006061553938 -24.64469248453776 212.62785156250004 -81.192108154296875 -0.20420310762193472 -118.45350837707522 70.825714547293543 -79.645593806675507 -17.513209228515624 303.75612792968747 -126.92331542968751 -164.54916585286458 -224.14882812499997
leaf_weight=7.0000000000000018 6.0000000000000098 7.9999999999999991 8.0000000000000018 5.9999999999999991 4.9999999999999982 6.9999999999999991 8.9999999999999982 7.9999999999999982 6.9999999999999982 6.9999999999999991 5 6 8.9999999999999982 6 5
leaf_count=7 6 8 8 6 5 7 9 8 7 7 5 6 9 6 5
internal_value=-3.39564 202.562 -85.2505 138.842 196.544 -42.499 -70.9379 -170.754 3.0031 -34.9598 34.0178 262.334 -106.916 -138.209 -208.722
internal_weight=109 31 78 23 17 52 32 26 20 16 12 11 16 14 12
internal_count=109 31 78 23 17 52 32 26 20 16 12 11 16 14 12
is_linear=0
shrinkage=0.05


Tree=15
num_leaves=18
num_cat=0
split_feature=0 0 0 0 0 7 1 0 0 7 1 5 0 7 7 0 2
split_gain=9.02832e+08 2.67684e+08 6.64283e+07 6.18718e+07 2.39501e+07 1.75239e+07 4.78879e+06 3.97441e+06 3.18945e+06 2.74325e+06 2.1479e+06 1.07736e+06 1.03403e+06 858906 447727 386178 371319
threshold=66429.000000000015 27800.999999999996 77954.999999999985 43685.500000000007 14717.500000000004 0.14029013502643015 15719.604082849797 8615.0000000000073 33369.000000000007 0.2165094734714553 9833.536278827658 0.37358923902760793 20969.499999999993 0.11014458600331878 0.15165859421828662 30461.999999999993 0.2994101109548431
decision_type=2 2 2 2 2 2 2 2 2 2 2 2 2 2 2 2 2
left_child=1 4 -2 8 7 -4 -5 16 10 -8 15 -10 13 -6 -14 -3 -1
right_child=2 3 5 6 12 -7 9 -9 11 -11 -12 -13 14 -15 -16 -17 -18
leaf_value=-200.8954031808035 214.03740030924479 -72.44284366607657 490.66757812500009 46.757806052101969 -111.05328776041661 358.28976074218747 115.75064522879464 -164.37422824435765 -32.053209533691408 72.890464496612552 -24.776253628730775 -1.6648043768746512 -92.969268798828139 -136.83370186941963 -114.12884033203123 -52.791433715820304 -218.73563232421873
leaf_weight=7.0000000000000018 5.9999999999999991 5.0000000000000053 4.9999999999999982 9.0000000000000018 6.0000000000000018 5 6.9999999999999991 8.9999999999999982 4.9999999999999982 7.9999999999999991 5.9999999999999991 7 4.9999999999999982 7 5 5 5
leaf_count=7 6 5 5 9 6 5 7 9 5 8 6 7 5 7 5 5 5
internal_value=-2.16517 -60.1199 345.563 16.6817 -150.885 424.479 75.5916 -189.491 -33.8124 92.8919 -48.4268 -14.3266 -115.637 -124.935 -103.549 -62.6171 -208.329
internal_weight=112 96 16 52 44 10 24 21 28 15 16 12 23 13 10 10 12
internal_count=112 96 16 52 44 10 24 21 28 15 16 12 23 13 10 10 12
is_linear=0
shrinkage=0.05


Tree=16
num_leaves=18
num_cat=0
split_feature=0 0 0 0 0 7 1 0 0 7 1 5 0 5 7 0 2
split_gain=8.14806e+08 2.41585e+08 5.99515e+07 5.58393e+07 2.16149e+07 1.58153e+07 4.32189e+06 3.58691e+06 2.87848e+06 2.47578e+06 1.93848e+06 972321 933215 778500 404074 348526 335116
threshold=66429.000000000015 27800.999999999996 77954.999999999985 43685.500000000007 14717.500000000004 0.14029013502643015 15719.604082849797 8615.0000000000073 33369.000000000007 0.2165094734714553 9833.536278827658 0.37358923902760793 20969.499999999993 0.41781195714099434 0.15165859421828662 30461.999999999993 0.2994101109548431
decision_type=2 2 2 2 2 2 2 2 2 2 2 2 2 2 2 2 2
left_child=1 4 -2 8 7 -4 -5 16 10 -8 15 -10 13 -6 -14 -3 -1
right_child=2 3 5 6 12 -7 9 -9 11 -11 -12 -13 14 -15 -16 -17 -18
leaf_value=-190.85063476562493 203.33552856445314 -68.820700378417882 466.13418945312509 44.419915453592921 -103.21126831054681 340.37527343749997 109.96311645507814 -156.15551622178819 -30.450548400878912 69.245944404602056 -23.537439028422039 -1.5815644400460378 -88.320806884765645 -128.36143951416017 -108.42239501953122 -50.151860961914053 -207.79885498046872
leaf_weight=7.0000000000000018 5.9999999999999991 5.0000000000000053 4.9999999999999982 9.0000000000000018 5.0000000000000027 5 6.9999999999999991 8.9999999999999982 4.9999999999999982 7.9999999999999991 5.9999999999999991 7 4.9999999999999982 7.9999999999999991 5 5 5
leaf_count=7 6 5 5 9 5 5 7 9 5 8 6 7 5 8 5 5 5
internal_value=-2.05691 -57.1139 328.285 15.8476 -143.341 403.255 71.812 -180.017 -32.1218 88.2473 -46.0055 -13.6103 -109.855 -118.688 -98.3716 -59.4863 -197.912
internal_weight=112 96 16 52 44 10 24 21 28 15 16 12 23 13 10 10 12
internal_count=112 96 16 52 44 10 24 21 28 15 16 12 23 13 10 10 12
is_linear=0
shrinkage=0.05


Tree=17
num_leaves=17
num_cat=0
split_feature=0 0 0 0 0 6 1 0 7 2 0 7 0 6 0 6
split_gain=7.35362e+08 2.1803e+08 5.41063e+07 5.0395e+07 1.95075e+07 1.42733e+07 3.9005e+06 3.26995e+06 2.76211e+06 3.35268e+06 2.65498e+06 2.23439e+06 842227 734028 574176 364677
threshold=66429.000000000015 27800.999999999996 77954.999999999985 43685.500000000007 14717.500000000004 10.191971975417099 15719.604082849797 6414.0000000000009 0.20086655430696435 0.33522895219823584 33369.000000000007 0.2165094734714553 20969.499999999993 11.029932159873381 11010.999999999998 9.6179462059860477
decision_type=2 2 2 2 2 2 2 2 2 2 2 2 2 2 2 2
left_child=1 4 -2 8 7 -4 -5 -1 9 10 -3 -8 13 -6 -9 -14
right_child=2 3 5 6 12 -7 11 14 -10 -11 -12 -13 15 -15 -16 -17
leaf_value=-193.79820692274299 193.16874796549482 -55.926210832595785 323.35650878906256 42.198919423421209 -123.75359061104905 442.82748535156247 104.46496015276227 -164.86601359049484 -60.586671447753908 3.5064865589141849 -11.927128092447917 65.783646535873416 -103.00127563476565 -99.920892333984369 -142.9918273925781 -83.904765624999982
leaf_weight=9.0000000000000018 5.9999999999999991 8.0000000000000053 4.9999999999999982 9.0000000000000018 7.0000000000000018 5 6.9999999999999991 5.9999999999999982 5.9999999999999991 7.9999999999999991 5.9999999999999991 7.9999999999999991 4.9999999999999982 6 6 5
leaf_count=9 6 8 5 9 7 5 7 6 6 8 6 8 5 6 6 5
internal_value=-1.95407 -54.2582 311.871 15.0553 -136.174 383.092 68.2214 -171.016 -30.5157 -22.3146 -37.0695 83.8349 -104.362 -112.754 -153.929 -93.453
internal_weight=112 96 16 52 44 10 24 21 28 22 14 15 23 13 12 10
internal_count=112 96 16 52 44 10 24 21 28 22 14 15 23 13 12 10
is_linear=0
shrinkage=0.05


Tree=18
num_leaves=17
num_cat=0
split_feature=0 0 0 0 0 7 1 0 7 7 7 2 0 5 0 7
split_gain=6.63665e+08 1.96772e+08 4.88309e+07 4.54815e+07 1.76055e+07 1.28817e+07 3.5202e+06 2.95113e+06 2.4928e+06 3.0263e+06 2.01654e+06 1.95287e+06 760109 664579 518194 329121
threshold=66429.000000000015 27800.999999999996 77954.999999999985 43685.500000000007 14717.500000000004 0.14029013502643015 15719.604082849797 6414.0000000000009 0.20086655430696435 0.070310733269566925 0.2165094734714553 0.24878814255985207 20969.499999999993 0.41781195714099434 11010.999999999998 0.15165859421828662
decision_type=2 2 2 2 2 2 2 2 2 2 2 2 2 2 2 2
left_child=1 4 -2 8 7 -4 -5 -1 9 -3 -8 -11 13 -6 -9 -14
right_child=2 3 5 6 12 -7 10 14 -10 11 -12 -13 15 -15 -16 -17
leaf_value=-184.10829806857635 183.51031697591145 -51.481828308105413 420.68609863281256 40.088974677191828 -92.81633178710932 307.18867675781246 99.241709681919644 -156.62271118164065 -57.557337951660159 -27.310884571075441 62.494462466239931 7.6254380464553835 -79.709527587890648 -116.0535972595215 -135.84223836263018 -97.851212158203111
leaf_weight=9.0000000000000018 5.9999999999999991 6.0000000000000062 4.9999999999999982 9.0000000000000018 5.0000000000000027 5 6.9999999999999991 5.9999999999999982 5.9999999999999991 7.9999999999999991 7.9999999999999991 7.9999999999999991 4.9999999999999982 7.9999999999999991 6 5
leaf_count=9 6 6 5 9 5 5 7 6 6 8 8 8 5 8 6 5
internal_value=-1.85636 -51.5453 296.277 14.3025 -129.365 363.937 64.8104 -162.465 -28.9899 -21.1988 79.6432 -9.84272 -99.1441 -107.116 -146.232 -88.7804
internal_weight=112 96 16 52 44 10 24 21 28 22 15 16 23 13 12 10
internal_count=112 96 16 52 44 10 24 21 28 22 15 16 23 13 12 10
is_linear=0
shrinkage=0.05


Tree=19
num_leaves=18
num_cat=0
split_feature=0 0 0 0 0 6 0 0 3 0 4 6 4 6 6 2 4
split_gain=5.98957e+08 1.78178e+08 4.40699e+07 2.81153e+07 2.65351e+07 1.16257e+07 3.8748e+06 3.69552e+06 3.30505e+06 4.4869e+06 3.02443e+06 3.70759e+06 1.1142e+06 509551 466338 293426 80535.6
threshold=66429.000000000015 29848.500000000004 77954.999999999985 43685.500000000007 17132.500000000004 10.191971975417099 24627.000000000004 8615.0000000000073 3.5000000000000004 50610.999999999993 2.7451911326668745 10.631232603955729 2.2221563262003503 12.796655641163168 13.043294761977926 0.2994101109548431 2.4246638699485072
decision_type=2 2 2 2 2 2 2 2 2 2 2 2 2 2 2 2 2
left_child=1 4 -2 10 7 -4 14 15 -5 -10 11 -3 -8 -9 16 -1 -6
right_child=2 3 5 8 6 -7 12 13 9 -11 -12 -13 -14 -15 -16 -17 -18
leaf_value=-163.21874476841515 174.33480021158857 -30.726027297973623 291.82925292968758 93.707483673095652 -101.57593732561375 399.65180664062495 -70.294770202636741 -139.2942086356027 25.893693086836063 75.820876057942712 -52.376332244873055 19.101277215140207 -36.915129089355467 -118.39544677734374 -81.041849772135421 -179.07776123046872 -93.267478027343742
leaf_weight=7.0000000000000018 5.9999999999999991 8.0000000000000018 4.9999999999999982 6.0000000000000027 7.0000000000000053 5 4.9999999999999982 6.9999999999999982 9.0000000000000018 8.9999999999999982 4.9999999999999991 6.9999999999999991 5 5 5.9999999999999991 5 5
leaf_count=7 6 8 5 6 7 5 5 7 9 9 5 7 5 5 6 5 5
internal_value=-1.76355 -48.968 281.463 25.084 -111.627 345.741 -78.5596 -150.207 61.5698 50.8573 -18.699 -7.47329 -53.6049 -130.586 -92.4233 -169.827 -98.1141
internal_weight=112 96 16 44 52 10 28 24 24 18 20 15 10 12 18 12 12
internal_count=112 96 16 44 52 10 28 24 24 18 20 15 10 12 18 12 12
is_linear=0
shrinkage=0.05


Tree=20
num_leaves=16
num_cat=0
split_feature=0 0 0 0 0 0 2 5 0 4 1 5 6 4 5
split_gain=4.24355e+08 1.08065e+08 7.44146e+07 2.23861e+07 1.5085e+07 6.93887e+06 2.9314e+06 2.85264e+06 2.39241e+06 2.18401e+06 1.1192e+06 702924 498666 498012 236557
threshold=48227.499999999993 91530 23817.000000000018 66429.000000000015 17132.500000000004 33369.000000000007 0.27702064154860279 0.40949729383885825 6414.0000000000009 2.7837997876371747 9833.536278827658 0.4500170190692121 12.796655641163168 2.1883376604767633 0.40949729383885825
decision_type=2 2 2 2 2 2 2 2 2 2 2 2 2 2 2
left_child=2 3 4 7 8 10 -7 9 -1 -2 11 -4 -10 -6 -15
right_child=1 -3 5 -5 13 6 -8 -9 12 -11 -12 -13 -14 14 -16
leaf_value=-166.38952501085066 28.946026000976509 338.19703979492192 -36.04835987091063 170.87743606567383 -98.263509521484309 29.099435152326311 -14.042259173923069 93.929570661272322 -145.24083251953127 75.679412384033185 -18.85763288497925 -57.744163949148998 -125.11208496093751 -85.027511596679702 -71.163807373046865
leaf_weight=9.0000000000000018 5.0000000000000089 5.9999999999999991 8.0000000000000018 7.9999999999999991 5.0000000000000027 6.9999999999999991 8.9999999999999982 6.9999999999999991 4.9999999999999991 5 4.9999999999999991 6.9999999999999991 7.9999999999999991 7.9999999999999982 5
leaf_count=9 5 6 8 8 5 7 9 7 5 5 5 7 8 8 5
internal_value=-8.26819 147.64 -71.8623 101.906 -118.799 -19.7102 4.83223 69.4491 -146.573 52.3127 -39.3442 -46.1731 -132.854 -84.8531 -79.6953
internal_weight=107 31 76 25 40 36 16 17 22 10 20 15 13 18 13
internal_count=107 31 76 25 40 36 16 17 22 10 20 15 13 18 13
is_linear=0
shrinkage=0.05


Tree=21
num_leaves=16
num_cat=0
split_feature=0 0 0 0 0 0 1 2 0 1 5 5 6 4 0
split_gain=3.8298e+08 9.75283e+07 6.71592e+07 2.04189e+07 1.36142e+07 6.26233e+06 2.68444e+06 2.64559e+06 2.15915e+06 1.01008e+06 949527 634389 450047 449456 232918
threshold=48227.499999999993 91530 23817.000000000018 70868.500000000015 17132.500000000004 33369.000000000007 33902.646891508019 0.27702064154860279 6414.0000000000009 9833.536278827658 0.41243257855243948 0.4500170190692121 12.796655641163168 2.1883376604767633 19519.500000000011
decision_type=2 2 2 2 2 2 2 2 2 2 2 2 2 2 2
left_child=2 3 4 6 8 9 10 -7 -1 11 -2 -4 -10 -6 -15
right_child=1 -3 5 -5 13 7 -8 -9 12 -11 -12 -13 -14 14 -16
leaf_value=-158.07004530164926 47.966772270202576 321.28718668619791 -34.245941591262799 177.22220967610679 -93.350330810546822 27.644463348388673 99.08184763590495 -13.340145876672535 -137.97879638671876 -17.914752349853515 75.742494506835939 -54.856956263950899 -118.85647888183594 -84.176198730468755 -70.419521331787109
leaf_weight=9.0000000000000018 8.0000000000000089 5.9999999999999991 8.0000000000000018 5.9999999999999991 5.0000000000000027 6.9999999999999991 5.9999999999999991 8.9999999999999982 4.9999999999999991 4.9999999999999991 4.9999999999999991 6.9999999999999991 7.9999999999999991 4.9999999999999991 7.9999999999999991
leaf_count=9 8 6 8 6 5 7 6 9 5 5 5 7 8 5 8
internal_value=-7.85478 140.258 -68.2691 96.8108 -112.859 -18.7247 71.4178 4.59062 -139.244 -37.377 58.6497 -43.8644 -126.211 -80.6105 -75.7106
internal_weight=107 31 76 25 40 36 19 16 22 20 13 15 13 18 13
internal_count=107 31 76 25 40 36 19 16 22 20 13 15 13 18 13
is_linear=0
shrinkage=0.05


Tree=22
num_leaves=17
num_cat=0
split_feature=0 0 0 0 0 0 1 2 0 6 1 4 4 4 2 4
split_gain=3.4564e+08 8.80193e+07 6.06112e+07 1.84281e+07 1.22868e+07 5.65176e+06 2.42271e+06 2.38764e+06 2.02165e+06 948801 911595 856948 572536 405634 252830 214050
threshold=48227.499999999993 91530 23817.000000000018 70868.500000000015 17132.500000000004 33369.000000000007 33902.646891508019 0.27702064154860279 8615.0000000000073 12.796655641163168 9833.536278827658 2.4420260066434127 2.2221563262003503 2.1883376604767633 0.2994101109548431 2.5450332819636068
decision_type=2 2 2 2 2 2 2 2 2 2 2 2 2 2 2 2
left_child=2 3 4 6 8 10 11 -7 14 -10 12 -2 -4 -6 -1 -15
right_child=1 -3 5 -5 13 7 -8 -9 9 -11 -12 -13 -14 15 -16 -17
leaf_value=-139.98469761439728 71.95536987304672 305.22283121744789 -52.114108058384467 168.36109924316406 -88.682816162109319 26.262240273611891 94.12775166829428 -12.673138531049092 -131.07985473632814 -100.27724609374998 -17.019014587402346 45.568433666229254 -32.533644528686999 -63.809506835937498 -154.70580810546872 -76.997222900390625
leaf_weight=7.0000000000000018 5.0000000000000098 5.9999999999999991 7.0000000000000027 5.9999999999999991 5.0000000000000027 6.9999999999999991 5.9999999999999991 8.9999999999999982 4.9999999999999982 5 4.9999999999999991 7.9999999999999991 7.9999999999999991 4.9999999999999991 5 7.9999999999999991
leaf_count=7 5 6 7 6 5 7 6 9 5 5 5 8 8 5 5 8
internal_value=-7.46204 133.245 -64.8557 91.9703 -107.216 -17.7885 67.8469 4.36109 -132.282 -115.679 -35.5081 55.7173 -41.6712 -76.58 -146.118 -71.925
internal_weight=107 31 76 25 40 36 19 16 22 10 20 13 15 18 12 13
internal_count=107 31 76 25 40 36 19 16 22 10 20 13 15 18 12 13
is_linear=0
shrinkage=0.05


Tree=23
num_leaves=18
num_cat=0
split_feature=0 0 0 0 0 0 5 0 4 0 2 5 7 4 4 2 0
split_gain=3.1194e+08 7.94374e+07 5.47016e+07 1.67089e+07 1.10889e+07 5.14104e+06 2.27614e+06 2.14793e+06 1.97107e+06 1.82454e+06 1.5645e+06 1.02518e+06 856292 366085 253584 228179 210739
threshold=48227.499999999993 91530 23817.000000000018 66429.000000000015 17132.500000000004 45841.500000000007 0.40949729383885825 29848.500000000004 2.7837997876371747 8615.0000000000073 0.33522895219823584 0.4500170190692121 0.10044078237494418 2.1883376604767633 2.6272356579924998 0.2994101109548431 19519.500000000011
decision_type=2 2 2 2 2 2 2 2 2 2 2 2 2 2 2 2 2
left_child=2 3 4 6 9 7 8 11 -2 15 14 -4 -11 -6 -9 -1 -15
right_child=1 -3 5 -5 13 -7 -8 10 -10 12 -12 -13 -14 16 -16 -17 -18
leaf_value=-132.985466657366 21.825219955444297 289.96168619791666 -28.998161252339671 146.95906753540041 -84.248674316406195 25.351176452636722 81.198030744280132 -19.39584999084472 66.221937522888183 -95.263383789062516 5.949868408838908 -59.653508911132803 -124.52585815429687 -76.381282958984386 -33.749846191406249 -146.97051757812497 -63.295954132080084
leaf_weight=7.0000000000000018 5.0000000000000089 5.9999999999999991 6.0000000000000018 7.9999999999999991 5.0000000000000027 5.9999999999999991 6.9999999999999991 8.0000000000000018 5 4.9999999999999982 5.9999999999999991 5 5 4.9999999999999991 4.9999999999999991 5 7.9999999999999991
leaf_count=7 5 6 6 8 5 6 7 8 5 5 6 5 5 5 5 5 8
internal_value=-7.08894 126.583 -61.6129 87.3718 -101.855 -16.8991 59.3307 -25.3491 44.0236 -125.668 -15.1693 -42.9324 -109.895 -72.751 -24.9166 -138.813 -68.3288
internal_weight=107 31 76 25 40 36 17 30 10 22 19 11 10 18 13 12 13
internal_count=107 31 76 25 40 36 17 30 10 22 19 11 10 18 13 12 13
is_linear=0
shrinkage=0.05


Tree=24
num_leaves=16
num_cat=0
split_feature=0 0 0 0 0 0 2 1 0 1 6 5 6 4 4
split_gain=2.81526e+08 7.16923e+07 4.93682e+07 1.52938e+07 1.00077e+07 4.73313e+06 2.20609e+06 1.99663e+06 1.65772e+06 862354 1.25898e+06 662956 347131 330391 193685
threshold=48227.499999999993 91530 23817.000000000018 70868.500000000015 17132.500000000004 33369.000000000007 0.27702064154860279 33902.646891508019 6414.0000000000009 5746.7049674573136 10.631232603955729 0.41243257855243948 12.796655641163168 2.1883376604767633 2.5450332819636068
decision_type=2 2 2 2 2 2 2 2 2 2 2 2 2 2 2
left_child=2 3 4 7 8 9 -7 11 -1 -4 -11 -2 -10 -6 -15
right_child=1 -3 5 -5 13 6 -8 -9 12 10 -12 -13 -14 14 -16
leaf_value=-135.88012152777773 41.088832163810679 275.46360270182294 -50.252750701904262 152.5950917561849 -80.036240234374944 25.267640686035158 -12.158156924777561 84.885020955403661 -118.29956909179687 -44.016706339518237 -14.448227310180664 64.297701416015627 -101.50541000366212 -57.192527465820312 -69.737213897705075
leaf_weight=9.0000000000000018 8.0000000000000089 5.9999999999999991 5.0000000000000027 5.9999999999999991 5.0000000000000027 6.9999999999999991 8.9999999999999982 5.9999999999999991 4.9999999999999991 5.9999999999999991 8.9999999999999982 4.9999999999999991 7.9999999999999991 4.9999999999999991 7.9999999999999991
leaf_count=9 8 6 5 6 5 7 9 6 5 6 9 5 8 5 8
internal_value=-6.73449 120.254 -58.5323 83.0032 -96.7626 -16.0541 4.21563 61.0268 -119.385 -32.2699 -26.2756 50.0153 -107.965 -69.1134 -64.9123
internal_weight=107 31 76 25 40 36 16 19 22 20 15 13 13 18 13
internal_count=107 31 76 25 40 36 16 19 22 20 15 13 13 18 13
is_linear=0
shrinkage=0.05


Tree=25
num_leaves=19
num_cat=0
split_feature=0 0 0 1 0 0 1 0 0 0 2 4 5 2 2 7 0 2
split_gain=2.79726e+08 7.20472e+07 4.13381e+07 2.52106e+07 1.35411e+07 6.74264e+06 2.72757e+06 4.1986e+06 2.03123e+06 2.02546e+06 1.44294e+06 689725 686279 626987 373169 341018 263214 201390
threshold=54773.500000000007 29848.500000000004 70868.500000000015 39566.250451175925 14717.500000000004 43685.500000000007 24205.677865591173 46235.500000000007 8615.0000000000073 24627.000000000004 0.33522895219823584 2.2221563262003503 0.40949729383885825 0.45754712422382926 0.23339000128674831 0.14029013502643015 19519.500000000011 0.2994101109548431
decision_type=2 2 2 2 2 2 2 2 2 2 2 2 2 2 2 2 2 2
left_child=1 4 12 -4 8 10 7 -7 17 13 14 -11 -2 15 -3 16 -6 -1
right_child=2 5 3 -5 9 6 -8 -9 -10 11 -12 -13 -14 -15 -16 -17 -18 -19
leaf_value=-120.03325369698658 64.287927246093716 -12.12895229884556 145.20408368791854 284.87592366536455 -66.864238281249911 52.352712758382147 65.115582275390622 -4.6465363366263253 -92.981745910644534 -54.703322143554693 12.389172821044923 -28.440701904296873 89.369569396972651 -82.421967569986975 -30.013557434082028 -73.210332743326816 -51.331061299641924 -133.17173095703123
leaf_weight=7.0000000000000018 5.0000000000000018 7.0000000000000018 6.9999999999999982 6 5.0000000000000053 6.0000000000000018 4.9999999999999991 7 7.9999999999999991 4.9999999999999982 4.9999999999999991 5 6 5.9999999999999991 5 5.9999999999999991 6 5
leaf_count=7 5 7 7 6 5 6 5 7 8 5 5 5 6 6 5 6 6 5
internal_value=-2.00252 -43.2684 149.306 209.668 -80.0333 12.4041 33.7316 21.6608 -112.497 -60.3582 -10.1779 -41.572 77.9688 -68.5261 -19.5809 -63.6217 -58.3916 -125.508
internal_weight=112 88 24 13 53 35 18 13 20 33 17 10 11 23 12 17 11 12
internal_count=112 88 24 13 53 35 18 13 20 33 17 10 11 23 12 17 11 12
is_linear=0
shrinkage=0.05


Tree=26
num_leaves=19
num_cat=0
split_feature=0 0 0 2 0 0 2 0 0 0 4 7 4 5 2 5 4 2
split_gain=2.52453e+08 6.50226e+07 3.73077e+07 2.27526e+07 1.22208e+07 6.08524e+06 2.46163e+06 3.78923e+06 1.83319e+06 1.82798e+06 1.45235e+06 1.47819e+06 622477 619367 565856 327713 263286 181754
threshold=54773.500000000007 29848.500000000004 70868.500000000015 0.52592071588983369 14717.500000000004 43685.500000000007 0.52592071588983369 46235.500000000007 8615.0000000000073 24627.000000000004 2.6767405536233917 0.13023781247678756 2.2221563262003503 0.40949729383885825 0.45754712422382926 0.45698816419450822 2.5450332819636068 0.2994101109548431
decision_type=2 2 2 2 2 2 2 2 2 2 2 2 2 2 2 2 2 2
left_child=1 4 13 -4 8 10 7 -7 17 14 11 -3 -11 -2 15 16 -6 -1
right_child=2 5 3 -5 9 6 -8 -9 -10 12 -12 -13 -14 -15 -16 -17 -18 -19
leaf_value=-114.03159005301336 61.073529968261688 17.31322224934895 137.94387948172434 270.63212483723959 -48.553364054361936 49.735077667236311 61.859804077148446 -4.4142092977251322 -88.332658386230477 -51.968157196044935 -32.309580993652347 -17.78413130442301 -27.01866729736328 84.90109100341796 -78.300867716471359 -71.195346679687503 -63.365694173177076 -126.51314453124999
leaf_weight=7.0000000000000018 5.0000000000000018 6.0000000000000018 6.9999999999999982 6 6.0000000000000053 6.0000000000000018 4.9999999999999991 7 7.9999999999999991 4.9999999999999982 4.9999999999999991 6 5 6 5.9999999999999991 4.9999999999999991 6 5
leaf_count=7 5 6 7 6 6 6 5 7 8 5 5 6 5 6 6 5 6 5
internal_value=-1.90239 -41.105 141.841 199.185 -76.0317 11.7839 32.045 20.5778 -106.872 -57.3403 -9.66902 -0.235455 -39.4934 74.0704 -65.0998 -60.4407 -55.9595 -119.232
internal_weight=112 88 24 13 53 35 18 13 20 33 17 12 10 11 23 17 12 12
internal_count=112 88 24 13 53 35 18 13 20 33 17 12 10 11 23 17 12 12
is_linear=0
shrinkage=0.05


Tree=27
num_leaves=18
num_cat=0
split_feature=0 0 0 1 0 0 5 7 0 0 5 6 6 0 2 5 5
split_gain=2.27932e+08 5.18622e+07 4.16878e+07 2.05342e+07 7.76374e+06 7.61259e+06 2.41462e+06 1.77795e+06 1.46907e+06 1.46166e+06 1.31075e+06 1.3558e+06 335179 270809 164033 115583 78185
threshold=53055.999999999993 27800.999999999996 70868.500000000015 39566.250451175925 8615.0000000000073 43685.500000000007 0.39292474761446045 0.16161402610131517 17132.500000000004 29848.500000000004 0.37358923902760793 9.8202207392153866 9.1127472625752919 20969.499999999993 0.2994101109548431 0.42586730557949953 0.41781195714099434
decision_type=2 2 2 2 2 2 2 2 2 2 2 2 2 2 2 2 2
left_child=1 4 6 -4 14 9 -2 -7 15 -3 -11 -12 -10 16 -1 -6 -14
right_child=2 5 3 -5 8 7 -8 -9 12 10 11 -13 13 -15 -16 -17 -18
leaf_value=-108.33001011439734 40.905307928721086 -35.103096199035626 131.04668622698105 257.10051676432289 -85.904805501302107 48.6594835917155 82.865508460998541 13.521353742811414 -68.925242106119754 -30.694102401733375 -20.1094010925293 13.980403777531215 -55.685347900390639 -46.669958496093756 -120.18748657226561 -75.611536254882807 -64.527577514648428
leaf_weight=6.9999999999999982 6.0000000000000027 8.0000000000000018 6.9999999999999982 6 5.9999999999999982 5.9999999999999991 7.9999999999999991 8.9999999999999982 6.0000000000000027 5.0000000000000027 4.9999999999999982 7 4.9999999999999982 5.9999999999999991 5 5 5
leaf_count=7 6 8 7 6 6 6 8 9 6 5 5 7 5 6 5 5 5
internal_value=-1.80727 -42.0082 124.751 189.225 -78.8304 -0.583259 64.8826 27.5766 -66.3067 -17.4792 -9.18557 -0.223682 -58.8471 -55.0678 -113.271 -81.226 -60.1065
internal_weight=112 85 27 13 45 40 14 15 33 25 17 12 22 16 12 11 10
internal_count=112 85 27 13 45 40 14 15 33 25 17 12 22 16 12 11 10
is_linear=0
shrinkage=0.05


Tree=28
num_leaves=19
num_cat=0
split_feature=0 0 1 2 2 0 1 0 0 0 0 4 2 4 7 7 0 2
split_gain=2.05825e+08 5.29034e+07 3.12224e+07 1.24923e+07 1.10472e+07 9.96232e+06 5.18218e+06 2.80137e+06 3.501e+06 1.49001e+06 1.48665e+06 550873 502447 416454 505681 279421 222781 148040
threshold=54773.500000000007 29848.500000000004 62105.199800608134 0.30882258029930471 0.52592071588983369 14717.500000000004 24205.677865591173 43685.500000000007 46235.500000000007 8615.0000000000073 24627.000000000004 2.2221563262003503 0.45754712422382926 2.6272356579924998 0.14610001537467651 0.14029013502643015 19519.500000000011 0.2994101109548431
decision_type=2 2 2 2 2 2 2 2 2 2 2 2 2 2 2 2 2 2
left_child=1 5 3 -2 -5 9 7 13 -9 17 12 -12 15 14 -3 16 -7 -1
right_child=2 6 -4 4 -6 10 -8 8 -10 -11 11 -13 -14 -15 -16 -17 -18 -19
leaf_value=-102.91350882393971 151.90196794782352 3.3834168052673324 239.244814453125 27.308598055158349 124.61737060546874 -57.410317993164 49.070487649100173 45.986618677775077 -6.0624553135463159 -79.749451446533214 -47.383256530761727 -23.912580261230467 -71.179637145996097 -25.533415527343749 -19.10393142700195 -63.029352823893227 -43.119903055826825 -114.17811401367186
leaf_weight=7.0000000000000018 7.0000000000000062 5.0000000000000018 4.9999999999999991 6.9999999999999982 5 5.0000000000000053 6.9999999999999991 5.9999999999999982 7 7.9999999999999991 4.9999999999999982 5 5.9999999999999991 4.9999999999999991 5 5.9999999999999991 6 5
leaf_count=7 7 5 5 7 5 5 7 6 7 8 5 5 6 5 5 6 6 5
internal_value=-1.71691 -37.1145 128.074 98.819 67.8539 -68.6186 10.5916 0.971888 17.9602 -96.464 -51.7425 -35.6479 -58.7402 -13.7513 -7.86026 -54.3498 -49.6155 -107.607
internal_weight=112 88 24 19 12 53 35 28 13 20 33 10 23 15 10 17 11 12
internal_count=112 88 24 19 12 53 35 28 13 20 33 10 23 15 10 17 11 12
is_linear=0
shrinkage=0.05


Tree=29
num_leaves=19
num_cat=0
split_feature=0 0 0 1 2 0 0 0 5 0 0 5 6 6 0 2 6 4
split_gain=1.86189e+08 4.20946e+07 3.51945e+07 1.7244e+07 6.47167e+06 6.3259e+06 3.50963e+06 4.92275e+06 1.88607e+06 1.32207e+06 1.2135e+06 375850 456377 271686 257450 133606 99693.5 60886.9
threshold=53055.999999999993 27800.999999999996 70868.500000000015 39566.250451175925 0.51592895015361084 8615.0000000000073 43685.500000000007 46235.500000000007 0.39292474761446045 29848.500000000004 17132.500000000004 0.39292474761446045 9.8202207392153866 7.6931119805369192 20969.499999999993 0.2994101109548431 12.796655641163168 2.5450332819636068
decision_type=2 2 2 2 2 2 2 2 2 2 2 2 2 2 2 2 2 2
left_child=1 5 8 -4 6 15 9 -8 -2 -3 16 -11 -13 -12 17 -1 -7 -15
right_child=2 4 3 -5 -6 10 7 -9 -10 11 13 12 -14 14 -16 -17 -18 -19
leaf_value=-97.76783534458707 36.553077832857745 -39.379378673008489 118.67916128976006 234.19370930989581 43.023119299752373 -77.739035034179707 43.68728917439779 -23.488002777099609 73.637521839141854 -24.256743774414062 -63.299798583984334 -18.148734512329106 3.2142459487915036 -58.660300292968714 -41.709666442871097 -108.46920654296873 -68.179445800781238 -51.189488728841141
leaf_weight=6.9999999999999982 6.0000000000000027 7.0000000000000027 6.9999999999999982 6 6.9999999999999991 5.9999999999999982 5.9999999999999982 5 7.9999999999999991 4.9999999999999991 5.0000000000000027 4.9999999999999982 5 5.0000000000000018 5.9999999999999991 5 5 6
leaf_count=7 6 7 7 6 7 6 6 5 8 5 5 5 5 5 6 5 5 6
internal_value=-1.63106 -37.9649 112.753 171.994 -0.644156 -71.1388 -9.90691 13.1531 57.7442 -21.4369 -59.8341 -13.0637 -7.46724 -53.0543 -50.041 -102.227 -73.3938 -54.5853
internal_weight=112 85 27 13 40 45 33 11 14 22 33 15 10 22 17 12 11 11
internal_count=112 85 27 13 40 45 33 11 14 22 33 15 10 22 17 12 11 11
is_linear=0
shrinkage=0.05


Tree=30
num_leaves=16
num_cat=0
split_feature=0 0 0 0 0 2 7 0 2 7 6 4 7 4 0
split_gain=2.06908e+08 5.34338e+07 1.54301e+07 1.0233e+07 9.37119e+06 2.7746e+06 5.39724e+06 1.85568e+06 1.8067e+06 789013 879569 686943 319129 471709 268409
threshold=70868.500000000015 29848.500000000004 87502.499999999985 11010.999999999998 39777.5 0.40053970387469134 0.2385095961990355 24627.000000000004 0.27702064154860279 0.18776678944947769 11.642466352918628 2.2221563262003503 0.14029013502643015 2.3696226992571545 6414.0000000000009
decision_type=2 2 2 2 2 2 2 2 2 2 2 2 2 2 2
left_child=1 3 -2 14 9 8 -7 12 -6 10 -3 -9 13 -5 -1
right_child=2 4 -4 7 5 6 -8 11 -10 -11 -12 -13 -14 -15 -16
leaf_value=-100.61134033203126 131.60388285319013 4.5876846585954922 240.87416294642856 -36.421304321289035 33.205178875393315 74.781306648254414 12.047819836934407 -42.998520126342783 0.54857945442199707 -30.825020751953129 -21.500988642374672 -18.733148847307476 -61.253337860107422 -55.575546603732647 -86.162711181640631
leaf_weight=8.9999999999999982 5.9999999999999982 7.0000000000000018 7 5.0000000000000027 9.0000000000000053 7.9999999999999982 6 4.9999999999999982 7.9999999999999991 4.9999999999999991 6 7 7.9999999999999991 8.9999999999999982 4.9999999999999991
leaf_count=9 6 7 7 5 9 8 6 5 8 5 6 7 8 9 5
internal_value=3.12495 -21.9794 190.442 -59.474 14.7501 31.412 47.8955 -44.6599 17.8374 -13.9454 -7.45324 -28.8437 -53.287 -48.7347 -95.4511
internal_weight=110 97 13 48 49 31 14 34 17 18 13 12 22 14 14
internal_count=110 97 13 48 49 31 14 34 17 18 13 12 22 14 14
is_linear=0
shrinkage=0.05


Tree=31
num_leaves=17
num_cat=0
split_feature=0 0 0 0 0 1 6 6 0 6 3 4 5 6 4 0
split_gain=1.86735e+08 4.8224e+07 1.39257e+07 9.23527e+06 8.4575e+06 2.62655e+06 3.39533e+06 3.06636e+06 1.67475e+06 712085 793811 619966 592391 288014 425718 242239
threshold=70868.500000000015 29848.500000000004 87502.499999999985 11010.999999999998 39777.5 33902.646891508019 10.485838715812053 12.204789657770361 24627.000000000004 8.8564046125742681 3.5000000000000004 2.2221563262003503 0.41781195714099434 10.191971975417099 2.3696226992571545 6414.0000000000009
decision_type=2 2 2 2 2 2 2 2 2 2 2 2 2 2 2 2
left_child=1 3 -2 15 9 6 12 -8 13 -3 -11 -10 -6 -5 -15 -1
right_child=2 4 -4 8 5 -7 7 -9 11 10 -12 -13 -14 14 -16 -17
leaf_value=-95.580772569444449 125.02368863423668 -29.283769836425762 228.83045131138394 -58.190671157836896 -5.1996453421456437 56.790150070190435 71.344596710205096 18.32732065518697 -40.848593521118175 -20.425939305623377 4.3583002635410848 -17.796491132463725 16.210589440663654 -34.600238952636722 -52.796768866644975 -81.854576416015632
leaf_weight=8.9999999999999982 5.9999999999999982 5.0000000000000027 7 8.0000000000000018 7.0000000000000053 6.9999999999999991 4.9999999999999982 6 4.9999999999999982 5.9999999999999982 7 7 6 4.9999999999999991 8.9999999999999982 4.9999999999999991
leaf_count=9 6 5 7 8 7 7 5 6 5 6 7 7 6 5 9 5
internal_value=2.9687 -20.8804 180.92 -56.5003 14.0126 29.8414 21.9814 42.4261 -42.4269 -13.2481 -7.08058 -27.4015 4.682 -50.6226 -46.298 -90.6786
internal_weight=110 97 13 48 49 31 24 11 34 18 13 12 13 22 14 14
internal_count=110 97 13 48 49 31 24 11 34 18 13 12 13 22 14 14
is_linear=0
shrinkage=0.05


Tree=32
num_leaves=16
num_cat=0
split_feature=1 1 2 1 5 4 2 1 1 1 7 2 1 5 1
split_gain=1.16365e+08 2.45287e+07 2.13036e+07 1.8865e+07 1.01375e+07 8.41281e+06 5.34106e+06 4.15322e+06 2.97508e+06 2.61918e+06 2.39542e+06 930287 925888 823237 243875
threshold=18300.224719541544 52757.674236056024 0.38140948671013492 5451.4444842065941 0.38063547960389132 2.4420260066434127 0.26451798600539184 10621.309512456515 15719.604082849797 3269.5990641405679 0.11928437684421113 0.33522895219823584 7387.5125544820748 0.4500170190692121 1117.7490461145278
decision_type=2 2 2 2 2 2 2 2 2 2 2 2 2 2 2
left_child=3 2 -2 9 -4 -6 7 12 10 14 11 -8 -5 -12 -1
right_child=1 -3 4 6 5 -7 8 -9 -10 -11 13 -13 -14 -15 -16
leaf_value=-89.901915283203067 136.81552614370966 154.45252821180557 85.370184249877937 -19.870731067657456 39.422400601704922 -48.39413066864013 -30.958489735921212 40.936757532755536 2.8909765516008652 -46.475634511311853 -59.530555071149564 -3.1153710365295408 4.1850368499755861 -36.051311492919922 -76.129472520616318
leaf_weight=5.0000000000000027 6.0000000000000062 8.9999999999999982 4.9999999999999991 8.0000000000000053 5.9999999999999982 5 6.0000000000000018 5.9999999999999991 6.9999999999999991 8.9999999999999982 6.9999999999999991 6 7.9999999999999991 7.9999999999999991 8.9999999999999982
leaf_count=5 6 9 5 8 6 5 6 6 7 9 7 6 8 8 9
internal_value=2.82027 84.9155 56.4685 -29.3943 26.3384 -0.494205 -13.7356 5.46068 -26.1568 -67.5198 -33.6877 -17.0369 -7.84285 -47.0083 -81.0482
internal_weight=110 31 22 79 16 11 56 22 34 23 27 12 16 15 14
internal_count=110 31 22 79 16 11 56 22 34 23 27 12 16 15 14
is_linear=0
shrinkage=0.05


Tree=33
num_leaves=16
num_cat=0
split_feature=1 1 2 1 5 4 2 1 1 1 7 2 1 4 1
split_gain=1.0502e+08 2.21371e+07 1.92265e+07 1.70257e+07 9.14905e+06 7.59256e+06 4.82031e+06 3.74828e+06 2.68501e+06 2.36381e+06 2.16187e+06 839584 835614 742972 220097
threshold=18300.224719541544 52757.674236056024 0.38140948671013492 5451.4444842065941 0.38063547960389132 2.4420260066434127 0.26451798600539184 10621.309512456515 15719.604082849797 3269.5990641405679 0.11928437684421113 0.33522895219823584 7387.5125544820748 2.2516050081241255 1117.7490461145278
decision_type=2 2 2 2 2 2 2 2 2 2 2 2 2 2 2
left_child=3 2 -2 9 -4 -6 7 12 10 14 11 -8 -5 -12 -1
right_child=1 -3 4 6 5 -7 8 -9 -10 -11 13 -13 -14 -15 -16
leaf_value=-85.406817626953071 129.97474689483627 146.7299014621311 81.10167587280273 -18.877194654941544 37.451281114419309 -45.974425506591793 -29.410565439860012 38.889919281005859 2.7464275360107422 -44.151853264702694 -34.248745155334483 -2.9596024831136063 3.9757848262786868 -56.554027230398994 -72.322998725043405
leaf_weight=5.0000000000000027 6.0000000000000062 8.9999999999999982 4.9999999999999991 8.0000000000000053 5.9999999999999982 5 6.0000000000000018 5.9999999999999991 6.9999999999999991 8.9999999999999982 7.9999999999999982 6 7.9999999999999991 7 8.9999999999999982
leaf_count=5 6 9 5 8 6 5 6 6 7 9 8 6 8 7 9
internal_value=2.67925 80.6697 53.6451 -27.9246 25.0215 -0.469495 -13.0489 5.18765 -24.8489 -64.1438 -32.0033 -16.1851 -7.4507 -44.6579 -76.9958
internal_weight=110 31 22 79 16 11 56 22 34 23 27 12 16 15 14
internal_count=110 31 22 79 16 11 56 22 34 23 27 12 16 15 14
is_linear=0
shrinkage=0.05


Tree=34
num_leaves=18
num_cat=0
split_feature=1 1 2 1 6 3 2 1 4 1 4 2 7 5 3 1 1
split_gain=9.47802e+07 2.03722e+07 1.68383e+07 1.53657e+07 1.16259e+07 8.11027e+06 4.53722e+06 3.96521e+06 2.4481e+06 2.13334e+06 1.75543e+06 1.89722e+06 1.04913e+06 713246 464520 448656 198637
threshold=18300.224719541544 62105.199800608134 0.63546820154915784 5451.4444842065941 7.6506066014448839 2.5000000000000004 0.35245113372703452 7387.5125544820748 2.4246638699485072 3269.5990641405679 2.535545779047951 0.24878814255985207 0.11928437684421113 0.39292474761446045 4.5000000000000009 9833.536278827658 1117.7490461145278
decision_type=2 2 2 2 2 2 2 2 2 2 2 2 2 2 2 2 2
left_child=3 2 4 9 -2 -6 7 13 15 16 -10 -12 -8 -5 -14 -9 -1
right_child=1 -3 -4 6 5 -7 12 8 10 -11 11 -13 14 -15 -16 -17 -18
leaf_value=-81.136477050781195 28.942605590820264 159.37371266682942 -3.0382864952087405 -39.813379516601564 68.435791015625014 154.6588155110677 -17.943289593287869 -20.70781478881835 46.010744323730471 -41.944260851542161 31.504731063842783 -12.052384376525877 -52.084309387207043 -15.740307888388635 -31.449142074584955 0.47368988037109372 -68.70684916178385
leaf_weight=5.0000000000000027 6.0000000000000098 5.9999999999999991 7.9999999999999991 4.9999999999999991 4.9999999999999982 6 7.0000000000000027 5.0000000000000018 4.9999999999999991 8.9999999999999982 4.9999999999999982 5 5.9999999999999982 7.9999999999999991 5 5 8.9999999999999982
leaf_count=5 6 6 8 5 5 6 7 5 5 9 5 5 6 8 5 5 9
internal_value=2.54529 76.6362 56.7792 -26.5284 84.9287 115.467 -12.3964 -2.60117 9.04579 -60.9366 21.821 9.72617 -33.0753 -24.9992 -42.7047 -10.1171 -73.146
internal_weight=110 31 25 79 17 11 56 38 25 23 15 10 18 13 11 10 14
internal_count=110 31 25 79 17 11 56 38 25 23 15 10 18 13 11 10 14
is_linear=0
shrinkage=0.05


Tree=35
num_leaves=18
num_cat=0
split_feature=0 0 1 0 0 0 4 2 7 2 0 3 1 3 2 1 4
split_gain=1.36944e+08 3.25822e+07 1.05511e+07 8.97614e+06 2.52295e+06 2.15984e+06 1.39397e+06 1.18942e+06 800024 834850 417553 277170 608954 182120 179228 154637 76266.4
threshold=70868.500000000015 24627.000000000004 31062.671928726599 43685.500000000007 11010.999999999998 54773.500000000007 2.4420260066434127 0.27702064154860279 0.20086655430696435 0.24472592425180703 17132.500000000004 3.5000000000000004 9833.536278827658 3.5000000000000004 0.2994101109548431 6411.94674379548 2.5450332819636068
decision_type=2 2 2 2 2 2 2 2 2 2 2 2 2 2 2 2 2
left_child=1 4 -2 8 14 7 -7 -5 9 13 -6 -11 -13 -3 -1 16 -12
right_child=2 3 -4 5 10 6 -8 -9 -10 11 15 12 -14 -15 -16 -17 -18
leaf_value=-71.65784064398872 94.240646107991552 -17.913909912109354 181.95336685180666 25.917240651448555 -58.493069458007795 55.037906678517665 20.955046081542967 -3.5324430465698242 -33.801891581217454 -15.622624511718749 -45.061798095703132 -13.543164978027347 11.133831481933592 -31.409086675643916 -83.464588623046879 -50.848644510904954 -36.32873474121093
leaf_weight=8.9999999999999982 5.9999999999999991 5.0000000000000053 7.9999999999999991 6.0000000000000027 8.0000000000000018 5.9999999999999982 6 7.9999999999999991 5.9999999999999991 4.9999999999999991 4.9999999999999982 4.9999999999999982 5 5 4.9999999999999991 5.9999999999999991 5
leaf_count=9 6 5 8 6 8 6 6 8 6 5 5 5 5 5 5 6 5
internal_value=-1.62887 -23.1433 144.362 0.765184 -59.0061 22.4308 37.9965 9.08885 -17.406 -13.471 -49.1662 -6.01065 -1.20467 -24.6615 -75.8745 -44.5028 -40.6953
internal_weight=109 95 14 57 38 26 12 14 31 25 24 15 10 10 14 16 10
internal_count=109 95 14 57 38 26 12 14 31 25 24 15 10 10 14 16 10
is_linear=0
shrinkage=0.05


Tree=36
num_leaves=17
num_cat=0
split_feature=0 0 1 0 0 0 4 7 4 0 1 6 6 7 1 0
split_gain=1.23592e+08 2.94054e+07 9.52238e+06 8.10097e+06 2.27696e+06 1.94925e+06 1.25806e+06 722021 795801 1.54948e+06 669716 384124 602702 180190 158016 130036
threshold=70868.500000000015 24627.000000000004 31062.671928726599 43685.500000000007 11010.999999999998 54773.500000000007 2.4420260066434127 0.20086655430696435 2.7451911326668745 29848.500000000004 12221.392818450666 12.796655641163168 10.737411773725453 0.13023781247678756 6411.94674379548 6414.0000000000009
decision_type=2 2 2 2 2 2 2 2 2 2 2 2 2 2 2 2
left_child=1 4 -2 7 15 10 -7 8 9 -3 -5 12 14 -11 -6 -1
right_child=2 3 -4 5 11 6 -8 -9 -10 13 -12 -13 -14 -15 -16 -17
leaf_value=-75.672521294487851 89.528612263997402 -22.835391065809436 172.8557014465332 21.262002944946278 -39.167586008707644 52.286010996500664 19.907293701171874 -32.111795806884764 -28.672067769368489 12.473223571777346 -0.8362891674041748 -37.762183952331547 -65.574464721679689 -0.95024524688720691 -51.202864990234367 -65.615731201171883
leaf_weight=8.9999999999999982 5.9999999999999991 9.0000000000000089 7.9999999999999991 6.0000000000000027 6.0000000000000053 5.9999999999999982 6 5.9999999999999991 5.9999999999999991 4.9999999999999982 7.9999999999999991 7.9999999999999991 4.9999999999999991 5 5 4.9999999999999991
leaf_count=9 6 9 8 6 6 6 6 6 6 5 8 8 5 5 5 5
internal_value=-1.54742 -21.9862 137.144 0.726925 -56.0558 21.3093 36.0967 -16.5357 -12.7974 -7.7844 8.63441 -46.7079 -51.1808 5.76149 -44.6382 -72.0808
internal_weight=109 95 14 57 38 26 12 31 25 19 14 24 16 10 11 14
internal_count=109 95 14 57 38 26 12 31 25 19 14 24 16 10 11 14
is_linear=0
shrinkage=0.05


Tree=37
num_leaves=17
num_cat=0
split_feature=0 0 1 0 0 0 4 7 1 1 7 6 0 4 0 0
split_gain=1.11542e+08 2.65384e+07 8.59395e+06 7.31113e+06 2.05496e+06 1.7592e+06 1.1354e+06 651624 721993 604419 518797 401439 376677 135905 117357 49477.2
threshold=70868.500000000015 24627.000000000004 31062.671928726599 43685.500000000007 11010.999999999998 54773.500000000007 2.4420260066434127 0.20086655430696435 5746.7049674573136 12221.392818450666 0.10044078237494418 13.491940612647864 17132.500000000004 2.6272356579924998 6414.0000000000009 21486.000000000011
decision_type=2 2 2 2 2 2 2 2 2 2 2 2 2 2 2 2
left_child=1 4 -2 7 14 9 -7 8 -3 -5 11 -10 -6 15 -1 -14
right_child=2 3 -4 5 12 6 -8 -9 10 -11 -12 -13 13 -15 -16 -17
leaf_value=-71.888894992404516 85.052180862426766 -29.15160017013546 164.21291503906252 20.198902765909821 -53.231081771850569 49.671709442138678 18.911927795410154 -30.506206258138022 6.134740665980746 -0.79447455406188972 -18.883347007206506 -11.490166219075519 -46.111200459798191 -33.108206787109374 -62.334945068359382 -39.376653747558592
leaf_weight=8.9999999999999982 5.9999999999999991 5.0000000000000062 7.9999999999999991 6.0000000000000027 8.0000000000000018 5.9999999999999982 6 5.9999999999999991 7.0000000000000018 7.9999999999999991 6.9999999999999991 6 5.9999999999999982 4.9999999999999991 4.9999999999999991 5
leaf_count=9 6 5 8 6 8 6 6 6 7 8 7 6 6 5 5 5
internal_value=-1.47005 -20.8869 130.287 0.690578 -53.253 20.2438 34.2918 -15.7089 -12.1576 8.20269 -7.90906 -1.99983 -44.3725 -39.9432 -68.4768 -43.05
internal_weight=109 95 14 57 38 26 12 31 25 14 20 13 24 16 14 11
internal_count=109 95 14 57 38 26 12 31 25 14 20 13 24 16 14 11
is_linear=0
shrinkage=0.05


Tree=38
num_leaves=19
num_cat=0
split_feature=0 0 6 0 0 5 1 0 0 7 2 7 7 7 1 2 1 1
split_gain=1.00959e+08 2.10471e+07 1.36758e+07 1.28307e+07 4.84727e+06 1.97202e+06 2.19395e+06 1.8546e+06 1.66261e+06 588091 728576 344768 542327 219103 533151 154914 141652 129519
threshold=66429.000000000015 24627.000000000004 9.4306243500006861 87502.499999999985 43685.500000000007 0.40949729383885825 13301.812676166339 11010.999999999998 54773.500000000007 0.20086655430696435 0.24472592425180703 0.077356522101407768 0.11928437684421113 0.084121011742510562 9833.536278827658 0.2994101109548431 6411.94674379548 5746.7049674573136
decision_type=2 2 2 2 2 2 2 2 2 2 2 2 2 2 2 2 2 2
left_child=1 7 -2 -4 9 6 -6 15 -7 10 17 -9 -13 -12 -15 -1 -14 -3
right_child=2 4 3 -5 5 8 -8 11 -10 -11 13 12 16 14 -16 -17 -18 -19
leaf_value=-61.132672458224832 49.825231806437145 -27.69401994705197 94.37177378336591 202.82230590820311 26.650380401611315 12.918118794759117 -16.714663042340959 -33.678822708129864 51.957305297851555 -28.980896377563479 -13.126364288330079 -60.04515930175782 -35.005582936604824 -11.852369079589847 11.237691192626952 -72.109395141601567 -46.40065429687499 -16.313392639160153
leaf_weight=8.9999999999999982 6.0000000000000027 5.0000000000000053 5.9999999999999982 5 5.0000000000000018 5.9999999999999982 7 8.0000000000000018 5 5.9999999999999991 4.9999999999999991 4.9999999999999991 5.9999999999999982 4.9999999999999982 5 4.9999999999999991 5 5
leaf_count=9 6 5 6 5 5 6 7 8 5 6 5 5 6 5 5 5 5 5
internal_value=-1.39655 -22.0817 110.547 143.667 -2.02006 15.3715 1.35411 -50.5904 30.6632 -14.9235 -11.5497 -42.1539 -46.3914 -4.58035 -0.307339 -65.0529 -40.1852 -22.0037
internal_weight=109 92 17 11 54 23 12 38 11 31 25 24 16 15 10 14 11 10
internal_count=109 92 17 11 54 23 12 38 11 31 25 24 16 15 10 14 11 10
is_linear=0
shrinkage=0.05


Tree=39
num_leaves=17
num_cat=0
split_feature=0 0 7 0 0 5 1 0 0 7 4 0 0 2 5 0
split_gain=9.11151e+07 1.8995e+07 1.23424e+07 1.15797e+07 4.37466e+06 1.77975e+06 1.98004e+06 1.67378e+06 1.5005e+06 530752 683267 590838 339796 139810 117206 46085.9
threshold=66429.000000000015 24627.000000000004 0.15165859421828662 87502.499999999985 43685.500000000007 0.40949729383885825 13301.812676166339 11010.999999999998 54773.500000000007 0.20086655430696435 2.6767405536233917 29848.500000000004 17132.500000000004 0.2994101109548431 0.38509189123784332 21486.000000000011
decision_type=2 2 2 2 2 2 2 2 2 2 2 2 2 2 2 2
left_child=1 7 3 -2 9 6 -6 13 -7 10 11 -3 -9 -1 -14 -16
right_child=2 4 -4 -5 5 8 -8 12 -10 -11 -12 -13 14 -15 15 -17
leaf_value=-58.076037936740455 89.65318501790361 -15.188589668273906 47.333971214294436 192.68119201660153 25.317861022949206 12.272212537129723 -15.878930010114397 -48.459911346435526 49.359439697265621 -27.53185157775879 -23.02186212539673 3.4864951663547092 -29.491924133300781 -68.50392700195313 -41.678892008463549 -35.179244689941406
leaf_weight=8.9999999999999982 6.0000000000000018 8.0000000000000089 5.9999999999999991 5 5.0000000000000018 5.9999999999999982 7 8.0000000000000018 5 5.9999999999999991 7.9999999999999991 8.9999999999999982 4.9999999999999991 4.9999999999999991 5.9999999999999982 5
leaf_count=9 6 8 6 5 5 6 7 8 5 6 8 9 5 5 6 5
internal_value=-1.32672 -20.9776 105.019 136.484 -1.91906 14.6029 1.2864 -48.0609 29.13 -14.1773 -10.9722 -5.30178 -40.0462 -61.8003 -35.8393 -38.7245
internal_weight=109 92 17 11 54 23 12 38 11 31 25 17 24 14 16 11
internal_count=109 92 17 11 54 23 12 38 11 31 25 17 24 14 16 11
is_linear=0
shrinkage=0.05


Tree=40
num_leaves=19
num_cat=0
split_feature=1 1 2 1 1 2 2 1 7 7 3 1 7 1 4 6 2 2
split_gain=6.21485e+07 1.4031e+07 1.5637e+07 7.57554e+06 6.95662e+06 3.76297e+06 2.49455e+06 2.40645e+06 2.24738e+06 1.40383e+06 1.08437e+06 880424 851549 605945 420135 606030 238643 170686
threshold=15719.604082849797 62105.199800608134 0.30882258029930471 5451.4444842065941 31062.671928726599 0.27702064154860279 0.56505205340798936 10621.309512456515 0.090753606681850285 0.08708707792479202 4.5000000000000009 1926.3337192909112 0.14610001537467651 9024.029416178264 2.1883376604767633 13.8610787059551 0.22093611501468283 0.45754712422382926
decision_type=2 2 2 2 2 2 2 2 2 2 2 2 2 2 2 2 2 2
left_child=3 2 -2 11 8 7 -6 9 -4 -5 -11 16 13 -7 -13 -16 -1 -14
right_child=1 -3 4 5 6 12 -8 -9 -10 10 -12 14 17 -15 15 -17 -18 -19
leaf_value=-49.076218523297975 121.21637298583985 122.88934478759766 -17.608175659179672 8.1060659408569276 76.798166910807296 -30.484844970703108 31.204441070556637 28.491760245958968 20.166224013434515 -36.618188629150403 -5.0902715682983395 -25.233802261352523 -31.617948786417646 -6.916863218943277 -55.94392150878906 -33.753845405578616 -63.378344726562489 -44.126432495117179
leaf_weight=7.0000000000000018 4.9999999999999991 5.9999999999999991 7.0000000000000062 8.0000000000000053 5.9999999999999982 5.0000000000000018 6 5.9999999999999991 8.9999999999999982 4.9999999999999982 6 5.0000000000000027 5.9999999999999982 6 4.9999999999999991 7.9999999999999991 5 5
leaf_count=7 5 6 7 8 6 5 6 6 9 5 6 5 6 6 5 8 5 5
internal_value=1.13128 52.5557 39.7678 -24.9148 25.2234 -12.3851 54.0013 0.886661 3.63992 -7.83074 -19.4211 -44.5448 -27.4666 -17.6296 -37.5511 -42.2885 -55.0354 -37.3036
internal_weight=116 39 33 77 28 47 12 25 16 19 11 30 22 11 18 13 12 11
internal_count=116 39 33 77 28 47 12 25 16 19 11 30 22 11 18 13 12 11
is_linear=0
shrinkage=0.05


Tree=41
num_leaves=21
num_cat=0
split_feature=0 0 6 5 0 0 0 1 7 7 5 0 6 2 5 0 1 5 5 3
split_gain=6.45831e+07 1.61803e+07 1.51421e+07 1.08918e+07 8.68828e+06 1.69747e+06 1.61682e+06 792959 1.17179e+06 561424 495169 1.36658e+06 1.00517e+06 440349 339718 210352 189943 172999 155066 145246
threshold=48227.499999999993 70868.500000000015 9.4306243500006861 0.33198916330476513 24627.000000000004 43685.500000000007 14717.500000000004 29628.349800647582 0.2385095961990355 0.097445459401076309 0.37079327361855535 29848.500000000004 8.8564046125742681 0.45754712422382926 0.42201395357088417 8615.0000000000073 7387.5125544820748 0.45698816419450822 0.40949729383885825 2.5000000000000004
decision_type=2 2 2 2 2 2 2 2 2 2 2 2 2 2 2 2 2 2 2 2
left_child=4 7 -3 -4 6 10 14 9 -9 -2 -6 -12 -13 17 15 19 -14 18 -8 -1
right_child=1 2 3 -5 5 -7 13 8 -10 -11 11 12 16 -15 -16 -17 -18 -19 -20 -21
leaf_value=-55.415636596679661 26.497543640136708 26.040845546722416 80.426145019531262 184.79001708984373 -25.924473724365214 13.297995842827692 -27.821833365304105 35.548614654541026 1.3172653198242186 50.191928482055658 -25.252126026153555 -17.967253112792971 2.5985517120361337 -41.446997070312506 -60.252128295898437 -36.829313964843749 16.380515174865721 -33.709978942871096 -16.867768351236975 -43.363842773437497
leaf_weight=5.0000000000000018 5.0000000000000018 4.9999999999999991 4.9999999999999982 5 5.0000000000000027 8.9999999999999982 7.0000000000000053 4.9999999999999982 5 5 8.0000000000000018 4.9999999999999991 4.9999999999999982 5.9999999999999991 4.9999999999999991 4.9999999999999991 5 4.9999999999999991 6 5
leaf_count=5 5 5 5 5 5 9 7 5 5 5 8 5 5 6 5 5 5 5 6 5
internal_value=1.07472 57.8303 97.0857 132.608 -23.4493 -5.59185 -38.4658 28.3888 18.4329 38.3447 -11.6636 -8.56339 0.337271 -29.7163 -48.9652 -45.2029 9.48953 -25.8061 -22.7661 -49.3897
internal_weight=116 35 15 10 81 37 44 20 10 10 28 23 15 24 20 15 10 18 13 10
internal_count=116 35 15 10 81 37 44 20 10 10 28 23 15 24 20 15 10 18 13 10
is_linear=0
shrinkage=0.05


Tree=42
num_leaves=20
num_cat=0
split_feature=0 0 6 4 0 0 0 1 7 7 3 7 4 0 7 0 4 3 1
split_gain=5.82862e+07 1.46027e+07 1.36657e+07 9.82986e+06 7.84117e+06 1.53197e+06 1.45918e+06 715646 1.05754e+06 506685 452579 1.40254e+06 306595 273430 205104 189843 161673 131084 123246
threshold=48227.499999999993 70868.500000000015 9.4306243500006861 3.0121539584389425 24627.000000000004 43685.500000000007 14717.500000000004 29628.349800647582 0.2385095961990355 0.097445459401076309 4.5000000000000009 0.077356522101407768 2.4420260066434127 31244.499999999993 0.14029013502643015 8615.0000000000073 2.3696226992571545 2.5000000000000004 7387.5125544820748
decision_type=2 2 2 2 2 2 2 2 2 2 2 2 2 2 2 2 2 2 2
left_child=4 7 -3 -4 6 10 12 9 -9 -2 11 -6 -1 -12 16 17 -8 -14 -16
right_child=1 2 3 -5 5 -7 14 8 -10 -11 13 -13 15 -15 18 -17 -18 -19 -20
leaf_value=-57.239523315429643 25.172667541503895 24.738804244995119 175.55051391601569 76.404838867187479 -0.16968701680501297 12.633095974392361 -18.11968485514322 33.771184234619149 1.2514022827148437 47.682333126068109 -11.477233409881594 -33.113565308707102 -52.644854736328142 2.0542365210396905 -28.14876419067383 -34.987847900390626 -28.977230644226076 -41.19565063476562 -39.250395202636717
leaf_weight=5.0000000000000027 5.0000000000000018 4.9999999999999991 4.9999999999999982 5 6.0000000000000018 8.9999999999999982 6.0000000000000027 4.9999999999999982 5 5 7.9999999999999982 7 4.9999999999999982 7 4.9999999999999982 4.9999999999999991 7.9999999999999991 5 5
leaf_count=5 5 5 5 5 6 9 6 5 5 5 8 7 5 7 5 5 8 5 5
internal_value=1.02098 54.9388 92.2314 125.978 -22.2768 -5.31225 -36.5425 26.9694 17.5113 36.4275 -11.0804 -17.9087 -46.517 -5.16255 -28.2305 -42.9428 -24.324 -46.9203 -33.6996
internal_weight=116 35 15 10 81 37 44 20 10 10 28 13 20 15 24 15 14 10 10
internal_count=116 35 15 10 81 37 44 20 10 10 28 13 20 15 24 15 14 10 10
is_linear=0
shrinkage=0.05


Tree=43
num_leaves=20
num_cat=0
split_feature=0 0 0 1 1 6 0 0 2 4 0 6 2 5 1 0 5 4 4
split_gain=5.26033e+07 1.3396e+07 7.07666e+06 2.77436e+06 3.20212e+06 3.74827e+06 1.3826e+06 1.31691e+06 524400 439444 1.20647e+06 898545 370790 276702 172006 171333 159395 128459 118304
threshold=48227.499999999993 87502.499999999985 24627.000000000004 16516.706392829426 22348.395371591363 7.6506066014448839 43685.500000000007 14717.500000000004 0.81097315501112854 2.7451911326668745 29848.500000000004 8.8564046125742681 0.45754712422382926 0.42201395357088417 7387.5125544820748 8615.0000000000073 0.45698816419450822 2.5450332819636068 3.1962238028246612
decision_type=2 2 2 2 2 2 2 2 2 2 2 2 2 2 2 2 2 2 2
left_child=2 3 7 -2 -5 -6 9 13 -7 10 -4 -12 16 15 -13 18 17 -9 -1
right_child=1 -3 6 4 5 8 -8 12 -10 -11 11 14 -14 -15 -16 -17 -18 -19 -20
leaf_value=-39.135867309570294 0.51986961364746065 104.76800494723851 -23.286547851562482 76.888518981933544 -0.19516334533691407 61.243168945312519 12.001441107855904 -14.944340006510402 38.343382720947261 -23.960888366699223 -16.549295196533205 2.8529048538208013 -37.58334655761719 -54.377547912597656 15.968009529113766 -33.238455810546874 -30.817622833251956 -24.91441868373326 -50.012610473632805
leaf_weight=5.0000000000000018 5.0000000000000027 8.9999999999999982 8.0000000000000053 5.0000000000000027 5.9999999999999991 4.9999999999999982 8.9999999999999982 6.0000000000000053 5 4.9999999999999991 4.9999999999999991 4.9999999999999982 5.9999999999999991 4.9999999999999991 5 4.9999999999999991 4.9999999999999991 7 5
leaf_count=5 5 9 8 5 6 5 9 6 5 5 5 5 6 5 5 5 5 7 5
internal_value=0.969935 52.1919 -21.163 33.9925 41.9621 31.0476 -5.04664 -34.7154 49.7933 -10.5264 -7.60584 0.757206 -26.819 -44.1911 9.41046 -40.7956 -23.2308 -20.3128 -44.5742
internal_weight=116 35 81 26 21 16 37 44 10 28 23 15 24 20 10 15 18 13 10
internal_count=116 35 81 26 21 16 37 44 10 28 23 15 24 20 10 15 18 13 10
is_linear=0
shrinkage=0.05


Tree=44
num_leaves=20
num_cat=0
split_feature=0 1 0 5 6 0 0 0 2 4 0 6 2 4 1 0 5 4 5
split_gain=4.74745e+07 1.22783e+07 6.38668e+06 3.79553e+06 3.74968e+06 2.56113e+06 1.2478e+06 1.18851e+06 830060 396598 1.08884e+06 810937 334638 249724 155235 154628 143854 115934 106769
threshold=48227.499999999993 62105.199800608134 24627.000000000004 0.42586730557949953 9.1127472625752919 66429.000000000015 43685.500000000007 14717.500000000004 0.52592071588983369 2.7451911326668745 29848.500000000004 8.8564046125742681 0.45754712422382926 2.4420260066434127 7387.5125544820748 8615.0000000000073 0.45698816419450822 2.5450332819636068 0.31286958373127377
decision_type=2 2 2 2 2 2 2 2 2 2 2 2 2 2 2 2 2 2 2
left_child=2 3 7 4 8 -6 9 13 -2 10 -4 -12 16 -1 -13 18 17 -9 -15
right_child=1 -3 6 -5 5 -7 -8 12 -10 -11 11 14 -14 15 -16 -17 -18 -19 -20
leaf_value=-51.658669738769497 -8.5827573776245014 122.12268463134765 -22.122220492362956 77.259906158447279 23.262411417279925 64.675485610961914 11.401369730631512 -14.197123082478825 20.228010864257811 -22.762844390869141 -15.721830368041992 2.7102596282958991 -35.70417912801107 -47.511980590820322 15.169609146118162 -31.576532287597658 -29.276742095947267 -23.668697466169082 -37.179074096679685
leaf_weight=5.0000000000000027 5.0000000000000053 4.9999999999999991 8.0000000000000053 4.9999999999999991 6.9999999999999991 7.9999999999999991 8.9999999999999982 6.0000000000000053 5 4.9999999999999991 4.9999999999999991 4.9999999999999982 5.9999999999999991 4.9999999999999982 5 4.9999999999999991 4.9999999999999991 7 5
leaf_count=5 5 5 8 5 7 8 9 6 5 5 5 5 6 5 5 5 5 7 5
internal_value=0.921438 49.5823 -20.1049 37.4922 29.5387 45.3494 -4.79431 -32.9796 5.82263 -10.0001 -7.22555 0.719346 -25.478 -41.9816 8.93993 -38.7559 -22.0693 -19.2972 -42.3455
internal_weight=116 35 81 30 25 15 37 44 10 28 23 15 24 20 10 15 18 13 10
internal_count=116 35 81 30 25 15 37 44 10 28 23 15 24 20 10 15 18 13 10
is_linear=0
shrinkage=0.05


Tree=45
num_leaves=19
num_cat=0
split_feature=0 0 6 0 0 0 5 3 2 6 7 1 1 5 6 7 0 6
split_gain=4.20558e+07 1.16458e+07 1.09339e+07 8.94998e+06 2.32027e+06 2.24105e+06 1.63635e+06 1.2298e+06 1.12071e+06 836877 643020 576580 513396 401221 776054 589657 185517 113560
threshold=66429.000000000015 29848.500000000004 9.4306243500006861 87502.499999999985 14717.500000000004 43685.500000000007 0.37079327361855535 3.5000000000000004 0.35245113372703452 9.1127472625752919 0.08708707792479202 12221.392818450666 1580.3453037190059 0.37079327361855535 13.274265526549931 0.31484733852736624 33369.000000000007 10.883215456439848
decision_type=2 2 2 2 2 2 2 2 2 2 2 2 2 2 2 2 2 2
left_child=1 4 -2 -4 10 6 -3 -7 11 -8 12 -9 -1 -6 15 17 -11 -15
right_child=2 5 3 -5 13 7 9 8 -10 16 -12 -13 -14 14 -16 -17 -18 -19
leaf_value=-46.018482208251932 21.924146016438804 -31.262438735961894 59.999036865234388 154.60335800170898 -9.6557950337727814 35.775134023030581 -14.935738754272462 8.7896473693847614 -4.3121145486831667 3.3071285057067876 -59.2621533203125 32.801735591888423 -25.594616394042973 -10.026819801330559 -41.600506286621098 -33.925843505859376 16.927593097686763 -19.632422752380371
leaf_weight=8.0000000000000018 5.9999999999999991 5.0000000000000027 4.9999999999999982 5 6.0000000000000027 6.0000000000000027 4.9999999999999991 5.0000000000000018 7.9999999999999991 4.9999999999999982 4.9999999999999991 5 4.9999999999999991 8.0000000000000053 4.9999999999999991 4.9999999999999991 5 4.9999999999999991
leaf_count=8 6 5 5 5 6 6 5 5 8 5 5 5 5 8 5 5 5 5
internal_value=0.527808 -12.6163 75.2848 107.301 -29.9229 5.87031 -6.49086 16.1713 9.63667 1.76633 -44.024 20.7957 -38.1631 -21.1705 -24.1743 -19.3337 10.1174 -13.7213
internal_weight=107 91 16 10 47 44 20 24 18 15 18 10 13 29 23 18 10 13
internal_count=107 91 16 10 47 44 20 24 18 15 18 10 13 29 23 18 10 13
is_linear=0
shrinkage=0.05


Tree=46
num_leaves=19
num_cat=0
split_feature=0 0 6 0 0 0 4 7 2 2 7 1 5 6 7 5 0 6
split_gain=3.79554e+07 1.05103e+07 9.86781e+06 8.07735e+06 2.09405e+06 2.02254e+06 1.4768e+06 755282 721327 1.81232e+06 580326 469164 362102 700389 532166 299817 167429 102488
threshold=66429.000000000015 29848.500000000004 9.4306243500006861 87502.499999999985 14717.500000000004 43685.500000000007 2.7451911326668745 0.18776678944947769 0.52592071588983369 0.3433574889033712 0.08708707792479202 1117.7490461145278 0.37079327361855535 13.274265526549931 0.31484733852736624 0.40949729383885825 33369.000000000007 10.883215456439848
decision_type=2 2 2 2 2 2 2 2 2 2 2 2 2 2 2 2 2 2
left_child=1 4 -2 -4 10 6 7 16 9 15 11 -1 -6 14 17 -7 -3 -14
right_child=2 5 3 -5 12 8 -8 -9 -10 -11 -12 -13 13 -15 -16 -17 -18 -19
leaf_value=-48.269912719726534 20.827937126159668 3.1417720603942856 56.999083862304701 146.87318624496456 -9.1730054219563755 13.610490417480452 -29.699316482543949 -14.188951873779297 27.621447992324832 -12.491231791178386 -56.299046020507809 -28.745667839050295 -9.5254788398742587 -39.520480651855472 -32.229551391601568 30.925724296569822 16.081212978363038 -18.650801715850829
leaf_weight=5.0000000000000027 5.9999999999999991 5.0000000000000018 4.9999999999999982 5 6.0000000000000027 5.0000000000000053 4.9999999999999991 4.9999999999999991 7.9999999999999991 5.9999999999999991 4.9999999999999991 7.9999999999999991 8.0000000000000053 4.9999999999999991 4.9999999999999991 5 5 4.9999999999999991
leaf_count=5 6 5 5 5 6 5 5 5 8 6 5 8 8 5 5 5 5 5
internal_value=0.501417 -11.9855 71.5206 101.936 -28.4267 5.57679 -6.16632 1.67801 15.3627 9.23336 -41.8228 -36.255 -20.1119 -22.9656 -18.367 22.2681 9.61149 -13.0352
internal_weight=107 91 16 10 47 44 20 15 24 16 18 13 29 23 18 10 10 13
internal_count=107 91 16 10 47 44 20 15 24 16 18 13 29 23 18 10 10 13
is_linear=0
shrinkage=0.05


Tree=47
num_leaves=19
num_cat=0
split_feature=0 0 6 0 0 0 4 3 2 6 1 6 1 5 6 6 0 6
split_gain=3.42547e+07 9.48558e+06 8.9057e+06 7.28981e+06 1.88988e+06 1.82535e+06 1.33282e+06 1.13053e+06 981651 681642 540360 523744 434658 326797 632101 480280 151105 92495.5
threshold=66429.000000000015 29848.500000000004 9.4306243500006861 87502.499999999985 14717.500000000004 43685.500000000007 2.7451911326668745 3.5000000000000004 0.35245113372703452 9.1127472625752919 12221.392818450666 12.796655641163168 1580.3453037190059 0.37079327361855535 13.274265526549931 5.7811278719123775 33369.000000000007 10.883215456439848
decision_type=2 2 2 2 2 2 2 2 2 2 2 2 2 2 2 2 2 2
left_child=1 4 -2 -4 11 6 9 -7 10 -3 -9 -1 -13 -6 15 -15 -11 -17
right_child=2 5 3 -5 13 7 -8 8 -10 16 -12 12 -14 14 -16 17 -18 -19
leaf_value=-53.48409378051754 19.786540095011393 -13.479504394531242 54.149132080078132 139.52953002929686 -8.7143550872802678 33.390607706705708 -28.21435012817383 7.1501828002929662 -4.7254687070846559 2.9846834945678715 30.395838546752927 -41.670143127441413 -22.87760314941406 -30.618073730468709 -37.544455871582038 -9.0492045879364031 15.277152862548826 -17.718261894583701
leaf_weight=5.0000000000000027 5.9999999999999991 5.0000000000000027 4.9999999999999982 5 6.0000000000000027 6.0000000000000027 4.9999999999999991 5.0000000000000018 7.9999999999999991 4.9999999999999982 5 7.9999999999999982 5 5.0000000000000062 4.9999999999999991 7.9999999999999982 5 5
leaf_count=5 6 5 5 5 6 6 5 5 8 5 5 8 5 5 5 8 5 5
internal_value=0.476347 -11.3862 67.9445 96.8393 -27.0054 5.29795 -5.858 14.5946 8.32924 1.59411 18.773 -39.7316 -34.4422 -19.1063 -21.8173 -17.4486 9.13092 -12.3835
internal_weight=107 91 16 10 47 44 20 24 18 15 10 18 13 29 23 18 10 13
internal_count=107 91 16 10 47 44 20 24 18 15 10 18 13 29 23 18 10 13
is_linear=0
shrinkage=0.05


Tree=48
num_leaves=17
num_cat=0
split_feature=0 0 6 4 0 1 1 1 7 0 7 4 1 4 0 5
split_gain=3.09149e+07 8.56074e+06 8.03739e+06 6.81109e+06 1.73722e+06 1.66498e+06 707556 572889 704943 549646 1.06111e+06 421052 399846 894110 290807 236181
threshold=66429.000000000015 29848.500000000004 9.4306243500006861 3.0121539584389425 12372.000000000005 15719.604082849797 11399.273390776547 9833.536278827658 0.090753606681850285 48227.499999999993 0.2165094734714553 2.7451911326668745 5657.3230438461069 2.4709768464156912 6414.0000000000009 0.45698816419450822
decision_type=2 2 2 2 2 2 2 2 2 2 2 2 2 2 2 2
left_child=1 4 -2 -4 14 6 7 8 -3 -7 -11 12 -6 15 -1 -14
right_child=2 5 3 -5 11 9 -8 -9 -10 10 -12 -13 13 -15 -16 -17
leaf_value=-46.207715415954596 18.797212918599449 10.306508331298815 133.26202880859378 50.732700195312496 -30.918876743316641 4.3918343407767138 -18.715618642171226 15.494005737304688 -13.626028633117677 37.199601443608607 8.5447614397321416 -5.7458653259277348 -2.9454892476399728 -33.559179433186848 -32.252894156319755 -16.464336504255023
leaf_weight=7.9999999999999982 5.9999999999999991 5.0000000000000062 4.9999999999999982 5 8.0000000000000018 7.0000000000000027 5.9999999999999991 4.9999999999999991 7.9999999999999991 5.9999999999999982 7 4.9999999999999991 6.0000000000000018 5.9999999999999991 7 7
leaf_count=8 6 5 5 5 8 7 6 5 8 6 7 5 6 6 7 7
internal_value=0.452529 -10.8169 64.5473 91.9974 -25.6551 5.03305 -3.84581 1.1108 -4.42121 15.6877 21.7701 -19.0737 -21.5418 -17.5936 -39.6955 -10.2249
internal_weight=107 91 16 10 47 44 24 18 13 20 13 32 27 19 15 13
internal_count=107 91 16 10 47 44 24 18 13 20 13 32 27 19 15 13
is_linear=0
shrinkage=0.05


Tree=49
num_leaves=18
num_cat=0
split_feature=0 0 6 0 0 0 4 3 2 6 7 1 1 2 1 3 3
split_gain=2.79007e+07 7.72607e+06 7.25375e+06 6.44586e+06 1.57253e+06 1.53126e+06 1.2141e+06 953073 942582 565827 495986 481499 376861 303034 546706 317698 159235
threshold=66429.000000000015 29848.500000000004 9.4306243500006861 87502.499999999985 14717.500000000004 43685.500000000007 2.7451911326668745 3.5000000000000004 0.35245113372703452 9.4306243500006861 0.08708707792479202 12221.392818450666 1117.7490461145278 0.45754712422382926 6093.7564319131534 4.5000000000000009 4.5000000000000009
decision_type=2 2 2 2 2 2 2 2 2 2 2 2 2 2 2 2 2
left_child=1 4 -2 -4 10 6 9 -7 11 -3 12 -9 -1 14 15 -6 -16
right_child=2 5 3 -5 13 7 -8 8 -10 -11 -12 -13 -14 -15 16 -17 -18
leaf_value=-41.602071838378883 17.857352828979494 -10.217504342397049 47.254453735351575 127.54054046630857 -14.080884769984642 30.554164632161442 -26.773889770507811 6.8059162902832 -5.248662996292115 9.6051013410091404 -49.36411010742188 28.748994827270504 -24.103515243530275 -27.173996988932295 -12.076551437377933 -29.760099220275876 0.54228218078613277
leaf_weight=5.0000000000000027 5.9999999999999991 6.0000000000000027 4.9999999999999982 5 7.0000000000000053 6.0000000000000027 4.9999999999999991 5.0000000000000018 7.9999999999999991 8.9999999999999982 4.9999999999999991 5 7.9999999999999991 5.9999999999999991 4.9999999999999982 6 5
leaf_count=5 6 6 5 5 7 6 5 5 8 9 5 5 8 6 5 6 5
internal_value=0.429903 -10.276 61.3199 87.3975 -24.3724 4.7814 -5.43643 13.2963 7.54363 1.67606 -35.9811 17.7775 -30.8337 -17.167 -14.5564 -21.3174 -5.76713
internal_weight=107 91 16 10 47 44 20 24 18 15 18 10 13 29 23 13 10
internal_count=107 91 16 10 47 44 20 24 18 15 18 10 13 29 23 13 10
is_linear=0
shrinkage=0.05


Tree=50
num_leaves=17
num_cat=0
split_feature=1 1 6 2 1 1 6 6 1 6 2 7 1 2 2 3
split_gain=1.61493e+07 6.96113e+06 3.96575e+06 3.8772e+06 4.01241e+06 1.83496e+06 977697 1.16721e+06 3.9449e+06 1.63603e+06 758135 416317 355156 455794 191772 191424
threshold=39566.250451175925 5451.4444842065941 10.191971975417099 0.27447364996027118 10621.309512456515 31062.671928726599 5.7811278719123775 11.998065177793462 15719.604082849797 13.491940612647864 0.43149840856083482 0.14029013502643015 1580.3453037190059 0.1816627865598146 0.27702064154860279 3.5000000000000004
decision_type=2 2 2 2 2 2 2 2 2 2 2 2 2 2 2 2
left_child=1 12 -2 4 15 6 -5 8 11 -9 -10 -8 -1 -14 -15 -3
right_child=2 3 -4 5 -6 -7 7 9 10 -11 -12 -13 13 14 -16 -17
leaf_value=-39.521968383789037 30.38426193237305 -3.7202041625976534 93.35847761154173 -24.954061453683039 48.959888029098515 21.650635401407879 -6.3318059171949095 -29.083964390224878 39.930896072387704 4.6226121465365093 12.396637058258055 -23.576207460675917 -11.549487380981438 -33.597190348307294 -22.057052834828696 8.7510383725166321
leaf_weight=5.0000000000000027 4.9999999999999982 5.0000000000000027 5 6.9999999999999991 7.9999999999999991 5.9999999999999991 7.0000000000000018 8.9999999999999982 4.9999999999999982 5.9999999999999991 5 7 5.0000000000000027 8.9999999999999982 5.9999999999999991 7.9999999999999991
leaf_count=5 5 5 5 7 8 6 7 9 5 6 5 7 5 9 6 8
internal_value=1.34456 -4.83164 61.8714 2.96676 21.0994 -4.35602 -7.74819 -4.65996 2.1784 -15.6013 26.1638 -14.954 -27.603 -24.6232 -28.9811 3.95441
internal_weight=108 98 10 73 21 52 46 39 24 15 10 14 25 20 15 13
internal_count=108 98 10 73 21 52 46 39 24 15 10 14 25 20 15 13
is_linear=0
shrinkage=0.05


Tree=51
num_leaves=18
num_cat=0
split_feature=1 1 7 2 1 6 1 7 2 7 7 1 3 2 7 2 2
split_gain=1.45747e+07 6.28242e+06 3.57909e+06 3.49918e+06 3.6212e+06 1.7329e+06 1.69007e+06 3.89432e+06 3.87185e+06 669705 620969 324917 172760 156532 98978.6 70855.2 31693.4
threshold=39566.250451175925 5451.4444842065941 0.14029013502643015 0.27447364996027118 10621.309512456515 6.6798556851379809 13956.18840917876 0.084121011742510562 0.38140948671013492 0.2165094734714553 0.14029013502643015 1926.3337192909112 3.5000000000000004 0.45754712422382926 0.11014458600331878 0.24472592425180703 0.28965910529666361
decision_type=2 2 2 2 2 2 2 2 2 2 2 2 2 2 2 2 2
left_child=1 11 -2 4 12 13 10 -8 -9 -10 14 -1 -3 -5 -7 -13 -17
right_child=2 3 -4 5 -6 6 7 8 9 -11 -12 15 -14 -15 -16 16 -18
leaf_value=-34.532143211364733 88.690555038452175 -3.5341934204101535 28.865048522949213 -28.293831100463873 46.51189403533936 -0.76278477509816467 -19.35029028505086 59.857335548400876 20.307052097320561 -4.4698774973551423 -26.276449308395389 -18.45437594822474 8.3134864926338192 -16.315185165405271 -9.844754562775293 -27.82812438964844 -22.19843914031982
leaf_weight=8.0000000000000018 4.9999999999999982 5.0000000000000027 5 4.9999999999999982 7.9999999999999991 6.0000000000000018 8.0000000000000018 4.9999999999999991 4.9999999999999982 6 4.9999999999999991 7.0000000000000027 7.9999999999999991 6 6 4.9999999999999982 5
leaf_count=8 5 5 5 5 8 6 8 5 5 6 5 7 8 6 6 5 5
internal_value=1.27733 -4.59006 58.7778 2.81842 20.0444 -4.13822 0.589582 9.13335 23.3752 6.79236 -11.4722 -26.2228 3.75669 -21.76 -5.30377 -22.3126 -25.0133
internal_weight=108 98 10 73 21 52 41 24 16 11 17 25 13 11 12 17 10
internal_count=108 98 10 73 21 52 41 24 16 11 17 25 13 11 12 17 10
is_linear=0
shrinkage=0.05


Tree=52
num_leaves=18
num_cat=0
split_feature=0 0 1 4 0 1 0 4 4 0 6 4 1 2 2 2 4
split_gain=1.80972e+07 7.19845e+06 6.20807e+06 1.84433e+06 2.19053e+06 1.64912e+06 1.28639e+06 931222 602294 334048 284156 278473 263935 451357 121557 90943.2 143246
threshold=70868.500000000015 24627.000000000004 39566.250451175925 2.934351799697287 53055.999999999993 29628.349800647582 6414.0000000000009 2.6272356579924998 2.2221563262003503 29848.500000000004 12.204789657770361 2.3934212238621493 4405.9086795478224 0.22093611501468283 0.45754712422382926 0.28437702154139949 2.3696226992571545
decision_type=2 2 2 2 2 2 2 2 2 2 2 2 2 2 2 2 2
left_child=1 6 -2 4 7 -6 -1 8 9 -3 11 -10 13 -8 15 -14 -17
right_child=2 3 -4 -5 5 -7 12 -9 10 -11 -12 -13 14 -15 -16 16 -18
leaf_value=-46.848593444824218 29.226679801940925 -18.688954620361315 100.24818298339842 28.917335428510395 42.069753723144544 4.4727468218122208 -15.852023951212567 -20.838045610700334 9.6181325507163962 -2.5701681137084962 14.430338668823243 -6.3589379628499341 -18.993493779500305 -35.246120707194009 -23.058479309082031 -5.2227668809890764 -17.191323671340939
leaf_weight=4.9999999999999991 7.9999999999999982 5.0000000000000027 5 6.9999999999999991 4.9999999999999982 7 5.9999999999999982 6.9999999999999991 5.0000000000000018 8.9999999999999982 5.9999999999999991 6 6.0000000000000062 6 4.9999999999999991 4.9999999999999982 5
leaf_count=5 8 5 5 7 5 7 6 7 5 9 6 6 6 6 5 5 5
internal_value=1.21347 -6.35789 56.5426 4.87993 1.51469 20.1382 -23.2146 -4.36641 -0.647007 -8.32688 5.67759 0.903367 -19.6337 -25.5491 -16.2535 -14.127 -11.207
internal_weight=108 95 13 57 50 12 38 38 31 14 17 11 33 12 21 16 10
internal_count=108 95 13 57 50 12 38 38 31 14 17 11 33 12 21 16 10
is_linear=0
shrinkage=0.05


Tree=53
num_leaves=17
num_cat=0
split_feature=0 0 7 5 0 1 0 4 4 0 6 5 1 6 4 5
split_gain=1.63327e+07 6.4966e+06 5.78488e+06 1.66451e+06 1.97695e+06 1.48833e+06 1.16097e+06 840428 543570 301479 256450 251322 238202 367802 93947.9 159252
threshold=70868.500000000015 24627.000000000004 0.14029013502643015 0.34079229426713314 53055.999999999993 29628.349800647582 6414.0000000000009 2.6272356579924998 2.2221563262003503 29848.500000000004 12.204789657770361 0.41781195714099434 4405.9086795478224 14.53419826291236 2.5278384386296175 0.45698816419450822
decision_type=2 2 2 2 2 2 2 2 2 2 2 2 2 2 2 2
left_child=1 6 -2 -3 7 -6 -1 8 9 -5 11 -10 13 -8 15 -14
right_child=2 3 -4 4 5 -7 12 -9 10 -11 -12 -13 14 -15 -16 -17
leaf_value=-44.506163330078124 84.595151628766757 27.471468707493376 17.689260164896645 -17.754507217407216 39.96626495361329 4.2491103036063054 -34.629006652832039 -19.796143232073106 -6.040991036097207 -2.4416595247056749 13.708821868896486 9.1372261905670147 -7.7433573246002174 -16.873483821323941 -20.170378875732425 -18.408781060576437
leaf_weight=4.9999999999999991 6.9999999999999982 6.9999999999999991 6 5.0000000000000027 4.9999999999999982 7 4.9999999999999982 6.9999999999999991 6.0000000000000018 8.9999999999999982 5.9999999999999991 5 7.0000000000000018 7 6.9999999999999991 7
leaf_count=5 7 7 6 5 5 7 5 7 6 9 6 5 7 7 7 7
internal_value=1.15279 -6.04 53.7155 4.63593 1.43895 19.1313 -22.0539 -4.14809 -0.614657 -7.91053 5.39371 0.858199 -18.652 -24.2716 -15.4408 -13.0761
internal_weight=108 95 13 57 50 12 38 38 31 14 17 11 33 12 21 14
internal_count=108 95 13 57 50 12 38 38 31 14 17 11 33 12 21 14
is_linear=0
shrinkage=0.05


Tree=54
num_leaves=18
num_cat=0
split_feature=0 0 1 5 0 1 0 5 5 0 7 4 1 2 2 2 5
split_gain=1.47403e+07 5.86318e+06 5.54736e+06 1.50222e+06 1.7842e+06 1.34322e+06 1.04777e+06 758486 490572 272084 231446 226818 214977 387958 103562 76965.1 123298
threshold=70868.500000000015 24627.000000000004 39566.250451175925 0.34079229426713314 53055.999999999993 29628.349800647582 6414.0000000000009 0.38063547960389132 0.4500170190692121 29848.500000000004 0.090753606681850285 2.3934212238621493 4405.9086795478224 0.22093611501468283 0.45754712422382926 0.28437702154139949 0.42201395357088417
decision_type=2 2 2 2 2 2 2 2 2 2 2 2 2 2 2 2 2
left_child=1 6 -2 -3 7 -6 -1 -5 10 -10 -9 -12 13 -8 15 -14 -17
right_child=2 3 -4 4 5 -7 12 8 9 -11 11 -13 14 -15 -16 16 -18
leaf_value=-42.280855712890627 25.208235263824466 26.097894941057479 92.344129638671859 -18.806336103166853 37.967951354980478 4.0366541181291851 -14.067785326639815 13.023380661010728 -16.86678161621094 -2.3195765813191733 8.6803644561767594 -5.7389413515726719 -17.182898648579897 -32.04828974405924 -20.949884033203126 -15.571778640747073 -4.4678064155578605
leaf_weight=4.9999999999999991 7.9999999999999982 6.9999999999999991 5 6.9999999999999991 4.9999999999999982 7 5.9999999999999982 6.0000000000000062 4.9999999999999991 8.9999999999999982 4.9999999999999982 6 6.0000000000000062 6 4.9999999999999991 4.9999999999999982 5
leaf_count=5 8 7 5 7 5 7 6 6 5 9 5 6 6 6 5 5 5
internal_value=1.09515 -5.738 51.0297 4.40413 1.36701 18.1747 -20.9512 -3.94068 -0.583924 -7.51501 5.12403 0.815289 -17.7194 -23.058 -14.6688 -12.706 -10.0198
internal_weight=108 95 13 57 50 12 38 38 31 14 17 11 33 12 21 16 10
internal_count=108 95 13 57 50 12 38 38 31 14 17 11 33 12 21 16 10
is_linear=0
shrinkage=0.05


Tree=55
num_leaves=19
num_cat=0
split_feature=0 7 0 6 4 0 2 4 6 4 0 6 6 4 5 2 2 3
split_gain=1.57269e+07 6.97898e+06 5.32778e+06 1.13769e+06 2.44657e+06 1.06884e+06 849922 672067 307675 1.34706e+06 620026 290157 220816 191194 156113 150438 48906.3 39791.5
threshold=70868.500000000015 0.14029013502643015 43685.500000000007 11.998065177793462 2.5278384386296175 17132.500000000004 0.33522895219823584 2.2723896376949191 14.53419826291236 2.6767405536233917 29848.500000000004 8.8564046125742681 10.883215456439848 2.6767405536233917 0.5184683316555917 0.52592071588983369 0.24878814255985207 2.5000000000000004
decision_type=2 2 2 2 2 2 2 2 2 2 2 2 2 2 2 2 2 2
left_child=2 -2 5 4 7 6 13 -4 9 10 12 -12 14 -1 -7 -9 -13 -15
right_child=1 -3 3 -5 -6 8 -8 15 -10 -11 11 16 -14 17 -16 -17 -18 -19
leaf_value=-9.6461859893798696 84.880585588727698 14.276167079380579 -9.8866592407226435 -8.0914031982421886 40.879242706298832 -3.8247361580530788 -39.819737625122073 18.6970671081543 1.3379192352294922 -36.11829895019531 -10.492722625732423 0.76250850677490245 -19.888228755527074 -24.732406768798835 -15.230620384216307 6.4317559814453125 7.755815048217773 -18.692908096313474
leaf_weight=5.0000000000000062 6.9999999999999982 7 5.0000000000000062 5.9999999999999991 6.9999999999999991 6.0000000000000018 5.9999999999999991 4.9999999999999982 4.9999999999999991 4.9999999999999991 4.9999999999999991 4.9999999999999982 8.9999999999999982 4.9999999999999982 6 5 5 6
leaf_count=5 7 7 5 6 7 6 6 5 5 5 5 5 9 5 6 5 5 6
internal_value=0.0713222 49.5784 -7.14846 11.2078 16.4712 -14.7069 -23.7713 5.08072 -10.3717 -11.7997 -8.42217 -0.658133 -13.9679 -17.7532 -9.52768 12.5644 4.25916 -21.4381
internal_weight=110 14 96 28 22 68 22 15 46 41 36 15 21 16 12 10 10 11
internal_count=110 14 96 28 22 68 22 15 46 41 36 15 21 16 12 10 10 11
is_linear=0
shrinkage=0.05


Tree=56
num_leaves=19
num_cat=0
split_feature=0 0 6 4 0 2 4 4 6 5 0 1 2 6 4 1 6 5
split_gain=1.42102e+07 6.26455e+06 1.38358e+06 3.62785e+06 964629 767054 611937 1.26183e+06 277677 1.21572e+06 559573 350592 278858 261867 172552 44138 42418.8 35911.8
threshold=87502.499999999985 43685.500000000007 11.998065177793462 2.535545779047951 17132.500000000004 0.33522895219823584 2.2723896376949191 2.4420260066434127 14.53419826291236 0.37358923902760793 29848.500000000004 5746.7049674573136 0.45754712422382926 8.8564046125742681 2.6767405536233917 9442.0625753316071 10.631232603955729 0.31286958373127377
decision_type=2 2 2 2 2 2 2 2 2 2 2 2 2 2 2 2 2 2
left_child=1 4 3 6 5 14 -3 -8 9 -6 11 -11 16 -12 -1 -15 -13 -16
right_child=-2 2 -4 -5 8 -7 7 -9 -10 10 13 12 -14 15 17 -17 -18 -19
leaf_value=-9.163876819610584 60.27003453572592 -9.3923263549804563 -5.5199859619140632 46.135324001312256 -34.312383575439455 -37.828750689824425 25.130293600899837 -7.7569624328613278 1.2710229492187501 -23.484356705347682 -9.9680862236022953 -7.6194735383987435 -18.824775238037109 0.72438320159912128 -23.495786895751959 7.3680242729187002 -1.1065002250671385 -17.758262316385903
leaf_weight=5.0000000000000062 8.9999999999999982 5.0000000000000062 7.9999999999999991 7.9999999999999991 4.9999999999999991 5.9999999999999991 6.9999999999999982 5 4.9999999999999991 6.0000000000000027 4.9999999999999991 4.9999999999999982 4.9999999999999991 4.9999999999999982 4.9999999999999982 5 5 6
leaf_count=5 9 5 8 8 5 6 7 5 5 6 5 5 5 5 5 5 5 6
internal_value=0.0677559 -5.2968 12.5784 18.3699 -13.9716 -22.5827 5.30386 11.4273 -9.85315 -11.2098 -8.00106 -13.2695 -9.18358 -0.625226 -16.8655 4.0462 -4.36299 -20.3662
internal_weight=110 101 33 25 68 22 17 12 46 41 36 21 15 15 16 10 10 11
internal_count=110 101 33 25 68 22 17 12 46 41 36 21 15 15 16 10 10 11
is_linear=0
shrinkage=0.05


Tree=57
num_leaves=17
num_cat=0
split_feature=0 6 0 6 4 0 5 4 4 0 1 2 6 2 5 1
split_gain=1.28989e+07 6.42231e+06 4.31074e+06 929922 2.00892e+06 881457 713342 302710 750420 656564 254873 451325 236335 152346 87945 39834.5
threshold=70868.500000000015 10.191971975417099 43685.500000000007 11.998065177793462 2.5278384386296175 8615.0000000000073 0.41781195714099434 2.934351799697287 2.6767405536233917 29848.500000000004 5657.3230438461069 0.45754712422382926 8.8564046125742681 0.2566042183329999 0.45698816419450822 9442.0625753316071
decision_type=2 2 2 2 2 2 2 2 2 2 2 2 2 2 2 2
left_child=2 -2 5 4 6 13 -4 8 9 10 -7 14 -11 -1 -12 -14
right_child=1 -3 3 -5 -6 7 -8 -9 -10 12 11 -13 15 -15 -16 -17
leaf_value=-19.936826833089199 11.034762246268137 78.764835902622764 -8.8798090616861867 -7.4108337402343754 36.913459396362306 -21.127372765541068 13.377239317364165 1.1028054809570313 -24.890904659695096 -9.4696819496154792 -2.0020741268992412 -21.83174260457357 0.68816387176513683 -31.204270680745442 -10.4552001953125 6.9996230411529528
leaf_weight=5.9999999999999982 6.9999999999999982 7 6.0000000000000062 5.9999999999999991 6.9999999999999991 8.0000000000000018 8.9999999999999982 4.9999999999999991 8.9999999999999982 4.9999999999999991 8.0000000000000018 5.9999999999999991 4.9999999999999982 6 4.9999999999999991 5
leaf_count=6 7 7 6 6 7 8 9 5 9 5 8 6 5 6 5 5
internal_value=0.0643681 44.8998 -6.47413 10.0373 14.7959 -13.273 4.47442 -10.6378 -11.7888 -8.98123 -13.6408 -10.4886 -0.593965 -25.5705 -5.25328 3.84389
internal_weight=110 14 96 28 22 68 15 56 51 42 27 19 15 12 13 10
internal_count=110 14 96 28 22 68 15 56 51 42 27 19 15 12 13 10
is_linear=0
shrinkage=0.05


Tree=58
num_leaves=17
num_cat=0
split_feature=0 0 6 4 0 4 4 4 4 0 1 2 6 4 5 1
split_gain=1.20835e+07 4.96612e+06 1.2179e+06 2.94034e+06 795515 578725 1.14035e+06 273196 677254 592549 230023 407321 213292 146318 79370.4 35950.6
threshold=87502.499999999985 43685.500000000007 11.998065177793462 2.535545779047951 8615.0000000000073 2.2723896376949191 2.4420260066434127 2.934351799697287 2.6767405536233917 29848.500000000004 5657.3230438461069 0.45754712422382926 8.8564046125742681 2.7451911326668745 0.45698816419450822 9442.0625753316071
decision_type=2 2 2 2 2 2 2 2 2 2 2 2 2 2 2 2
left_child=1 4 3 5 13 -3 -7 8 9 10 -6 14 -11 -1 -12 -14
right_child=-2 2 -4 -5 7 6 -8 -9 -10 12 11 -13 15 -15 -16 -17
leaf_value=-30.824706115722663 55.575962575276698 -9.591572265624988 -5.9506408691406252 41.459743309021 -20.07100398540496 23.681854172689579 -7.5822027587890624 1.0476648712158203 -23.646358913845489 -8.9961979007720938 -1.9019704665988677 -20.740155919392905 0.65375583648681657 -19.6258177621024 -9.9324401855468754 6.6496416544914245
leaf_weight=4.9999999999999982 8.9999999999999982 5.0000000000000062 7.9999999999999991 7.9999999999999991 8.0000000000000018 6.9999999999999982 5 4.9999999999999991 8.9999999999999982 4.9999999999999991 8.0000000000000018 5.9999999999999991 4.9999999999999982 7 4.9999999999999991 5
leaf_count=5 9 5 8 8 8 7 5 5 9 5 8 6 5 7 5 5
internal_value=0.0611499 -4.88571 11.0296 16.4633 -12.6093 4.70024 10.6552 -10.1059 -11.1994 -8.53217 -12.9588 -9.96415 -0.564267 -24.292 -4.99061 3.6517
internal_weight=110 101 33 25 68 17 12 56 51 42 27 19 15 12 13 10
internal_count=110 101 33 25 68 17 12 56 51 42 27 19 15 12 13 10
is_linear=0
shrinkage=0.05


Tree=59
num_leaves=17
num_cat=0
split_feature=0 0 6 6 2 2 1 1 6 7 4 6 4 5 1 6
split_gain=1.09053e+07 4.48192e+06 1.09916e+06 2.67276e+06 734832 690514 1.88239e+06 545631 308393 265195 223149 345664 177868 153986 129633 70962.1
threshold=87502.499999999985 43685.500000000007 11.998065177793462 9.1127472625752919 0.50562705853824974 0.55662553940215431 17549.64770584663 6093.7564319131534 10.737411773725453 0.090753606681850285 2.6767405536233917 10.631232603955729 3.2626666860657543 0.39559492442219535 8587.5259268539885 15.389639996462732
decision_type=2 2 2 2 2 2 2 2 2 2 2 2 2 2 2 2
left_child=1 4 3 5 7 6 -3 8 -1 12 11 14 13 15 -9 -10
right_child=-2 2 -4 -5 -6 -7 -8 10 9 -11 -12 -13 -14 -15 -16 -17
leaf_value=-5.1343880809843547 52.797162755330412 15.256936141422806 -5.6531089782714847 41.856181335449222 -25.28690323299832 19.294513956705728 -24.911192264556881 -1.0401333173116039 -5.3914151327950544 -26.702226181030273 -13.277657012939455 8.4613579216102774 -22.339687652587891 -19.136508178710937 -11.433742109934487 -12.801623471577962
leaf_weight=7.9999999999999991 8.9999999999999982 7.0000000000000053 7.9999999999999991 6.9999999999999991 8.9999999999999982 5.9999999999999991 5 6.0000000000000053 7.0000000000000089 4.9999999999999991 4.9999999999999991 5.9999999999999991 4.9999999999999991 4.9999999999999991 6 6
leaf_count=8 9 7 8 7 9 6 5 6 7 5 5 6 5 5 6 6
internal_value=0.0580923 -4.64143 10.4781 15.6401 -11.9789 5.44498 -1.47978 -9.94882 -13.7921 -16.2658 -3.93319 -1.33751 -13.997 -11.6796 -6.23694 -8.81151
internal_weight=110 101 33 25 68 18 12 59 36 28 23 18 23 18 12 13
internal_count=110 101 33 25 68 18 12 59 36 28 23 18 23 18 12 13
is_linear=0
shrinkage=0.05


Tree=60
num_leaves=17
num_cat=0
split_feature=0 7 0 5 4 4 5 7 4 2 7 7 5 7 5 1
split_gain=9.50783e+06 8.36956e+06 2.63353e+06 1.32636e+06 811177 623259 1.23496e+06 867659 526334 477974 398101 152106 116909 76800.5 241158 13121.8
threshold=70868.500000000015 0.17020059730283604 24627.000000000004 0.34079229426713314 2.6272356579924998 2.2221563262003503 0.41781195714099434 0.21467669911528109 2.0660216113510246 0.55662553940215431 0.090753606681850285 0.17020059730283604 0.30656309121883385 0.08708707792479202 0.42586730557949953 1926.3337192909112
decision_type=2 2 2 2 2 2 2 2 2 2 2 2 2 2 2 2
left_child=2 -2 9 -4 5 8 7 -7 11 12 -6 -5 -1 15 -15 -14
right_child=1 -3 3 4 10 6 -8 -9 -10 -11 -12 -13 13 14 -16 -17
leaf_value=-21.222703094482423 82.749485270182305 -4.8410186767578125 21.014570726667131 6.6393774223327604 -4.9846105957031259 7.6838944329155785 22.191161048412326 -16.862816715240481 -18.211346054077151 -30.769210128784181 -24.937087097167964 -5.1686737775802607 -12.071471023559564 -23.118668238321941 -9.8580359607934955 -8.9782550811767585
leaf_weight=4.9999999999999991 5.9999999999999982 5 6.9999999999999991 5.0000000000000018 4.9999999999999982 9.0000000000000018 7.9999999999999991 5.9999999999999991 5.9999999999999991 4.9999999999999991 5 6 6.0000000000000027 5.9999999999999991 7.9999999999999991 7.9999999999999991
leaf_count=5 6 5 7 5 5 9 8 6 6 5 5 6 6 6 8 8
internal_value=-1.07152 42.9356 -6.16708 0.630135 -2.22369 0.960605 6.32641 -2.13479 -6.29901 -16.3629 -14.9608 0.198622 -14.1801 -12.9225 -15.5412 -10.3039
internal_weight=106 11 95 57 50 40 23 15 17 38 10 11 33 28 14 14
internal_count=106 11 95 57 50 40 23 15 17 38 10 11 33 28 14 14
is_linear=0
shrinkage=0.05


Tree=61
num_leaves=16
num_cat=0
split_feature=1 0 4 4 2 1 4 6 2 4 4 4 3 4 4
split_gain=8.62989e+06 2.71148e+06 2.14513e+06 1.61111e+06 995084 4.68591e+06 823832 657760 431372 382357 126384 105510 78245.7 36271.2 48546.9
threshold=39566.250451175925 24627.000000000004 2.9765045141594961 2.6272356579924998 0.35245113372703452 13301.812676166339 2.3934212238621493 11.49094878481216 0.55662553940215431 2.4246638699485072 2.0660216113510246 3.2626666860657543 4.5000000000000009 2.5450332819636068 2.7535771856059377
decision_type=2 2 2 2 2 2 2 2 2 2 2 2 2 2 2
left_child=1 8 3 4 5 9 -6 -5 11 10 -3 12 13 -1 -15
right_child=-2 2 -4 7 6 -7 -8 -9 -10 -11 -12 -13 -14 14 -16
leaf_value=-7.3521888891855802 48.915067577362066 -0.87261246272495718 27.538803700038365 -29.350814819335945 1.3518804762098524 52.347084655761719 -23.96132781982422 -6.7902165004185271 -29.230748367309573 9.1555361429850262 -10.07216968536377 -20.161568298339844 -16.455595421791077 -14.19326875474718 -8.0484579467773454
leaf_weight=6.0000000000000062 7.9999999999999991 7.0000000000000062 6.9999999999999991 5.9999999999999982 8.9999999999999982 4.9999999999999991 4.9999999999999991 7 4.9999999999999991 5.9999999999999991 7.9999999999999991 4.9999999999999991 7.9999999999999991 8.9999999999999982 4.9999999999999991
leaf_count=6 8 7 7 6 9 5 5 7 5 6 8 5 8 9 5
internal_value=-1.01794 -5.09411 1.52464 -1.91119 3.05858 8.8455 -7.68855 -17.2028 -15.5448 -1.51202 -5.77904 -13.4711 -12.2764 -10.6047 -11.9987
internal_weight=106 98 60 53 40 26 14 13 38 21 15 33 28 20 14
internal_count=106 98 60 53 40 26 14 13 38 21 15 33 28 20 14
is_linear=0
shrinkage=0.05


Tree=62
num_leaves=17
num_cat=0
split_feature=0 7 0 5 2 1 1 0 1 6 2 1 4 7 5 1
split_gain=7.88346e+06 7.2997e+06 2.12587e+06 1.09166e+06 655923 505050 1.03352e+06 563668 708714 1.46705e+06 389313 246072 95222.9 67945.9 218745 12127.4
threshold=70868.500000000015 0.17020059730283604 24627.000000000004 0.34079229426713314 0.56505205340798936 17549.64770584663 13956.18840917876 46235.500000000007 7387.5125544820748 11.49094878481216 0.55662553940215431 10621.309512456515 3.2626666860657543 0.08708707792479202 0.42586730557949953 1926.3337192909112
decision_type=2 2 2 2 2 2 2 2 2 2 2 2 2 2 2 2
left_child=2 -2 10 -4 5 6 7 8 -5 11 12 -10 13 15 -15 -1
right_child=1 -3 3 4 -6 -7 -8 -9 9 -11 -12 -13 -14 14 -16 -17
leaf_value=-10.898803710937493 76.287192789713558 -5.5137248229980464 18.993255451747352 -14.031609863705095 15.091415100097658 -16.339565440586636 15.62834712437221 -21.017346191406251 -14.354426964124038 23.20814782778422 -27.769211463928226 0.66442466735839834 -19.153489532470704 -21.342434565226238 -8.7130431771278385 -7.9251060962677009
leaf_weight=6.0000000000000027 5.9999999999999982 5 6.9999999999999991 9.0000000000000053 4.9999999999999991 6.9999999999999991 6.9999999999999991 4.9999999999999991 6.0000000000000018 5.9999999999999991 4.9999999999999991 5 4.9999999999999991 5.9999999999999991 7.9999999999999991 7.9999999999999991
leaf_count=6 6 5 7 9 5 7 7 5 6 6 5 5 5 6 8 8
internal_value=-0.967047 39.105 -5.60696 0.50008 -2.08896 -3.9979 -1.72443 -5.6428 -2.68616 3.32026 -14.7675 -7.52768 -12.7976 -11.6626 -14.1256 -9.19955
internal_weight=106 11 95 57 50 45 38 31 26 17 38 11 33 28 14 14
internal_count=106 11 95 57 50 45 38 31 26 17 38 11 33 28 14 14
is_linear=0
shrinkage=0.05


Tree=63
num_leaves=16
num_cat=0
split_feature=1 0 5 4 2 1 5 6 2 4 4 5 3 4 4
split_gain=7.24253e+06 2.18263e+06 1.75314e+06 1.38927e+06 886641 3.90068e+06 722135 585289 351355 329816 114237 85938.7 72760.3 31590.1 42872.8
threshold=39566.250451175925 24627.000000000004 0.33597815644353413 2.6272356579924998 0.35245113372703452 13301.812676166339 0.41781195714099434 11.49094878481216 0.55662553940215431 2.4246638699485072 2.0660216113510246 0.30656309121883385 4.5000000000000009 2.5450332819636068 2.7535771856059377
decision_type=2 2 2 2 2 2 2 2 2 2 2 2 2 2 2
left_child=1 8 -3 4 5 9 -6 -5 11 10 -4 -1 13 -13 -15
right_child=-2 2 3 7 6 -7 -8 -9 -10 -11 -12 12 -14 14 -16
leaf_value=-18.195814971923831 44.824885129928589 24.802959278651649 -0.49145400183541388 -27.479745610555018 -22.58564163208008 47.946555480957038 1.1137376149495444 -6.198252868652343 -26.380751380920415 8.7144246419270832 -9.2377510309219364 -6.4320337295532157 -15.109493494033813 -12.830686781141493 -7.0561325836181643
leaf_weight=4.9999999999999991 7.9999999999999991 6.9999999999999991 7.0000000000000062 5.9999999999999982 4.9999999999999991 4.9999999999999991 8.9999999999999982 7 4.9999999999999991 5.9999999999999991 7.9999999999999991 6.0000000000000062 7.9999999999999991 8.9999999999999982 4.9999999999999991
leaf_count=5 8 7 7 6 5 5 9 7 5 6 8 6 8 9 5
internal_value=-0.918695 -4.65287 1.28545 -1.82064 2.79431 8.25681 -7.35033 -16.0205 -14.0292 -1.19313 -5.15615 -12.1577 -11.0795 -9.46745 -10.7683
internal_weight=106 98 60 53 40 26 14 13 38 21 15 33 28 20 14
internal_count=106 98 60 53 40 26 14 13 38 21 15 33 28 20 14
is_linear=0
shrinkage=0.05


Tree=64
num_leaves=17
num_cat=0
split_feature=1 0 5 4 1 4 6 7 1 0 1 4 7 1 1 1
split_gain=6.53638e+06 1.96982e+06 1.58221e+06 1.25382e+06 801726 1.35617e+06 528223 364900 700446 340263 269475 88475.2 232357 92434.3 60750.3 33434.6
threshold=39566.250451175925 24627.000000000004 0.33597815644353413 2.6272356579924998 15719.604082849797 2.3934212238621493 11.49094878481216 0.14029013502643015 7607.5887173799301 6414.0000000000009 12221.392818450666 2.3481496299525113 0.077356522101407768 6093.7564319131534 8587.5259268539885 2608.015573342022
decision_type=2 2 2 2 2 2 2 2 2 2 2 2 2 2 2 2
left_child=1 9 -3 4 7 -6 -5 8 -4 -1 14 13 15 -11 -9 -13
right_child=-2 2 3 6 5 -7 -8 10 -10 11 -12 12 -14 -15 -16 -17
leaf_value=-22.489931583404541 42.583642369508745 23.562811170305526 -10.051720132827754 -26.105758539835616 27.807490975516188 -4.5872325897216788 -5.8883405412946423 1.1797059249877933 14.450983238220212 -11.267653056553428 -16.933838500976563 -11.589432601928706 -20.222776194981165 -2.3665618705749512 -6.6145422363281243 -6.0533345540364571
leaf_weight=7.9999999999999991 7.9999999999999991 6.9999999999999991 5.0000000000000018 5.9999999999999982 6.9999999999999982 6 7 4.9999999999999982 7 7.0000000000000018 4.9999999999999991 5.0000000000000018 6.9999999999999991 5 5 6
leaf_count=8 8 7 5 6 7 6 7 5 7 7 5 5 7 5 5 6
internal_value=-0.87276 -4.42022 1.22118 -1.7296 2.6546 12.8561 -15.2195 -2.25723 4.24152 -13.3277 -7.45622 -10.8844 -13.1015 -7.55887 -2.71742 -8.56974
internal_weight=106 98 60 53 40 13 13 27 12 38 15 30 18 12 10 11
internal_count=106 98 60 53 40 13 13 27 12 38 15 30 18 12 10 11
is_linear=0
shrinkage=0.05


Tree=65
num_leaves=18
num_cat=0
split_feature=0 0 2 4 2 4 7 1 1 4 2 2 1 4 7 5 7
split_gain=1.02092e+07 2.07778e+06 1.09699e+06 977410 715728 1.28773e+06 1.22054e+06 1.18926e+06 1.04544e+06 926707 702740 509686 140043 117376 55917.2 203872 23132.6
threshold=87502.499999999985 24627.000000000004 0.51592895015361084 2.535545779047951 0.2994101109548431 2.7837997876371747 0.21467669911528109 9442.0625753316071 7387.5125544820748 2.8480664780767246 0.35245113372703452 0.50562705853824974 33902.646891508019 3.1962238028246612 0.10044078237494418 0.42586730557949953 0.046060019652292908
decision_type=2 2 2 2 2 2 2 2 2 2 2 2 2 2 2 2 2
left_child=1 11 4 12 5 6 7 8 -3 10 -6 13 -4 14 16 -16 -1
right_child=-2 2 3 -5 9 -7 -8 -9 -10 -11 -12 -13 -14 -15 15 -17 -18
leaf_value=-8.1438787460327102 55.892040371894836 -11.27300894941601 -0.2213436889648438 32.770680541992185 13.124961395263663 27.160776977539065 20.766050662994388 -27.824148559570315 18.661832199096676 -26.908886718750001 -10.770154285430909 -24.035046645573207 11.612634582519529 -16.177306785583497 -18.125002593994139 -5.5326665454440649 -3.8085293561220173
leaf_weight=5.0000000000000027 7.9999999999999991 7.0000000000000089 4.9999999999999982 4.9999999999999991 5.0000000000000027 4.9999999999999991 4.9999999999999991 4.9999999999999991 5 4.9999999999999991 7.9999999999999991 6.9999999999999991 5 4.9999999999999991 4.9999999999999991 8.9999999999999982 7.9999999999999991
leaf_count=5 8 7 5 5 5 5 5 5 5 5 8 7 5 5 5 9 8
internal_value=1.56111 -2.82927 3.01067 14.7207 -0.892653 4.25598 -0.949654 -7.33663 1.19984 -8.6156 -1.57973 -11.8138 5.69565 -9.14041 -7.83728 -10.0299 -5.47597
internal_weight=107 99 60 15 45 27 22 17 12 18 13 39 10 32 27 14 13
internal_count=107 99 60 15 45 27 22 17 12 18 13 39 10 32 27 14 13
is_linear=0
shrinkage=0.05


Tree=66
num_leaves=18
num_cat=0
split_feature=0 0 2 7 2 4 7 7 5 4 2 2 0 4 7 5 6
split_gain=9.21383e+06 1.8752e+06 999201 813909 719656 1.16217e+06 1.10154e+06 868417 918357 768943 740278 459992 322179 105932 50465.3 183994 20877.2
threshold=87502.499999999985 24627.000000000004 0.50562705853824974 0.11014458600331878 0.2994101109548431 2.7837997876371747 0.21467669911528109 0.08708707792479202 0.43118641632164573 2.8480664780767246 0.35245113372703452 0.50562705853824974 58162.500000000022 3.1962238028246612 0.10044078237494418 0.42586730557949953 15.389639996462732
decision_type=2 2 2 2 2 2 2 2 2 2 2 2 2 2 2 2 2
left_child=1 11 4 -4 5 6 7 -3 -9 10 -6 13 -5 14 16 -16 -1
right_child=-2 2 3 12 9 -7 -8 8 -10 -11 -12 -13 -14 -15 15 -17 -18
leaf_value=-3.6181029319763169 53.097438097000122 8.331582768758123 30.286885375976563 -3.41654396057129 12.468712692260738 25.802738647460941 19.727748675346376 -31.141959991455082 -2.1277014533678691 -25.563441619873046 -12.721054186139787 -22.833294405255998 13.768645095825192 -15.368441734313965 -17.218752441406249 -5.2560331556532125 -7.7366847229003914
leaf_weight=8.0000000000000018 7.9999999999999991 6.0000000000000098 4.9999999999999991 4.9999999999999982 5.0000000000000018 4.9999999999999991 4.9999999999999991 4.9999999999999982 6 4.9999999999999991 7 6.9999999999999991 6 4.9999999999999991 4.9999999999999991 8.9999999999999982 4.9999999999999991
leaf_count=8 8 6 5 5 5 5 5 5 6 5 7 7 6 5 5 9 5
internal_value=1.48305 -2.68781 2.86014 13.5602 -1.0308 4.04318 -0.902171 -6.96979 -15.316 -9.08947 -2.22532 -11.2231 5.9572 -8.68339 -7.44542 -9.52843 -5.20217
internal_weight=107 99 60 16 44 27 22 17 11 17 12 39 11 32 27 14 13
internal_count=107 99 60 16 44 27 22 17 11 17 12 39 11 32 27 14 13
is_linear=0
shrinkage=0.05


Tree=67
num_leaves=18
num_cat=0
split_feature=0 0 4 4 2 0 4 1 1 6 0 6 6 6 7 4 4
split_gain=8.31548e+06 1.72015e+06 790108 3.33474e+06 622221 515362 718499 465951 626635 298539 332933 256261 194262 77705.9 115173 109390 23321.3
threshold=87502.499999999985 21486.000000000011 3.1962238028246612 2.934351799697287 0.45754712422382926 53055.999999999993 2.6272356579924998 22348.395371591363 33902.646891508019 5.7811278719123775 43685.500000000007 12.377843983455618 10.485838715812053 10.485838715812053 0.10044078237494418 3.1962238028246612 2.6969315988360472
decision_type=2 2 2 2 2 2 2 2 2 2 2 2 2 2 2 2 2
left_child=1 4 3 5 13 6 9 -7 -9 -3 11 12 -11 -1 15 16 -15
right_child=-2 2 -4 -5 -6 7 -8 8 -10 10 -12 -13 -14 14 -16 -17 -18
leaf_value=-3.9291195551554341 50.442564868927008 -11.292047157287598 -17.001311035156249 42.797349853515627 -28.121397552490237 20.572695617675784 -18.70763626098633 -10.637576293945315 14.395100402832028 -3.4766645252704573 10.639278221130372 -10.084045600891114 7.5421302318572998 -7.6603851454598502 -17.019170074462892 -14.600018863677981 -3.1894043731689448
leaf_weight=6.0000000000000027 7.9999999999999991 4.9999999999999991 4.9999999999999991 4.9999999999999991 4.9999999999999991 4.9999999999999991 5.9999999999999991 4.9999999999999982 5 8.0000000000000089 7.9999999999999991 5.9999999999999991 7.9999999999999991 7.0000000000000053 4.9999999999999991 4.9999999999999991 5
leaf_count=6 8 5 5 5 5 5 6 5 5 8 8 6 8 7 5 5 5
internal_value=1.4089 -2.55342 2.10695 3.6732 -11.8742 0.179977 -2.72128 8.11007 1.87876 0.0192412 1.90446 -1.27184 2.03273 -8.97287 -10.3484 -8.38646 -5.79748
internal_weight=107 99 66 61 33 56 41 15 10 35 30 22 16 28 22 17 12
internal_count=107 99 66 61 33 56 41 15 10 35 30 22 16 28 22 17 12
is_linear=0
shrinkage=0.05


Tree=68
num_leaves=18
num_cat=0
split_feature=0 0 1 5 5 2 1 1 6 4 5 0 2 2 2 4 0
split_gain=7.50472e+06 1.55244e+06 730298 877151 1.61161e+06 561555 501644 925568 504061 738532 473042 85357.3 76712.4 137277 80476.9 70282.6 34236.6
threshold=87502.499999999985 21486.000000000011 31062.671928726599 0.32753374163484317 0.35922375171208942 0.45754712422382926 22348.395371591363 13956.18840917876 13.043294761977926 2.5278384386296175 0.42201395357088417 29586.000000000004 0.28437702154139949 0.33522895219823584 0.24472592425180703 2.3696226992571545 8615.0000000000073
decision_type=2 2 2 2 2 2 2 2 2 2 2 2 2 2 2 2 2
left_child=1 5 3 -3 -5 12 7 8 9 11 -4 -6 14 -14 16 -13 -1
right_child=-2 2 10 4 6 -7 -8 -9 -10 -11 -12 15 13 -15 -16 -17 -18
leaf_value=-11.296563405990597 47.9204384803772 -20.206372070312501 25.322725372314459 24.022318594796317 -6.6069451332092193 -26.715326919555665 -16.717151794433594 14.167921574910483 8.8481522242228205 -22.546506118774417 3.5732002258300777 4.1043642481168119 -0.95608801841735858 -11.262704404195148 -16.139982528686524 -3.9222010040283197 -5.4453587722778316
leaf_weight=5.0000000000000018 7.9999999999999991 4.9999999999999991 4.9999999999999982 6.9999999999999991 7.0000000000000098 4.9999999999999991 4.9999999999999991 8.9999999999999982 5.9999999999999991 5.9999999999999991 5 5.9999999999999982 6.9999999999999982 6 4.9999999999999991 5 5
leaf_count=5 8 5 5 7 7 5 5 9 6 6 5 6 7 6 5 5 5
internal_value=1.33845 -2.42575 2.00161 -0.220958 1.7384 -11.2805 -1.80677 0.104814 -4.11412 -7.35469 14.448 -2.29075 -8.52423 -5.71299 -10.9606 0.455925 -8.37096
internal_weight=107 99 66 56 51 33 44 39 30 24 10 18 28 13 15 11 10
internal_count=107 99 66 56 51 33 44 39 30 24 10 18 28 13 15 11 10
is_linear=0
shrinkage=0.05


Tree=69
num_leaves=17
num_cat=0
split_feature=0 0 5 5 0 5 1 1 6 0 6 1 6 1 6 7
split_gain=6.77301e+06 1.40107e+06 662534 2.91034e+06 449506 658743 431490 536354 277560 299801 240544 224266 184903 129841 60102.9 100131
threshold=87502.499999999985 21486.000000000011 0.31286958373127377 0.34079229426713314 53055.999999999993 0.38063547960389132 22348.395371591363 33902.646891508019 5.7811278719123775 43685.500000000007 12.377843983455618 6411.94674379548 10.485838715812053 4405.9086795478224 15.896966433889316 0.058358282577577782
decision_type=2 2 2 2 2 2 2 2 2 2 2 2 2 2 2 2
left_child=1 11 -3 -4 5 -5 -6 -8 -7 10 12 13 -10 14 15 -1
right_child=-2 2 3 4 6 8 7 -9 9 -11 -12 -13 -14 -15 -16 -17
leaf_value=-4.598113501071925 45.524415969848633 -15.596216735839844 39.885648498535161 -17.944320297241212 19.471409606933594 -10.919708213806153 -10.097633438110353 13.061695098876951 -3.3828408360481221 10.093502187728882 -9.7471187591552741 -18.660304151262558 7.3672550678253179 -3.7215430365668407 -15.174047040939332 -14.178653717041014
leaf_weight=6.0000000000000053 7.9999999999999991 4.9999999999999991 4.9999999999999991 5.9999999999999991 4.9999999999999991 4.9999999999999991 4.9999999999999982 5 8.0000000000000089 7.9999999999999991 5.9999999999999991 6.9999999999999991 7.9999999999999991 8.9999999999999982 5.9999999999999991 5
leaf_count=6 8 5 5 6 5 5 5 5 8 8 6 7 8 9 6 5
internal_value=1.27153 -2.30446 1.90153 3.33577 0.0723841 -2.63717 7.47849 1.48203 -0.0130835 1.80469 -1.20943 -10.7164 1.99221 -8.5777 -11.1486 -8.9529
internal_weight=107 99 66 61 56 41 15 10 35 30 22 33 16 26 17 11
internal_count=107 99 66 61 56 41 15 10 35 30 22 33 16 26 17 11
is_linear=0
shrinkage=0.05


Tree=70
num_leaves=18
num_cat=0
split_feature=1 0 4 6 5 5 1 0 6 1 6 6 6 4 0 5 4
split_gain=4.1835e+06 1.32892e+06 1.62325e+06 2.35234e+06 2.87513e+06 1.62869e+06 1.35826e+06 348431 326556 296628 338858 329243 292138 227316 83921.3 75079.8 9972.41
threshold=62105.199800608134 33369.000000000007 2.3696226992571545 10.191971975417099 0.38063547960389132 0.31286958373127377 17549.64770584663 18132.499999999996 12.796655641163168 6093.7564319131534 10.883215456439848 9.8202207392153866 7.6506066014448839 2.5278384386296175 24627.000000000004 0.30656309121883385 2.7451911326668745
decision_type=2 2 2 2 2 2 2 2 2 2 2 2 2 2 2 2 2
left_child=1 7 -3 4 -4 -5 -7 8 -1 10 -9 14 -6 -13 -11 -10 -17
right_child=-2 2 3 5 12 6 -8 9 15 11 -12 13 -14 -15 -16 16 -18
leaf_value=-19.703105333116312 40.242630958557129 22.764610841539174 -46.793027801513674 -14.816406860351552 -9.9915309143066438 5.0286801656087246 34.395153154645648 -1.6238853613535564 -12.878094234466554 -2.9368799209594716 -17.816830471583774 11.648632780710859 6.3728516896565743 -2.1147390047709145 -12.097736630439757 -7.1378454029560103 -4.1143739064534506
leaf_weight=9.0000000000000018 5.9999999999999991 8.9999999999999982 4.9999999999999991 5.0000000000000027 4.9999999999999982 8.9999999999999982 6.9999999999999991 5.9999999999999982 4.9999999999999991 5.0000000000000018 7 5.9999999999999982 6 6 5 4.9999999999999982 6
leaf_count=9 6 9 5 5 5 9 7 6 5 5 7 6 6 6 5 5 6
internal_value=-0.374384 -2.67346 3.72039 -0.911987 -15.3554 10.0925 17.8765 -7.57541 -12.0838 -4.35517 -10.3432 -0.816805 -1.0655 4.76695 -7.51731 -7.79787 -5.48868
internal_weight=112 106 46 37 16 21 16 60 25 35 13 22 11 12 10 16 11
internal_count=112 106 46 37 16 21 16 60 25 35 13 22 11 12 10 16 11
is_linear=0
shrinkage=0.05


Tree=71
num_leaves=18
num_cat=0
split_feature=1 0 4 0 6 5 5 1 0 7 1 7 7 5 0 4 5
split_gain=3.77561e+06 1.19935e+06 1.49592e+06 3.0548e+06 2.5913e+06 2.14708e+06 1.46989e+06 1.22583e+06 314459 294717 267707 305819 297142 205153 75739 67759.5 9000.1
threshold=62105.199800608134 33369.000000000007 2.3934212238621493 50610.999999999993 10.191971975417099 0.38063547960389132 0.31286958373127377 17549.64770584663 18132.499999999996 0.08708707792479202 6093.7564319131534 0.11928437684421113 0.14029013502643015 0.42201395357088417 24627.000000000004 3.2626666860657543 0.37079327361855535
decision_type=2 2 2 2 2 2 2 2 2 2 2 2 2 2 2 2 2
left_child=1 8 3 -3 5 -4 -6 -8 9 15 11 -10 13 -12 -14 16 -1
right_child=-2 2 4 -5 6 -7 7 -9 10 -11 12 -13 14 -15 -16 -17 -18
leaf_value=-3.9086550633112553 38.230499267578125 -4.4352952957153331 -44.453376770019531 48.481917419433586 -14.075586471557608 -3.5883232964409721 4.7772464328342013 32.675396074567523 -16.92598889214652 -18.717949888441296 -2.0090020815531404 -1.5426909446716308 -2.7900357437133798 11.066201329231262 -11.492850055694579 -12.234189155101777 -6.7809531116485591
leaf_weight=6.0000000000000053 5.9999999999999991 5.9999999999999982 4.9999999999999991 5 5.0000000000000027 8.9999999999999982 8.9999999999999982 6.9999999999999991 6.9999999999999982 8.9999999999999982 6.0000000000000018 6 4.9999999999999982 6 5 4.9999999999999991 5
leaf_count=6 6 6 5 5 5 9 9 7 7 9 6 6 5 6 5 5 5
internal_value=-0.355664 -2.53979 3.53437 19.618 -1.52048 -18.183 9.58786 16.9827 -7.19664 -11.4796 -4.13741 -9.82601 -0.775965 4.5286 -7.14144 -7.40798 -5.21425
internal_weight=112 106 46 11 35 14 21 16 60 25 35 13 22 12 10 16 11
internal_count=112 106 46 11 35 14 21 16 60 25 35 13 22 12 10 16 11
is_linear=0
shrinkage=0.05


Tree=72
num_leaves=18
num_cat=0
split_feature=1 1 2 4 2 6 6 1 4 7 1 7 7 1 6 2 2
split_gain=3.40748e+06 1.04542e+06 3.4555e+06 1.34977e+06 1.03816e+06 2.42171e+06 266195 1.09889e+06 684250 559807 375220 423796 250382 221947 157073 136592 52925.7
threshold=62105.199800608134 15719.604082849797 0.30882258029930471 3.0121539584389425 0.75904576824017289 7.6506066014448839 10.191971975417099 7387.5125544820748 2.7535771856059377 0.08708707792479202 7387.5125544820748 0.18776678944947769 0.05467668294401349 5451.4444842065941 16.260692376199078 0.23674119032890859 0.40053970387469134
decision_type=2 2 2 2 2 2 2 2 2 2 2 2 2 2 2 2 2
left_child=1 6 -3 4 5 -4 10 12 9 -9 13 -12 14 -1 -8 -14 -13
right_child=-2 2 3 -5 -6 -7 7 8 -10 -11 11 16 15 -15 -16 -17 -18
leaf_value=-9.0093781312306689 36.318974812825523 43.319197692871093 -6.8973953247070234 -22.847108459472658 -15.843661499023439 32.314761516026088 1.2129890441894526 26.564071273803719 -8.099843597412109 3.9111154238382975 -25.027352142333985 -4.5812098503112804 -18.486976787022183 5.2542667186260212 -9.0428846597671519 -9.1743359035915812 -11.856215820312499
leaf_weight=6.0000000000000018 5.9999999999999991 4.9999999999999991 9.0000000000000089 5.9999999999999991 4.9999999999999991 6.9999999999999991 7.0000000000000027 4.9999999999999982 4.9999999999999991 6 5.9999999999999991 4.9999999999999982 6.9999999999999991 5 7.9999999999999991 8.9999999999999982 5
leaf_count=6 6 5 9 6 5 7 7 5 5 6 6 5 7 5 8 9 5
internal_value=-0.337881 -2.4128 5.13818 -1.93238 4.04326 10.2579 -5.67809 -3.40515 7.23674 14.2079 -9.63467 -14.522 -8.89774 -2.5259 -4.25681 -13.2486 -8.21871
internal_weight=112 106 32 27 21 16 74 47 16 11 27 16 31 11 15 16 10
internal_count=112 106 32 27 21 16 74 47 16 11 27 16 31 11 15 16 10
is_linear=0
shrinkage=0.05


Tree=73
num_leaves=18
num_cat=0
split_feature=1 0 4 0 6 5 4 1 0 6 4 1 1 0 6 2 4
split_gain=3.07525e+06 992836 1.32186e+06 2.68193e+06 2.27026e+06 1.93414e+06 1.16974e+06 994655 284583 352082 332764 309339 254032 217138 161437 153137 36208
threshold=62105.199800608134 33369.000000000007 2.3934212238621493 50610.999999999993 10.191971975417099 0.38063547960389132 3.1962238028246612 17549.64770584663 11010.999999999998 14.53419826291236 2.4709768464156912 9833.536278827658 1580.3453037190059 20969.499999999993 10.883215456439848 0.35245113372703452 1.9905416946811754
decision_type=2 2 2 2 2 2 2 2 2 2 2 2 2 2 2 2 2
left_child=1 8 3 -3 5 -4 7 -6 12 10 11 14 -1 -12 15 16 -10
right_child=-2 2 4 -5 6 -7 -8 -9 9 -11 13 -13 -14 -15 -16 -17 -18
leaf_value=-7.5510384857654591 34.503026835123698 -4.184212875366212 -42.047206573486335 45.39835968017578 4.4824722290039025 -3.2614503648546007 -12.22945068359375 29.612669590541294 -2.8843122601509039 5.6266997746058873 -5.5365857410430923 6.5204037984212242 -21.917690811157225 -19.179090881347655 -13.281849098205567 -9.9796964645385753 3.1329999732971188
leaf_weight=7.9999999999999982 5.9999999999999991 5.9999999999999982 4.9999999999999991 5 9.0000000000000053 8.9999999999999982 4.9999999999999991 6.9999999999999991 5.0000000000000089 6.9999999999999991 4.9999999999999982 5.9999999999999991 5 7 5.9999999999999991 5.9999999999999991 5
leaf_count=8 6 6 5 5 9 9 5 7 5 7 5 6 5 7 6 6 5
internal_value=-0.320987 -2.29216 3.23437 18.3533 -1.5173 -17.1135 8.88018 15.4769 -6.52916 -4.71815 -6.5285 -3.54298 -13.0767 -13.4947 -6.28754 -3.66467 0.124344
internal_weight=112 106 46 11 35 14 21 16 60 47 40 28 13 12 22 16 10
internal_count=112 106 46 11 35 14 21 16 60 47 40 28 13 12 22 16 10
is_linear=0
shrinkage=0.05


Tree=74
num_leaves=18
num_cat=0
split_feature=0 0 6 6 4 6 0 2 6 5 0 6 6 6 2 2 0
split_gain=2.86155e+06 974221 1.54245e+06 1.42875e+06 1.26437e+06 557994 312597 270387 245901 346913 282848 440715 313407 271144 142277 53929.1 41457.5
threshold=91530 43685.500000000007 9.1127472625752919 11.998065177793462 2.4420260066434127 7.1676944068471782 18132.499999999996 0.33522895219823584 14.53419826291236 0.37079327361855535 31244.499999999993 12.377843983455618 9.8202207392153866 9.4306243500006861 0.27702064154860279 0.22093611501468283 23817.000000000018
decision_type=2 2 2 2 2 2 2 2 2 2 2 2 2 2 2 2 2
left_child=1 6 4 -4 5 -3 7 14 9 -8 11 12 16 -12 15 -1 -11
right_child=-2 2 3 -5 -6 -7 8 -9 -10 10 13 -13 -14 -15 -16 -17 -18
leaf_value=-7.0534659249441907 33.287315114339194 17.338963012695302 29.084905073377811 0.044276618957519533 -22.178583635602678 -6.2829360961914054 -16.822184925079348 -19.270852025349939 6.3564879894256592 -4.8095230738321888 -3.8539329910278326 -17.4006768544515 4.969567131996155 12.612502746582031 -0.72674913406372077 -13.513410600026447 -10.974157874584197
leaf_weight=7.0000000000000053 5.9999999999999991 5.0000000000000018 9.0000000000000018 7.9999999999999991 6.9999999999999991 5 4.9999999999999991 5.9999999999999991 5.9999999999999991 6.0000000000000053 4.9999999999999982 5.9999999999999991 8.9999999999999982 5 5.9999999999999991 6 5
leaf_count=7 6 5 9 8 7 5 5 6 6 6 5 6 9 5 6 6 5
internal_value=-0.304938 -2.20639 4.76907 15.4187 -5.88059 5.52801 -5.50035 -10.0176 -3.09755 -4.48107 -2.76703 -5.51561 -1.95009 4.37928 -7.09554 -10.035 -7.61163
internal_weight=112 106 34 17 17 10 72 25 47 41 36 26 20 10 19 13 11
internal_count=112 106 34 17 17 10 72 25 47 41 36 26 20 10 19 13 11
is_linear=0
shrinkage=0.05


Tree=75
num_leaves=20
num_cat=0
split_feature=1 4 0 6 4 0 1 2 1 1 2 2 7 7 7 0 2 2 6
split_gain=4.15601e+06 726944 736379 517680 2.95174e+06 2.43376e+06 1.24492e+06 813774 572330 690359 500533 476029 450461 339812 173878 115153 50268.6 34324.2 23678.6
threshold=62105.199800608134 3.3769844207411572 20969.499999999993 9.8202207392153866 2.6272356579924998 66429.000000000015 31062.671928726599 0.35245113372703452 16516.706392829426 7387.5125544820748 0.33522895219823584 0.27702064154860279 0.08708707792479202 0.25299665001172827 0.11014458600331878 29586.000000000004 0.2994101109548431 0.24472592425180703 15.389639996462732
decision_type=2 2 2 2 2 2 2 2 2 2 2 2 2 2 2 2 2 2 2
left_child=1 2 10 4 6 8 7 11 9 15 14 17 -11 -9 16 -5 18 -4 -1
right_child=-2 -3 3 5 -6 -7 -8 13 -10 12 -12 -13 -14 -15 -16 -17 -18 -19 -20
leaf_value=-2.3512300872802689 42.858418960571292 -20.678587468465171 -4.0464621861775676 -2.4997048234939547 -39.945235900878913 36.574636840820311 24.281546630859378 -22.975464630126957 -14.885080591837564 19.707096672058107 -21.076709284101213 17.109736480712893 2.0203717337714302 -5.3262739499409992 -13.124633495012919 -13.230639343261718 0.98794765472412116 1.5628027725219724 -6.8563288007463727
leaf_weight=5.0000000000000089 4.9999999999999991 5.9999999999999991 6.0000000000000053 5.0000000000000053 4.9999999999999991 4.9999999999999991 4.9999999999999991 4.9999999999999982 5.9999999999999991 5.9999999999999991 6.9999999999999991 4.9999999999999991 8.9999999999999982 6 5.9999999999999991 5 4.9999999999999991 5 7
leaf_count=5 5 6 6 5 5 5 5 5 6 6 7 5 9 6 6 5 5 5 7
internal_value=-1.71586 -3.76055 -2.77503 -0.0648299 -4.21809 4.2038 1.36427 -2.87967 -1.0173 2.31097 -9.36985 4.31775 9.09506 -13.3486 -5.80689 -7.86517 -3.22416 -1.4968 -4.9792
internal_weight=114 109 103 73 37 36 32 27 31 25 30 16 15 11 23 10 17 11 12
internal_count=114 109 103 73 37 36 32 27 31 25 30 16 15 11 23 10 17 11 12
is_linear=0
shrinkage=0.05


Tree=76
num_leaves=19
num_cat=0
split_feature=0 5 4 0 2 0 2 0 2 0 5 0 2 0 6 2 0 4
split_gain=4.07806e+06 649310 804148 765836 574040 508373 770206 668405 500592 426473 330251 433106 217887 401144 196884 194075 112535 53949.3
threshold=91530 0.29614888529253236 2.9765045141594961 27800.999999999996 0.90942970609434792 50610.999999999993 0.38140948671013492 46235.500000000007 0.52592071588983369 43685.500000000007 0.36427410282794453 31244.499999999993 0.23674119032890859 20969.499999999993 10.485838715812053 0.33522895219823584 21486.000000000011 2.3481496299525113
decision_type=2 2 2 2 2 2 2 2 2 2 2 2 2 2 2 2 2 2
left_child=1 -1 4 -4 5 7 -7 9 -8 10 -3 12 16 15 -15 -14 -12 -16
right_child=-2 2 3 -5 -6 6 8 -9 -10 -11 11 -13 13 14 17 -17 -18 -19
leaf_value=-19.644658041000369 42.524195861816409 -16.187770016988122 -1.990885416666667 24.504711303710934 -20.726588897705081 15.741930770874019 -16.259470825195319 -22.863423995971683 6.1144479370117182 10.139058685302736 -7.5087817192077653 6.1828019248114696 -5.6387479543685926 -4.4351034906175384 9.4310708999633803 -18.196057586669919 -17.330099182128905 2.0860545730590818
leaf_weight=5.9999999999999991 4.9999999999999991 5.9999999999999991 5.9999999999999982 5 4.9999999999999991 8.0000000000000018 4.9999999999999982 4.9999999999999991 5 4.9999999999999991 6.9999999999999982 8.9999999999999982 7.9999999999999982 9.0000000000000018 4.9999999999999982 5 5 5
leaf_count=6 5 6 6 5 5 8 5 5 5 5 7 9 8 9 5 5 5 5
internal_value=-1.63006 -3.65549 -2.72408 10.0526 -4.25172 -3.30489 4.17835 -5.25704 -5.07251 -3.88154 -5.06973 -3.81108 -5.85529 -3.70064 0.929984 -10.4685 -11.601 5.75856
internal_weight=114 109 103 11 92 87 18 69 10 64 59 53 44 32 19 13 12 10
internal_count=114 109 103 11 92 87 18 69 10 64 59 53 44 32 19 13 12 10
is_linear=0
shrinkage=0.05


Tree=77
num_leaves=20
num_cat=0
split_feature=1 4 0 6 4 0 1 2 1 1 2 2 7 7 7 6 2 3 6
split_gain=3.69605e+06 585688 581294 469073 2.7255e+06 2.12172e+06 1.11461e+06 687589 498618 582059 422777 422401 421669 316177 158121 96603.8 45414.5 36358.1 19665.5
threshold=62105.199800608134 3.3769844207411572 20969.499999999993 9.8202207392153866 2.6272356579924998 66429.000000000015 31062.671928726599 0.35245113372703452 16516.706392829426 7387.5125544820748 0.33522895219823584 0.27702064154860279 0.08708707792479202 0.25299665001172827 0.11014458600331878 12.377843983455618 0.2994101109548431 4.5000000000000009 15.389639996462732
decision_type=2 2 2 2 2 2 2 2 2 2 2 2 2 2 2 2 2 2 2
left_child=1 2 10 4 6 8 7 11 9 15 14 17 -11 -9 16 -5 18 -4 -1
right_child=-2 -3 3 5 -6 -7 -8 13 -10 12 -12 -13 -14 -15 -16 -17 -18 -19 -20
leaf_value=-1.9872876548767051 40.486809806823736 -18.662424993515014 -4.2746794382731075 -2.3188598513603185 -38.468374023437505 34.103566894531255 22.911168060302735 -21.6983676147461 -13.939820607503258 18.607264645894372 -19.210746519906181 15.876573486328125 1.4951146867540148 -4.6740121841430655 -12.155296993255616 -12.147580642700193 1.2894990921020508 1.4983824062347411 -6.0929145949227461
leaf_weight=5.0000000000000089 4.9999999999999991 5.9999999999999991 6.0000000000000053 5.0000000000000053 4.9999999999999991 4.9999999999999991 4.9999999999999991 4.9999999999999982 5.9999999999999991 5.9999999999999991 6.9999999999999991 4.9999999999999991 8.9999999999999982 6 5.9999999999999991 5 4.9999999999999991 5 7
leaf_count=5 5 6 6 5 5 5 5 5 6 6 7 5 9 6 6 5 5 5 7
internal_value=-1.54856 -3.47679 -2.59219 -0.184232 -4.13771 3.87906 1.22646 -2.78923 -0.995855 2.1107 -8.45155 3.82667 8.33997 -12.4124 -5.17701 -7.23322 -2.71408 -1.65056 -4.38224
internal_weight=114 109 103 73 37 36 32 27 31 25 30 16 15 11 23 10 17 11 12
internal_count=114 109 103 73 37 36 32 27 31 25 30 16 15 11 23 10 17 11 12
is_linear=0
shrinkage=0.05


Tree=78
num_leaves=20
num_cat=0
split_feature=0 2 4 0 6 4 0 0 3 0 2 5 0 2 6 1 3 0 0
split_gain=3.61982e+06 619693 586632 647810 673401 1.54036e+06 654482 608664 233330 172165 193997 130011 224446 334117 128588 33942.1 61142.6 33245.7 61105.5
threshold=91530 0.90942970609434792 3.3769844207411572 50610.999999999993 9.1127472625752919 2.4420260066434127 46235.500000000007 43685.500000000007 3.5000000000000004 18132.499999999996 0.32534461537208209 0.36427410282794453 31244.499999999993 0.23674119032890859 11.49094878481216 9833.536278827658 5.5000000000000009 11010.999999999998 6414.0000000000009
decision_type=2 2 2 2 2 2 2 2 2 2 2 2 2 2 2 2 2 2 2
left_child=1 2 3 6 5 -5 7 9 -6 10 17 -11 13 -13 15 16 -15 18 -1
right_child=-2 -3 -4 4 8 -7 -8 -9 -10 11 -12 12 -14 14 -16 -17 -18 -19 -20
leaf_value=-2.8265817260742154 40.128503417968751 -20.573358726501468 -17.729304416974387 14.704029846191402 23.188870239257817 -22.87254730224609 -21.239144668579101 12.715391921997071 7.9137135314941389 -9.0252525826295216 -16.252832107543949 -13.750104014078767 5.8059830347696941 -1.2960644404093413 4.6173576831817629 0.26940876007080078 -8.7825417900085441 -2.0272383371988933 -10.643580360412596
leaf_weight=5.0000000000000053 4.9999999999999991 4.9999999999999991 5.9999999999999991 6.0000000000000018 4.9999999999999982 5 4.9999999999999991 5.9999999999999991 5 5.9999999999999991 4.9999999999999991 6.0000000000000027 8.9999999999999982 6.0000000000000053 7.9999999999999991 4.9999999999999991 5 5.9999999999999991 5
leaf_count=5 5 5 6 6 5 5 5 6 5 6 5 6 9 6 8 5 5 6 5
internal_value=-1.47113 -3.37937 -2.55274 -1.62356 6.16068 -2.37623 -3.74654 -2.53177 15.5513 -3.91788 -7.65611 -2.17337 -1.11923 -3.19679 -0.558466 -3.14638 -4.69901 -4.96964 -6.73508
internal_weight=114 109 104 98 21 11 77 72 10 66 21 45 39 30 24 16 11 16 10
internal_count=114 109 104 98 21 11 77 72 10 66 21 45 39 30 24 16 11 16 10
is_linear=0
shrinkage=0.05


Tree=79
num_leaves=18
num_cat=0
split_feature=1 4 0 7 4 0 2 2 1 1 0 1 2 0 2 2 4
split_gain=3.29257e+06 471514 481962 843861 747977 1.14069e+06 652706 598970 434613 639288 189945 541465 294664 244783 72353.7 102730 43412.5
threshold=62105.199800608134 3.3769844207411572 18132.499999999996 0.05467668294401349 2.7451911326668745 62016 0.28437702154139949 0.33522895219823584 22348.395371591363 13956.18840917876 29848.500000000004 8587.5259268539885 0.24878814255985207 43685.500000000007 0.28965910529666361 0.22093611501468283 2.0660216113510246
decision_type=2 2 2 2 2 2 2 2 2 2 2 2 2 2 2 2 2
left_child=1 2 7 -4 5 8 -6 14 9 10 12 -12 -5 -13 15 -1 -14
right_child=-2 -3 3 4 6 -7 -8 -9 -10 -11 11 13 16 -15 -16 -17 -18
leaf_value=-1.9916810671488425 38.27710281372071 -16.842838629086813 19.255555658340455 -17.086649971008288 2.095574645996094 19.417126137869701 -20.435746155844797 -24.199097595214845 -13.651625714983261 11.696418507893881 9.4089559078216514 1.0427247238159181 0.78925126075744634 -13.936730194091794 0.54104112625122081 -11.244137057537833 -5.0215410232543949
leaf_weight=6.0000000000000053 4.9999999999999991 5.9999999999999991 4.9999999999999991 5.0000000000000027 4.9999999999999991 6.9999999999999991 8.9999999999999982 4.9999999999999991 6.9999999999999991 8.9999999999999982 9.0000000000000018 4.9999999999999982 4.9999999999999991 6 4.9999999999999991 6 8.9999999999999982
leaf_count=6 5 6 5 5 5 7 9 5 7 9 9 5 5 6 5 6 9
internal_value=-1.39757 -3.21751 -2.42381 -0.641319 -1.95032 0.406762 -12.3888 -8.9866 -2.01274 -0.315401 -3.08736 0.313692 -6.66741 -7.12789 -4.51234 -6.61791 -2.94626
internal_weight=114 109 103 81 76 62 14 22 55 48 39 20 19 11 17 12 14
internal_count=114 109 103 81 76 62 14 22 55 48 39 20 19 11 17 12 14
is_linear=0
shrinkage=0.05


Tree=80
num_leaves=16
num_cat=0
split_feature=2 2 7 1 0 0 0 1 6 1 1 6 7 1 0
split_gain=638392 1.21118e+06 982191 701537 1.40423e+06 430852 876786 127567 315828 313857 200629 104119 164015 56121.7 26267.4
threshold=0.56505205340798936 0.51592895015361084 0.15165859421828662 24205.677865591173 54773.500000000007 46235.500000000007 43685.500000000007 5657.3230438461069 11.49094878481216 7387.5125544820748 9024.029416178264 9.8202207392153866 0.067318377819845662 6411.94674379548 8615.0000000000073
decision_type=2 2 2 2 2 2 2 2 2 2 2 2 2 2 2
left_child=1 3 -2 4 5 6 7 11 10 -10 13 -1 14 -9 -13
right_child=2 -3 -4 -5 -6 -7 -8 8 9 -11 -12 12 -14 -15 -16
leaf_value=0.57535253524780239 -27.255343961715699 18.092680644989013 -0.49378495216369633 -17.413443538120813 18.9718017578125 -15.930418395996094 18.196642227172852 3.1376686859130842 -4.5399312591552743 11.861914103371756 -10.78379429711236 -6.4590660572051952 -13.201405858993532 -3.7980565479823518 -2.4072640001773835
leaf_weight=5.0000000000000027 5.9999999999999991 7.9999999999999991 7.9999999999999991 6.9999999999999991 7.9999999999999991 5.9999999999999991 4.9999999999999991 5.0000000000000018 4.9999999999999982 7 8.9999999999999982 8.0000000000000053 7.9999999999999991 7 7.9999999999999991
leaf_count=5 6 8 8 7 8 6 5 5 5 7 9 8 8 7 8
internal_value=-1.98858 -0.53397 -11.963 -2.2273 -0.914919 -3.09429 -1.94478 -3.56909 -1.44298 5.02781 -5.14058 -5.98845 -7.35591 -0.908171 -4.43317
internal_weight=110 96 14 88 81 73 67 62 33 12 21 29 24 12 16
internal_count=110 96 14 88 81 73 67 62 33 12 21 29 24 12 16
is_linear=0
shrinkage=0.05


Tree=81
num_leaves=16
num_cat=0
split_feature=2 2 7 4 1 1 1 2 2 4 5 4 7 1 4
split_gain=576148 1.09309e+06 886428 647568 1.44563e+06 1.06491e+06 449050 275218 364147 177979 160641 108165 52212.7 146797 146596
threshold=0.56505205340798936 0.51592895015361084 0.15165859421828662 2.6272356579924998 16516.706392829426 13301.812676166339 7387.5125544820748 0.1816627865598146 0.23674119032890859 2.4924571051868147 0.36316424738755676 3.2626666860657543 0.14029013502643015 8587.5259268539885 2.2516050081241255
decision_type=2 2 2 2 2 2 2 2 2 2 2 2 2 2 2
left_child=1 3 -2 4 7 6 10 -1 -9 12 11 -5 14 -14 -10
right_child=2 -3 -4 5 -6 -7 -8 8 9 -11 -12 -13 13 -15 -16
leaf_value=7.6066679318745933 -25.892576265335084 17.188046741485596 -0.4690953016281128 3.9002841758727982 19.532721964518231 -22.320634290907119 11.179325256347656 -12.73099134763082 4.7421658992767286 6.4268272399902351 -10.507591046227351 -6.4999683761596678 1.3628386688232421 -9.558351302146912 -6.310590839385986
leaf_weight=5.9999999999999991 5.9999999999999991 7.9999999999999991 7.9999999999999991 5.0000000000000053 8.9999999999999982 8.9999999999999982 4.9999999999999991 8.9999999999999982 6.0000000000000053 5.9999999999999991 8.9999999999999982 5 4.9999999999999991 7.9999999999999991 6
leaf_count=6 6 8 8 5 9 9 5 9 6 6 9 5 5 8 6
internal_value=-1.88915 -0.507272 -11.3649 -2.11594 1.20643 -7.65321 -2.15292 -2.37915 -3.87703 -1.30652 -5.66141 -1.29984 -3.16253 -5.35789 -0.784212
internal_weight=110 96 14 88 55 33 24 46 40 31 19 10 25 13 12
internal_count=110 96 14 88 55 33 24 46 40 31 19 10 25 13 12
is_linear=0
shrinkage=0.05


Tree=82
num_leaves=17
num_cat=0
split_feature=2 2 1 1 0 0 0 1 6 1 5 6 7 6 5 0
split_gain=519974 986512 842863 623225 1.22797e+06 380581 763627 110620 284986 275167 181145 90302.8 142697 71681.8 38964.1 76343.8
threshold=0.56505205340798936 0.51592895015361084 52757.674236056024 24205.677865591173 54773.500000000007 46235.500000000007 43685.500000000007 5657.3230438461069 11.49094878481216 7387.5125544820748 0.42586730557949953 9.8202207392153866 0.090753606681850285 9.8202207392153866 0.40121061746896597 11010.999999999998
decision_type=2 2 2 2 2 2 2 2 2 2 2 2 2 2 2 2
left_child=1 3 -2 4 5 6 7 11 10 -10 -9 -1 14 -12 15 -13
right_child=2 -3 -4 -5 -6 -7 -8 8 9 -11 13 12 -14 -15 -16 -17
leaf_value=0.61320873975753742 -1.6523766411675347 16.32864513397217 -27.256284027099611 -16.323597717285157 17.823599433898927 -14.875249099731446 17.065997848510744 -11.346568298339839 -4.0787438201904305 11.278920091901506 -4.5940135955810559 -7.134444713592524 -14.28873519897461 2.6356468836466469 -8.5841544914245613 0.25008319701467235
leaf_weight=5.0000000000000027 8.9999999999999982 7.9999999999999991 4.9999999999999991 6.9999999999999991 7.9999999999999991 5.9999999999999991 4.9999999999999991 7.0000000000000027 4.9999999999999982 7 7.9999999999999982 7.0000000000000053 4.9999999999999991 6 4.9999999999999991 7
leaf_count=5 9 8 5 7 8 6 5 7 5 7 8 7 5 6 5 7
internal_value=-1.79469 -0.481908 -10.7966 -2.01014 -0.773174 -2.81118 -1.73081 -3.24668 -1.26683 4.87989 -4.77925 -5.49962 -6.77312 -1.49559 -4.79533 -3.44218
internal_weight=110 96 14 88 81 73 67 62 33 12 21 29 24 14 19 14
internal_count=110 96 14 88 81 73 67 62 33 12 21 29 24 14 19 14
is_linear=0
shrinkage=0.05


Tree=83
num_leaves=17
num_cat=0
split_feature=2 2 7 4 0 6 0 0 6 4 6 7 0 4 4 0
split_gain=469276 890327 803538 587511 663362 2.05773e+06 353241 677385 105116 255538 297177 282211 149275 79000.9 191128 39205.4
threshold=0.56505205340798936 0.51592895015361084 0.15165859421828662 3.1962238028246612 54773.500000000007 9.4306243500006861 46235.500000000007 43685.500000000007 14.53419826291236 2.6969315988360472 13.274265526549931 0.10044078237494418 17132.500000000004 2.3481496299525113 2.1883376604767633 29586.000000000004
decision_type=2 2 2 2 2 2 2 2 2 2 2 2 2 2 2 2
left_child=1 3 -2 4 6 -6 7 8 9 10 11 -1 -10 14 15 -13
right_child=2 -3 -4 -5 5 -7 -8 -9 12 -11 -12 13 -14 -15 -16 -17
leaf_value=8.0493609564644952 -24.088597520192465 15.512212181091309 0.11705145835876465 -14.013631513383656 -8.6240791320800803 31.279432169596351 -14.131486892700195 16.212697753906252 -4.4812077713012703 -14.696696604490279 -12.96667683919271 -6.525612636407212 7.7365943908691399 -7.7881578036717007 6.8495260620117193 -1.3077595710754395
leaf_weight=6.9999999999999991 5.9999999999999991 7.9999999999999991 7.9999999999999991 8.9999999999999982 6.9999999999999982 6 5.9999999999999991 4.9999999999999991 4.9999999999999982 4.9999999999999991 5.9999999999999991 9.0000000000000053 5 6.9999999999999991 4.9999999999999991 5.9999999999999991
leaf_count=7 6 8 8 9 7 6 6 5 5 5 6 9 5 7 5 6
internal_value=-1.70496 -0.457813 -10.2568 -1.90963 -0.530696 9.79293 -2.56414 -1.4074 -3.00923 -4.03966 -2.70753 -0.897089 1.62769 -3.21654 -1.61647 -4.43847
internal_weight=110 96 14 88 79 13 66 60 55 45 40 34 10 27 20 15
internal_count=110 96 14 88 79 13 66 60 55 45 40 34 10 27 20 15
is_linear=0
shrinkage=0.05


Tree=84
num_leaves=19
num_cat=0
split_feature=0 3 4 0 0 4 6 6 2 0 4 3 4 2 0 4 0 6
split_gain=424566 609767 867477 4.16048e+06 1.60686e+06 781157 207105 207824 255803 378845 307982 441100 305118 396132 175234 92785.6 66992.4 11931.1
threshold=11010.999999999998 1.5000000000000002 2.7451911326668745 77954.999999999985 70868.500000000015 2.934351799697287 4.5617376485956873 13.274265526549931 0.35245113372703452 31244.499999999993 2.4420260066434127 4.5000000000000009 2.535545779047951 0.2566042183329999 29848.500000000004 2.7451911326668745 20969.499999999993 10.485838715812053
decision_type=2 2 2 2 2 2 2 2 2 2 2 2 2 2 2 2 2 2
left_child=15 -2 4 5 6 -4 -3 8 9 16 11 -10 13 -11 -13 -1 -8 -18
right_child=1 2 3 -5 -6 -7 7 -9 10 12 -12 14 -14 -15 -16 -17 17 -19
leaf_value=-14.015667370387488 14.956198247273765 -10.882685832977295 -7.7709457056862936 -50.092346496582032 28.280555725097656 16.814959081013996 -5.7891799926757743 -8.4330702781677243 12.808321990966778 4.5391225433349618 -12.933847045898439 1.1014348234449116 -0.63676696777343755 24.44218368530273 -10.08639313834054 -5.5422769586245213 2.6208263301849373 -0.83332271575927719
leaf_weight=6.9999999999999982 5.9999999999999991 4.9999999999999991 7.0000000000000018 4.9999999999999991 4.9999999999999991 6 6.0000000000000062 6.9999999999999991 5.0000000000000062 4.9999999999999982 5.9999999999999991 6.9999999999999982 4.9999999999999991 5 7 6 4.9999999999999982 5
leaf_count=7 6 5 7 5 5 6 6 7 5 5 6 7 5 5 7 6 5 5
internal_value=-1.61971 -0.482522 -1.50046 -11.3316 0.923655 3.57639 -1.08788 -0.310516 0.704803 3.73952 -3.05825 0.0603633 9.44818 14.4907 -4.49248 -10.1049 -1.61235 0.893752
internal_weight=110 97 91 18 73 13 68 63 56 31 25 19 15 10 14 13 16 10
internal_count=110 97 91 18 73 13 68 63 56 31 25 19 15 10 14 13 16 10
is_linear=0
shrinkage=0.05


Tree=85
num_leaves=18
num_cat=0
split_feature=0 3 2 0 4 4 0 5 4 0 5 6 4 6 1 0 6
split_gain=2.15482e+06 490411 417190 335737 1.21374e+06 434299 408105 426195 312586 405324 668798 121118 141709 157242 135380 112823 30002.4
threshold=91530 1.5000000000000002 0.90942970609434792 58162.500000000022 2.7837997876371747 2.934351799697287 46235.500000000007 0.41243257855243948 2.7451911326668745 31244.499999999993 0.47093532015918654 12.377843983455618 2.2516050081241255 9.8202207392153866 6411.94674379548 24627.000000000004 15.389639996462732
decision_type=2 2 2 2 2 2 2 2 2 2 2 2 2 2 2 2 2
left_child=1 -1 3 5 -5 6 8 -8 9 11 -11 12 13 -3 -14 16 -13
right_child=-2 2 -4 4 -6 -7 7 -9 -10 10 -12 15 14 -15 -16 -17 -18
leaf_value=10.768177652359009 29.677775319417318 -3.4981743948800208 -16.177423171997074 18.176725673675541 -13.226458435058593 7.7664043211274674 -21.727979787190762 -1.962386016845703 -13.070044612884523 18.769700749715174 -5.9904517269134514 -1.0640016460418704 -0.0044586817423502611 6.7632053196430206 -10.625959030787151 -13.001506729125976 -6.5414489364624018
leaf_weight=7.9999999999999991 5.9999999999999991 7.0000000000000027 4.9999999999999991 7.9999999999999982 5 8.9999999999999982 5.9999999999999982 5 5.9999999999999991 5.9999999999999982 5 4.9999999999999982 5.9999999999999982 7.9999999999999991 6 4.9999999999999991 5
leaf_count=8 6 7 5 8 5 9 6 5 6 6 5 5 6 8 6 5 5
internal_value=0.534875 -1.13043 -2.11176 -1.34732 6.09858 -2.5726 -3.9019 -12.7436 -2.25344 -1.02892 7.51509 -3.26664 -1.26534 1.97456 -5.31521 -6.86899 -3.80273
internal_weight=111 105 97 92 13 79 70 11 59 53 11 42 27 15 12 15 10
internal_count=111 105 97 92 13 79 70 11 59 53 11 42 27 15 12 15 10
is_linear=0
shrinkage=0.05


Tree=86
num_leaves=16
num_cat=0
split_feature=1 3 2 5 0 1 1 6 1 6 5 0 6 5 0
split_gain=2.02969e+06 445278 406221 1.22791e+06 1.26952e+06 873194 274179 191835 237307 183725 183425 309893 145196 80759.6 64343.6
threshold=62105.199800608134 1.5000000000000002 0.27702064154860279 0.34079229426713314 58162.500000000022 10621.309512456515 22348.395371591363 10.191971975417099 8587.5259268539885 8.3629238554085266 0.36427410282794453 33369.000000000007 10.737411773725453 0.41781195714099434 24627.000000000004
decision_type=2 2 2 2 2 2 2 2 2 2 2 2 2 2 2
left_child=1 -1 5 -4 6 10 7 9 13 -5 -3 12 -12 -9 -14
right_child=-2 2 3 4 -6 -7 -8 8 -10 -11 11 -13 14 -15 -16
leaf_value=10.22976920604706 28.792260742187501 -8.4310729205608368 -24.36710252761841 -3.434547466701932 16.247257232666016 16.594283962249758 -14.518362644740515 -0.7059673881530758 5.5486227936214876 -14.729966672261558 2.0039189947975991 11.386646118164064 -2.7392901611328133 -9.3100123087565105 -10.760735397338866
leaf_weight=7.9999999999999991 5.9999999999999991 7.9999999999999991 6.9999999999999991 8.9999999999999982 7.9999999999999991 7.9999999999999991 6.9999999999999991 5.0000000000000018 8.9999999999999982 5.9999999999999991 9.0000000000000053 4.9999999999999991 4.9999999999999982 6 5
leaf_count=8 6 8 7 9 8 8 7 5 9 6 9 5 5 6 5
internal_value=0.508131 -1.1081 -2.04319 -4.75374 -2.00787 1.81935 -5.48504 -3.67837 -0.472615 -7.95272 -1.87438 0.311182 -2.60341 -5.39908 -6.75001
internal_weight=111 105 97 57 50 40 42 35 20 15 32 24 19 11 10
internal_count=111 105 97 57 50 40 42 35 20 15 32 24 19 11 10
is_linear=0
shrinkage=0.05


Tree=87
num_leaves=19
num_cat=0
split_feature=0 2 1 6 2 0 0 1 6 1 4 1 1 6 4 2 3 2
split_gain=1.83913e+06 465357 693541 1.666e+06 488790 452573 330871 67247.5 209241 131069 298495 119792 156905 50515.7 110417 65630.9 104814 47669.4
threshold=91530 0.90942970609434792 17549.64770584663 7.6506066014448839 0.55662553940215431 46235.500000000007 43685.500000000007 5657.3230438461069 11.49094878481216 6411.94674379548 2.2516050081241255 7387.5125544820748 9833.536278827658 11.642466352918628 2.4709768464156912 0.27702064154860279 2.5000000000000004 0.41711654529755943
decision_type=2 2 2 2 2 2 2 2 2 2 2 2 2 2 2 2 2 2
left_child=1 2 5 -4 -5 6 7 13 9 -9 17 -10 -13 -1 -15 16 -16 -11
right_child=-2 -3 3 4 -6 -7 -8 8 11 10 -12 12 -14 14 15 -17 -18 -19
leaf_value=-0.15217096010843906 27.406354777018233 -15.941953430175781 -10.67280235290527 24.893592495388457 5.395653858184815 -15.716295623779297 10.984119415283203 3.0997729110717755 -3.0331993103027344 -4.6495704392592092 -15.156883970896402 12.842290954589846 0.84938373565673819 -11.859486045837395 -10.085206799209114 1.4059788322448732 -0.73933671315511063 1.6531648317972818
leaf_weight=6.0000000000000027 5.9999999999999991 4.9999999999999991 8.0000000000000018 8.9999999999999982 4.9999999999999991 5.9999999999999991 4.9999999999999991 5.0000000000000027 4.9999999999999991 6.0000000000000018 5.9999999999999991 4.9999999999999982 6 5.0000000000000027 6.0000000000000018 4.9999999999999991 6 6
leaf_count=6 6 5 8 9 5 6 5 5 5 6 6 5 6 5 6 5 6 6
internal_value=0.482725 -1.05577 -0.311459 7.52901 17.93 -2.52287 -1.42342 -2.34936 -1.00716 -4.06178 -6.0511 3.38386 6.30071 -4.21885 -5.32795 -3.4069 -5.41227 -1.4982
internal_weight=111 105 100 22 14 78 72 67 39 23 18 16 11 28 22 17 12 12
internal_count=111 105 100 22 14 78 72 67 39 23 18 16 11 28 22 17 12 12
is_linear=0
shrinkage=0.05


Tree=88
num_leaves=18
num_cat=0
split_feature=1 5 3 0 4 4 0 5 2 5 0 3 5 6 1 1 0
split_gain=1.79619e+06 405052 762268 381371 1.47301e+06 497153 290859 399729 309725 298311 274957 547726 104726 61725.1 253827 100072 68678
threshold=62105.199800608134 0.29614888529253236 1.5000000000000002 58162.500000000022 2.7535771856059377 2.934351799697287 46235.500000000007 0.41243257855243948 0.55662553940215431 0.36427410282794453 31244.499999999993 4.5000000000000009 0.38063547960389132 9.8202207392153866 7607.5887173799301 8017.8764203639594 17132.500000000004
decision_type=2 2 2 2 2 2 2 2 2 2 2 2 2 2 2 2 2
left_child=1 -1 -3 5 -5 6 8 -8 9 -4 12 -12 -11 15 16 -14 -15
right_child=-2 2 3 4 -6 -7 7 -9 -10 10 11 -13 13 14 -16 -17 -18
leaf_value=-13.676414624849954 27.066036542256672 18.725955734252931 -12.054237206776937 18.792924118041991 -13.19029680887858 10.023977007184712 -20.118290456136073 -0.97623825073242176 -14.507651443481445 -8.981064414978027 18.948238067626956 -3.4589508692423503 0.041949129104614263 0.54994869232177701 7.434740969538689 -9.5357704544067357 -6.3560671435462108
leaf_weight=5.9999999999999991 5.9999999999999991 4.9999999999999991 5.9999999999999991 8.9999999999999982 5.9999999999999991 6.9999999999999991 5.9999999999999982 5 4.9999999999999991 4.9999999999999991 4.9999999999999982 6 5.9999999999999982 6.0000000000000027 7.9999999999999991 5 8.9999999999999982
leaf_count=6 6 5 6 9 6 7 6 5 5 5 5 6 6 6 8 5 9
internal_value=0.458588 -1.06184 -0.297318 -1.30919 5.99964 -2.69695 -3.9337 -11.4174 -2.58419 -1.5196 -0.25544 6.72614 -2.2246 -1.231 0.242305 -4.31156 -3.59366
internal_weight=111 105 99 94 15 79 72 11 61 56 50 11 39 34 23 11 15
internal_count=111 105 99 94 15 79 72 11 61 56 50 11 39 34 23 11 15
is_linear=0
shrinkage=0.05


Tree=89
num_leaves=18
num_cat=0
split_feature=1 3 4 1 1 4 1 1 1 2 4 7 1 6 1 4 5
split_gain=1.62106e+06 367253 377394 1.31007e+06 1.23264e+06 489396 445702 175005 238060 145593 110273 108984 84215.2 201121 96152.7 89776.2 35025.8
threshold=62105.199800608134 1.5000000000000002 2.4420260066434127 22348.395371591363 24205.677865591173 2.9765045141594961 31062.671928726599 15719.604082849797 8017.8764203639594 0.24878814255985207 2.6767405536233917 0.070310733269566925 5657.3230438461069 11.49094878481216 6411.94674379548 2.0660216113510246 0.53816252767130213
decision_type=2 2 2 2 2 2 2 2 2 2 2 2 2 2 2 2 2
left_child=1 -1 3 12 5 7 -6 8 10 -10 -4 -12 -3 14 -14 16 -16
right_child=-2 2 4 -5 6 -7 -8 -9 9 -11 11 -13 13 -15 15 -17 -18
leaf_value=9.2879774391651164 25.712735811869308 -6.7439782142639162 3.3894684117287373 21.45692002432687 -30.154303894042979 10.528115606307985 -10.608717564174107 5.4810922241210944 -16.59422958374024 -5.4230935641697471 -9.7061351013183614 0.73339710235595701 3.134627304077144 8.1487912750244131 1.2460303211212151 -9.0959861755371101 -4.6722307240962975
leaf_weight=7.9999999999999991 5.9999999999999991 7.9999999999999991 8.0000000000000053 6.9999999999999991 4.9999999999999982 7.9999999999999991 7 4.9999999999999991 4.9999999999999982 7 4.9999999999999982 5 5.0000000000000062 4.9999999999999991 5.0000000000000018 6.9999999999999991 5
leaf_count=8 6 8 8 7 5 8 7 5 5 7 5 5 5 5 5 7 5
internal_value=0.435659 -1.00875 -1.85796 1.71097 -4.58333 -0.629078 -18.7527 -3.17929 -4.62269 -10.0777 -0.985997 -4.48637 -2.23822 -0.903178 -2.96044 -4.75311 -1.7131
internal_weight=111 105 97 42 55 43 12 35 30 12 18 10 35 27 22 17 10
internal_count=111 105 97 42 55 43 12 35 30 12 18 10 35 27 22 17 10
is_linear=0
shrinkage=0.05


Tree=90
num_leaves=19
num_cat=0
split_feature=4 7 4 1 2 6 1 2 1 4 4 6 1 1 2 4 4 7
split_gain=2.37251e+06 3.29976e+06 623984 710293 883871 629744 483995 411448 230834 196339 172895 159783 252575 166960 122664 113249 84899.2 74614.3
threshold=2.9765045141594961 0.090753606681850285 2.4420260066434127 16516.706392829426 0.63546820154915784 12.204789657770361 13301.812676166339 0.35245113372703452 4405.9086795478224 2.6767405536233917 2.535545779047951 9.8202207392153866 8017.8764203639594 7387.5125544820748 0.23674119032890859 2.5967981128142408 2.6969315988360472 0.18776678944947769
decision_type=2 2 2 2 2 2 2 2 2 2 2 2 2 2 2 2 2 2
left_child=2 7 3 8 -5 6 16 -2 -1 10 -7 13 -13 -10 -11 -8 -4 -15
right_child=1 -3 5 4 -6 9 15 -9 11 14 -12 12 -14 17 -16 -17 -18 -19
leaf_value=-12.771518993377686 -3.5628187388181676 51.265339660644536 -0.68851723194122283 21.061866188049322 -5.7363639450073229 -2.8184129333496077 -25.936797485351565 14.72109422683716 2.8450977007548 -11.708093280792239 10.330548377037047 -2.9846977293491368 10.586194457951933 -12.021156425476075 -1.1042458206415176 -16.084367588588169 -9.9025912475585933 -4.4031961573494804
leaf_weight=4.9999999999999991 8.0000000000000018 4.9999999999999991 5.0000000000000018 7.9999999999999982 5 5.0000000000000018 4.9999999999999982 4.9999999999999991 6.0000000000000027 4.9999999999999982 5 7.9999999999999982 6 4.9999999999999991 6 7 5 8.9999999999999982
leaf_count=5 8 5 5 8 5 5 5 5 6 5 5 8 6 5 6 7 5 9
internal_value=0.101995 16.7461 -3.05162 0.633291 10.7549 -7.5078 -13.4196 3.46946 -2.74056 -1.31454 3.75607 -1.26542 2.8314 -4.1332 -5.92418 -20.1895 -5.29555 -7.1239
internal_weight=113 18 95 52 13 43 22 13 39 21 10 34 14 20 11 12 10 14
internal_count=113 18 95 52 13 43 22 13 39 21 10 34 14 20 11 12 10 14
is_linear=0
shrinkage=0.05


Tree=91
num_leaves=20
num_cat=0
split_feature=4 5 4 0 5 6 1 2 1 4 4 2 0 6 1 1 5 6 6
split_gain=2.14119e+06 3.04615e+06 563146 934112 965366 568344 436805 381365 203368 177196 156038 110704 108910 87220 131917 122660 171419 92043.2 78082.5
threshold=2.9765045141594961 0.32753374163484317 2.4420260066434127 50610.999999999993 0.44412785151983714 12.204789657770361 13301.812676166339 0.35245113372703452 4405.9086795478224 2.6767405536233917 2.535545779047951 0.23674119032890859 54773.500000000007 9.8202207392153866 8017.8764203639594 7387.5125544820748 0.48402602529779554 7.1676944068471782 10.883215456439848
decision_type=2 2 2 2 2 2 2 2 2 2 2 2 2 2 2 2 2 2 2
left_child=2 7 3 8 -5 6 18 -2 -1 10 -7 -11 -8 15 -15 -10 -17 -18 -4
right_child=1 -3 5 4 -6 9 12 -9 13 11 -12 -13 -14 14 -16 16 17 -19 -20
leaf_value=-12.132942533493043 -3.6177669227123248 49.075014953613284 -0.61256193161010719 29.870649566650396 -1.1996931457519531 -2.6774922180175769 -13.543990173339848 13.985039691925051 2.7028426488240545 -11.122688907384875 9.8140209579467754 -1.0490335007508595 -23.205841064453125 -2.8354625344276432 6.5633115427834641 -12.361473337809246 3.1256411027908335 -6.4682751846313469 -9.4489916992187499
leaf_weight=4.9999999999999991 8.0000000000000018 4.9999999999999991 5.0000000000000018 4.9999999999999982 5 5.0000000000000018 4.9999999999999982 4.9999999999999991 6.0000000000000027 4.9999999999999982 5 6 7 7.9999999999999982 7 5.9999999999999991 4.9999999999999982 5 5
leaf_count=5 8 5 5 5 5 5 5 5 6 5 5 6 7 8 7 6 5 5 5
internal_value=0.0968949 15.9088 -2.89904 0.601627 14.3355 -7.13241 -12.7486 3.15254 -2.66834 -1.24881 3.56826 -5.62797 -19.1801 -1.38934 1.55063 -3.39386 -5.68013 -1.67132 -5.03078
internal_weight=113 18 95 52 10 43 22 13 42 21 10 11 12 37 15 22 16 10 10
internal_count=113 18 95 52 10 43 22 13 42 21 10 11 12 37 15 22 16 10 10
is_linear=0
shrinkage=0.05


Tree=92
num_leaves=18
num_cat=0
split_feature=4 7 2 1 2 2 2 4 2 2 1 6 4 6 1 2 2
split_gain=1.93242e+06 2.77609e+06 532545 470340 1.67539e+06 898139 348155 129461 207730 215165 175598 156292 259521 158420 129745 121343 34793.5
threshold=2.9765045141594961 0.090753606681850285 0.75904576824017289 16516.706392829426 0.35245113372703452 0.50562705853824974 0.35245113372703452 2.6272356579924998 0.1816627865598146 0.2079265850607315 5451.4444842065941 10.191971975417099 2.2516050081241255 9.4306243500006861 7607.5887173799301 0.33522895219823584 0.27702064154860279
decision_type=2 2 2 2 2 2 2 2 2 2 2 2 2 2 2 2 2
left_child=2 6 3 7 -5 -6 -2 8 -1 -10 -9 13 -13 14 -11 -14 -16
right_child=1 -3 -4 4 5 -7 -8 10 9 11 -12 12 15 -15 16 -17 -18
leaf_value=6.4364665102213623 -3.5331197977066027 46.775249023437503 -15.099370992183687 30.180576934814436 -18.160346476236978 7.4305341720581062 13.285787587165835 -1.9510071456432336 -13.246831741333009 4.2003722763061466 -12.131949011484783 11.027517242431642 2.083065764109294 -12.716160545349121 -2.3044263203938802 -8.4635310769081098 -7.3413183927536014
leaf_weight=5.9999999999999991 8.0000000000000018 4.9999999999999991 7.9999999999999991 5.0000000000000027 5.9999999999999991 7.9999999999999991 4.9999999999999991 8.0000000000000018 4.9999999999999991 5.0000000000000062 8.9999999999999982 4.9999999999999991 5.9999999999999982 4.9999999999999991 5.9999999999999991 5 7.9999999999999991
leaf_count=6 8 5 8 5 6 8 5 8 5 5 9 5 6 5 6 5 8
internal_value=0.0920501 15.1133 -2.75409 -1.61889 5.33606 -3.53699 2.93569 -3.56219 -2.30261 -3.46782 -7.34092 -2.24544 1.5824 -4.79734 -2.71343 -2.71084 -5.18265
internal_weight=113 18 95 87 19 14 13 68 51 45 17 40 16 24 19 11 14
internal_count=113 18 95 87 19 14 13 68 51 45 17 40 16 24 19 11 14
is_linear=0
shrinkage=0.05


Tree=93
num_leaves=20
num_cat=0
split_feature=4 5 4 0 5 6 1 2 1 4 4 0 2 4 6 1 1 5 6
split_gain=1.74401e+06 2.56391e+06 494504 822281 820923 507418 415770 322850 181134 143348 131251 112190 103096 75636.2 72552.6 109067 99336.8 147512 83896.4
threshold=2.9765045141594961 0.32753374163484317 2.4420260066434127 50610.999999999993 0.44412785151983714 12.204789657770361 13301.812676166339 0.35245113372703452 4405.9086795478224 2.6767405536233917 2.535545779047951 54773.500000000007 0.23674119032890859 2.6969315988360472 9.8202207392153866 8017.8764203639594 7387.5125544820748 0.48402602529779554 7.1676944068471782
decision_type=2 2 2 2 2 2 2 2 2 2 2 2 2 2 2 2 2 2 2
left_child=2 7 3 8 -5 6 13 -2 -1 10 -7 -8 -11 -4 16 -16 -10 -18 -19
right_child=1 -3 5 4 -6 9 11 -9 14 12 -12 -13 -14 -15 15 -17 17 18 -20
leaf_value=-11.336231570243836 -3.5746497273445117 44.785584106445313 -0.011854405403137203 27.875438690185554 -0.7763204193115234 -2.4196562957763663 -12.444375610351566 12.621498324871064 2.4613847414652494 -10.265385255813602 9.0368078613281231 -22.250660705566403 -0.54403454065322865 -8.7087623596191399 -2.5037104606628424 6.042406000409807 -11.280542627970378 3.2159179925918586 -5.9435816764831539
leaf_weight=4.9999999999999991 8.0000000000000018 4.9999999999999991 5.0000000000000018 4.9999999999999982 5 5.0000000000000018 4.9999999999999982 4.9999999999999991 6.0000000000000027 4.9999999999999982 5 7 6 5 7.9999999999999982 7 5.9999999999999991 4.9999999999999982 5
leaf_count=5 8 5 5 5 5 5 5 5 6 5 5 7 6 5 8 7 6 5 5
internal_value=0.0874476 14.3577 -2.61639 0.664006 13.5496 -6.58337 -11.89 2.65464 -2.40398 -1.02407 3.30858 -18.1647 -4.96283 -4.36031 -1.19692 1.48448 -3.02515 -5.0826 -1.36383
internal_weight=113 18 95 52 10 43 22 13 42 21 10 12 11 10 37 15 22 16 10
internal_count=113 18 95 52 10 43 22 13 42 21 10 12 11 10 37 15 22 16 10
is_linear=0
shrinkage=0.05


Tree=94
num_leaves=18
num_cat=0
split_feature=0 7 2 1 4 0 0 0 2 7 7 1 6 4 2 2 0
split_gain=1.60849e+06 5.27288e+06 506396 452880 657973 224292 546500 84029.3 106816 139312 171145 102808 115242 123466 119335 61249.6 35239.5
threshold=77954.999999999985 0.14029013502643015 0.81097315501112854 24205.677865591173 2.5967981128142408 54773.500000000007 46235.500000000007 43685.500000000007 0.23674119032890859 0.05467668294401349 0.13023781247678756 4405.9086795478224 9.8202207392153866 2.2516050081241255 0.28437702154139949 0.15663603931434891 24627.000000000004
decision_type=2 2 2 2 2 2 2 2 2 2 2 2 2 2 2 2 2
left_child=2 -2 3 5 -5 6 7 8 9 15 -11 -10 16 -14 -15 -1 -13
right_child=1 -3 -4 4 -6 -7 -8 -9 11 10 -12 12 13 14 -16 -17 -18
leaf_value=-4.3616777038574197 56.170179977417007 -13.353038533528645 -17.39322437286377 -3.8244786071777348 21.826511402130123 6.3481233869280134 -17.49843470255534 4.4504707336425779 -6.393710912976946 -12.963093590736392 -1.7920037269592282 -0.48983620537651895 8.8133754412333118 6.4340125465393072 -3.2000897381040789 3.4645368671417232 -4.9144825511508516
leaf_weight=5.0000000000000018 4.9999999999999982 6 4.9999999999999991 4.9999999999999982 5 6.9999999999999991 5.9999999999999991 4.9999999999999991 6.9999999999999991 7.9999999999999982 6 9.0000000000000018 6.0000000000000027 4.9999999999999991 8.9999999999999982 5 8.9999999999999982
leaf_count=5 5 6 5 5 5 7 6 5 7 8 6 9 6 5 9 5 9
internal_value=0.0830753 18.2484 -1.87593 -1.07607 9.00102 -2.23436 -2.98533 -1.80859 -2.26214 -4.95594 -8.17548 -0.825452 0.20028 2.81248 0.240661 -0.44857 -2.70216
internal_weight=113 11 102 97 10 87 80 74 69 24 14 45 38 20 14 10 18
internal_count=113 11 102 97 10 87 80 74 69 24 14 45 38 20 14 10 18
is_linear=0
shrinkage=0.05


Tree=95
num_leaves=19
num_cat=0
split_feature=1 5 3 4 0 7 0 4 0 1 4 4 4 3 1 1 1 0
split_gain=1.24704e+06 470866 544686 598656 1.11797e+06 758022 302950 233088 500852 368346 219298 166531 148125 91806.2 87136.2 40612.1 31147.8 16667.3
threshold=62105.199800608134 0.29614888529253236 2.5000000000000004 2.6272356579924998 62016 0.14029013502643015 45841.500000000007 2.2723896376949191 50610.999999999993 16516.706392829426 2.934351799697287 2.1543446061517115 2.4246638699485072 3.5000000000000004 7607.5887173799301 7387.5125544820748 12221.392818450666 20369.499999999996
decision_type=2 2 2 2 2 2 2 2 2 2 2 2 2 2 2 2 2 2
left_child=1 -1 6 4 7 10 -3 11 9 12 13 16 -9 -5 -14 -13 17 -4
right_child=-2 2 3 5 -6 -7 -8 8 -10 -11 -12 15 14 -15 -16 -17 -18 -19
leaf_value=-14.582754151026407 22.457167887687685 2.2017265892028814 -0.96906468629836917 -10.985820484161366 19.863574436732705 -23.70891602834066 19.607195739746089 -3.6326819479465438 14.68922077814738 -13.535525207519534 5.8129360961914065 -12.937029685974125 0.89004685084025081 -1.812181140333414 9.4114031394322701 -6.5642662048339835 1.2382891337076822 -4.7487774848937985
leaf_weight=5.9999999999999991 5.9999999999999991 4.9999999999999982 5.0000000000000053 6.0000000000000053 6.9999999999999991 5.9999999999999991 5 8.0000000000000089 5.9999999999999991 4.9999999999999991 4.9999999999999991 4.9999999999999982 5.9999999999999982 5 6 5 5.9999999999999991 7
leaf_count=6 6 5 5 6 7 6 5 8 6 5 5 5 6 5 6 5 6 7
internal_value=0.292845 -0.985866 -0.153404 -1.40998 0.971007 -8.55294 10.9045 -1.27048 1.71629 -1.39722 -2.86945 -4.57727 1.63736 -6.81598 5.15072 -9.75065 -1.70317 -3.1739
internal_weight=110 104 98 88 66 22 10 59 31 25 16 28 20 11 12 10 18 12
internal_count=110 104 98 88 66 22 10 59 31 25 16 28 20 11 12 10 18 12
is_linear=0
shrinkage=0.05


Tree=96
num_leaves=18
num_cat=0
split_feature=0 5 4 0 2 0 4 2 0 6 2 2 0 4 5 6 7
split_gain=1.07259e+06 408825 611292 481911 365229 432314 270963 125187 105166 336677 180653 132140 146729 59271.2 110223 91135 40545.8
threshold=87502.499999999985 0.29614888529253236 2.934351799697287 27800.999999999996 0.90942970609434792 53055.999999999993 2.7535771856059377 0.38140948671013492 33369.000000000007 10.737411773725453 0.32534461537208209 0.23674119032890859 27800.999999999996 2.2516050081241255 0.39559492442219535 10.191971975417099 0.11928437684421113
decision_type=2 2 2 2 2 2 2 2 2 2 2 2 2 2 2 2 2
left_child=1 -1 4 -4 5 6 8 -7 11 10 -10 12 -3 15 -15 -13 -16
right_child=-2 2 3 -5 -6 7 -8 -9 9 -11 -12 13 -14 14 16 -17 -18
leaf_value=-13.853616253534952 16.81797129313151 -2.5162937104702001 -1.7036078643798831 18.620421927315846 -15.021380500793459 12.75523147583008 -13.858797411918642 2.5413822809855144 -8.138372012547082 12.489274826049806 4.3053244018554677 -2.1412966847419743 -14.113793220520018 0.93523519039154024 -9.2970118641853343 6.4637705993652332 -3.2005379486083982
leaf_weight=5.9999999999999991 8.9999999999999982 5.9999999999999982 4.9999999999999982 7 4.9999999999999991 5.9999999999999982 4.9999999999999991 6 7.0000000000000018 4.9999999999999991 5 7.9999999999999982 5 9.0000000000000018 5.9999999999999982 5 5
leaf_count=6 9 6 5 7 5 6 5 6 7 5 5 8 5 9 6 5 5
internal_value=0.278202 -1.19564 -0.396187 10.1521 -1.92124 -1.08148 -2.66872 7.64831 -1.7515 1.58849 -2.9535 -3.04195 -7.78788 -1.45997 -3.16838 1.16834 -6.52589
internal_weight=110 101 95 12 83 78 66 12 61 17 12 44 11 33 20 13 11
internal_count=110 101 95 12 83 78 66 12 61 17 12 44 11 33 20 13 11
is_linear=0
shrinkage=0.05


Tree=97
num_leaves=19
num_cat=0
split_feature=1 4 3 4 0 2 2 0 2 0 2 4 0 4 0 2 4 2
split_gain=1.12214e+06 379847 463052 551123 950670 777824 540137 247244 172884 255728 168733 167969 128241 86474.2 99381.4 49208.5 113218 61894.5
threshold=62105.199800608134 3.3769844207411572 2.5000000000000004 2.6272356579924998 54773.500000000007 0.38140948671013492 0.38140948671013492 45841.500000000007 0.1816627865598146 12372.000000000005 0.23674119032890859 2.8480664780767246 27800.999999999996 2.5278384386296175 46235.500000000007 0.40053970387469134 2.2516050081241255 0.27702064154860279
decision_type=2 2 2 2 2 2 2 2 2 2 2 2 2 2 2 2 2 2
left_child=1 2 7 4 8 11 -6 -1 -4 -10 -11 12 -5 14 15 17 -17 -12
right_child=-2 -3 3 5 6 -7 -8 -9 9 10 13 -13 -14 -15 -16 16 -18 -19
leaf_value=2.1326055717468266 21.289394982655846 -13.16093537012736 6.25228705406189 -0.20670929908752417 26.480355072021492 -25.548710174560547 4.228938484191894 17.85660491943359 -13.454959907531739 -9.3142495791117366 -1.3266226291656489 4.5851383590698243 -10.691027559552873 5.8359336113929752 5.2730723571777354 4.1919204711914073 -5.1680638472239169 -7.7645722525460386
leaf_weight=4.9999999999999982 5.9999999999999991 5.9999999999999991 5.9999999999999991 5.0000000000000053 4.9999999999999982 4.9999999999999991 6 5 4.9999999999999991 5.9999999999999991 8.0000000000000018 4.9999999999999991 7 4.9999999999999991 4.9999999999999991 6.9999999999999982 6 6.9999999999999991
leaf_count=5 6 6 6 5 5 5 6 5 5 6 8 5 7 5 5 7 6 7
internal_value=0.264292 -0.948694 -0.201006 -1.3596 0.924908 -8.21312 14.3432 9.99461 -1.75875 -2.7397 -1.52205 -3.11441 -6.32256 -0.291708 -1.22014 -2.37964 -0.128072 -4.331
internal_weight=110 104 98 88 66 22 11 10 55 49 44 17 12 38 33 28 13 15
internal_count=110 104 98 88 66 22 11 10 55 49 44 17 12 38 33 28 13 15
is_linear=0
shrinkage=0.05


Tree=98
num_leaves=18
num_cat=0
split_feature=1 5 3 4 0 2 0 4 0 1 5 4 4 0 2 2 2
split_gain=1.01273e+06 342812 417905 497389 859539 701986 223138 203502 411157 330277 151592 148594 117460 115738 77696.8 53973.8 37140.9
threshold=62105.199800608134 0.29614888529253236 2.5000000000000004 2.6272356579924998 62016 0.38140948671013492 45841.500000000007 2.2723896376949191 50610.999999999993 16516.706392829426 0.35114664584695249 2.1543446061517115 2.4246638699485072 27800.999999999996 0.30882258029930471 0.2994101109548431 0.43149840856083482
decision_type=2 2 2 2 2 2 2 2 2 2 2 2 2 2 2 2 2
left_child=1 -1 6 4 7 10 -3 11 9 12 -5 15 -9 -12 -14 -4 -13
right_child=-2 2 3 5 -6 -7 -8 8 -10 -11 13 16 14 -15 -16 -17 -18
leaf_value=-12.502888854344686 20.224923833211264 2.0259751892089848 -4.1995873782369797 4.3558811950683536 17.444286237444199 -24.271274871826172 16.963775939941403 -2.9363937050104103 13.458084964752198 -12.610887355804444 -0.19637395858764653 -12.110555915832522 8.2854820523943236 -10.156476048060824 0.1247659111022949 1.276311074362861 -6.0162250518798821
leaf_weight=5.9999999999999991 5.9999999999999991 4.9999999999999982 9.0000000000000053 5.0000000000000062 6.9999999999999991 4.9999999999999991 5 8.0000000000000089 5.9999999999999991 4.9999999999999991 4.9999999999999982 4.9999999999999982 6.9999999999999982 7 5 8.9999999999999982 5
leaf_count=6 6 5 9 5 7 5 5 8 6 5 5 5 7 7 5 9 5
internal_value=0.251078 -0.90126 -0.190956 -1.29162 0.878663 -7.80246 9.49488 -1.08675 1.70404 -1.11694 -2.95869 -4.17655 1.75655 -6.00643 4.88518 -1.46164 -9.06339
internal_weight=110 104 98 88 66 22 10 59 31 25 17 28 20 12 12 18 10
internal_count=110 104 98 88 66 22 10 59 31 25 17 28 20 12 12 18 10
is_linear=0
shrinkage=0.05


Tree=99
num_leaves=19
num_cat=0
split_feature=1 5 3 5 0 7 2 0 5 2 0 2 2 1 6 7 7 5
split_gain=913990 309388 377159 448893 785403 649613 467610 201382 163309 151854 227842 160361 111857 76481.4 120474 41414.2 84478.8 54454.9
threshold=62105.199800608134 0.29614888529253236 2.5000000000000004 0.38063547960389132 54773.500000000007 0.14029013502643015 0.38140948671013492 45841.500000000007 0.34079229426713314 0.1816627865598146 12372.000000000005 0.23674119032890859 0.24878814255985207 15719.604082849797 12.204789657770361 0.14029013502643015 0.2165094734714553 0.4500170190692121
decision_type=2 2 2 2 2 2 2 2 2 2 2 2 2 2 2 2 2 2
left_child=1 -1 7 5 9 8 -6 -3 -4 -5 -11 -12 -10 14 15 17 -17 -13
right_child=-2 2 3 4 6 -7 -8 -9 12 10 11 13 -14 -15 -16 16 -18 -19
leaf_value=-11.87774423758189 19.213678296407068 1.9246761512756352 5.3415483093261642 5.9034499029318495 24.323984375000006 -21.442746734619142 3.6202904542287189 16.115586242675779 -11.079869003295901 -12.638047561645507 -8.9709697405497248 -4.1278017807006782 -0.95389577547709148 3.8514477411905923 5.6358198356628426 -9.1359386761983234 -1.2874274820089342 3.2515544891357417
leaf_weight=5.9999999999999991 5.9999999999999991 4.9999999999999982 5.0000000000000062 5.9999999999999991 4.9999999999999982 5.9999999999999991 6 5 4.9999999999999982 4.9999999999999991 5.9999999999999991 5.0000000000000053 6 8.9999999999999982 4.9999999999999991 5.9999999999999991 7.9999999999999991 5
leaf_count=6 6 5 5 6 5 6 6 5 5 5 6 5 6 9 5 6 8 5
internal_value=0.238524 -0.856197 -0.181408 -1.22704 0.83473 -7.41234 13.0311 9.02013 -2.15094 -1.60454 -2.52388 -1.37454 -5.55661 -0.175109 -1.42473 -2.89568 -4.65108 -0.438124
internal_weight=110 104 98 88 66 22 11 10 16 55 49 44 11 38 29 24 14 10
internal_count=110 104 98 88 66 22 11 10 16 55 49 44 11 38 29 24 14 10
is_linear=0
shrinkage=0.05


Tree=100
num_leaves=18
num_cat=0
split_feature=0 5 1 7 0 7 1 0 4 5 7 0 1 6 6 1 1
split_gain=2.56231e+06 284866 370075 809340 450891 479977 956228 141558 86563.9 131986 118635 111787 83772.5 40942 120017 41146 10122
threshold=91530 0.29614888529253236 13956.18840917876 0.26290725193472908 70868.500000000015 0.084121011742510562 29628.349800647582 46235.500000000007 2.4246638699485072 0.39559492442219535 0.08708707792479202 24627.000000000004 4405.9086795478224 11.49094878481216 9.8202207392153866 9024.029416178264 3269.5990641405679
decision_type=2 2 2 2 2 2 2 2 2 2 2 2 2 2 2 2 2
left_child=1 -1 7 4 5 -4 -7 8 12 10 11 16 -3 14 15 -14 -10
right_child=-2 2 3 -5 -6 6 -8 -9 9 -11 -12 -13 13 -15 -16 -17 -18
leaf_value=-11.283856423695882 35.940460205078125 -9.2665604925155574 -8.8404612314700906 -13.805596160888673 20.179987398783368 24.295511372884118 -2.1099780797958374 -10.216884841918947 -2.6920747637748685 7.8367842864990243 -6.5979970829827455 6.661687405904134 -1.5568236112594591 -6.2658764624595644 4.1141161237444193 -7.0342591444651292 0.17570472717285157
leaf_weight=5.9999999999999991 4.9999999999999991 5.0000000000000027 5.0000000000000098 4.9999999999999991 5.9999999999999991 5.9999999999999991 7.9999999999999991 4.9999999999999991 8.0000000000000089 4.9999999999999991 6.9999999999999991 5.9999999999999991 8.0000000000000053 4.9999999999999991 6.9999999999999991 5.9999999999999991 4.9999999999999991
leaf_count=6 5 5 5 5 6 6 8 5 8 5 7 6 8 5 7 6 5
internal_value=0.985593 -0.711245 -0.0572687 4.5581 8.23083 4.45742 9.20666 -2.12385 -1.47119 0.397097 -1.03361 1.01642 -3.33947 -2.19964 -1.23149 -3.9043 -1.58908
internal_weight=108 103 97 30 25 19 14 67 62 31 26 19 31 26 21 14 13
internal_count=108 103 97 30 25 19 14 67 62 31 26 19 31 26 21 14 13
is_linear=0
shrinkage=0.05


Tree=101
num_leaves=18
num_cat=0
split_feature=0 5 1 7 0 6 1 0 4 5 7 0 1 4 7 7 1
split_gain=2.31249e+06 257092 333993 730430 406929 433179 862996 127757 78123.9 119117 107068 100887 75604.7 41782.9 92524.9 40384.4 9135.14
threshold=91530 0.29614888529253236 13956.18840917876 0.26290725193472908 70868.500000000015 12.377843983455618 29628.349800647582 46235.500000000007 2.4246638699485072 0.39559492442219535 0.08708707792479202 24627.000000000004 4405.9086795478224 2.1543446061517115 0.11928437684421113 0.17020059730283604 3269.5990641405679
decision_type=2 2 2 2 2 2 2 2 2 2 2 2 2 2 2 2 2
left_child=1 -1 7 4 5 6 -4 8 12 10 11 16 -3 15 -15 -14 -10
right_child=-2 2 3 -5 -6 -7 -8 -9 9 -11 -12 -13 13 14 -16 -17 -18
leaf_value=-10.71966389020284 34.143437499999997 -8.8032324266433655 23.080736033121706 -13.115316238403322 19.170987574259438 -8.3984383010864274 -2.0044799089431762 -9.7060408020019544 -2.5574710428714718 7.4449449920654303 -6.2680969033922471 6.328602472941081 2.4002917017255498 -9.453638000488283 -0.24416138331095377 -2.8000079274177554 0.1669194793701172
leaf_weight=5.9999999999999991 4.9999999999999991 5.0000000000000027 6.0000000000000098 4.9999999999999991 5.9999999999999991 4.9999999999999991 7.9999999999999991 4.9999999999999991 8.0000000000000089 4.9999999999999991 6.9999999999999991 5.9999999999999991 7.0000000000000027 4.9999999999999982 6 7.9999999999999991 4.9999999999999991
leaf_count=6 5 5 6 5 6 5 8 5 8 5 7 6 7 5 6 8 5
internal_value=0.936314 -0.675683 -0.0544054 4.33019 7.81929 4.23455 8.74633 -2.01766 -1.39763 0.377242 -0.981932 0.965602 -3.17249 -2.08966 -4.43029 -0.373201 -1.50963
internal_weight=108 103 97 30 25 19 14 67 62 31 26 19 31 26 11 15 13
internal_count=108 103 97 30 25 19 14 67 62 31 26 19 31 26 11 15 13
is_linear=0
shrinkage=0.05


Tree=102
num_leaves=19
num_cat=0
split_feature=0 5 1 2 2 4 0 1 0 0 0 4 4 1 5 2 5 5
split_gain=2.08702e+06 232026 301429 1.61475e+06 722633 1.32254e+06 220411 119238 110216 66727.1 124476 86360.2 109963 71232.8 61640.3 52925.7 76583.6 26078.8
threshold=91530 0.29614888529253236 13956.18840917876 0.3433574889033712 0.40053970387469134 2.5967981128142408 54773.500000000007 12221.392818450666 45841.500000000007 35195 29848.500000000004 2.3193823819540831 2.1543446061517115 7387.5125544820748 0.50249433107651253 0.30882258029930471 0.37358923902760793 0.36316424738755676
decision_type=2 2 2 2 2 2 2 2 2 2 2 2 2 2 2 2 2 2
left_child=1 -1 7 -4 -5 6 -6 8 9 10 11 12 14 -12 -3 16 17 -13
right_child=-2 2 3 4 5 -7 -8 -9 -10 -11 13 15 -14 -15 -16 -17 -18 -19
leaf_value=-10.183681138356526 32.436264648437501 1.9936532020568838 30.052274780273418 -14.70561643327985 2.8540085872014354 26.080857238769536 -10.205706255776541 -8.642339593172073 5.8574798583984382 -7.4025370025634771 -0.56815139770507828 0.46493277549743611 -10.102787780761719 7.8717984676361077 -5.8574813079833978 -4.7053586483001713 5.9759317588806162 -4.1382252883911139
leaf_weight=5.9999999999999991 4.9999999999999991 5.0000000000000018 5.0000000000000027 7.0000000000000027 6.0000000000000018 4.9999999999999991 7 5.9999999999999991 4.9999999999999991 4.9999999999999991 4.9999999999999982 8.0000000000000053 6.9999999999999991 5 5 5.9999999999999991 4.9999999999999991 4.9999999999999991
leaf_count=6 5 5 5 7 6 5 7 6 5 5 5 8 7 5 5 6 5 5
internal_value=0.889498 -0.641898 -0.051685 4.11368 -1.07404 4.22713 -4.17815 -1.91677 -1.25524 -1.89031 -1.34989 -2.56982 -5.29639 3.65182 -1.93191 -0.638507 0.717111 -1.30551
internal_weight=108 103 97 30 25 18 13 67 61 56 51 41 17 10 10 24 18 13
internal_count=108 103 97 30 25 18 13 67 61 56 51 41 17 10 10 24 18 13
is_linear=0
shrinkage=0.05


Tree=103
num_leaves=19
num_cat=0
split_feature=1 5 1 2 2 5 5 1 4 6 7 1 5 1 7 4 7 1
split_gain=1.22416e+06 212138 307991 813740 798284 1.0045e+06 184337 107612 84378.2 147819 224443 176377 63695.9 60504.5 44803.6 28330.9 76555 45954.5
threshold=52757.674236056024 0.29614888529253236 13956.18840917876 0.3433574889033712 0.40053970387469134 0.39439240646744306 0.41781195714099434 12221.392818450666 2.4246638699485072 11.029932159873381 0.077356522101407768 7387.5125544820748 0.37079327361855535 4405.9086795478224 0.038704089731232433 2.1543446061517115 0.11928437684421113 7607.5887173799301
decision_type=2 2 2 2 2 2 2 2 2 2 2 2 2 2 2 2 2 2
left_child=1 -1 7 -4 -5 -6 -7 8 13 -10 11 12 14 -3 -11 17 -17 -15
right_child=-2 2 3 4 5 6 -8 -9 9 10 -12 -13 -14 15 -16 16 -18 -19
leaf_value=-9.6744967142740901 21.065402494158064 -8.1962876796722366 20.745229872067757 -13.97033604213169 24.776814117431641 -9.4594118499755879 4.1176631927490233 -8.2102224032084159 6.9698074349335259 -2.879335279464716 -10.736428298950196 9.2479028320312491 -6.1899379730224613 2.6466773351033517 3.5292484760284419 -8.5297906494140641 -0.1527158737182617 -3.5416487216949459
leaf_weight=5.9999999999999991 6.9999999999999991 5.0000000000000027 6.0000000000000027 7.0000000000000027 4.9999999999999991 4.9999999999999982 5 5.9999999999999991 6.9999999999999991 5.0000000000000089 4.9999999999999991 4.9999999999999991 4.9999999999999991 6.0000000000000018 6 4.9999999999999982 6 6
leaf_count=6 7 5 6 7 5 5 5 6 7 5 5 5 5 6 6 5 6 6
internal_value=0.845023 -0.556389 0.0194911 4.42337 -0.0280466 6.47836 -2.67087 -1.82094 -1.19248 0.520459 -1.2159 1.05089 -1.51068 -3.2113 0.616256 -2.12761 -3.96048 -0.447486
internal_weight=108 101 95 28 22 15 10 67 61 33 26 21 16 28 11 23 11 12
internal_count=108 101 95 28 22 15 10 67 61 33 26 21 16 28 11 23 11 12
is_linear=0
shrinkage=0.05


Tree=104
num_leaves=19
num_cat=0
split_feature=0 4 1 2 2 4 0 0 2 1 6 6 4 0 3 0 0 4
split_gain=1.75898e+06 187942 238193 1.36879e+06 571852 1.11462e+06 312793 114061 57805.4 41043.9 147763 86538.2 86377.4 66976.5 47983.1 33837.5 24670.3 14513
threshold=91530 3.3769844207411572 13956.18840917876 0.3433574889033712 0.40053970387469134 2.535545779047951 54773.500000000007 46235.500000000007 0.45754712422382926 6093.7564319131534 13.043294761977926 9.6179462059860477 2.2221563262003503 37401.000000000015 2.5000000000000004 19519.500000000011 29586.000000000004 2.7451911326668745
decision_type=2 2 2 2 2 2 2 2 2 2 2 2 2 2 2 2 2 2
left_child=1 2 7 -4 -5 6 -6 8 9 11 13 -1 -13 16 -14 17 -11 -16
right_child=-2 -3 3 4 5 -7 -8 -9 -10 10 -12 12 14 -15 15 -17 -18 -19
leaf_value=4.1644409942626952 29.764382324218754 -9.1907713254292798 27.512398490905742 -13.271819196428565 2.8448518753051744 21.166198603312175 -13.300151125590006 -8.9944884490966803 -6.2988240051269528 -1.3304207938058026 6.9902010781424382 -8.2875083923339812 -5.2640179157257059 -5.8843463897705082 -3.5574643898010261 3.385001907348633 3.2680509519577026 0.25212375640869139
leaf_weight=4.9999999999999991 4.9999999999999991 5.9999999999999991 5.0000000000000027 7.0000000000000027 6.0000000000000018 5.9999999999999991 6 4.9999999999999991 4.9999999999999991 7.0000000000000053 6.9999999999999991 6.0000000000000027 6.0000000000000027 5.9999999999999991 4.9999999999999982 4.9999999999999991 5 5
leaf_count=5 5 6 5 7 6 6 6 5 5 7 7 6 6 6 5 5 5 5
internal_value=0.802772 -0.603131 -0.0719373 3.63082 -1.14549 3.5703 -5.22765 -1.72989 -1.14403 -0.69186 0.826106 -1.87777 -2.9967 -1.57104 -1.48504 0.0265538 0.585609 -1.65267
internal_weight=108 103 97 30 25 18 12 67 62 57 25 32 27 18 21 15 12 10
internal_count=108 103 97 30 25 18 12 67 62 57 25 32 27 18 21 15 12 10
is_linear=0
shrinkage=0.05


Tree=105
num_leaves=18
num_cat=0
split_feature=2 5 4 7 1 1 2 2 4 2 2 6 6 4 6 1 2
split_gain=512393 1.75905e+06 411199 919461 900223 427487 1.10028e+06 200313 118312 129196 144523 67688.5 56227.2 188217 50937.1 21861.5 20365.2
threshold=0.63546820154915784 0.39292474761446045 2.7451911326668745 0.067318377819845662 24205.677865591173 15719.604082849797 0.35245113372703452 0.2994101109548431 2.5967981128142408 0.1816627865598146 0.22605089977735515 16.260692376199078 9.8202207392153866 2.2516050081241255 8.3629238554085266 8587.5259268539885 0.33522895219823584
decision_type=2 2 2 2 2 2 2 2 2 2 2 2 2 2 2 2 2
left_child=2 -2 5 7 -5 8 -7 11 9 -1 -11 -4 14 -14 15 -12 -15
right_child=1 -3 3 4 -6 6 -8 -9 -10 10 12 -13 13 16 -16 -17 -18
leaf_value=5.7602430152893067 32.762789115905768 -5.042309355735779 2.0165724945068333 -5.8590867784288196 -32.319878845214845 25.045217164357506 -3.2794536113739015 9.4589641571044929 4.7207548856735233 -8.7945576190948493 1.1676769828796381 -6.2107309532165518 7.8392825762430833 -1.1060182189941408 -6.9953985214233398 -3.0468775153160097 -5.6188009643554686
leaf_weight=4.9999999999999991 4.9999999999999991 7.9999999999999991 5.0000000000000053 8.9999999999999982 4.9999999999999991 5.9999999999999991 7.9999999999999991 5.9999999999999991 7.9999999999999991 7.9999999999999991 5.0000000000000027 5 5.9999999999999991 4.9999999999999982 5.9999999999999991 7.9999999999999991 5
leaf_count=5 5 8 5 9 5 6 8 6 8 8 5 5 6 5 6 8 5
internal_value=0.159968 9.49811 -1.05399 -5.95161 -15.3094 1.04499 8.85969 2.23644 -0.90869 -1.84693 -2.73149 -2.09708 -1.34564 0.838225 -3.18469 -1.4259 -3.36241
internal_weight=113 13 100 30 14 70 14 16 56 48 43 10 35 16 19 13 10
internal_count=113 13 100 30 14 70 14 16 56 48 43 10 35 16 19 13 10
is_linear=0
shrinkage=0.05


Tree=106
num_leaves=18
num_cat=0
split_feature=2 4 4 0 0 2 1 2 3 4 7 4 2 2 0 4 2
split_gain=462435 1.58754e+06 371107 1.91597e+06 465162 295250 368254 247125 241989 310562 155795 79077.3 94592.6 86456.5 49101 38255.4 47926.5
threshold=0.63546820154915784 2.7837997876371747 2.7451911326668745 77954.999999999985 62016 0.45754712422382926 15719.604082849797 0.35245113372703452 1.5000000000000002 2.9765045141594961 0.25299665001172827 2.5967981128142408 0.1816627865598146 0.22605089977735515 33369.000000000007 2.3481496299525113 0.2994101109548431
decision_type=2 2 2 2 2 2 2 2 2 2 2 2 2 2 2 2 2
left_child=2 -2 4 7 5 6 11 8 -4 -10 -7 12 -1 -14 15 16 -15
right_child=1 -3 3 -5 -6 10 -8 -9 9 -11 -12 -13 13 14 -16 -17 -18
leaf_value=5.4722308158874515 -4.7901935935020452 31.124650268554685 -12.238800315856908 -33.908632812500002 14.30455182393392 -13.141719309488934 14.205330963134765 8.8431591669718426 -5.8737415075302133 9.174561691284179 -1.191313667297363 4.4847172498703003 -6.8499365397862029 -0.50127435922622643 -4.6466451009114591 -2.3020499393343927 5.4102725982666016
leaf_weight=4.9999999999999991 7.9999999999999982 5 5.0000000000000098 4.9999999999999991 5.9999999999999991 5.9999999999999982 4.9999999999999991 5.9999999999999991 7.9999999999999982 6 5 7.9999999999999991 6.9999999999999991 8.0000000000000053 5.9999999999999991 7.9999999999999991 5.9999999999999991
leaf_count=5 8 5 5 5 6 6 5 6 8 6 5 8 7 8 6 8 6
internal_value=0.151969 9.02321 -1.00129 -5.65403 0.992737 -0.255246 1.29191 -0.00310434 -2.79666 0.575531 -7.70972 -0.0532394 -0.960831 -1.87984 -0.637315 0.456138 2.03225
internal_weight=113 13 100 30 70 64 53 25 19 14 11 48 40 35 28 22 14
internal_count=113 13 100 30 70 64 53 25 19 14 11 48 40 35 28 22 14
is_linear=0
shrinkage=0.05


Tree=107
num_leaves=18
num_cat=0
split_feature=2 2 4 0 0 2 1 2 3 4 6 4 2 2 0 4 2
split_gain=417347 1.45658e+06 334924 1.72917e+06 419808 266463 332349 223031 218395 280282 140605 71367.3 85369.9 78027 44313.6 34525.5 43253.6
threshold=0.63546820154915784 0.81097315501112854 2.7451911326668745 77954.999999999985 62016 0.45754712422382926 15719.604082849797 0.35245113372703452 1.5000000000000002 2.9765045141594961 6.8722645661915465 2.5967981128142408 0.1816627865598146 0.22605089977735515 33369.000000000007 2.3481496299525113 0.2994101109548431
decision_type=2 2 2 2 2 2 2 2 2 2 2 2 2 2 2 2 2
left_child=2 -2 4 7 5 6 11 8 -4 -10 -7 12 -1 -14 15 16 -15
right_child=1 -3 3 -5 -6 10 -8 -9 9 -11 -12 -13 13 14 -16 -17 -18
leaf_value=5.1986192703247074 26.649558314432706 -6.9229625156947536 -11.626860618591286 -32.213201293945318 13.589323679606119 -1.1317479324340824 13.495063400268556 8.4010006586710624 -5.5800545454025281 8.7158336957295717 -12.484633382161457 4.2604814291000368 -6.5074396269662049 -0.47621058225631674 -4.4143129348754888 -2.1869473092257978 5.1397590319315594
leaf_weight=4.9999999999999991 5.9999999999999982 7 5.0000000000000098 4.9999999999999991 5.9999999999999991 4.9999999999999982 4.9999999999999991 5.9999999999999991 7.9999999999999982 6 6 7.9999999999999991 6.9999999999999991 8.0000000000000053 5.9999999999999991 7.9999999999999991 5.9999999999999991
leaf_count=5 6 7 5 5 6 5 5 6 8 6 6 8 7 8 6 8 6
internal_value=0.144371 8.57205 -0.951227 -5.37132 0.9431 -0.242483 1.22731 -0.00294933 -2.65683 0.546755 -7.32423 -0.0505774 -0.912789 -1.78585 -0.60545 0.433331 1.93063
internal_weight=113 13 100 30 70 64 53 25 19 14 11 48 40 35 28 22 14
internal_count=113 13 100 30 70 64 53 25 19 14 11 48 40 35 28 22 14
is_linear=0
shrinkage=0.05


Tree=108
num_leaves=19
num_cat=0
split_feature=2 2 1 5 0 6 3 6 2 6 0 5 4 0 6 0 5 2
split_gain=384101 1.3828e+06 440715 218097 217740 102818 250001 236072 198637 266651 237322 118182 172091 122568 84520.7 36877.8 106612 15768.5
threshold=0.75904576824017289 0.56505205340798936 62105.199800608134 0.29614888529253236 77954.999999999985 13.274265526549931 2.5000000000000004 14.53419826291236 0.45754712422382926 7.6506066014448839 54773.500000000007 0.37358923902760793 2.4246638699485072 35195 15.389639996462732 29586.000000000004 0.47093532015918654 0.23674119032890859
decision_type=2 2 2 2 2 2 2 2 2 2 2 2 2 2 2 2 2 2
left_child=1 3 -2 -1 5 6 -5 -7 10 -10 11 -8 13 15 -9 16 -13 -16
right_child=2 -3 -4 4 -6 7 8 14 9 -11 -12 12 -14 -15 17 -17 -18 -19
leaf_value=-10.565311737060547 1.2781468200683597 24.339298057556153 -19.715063323974608 11.286944885253908 9.3664527893066403 -10.282785075902936 -7.4549896240234377 5.6607894325256352 -14.940808753967289 1.3886484527587888 11.280404052734376 2.4875673082139738 6.7621438774797653 -7.5165518760681156 -0.31555179595947269 3.24943962097168 -6.1168581962585451 -4.286505689620971
leaf_weight=4.9999999999999991 4.9999999999999982 5.9999999999999991 5 4.9999999999999991 5.9999999999999991 8.0000000000000018 4.9999999999999991 4.9999999999999991 4.9999999999999982 5 4.9999999999999991 9.0000000000000053 8.9999999999999982 5.9999999999999991 4.9999999999999982 7.9999999999999991 5.9999999999999991 5
leaf_count=5 5 6 5 5 6 8 5 5 5 5 5 9 9 6 5 8 6 5
internal_value=0.137152 1.04546 -9.21846 -0.395392 0.157321 -0.485176 0.55942 -3.34646 -0.365367 -6.77608 0.970199 -0.228663 0.72217 -1.1523 0.352911 0.507934 -0.954203 -2.30103
internal_weight=113 103 10 97 92 86 63 23 58 10 48 43 38 29 15 23 15 10
internal_count=113 103 10 97 92 86 63 23 58 10 48 43 38 29 15 23 15 10
is_linear=0
shrinkage=0.05


Tree=109
num_leaves=18
num_cat=0
split_feature=1 4 7 1 5 7 1 2 0 5 1 6 6 1 7 1 5
split_gain=421852 288665 1.05025e+06 253589 553048 542317 226925 122494 97386.3 138601 93650.3 127987 119466 113982 69697.7 50000.9 48668.2
threshold=62105.199800608134 3.0121539584389425 0.067318377819845662 15719.604082849797 0.41781195714099434 0.21467669911528109 24205.677865591173 0.2994101109548431 39777.5 0.39559492442219535 5657.3230438461069 9.8202207392153866 9.6179462059860477 7387.5125544820748 0.067318377819845662 8017.8764203639594 0.42201395357088417
decision_type=2 2 2 2 2 2 2 2 2 2 2 2 2 2 2 2 2
left_child=1 3 7 8 5 6 -5 -3 10 -10 12 15 -1 -13 -14 -12 -15
right_child=-2 2 -4 4 -6 -7 -8 -9 9 -11 11 13 14 16 -16 -17 -18
leaf_value=3.9818301010131805 13.031400044759117 -2.206707255045572 -23.395811525980633 -0.24662853876749652 15.655934476852417 -12.378253682454428 14.176089630126951 8.3897961235046363 -11.535693206787112 0.23718948364257808 1.7808659934997557 -0.46879082918167098 -1.7918863273329197 11.018178563117985 -8.2060126781463634 -4.4552838573853171 4.3389166514078772
leaf_weight=5.0000000000000027 5.9999999999999991 6.0000000000000018 5.9999999999999991 6.0000000000000053 7.9999999999999991 5.9999999999999991 5 5 4.9999999999999982 5 4.9999999999999991 8.0000000000000018 9.0000000000000018 4.9999999999999982 7.9999999999999991 8.9999999999999982 6
leaf_count=5 6 6 6 6 8 6 5 5 5 5 5 8 9 5 8 9 6
internal_value=0.130295 -0.593132 -6.5686 0.535567 4.81515 -0.286403 6.30915 2.60989 -1.11042 -5.64925 -0.285183 1.39942 -2.81209 4.07232 -4.8103 -2.22809 7.37494
internal_weight=113 107 17 90 25 17 11 11 65 10 55 33 22 19 17 14 11
internal_count=113 107 17 90 25 17 11 11 65 10 55 33 22 19 17 14 11
is_linear=0
shrinkage=0.05


Tree=110
num_leaves=17
num_cat=0
split_feature=0 4 7 1 0 0 5 4 0 4 6 0 0 3 0 4
split_gain=2.67845e+06 275652 298898 216270 282011 224139 173937 151975 389678 84060.8 64070.1 51441.4 48159.5 45860.4 40816.3 21130.4
threshold=87502.499999999985 2.934351799697287 0.08708707792479202 18300.224719541544 62016 50610.999999999993 0.36427410282794453 2.4246638699485072 33369.000000000007 3.2626666860657543 6.6798556851379809 24627.000000000004 17132.500000000004 5.5000000000000009 29586.000000000004 2.3696226992571545
decision_type=2 2 2 2 2 2 2 2 2 2 2 2 2 2 2 2
left_child=1 3 9 5 15 6 -1 10 11 -3 -8 -9 -12 14 -14 -5
right_child=-2 2 -4 4 -6 -7 7 8 -10 -11 12 -13 13 -15 -16 -17
leaf_value=-9.1474124590555839 34.156248029073076 -2.9581406593322743 15.769675903320314 -9.5635805892944301 1.2231590270996096 9.0644649505615238 2.0546096733638222 0.97477729055616558 13.94566469192505 5.1070340020315985 -7.7428201293945271 -5.3505681610107425 1.8077457636594767 -5.0502495553758413 -3.9510067749023436 -14.160366363525391
leaf_weight=5.9999999999999991 5.9999999999999991 6.0000000000000018 4.9999999999999991 5.0000000000000018 6.9999999999999991 5.9999999999999991 6.9999999999999991 9.0000000000000018 5.9999999999999991 7 5.0000000000000027 4.9999999999999991 8.0000000000000018 8.9999999999999982 4.9999999999999991 5
leaf_count=6 6 6 5 5 7 6 7 9 6 7 5 5 8 9 5 5
internal_value=1.69951 -0.228609 5.38049 -1.44504 -6.47398 -0.149707 -1.07112 -0.173759 3.28471 1.38465 -2.20815 -1.28427 -3.31331 -2.30661 -0.407159 -11.862
internal_weight=107 101 18 83 17 66 60 54 20 13 34 14 27 22 13 10
internal_count=107 101 18 83 17 66 60 54 20 13 34 14 27 22 13 10
is_linear=0
shrinkage=0.05


Tree=111
num_leaves=17
num_cat=0
split_feature=0 2 1 5 5 6 6 0 0 0 0 1 5 7 2 7
split_gain=2.4173e+06 531335 292737 140342 147112 157397 140051 344716 249195 134510 87997.6 76131.4 88125.8 38880.2 97145.9 32107.8
threshold=87502.499999999985 0.90942970609434792 33902.646891508019 0.44006687884785706 0.42201395357088417 7.1676944068471782 11.998065177793462 43685.500000000007 46235.500000000007 35195 33369.000000000007 9833.536278827658 0.46418096374551515 0.05467668294401349 0.16744804518791417 0.14610001537467651
decision_type=2 2 2 2 2 2 2 2 2 2 2 2 2 2 2 2
left_child=1 2 3 4 5 -1 7 -7 10 11 13 12 -5 14 -8 -14
right_child=-2 -3 -4 9 -6 6 8 -9 -10 -11 -12 -13 15 -15 -16 -17
leaf_value=-7.1958737055460622 32.44843552907308 -16.107915000915529 11.303935654958089 -7.4232465709958646 8.6931395689646411 -3.0988560812813897 -3.8234987640380811 11.695307498508029 -10.759386749267579 -10.426515045166017 6.7260496457417807 3.4658687651157383 -3.2059181976318367 -2.631392722659641 5.060817175358534 2.2192240079243972
leaf_weight=5.9999999999999991 5.9999999999999991 4.9999999999999991 5.9999999999999991 7.0000000000000098 5.9999999999999991 6.9999999999999991 5.0000000000000062 8.9999999999999982 4.9999999999999991 4.9999999999999991 5.9999999999999991 5.9999999999999991 4.9999999999999982 8.9999999999999982 7.9999999999999991 6
leaf_count=6 6 5 6 7 6 7 5 9 5 5 6 6 5 9 8 6
internal_value=1.61454 -0.217179 0.610464 -0.102434 1.25894 0.447935 1.38391 5.22286 -0.477398 -2.96601 1.35867 -1.41174 -3.03761 -0.105159 1.64377 -0.24675
internal_weight=107 101 96 90 61 55 49 16 33 29 28 24 18 22 13 11
internal_count=107 101 96 90 61 55 49 16 33 29 28 24 18 22 13 11
is_linear=0
shrinkage=0.05


Tree=112
num_leaves=19
num_cat=0
split_feature=4 7 2 1 2 1 1 6 4 2 2 1 4 7 2 4 6 6
split_gain=1.26067e+06 3.52189e+06 588363 261351 225385 273335 152995 99345.9 80233.6 57731 226562 127584 62957.7 54950.1 44174.3 35678.9 22544.7 5648.78
threshold=2.934351799697287 0.090753606681850285 0.75904576824017289 31062.671928726599 0.45754712422382926 16516.706392829426 52757.674236056024 8.3629238554085266 3.2626666860657543 0.23674119032890859 0.22093611501468283 7387.5125544820748 2.4246638699485072 0.13023781247678756 0.24878814255985207 2.2723896376949191 7.1676944068471782 13.491940612647864
decision_type=2 2 2 2 2 2 2 2 2 2 2 2 2 2 2 2 2 2
left_child=2 8 3 4 5 7 -4 14 -2 10 11 -9 13 15 -1 -11 -6 -14
right_child=1 -3 6 -5 16 -7 -8 9 -10 12 -12 -13 17 -15 -16 -17 -18 -19
leaf_value=0.66686218261718766 -2.6812682926654805 49.194778594970707 -6.2936024475097669 11.467412414550783 -9.6939065372943904 9.3945805549621593 -18.662729492187498 -4.1446818828582748 4.6486625671386719 2.6059165060520146 -12.752727890014649 6.0367668151855476 4.2765832138061537 -6.3152611541748049 7.3132348823547346 -3.112972183227539 -4.9457833862304685 1.8998673200607297
leaf_weight=4.9999999999999982 8.0000000000000018 4.9999999999999991 4.9999999999999982 4.9999999999999991 4.9999999999999982 7.9999999999999991 5 8.0000000000000018 6.9999999999999991 6.0000000000000053 4.9999999999999991 4.9999999999999991 4.9999999999999982 4.9999999999999991 5 5 5 5
leaf_count=5 8 5 5 5 5 8 5 8 7 6 5 5 5 5 5 5 5 5
internal_value=1.53381 12.8532 -1.06835 0.413442 -0.354194 0.769298 -12.4782 -0.508522 0.739366 -1.53092 -3.70763 -0.22874 -0.0239775 -1.9691 3.99005 0.00642165 -7.31984 3.08823
internal_weight=107 20 87 77 72 62 10 54 15 44 18 13 26 16 10 11 10 10
internal_count=107 20 87 77 72 62 10 54 15 44 18 13 26 16 10 11 10 10
is_linear=0
shrinkage=0.05


Tree=113
num_leaves=19
num_cat=0
split_feature=4 7 2 1 2 1 1 6 4 2 2 1 4 7 2 5 6 6
split_gain=1.13776e+06 3.17851e+06 530998 235870 203410 246684 138078 89659.7 72410.9 52102.3 204472 115144 56819.4 49592.4 39867.3 32247.8 20346.6 5098.02
threshold=2.934351799697287 0.090753606681850285 0.75904576824017289 31062.671928726599 0.45754712422382926 16516.706392829426 52757.674236056024 8.3629238554085266 3.2626666860657543 0.23674119032890859 0.22093611501468283 7387.5125544820748 2.4246638699485072 0.13023781247678756 0.24878814255985207 0.4500170190692121 7.1676944068471782 13.491940612647864
decision_type=2 2 2 2 2 2 2 2 2 2 2 2 2 2 2 2 2 2
left_child=2 8 3 4 5 7 -4 14 -2 10 11 -9 13 15 -1 -11 -6 -14
right_child=1 -3 6 -5 16 -7 -8 9 -10 12 -12 -13 17 -15 -16 -17 -18 -19
leaf_value=0.63351905822753918 -2.5472049653530111 46.735038909912113 -5.978922500610353 10.894041442871094 -9.2092111968994157 8.9248513221740726 -17.729593391418454 -3.9374477624893176 4.4162293570382252 -2.4652420256907717 -12.115091629028321 5.7349287414550787 4.0627541351318364 -5.9994982147216795 6.9475729179382313 2.9717119979858393 -4.6984942626953119 1.8048738861083979
leaf_weight=4.9999999999999982 8.0000000000000018 4.9999999999999991 4.9999999999999982 4.9999999999999991 4.9999999999999982 7.9999999999999991 5 8.0000000000000018 6.9999999999999991 6.0000000000000053 4.9999999999999991 4.9999999999999991 4.9999999999999982 4.9999999999999991 5 5 5 5
leaf_count=5 8 5 5 5 5 8 5 8 7 6 5 5 5 5 5 5 5 5
internal_value=1.45712 12.2106 -1.01493 0.39277 -0.336485 0.730833 -11.8543 -0.483096 0.702398 -1.45438 -3.52224 -0.217303 -0.0227786 -1.87065 3.79055 0.00610071 -6.95385 2.93381
internal_weight=107 20 87 77 72 62 10 54 15 44 18 13 26 16 10 11 10 10
internal_count=107 20 87 77 72 62 10 54 15 44 18 13 26 16 10 11 10 10
is_linear=0
shrinkage=0.05


Tree=114
num_leaves=19
num_cat=0
split_feature=0 2 1 4 4 0 7 2 2 2 7 7 0 1 4 0 4 0
split_gain=2.05997e+06 392550 244886 96841.6 141435 127048 124628 103573 145791 145632 265550 220399 94797.8 71764 80266.3 22198.4 22141 11662.4
threshold=87502.499999999985 0.90942970609434792 33902.646891508019 2.2723896376949191 2.3696226992571545 35195 0.2385095961990355 0.18761642588800242 0.22605089977735515 0.24878814255985207 0.090753606681850285 0.067318377819845662 43685.500000000007 9833.536278827658 2.1543446061517115 31244.499999999993 1.9905416946811754 24627.000000000004
decision_type=2 2 2 2 2 2 2 2 2 2 2 2 2 2 2 2 2 2
left_child=1 2 3 5 -5 13 7 15 -9 -10 11 17 -12 14 16 -6 -1 -11
right_child=-2 -3 -4 4 6 -7 -8 8 9 10 12 -13 -14 -15 -16 -17 -18 -19
leaf_value=-2.0783003489176397 29.848085808753968 -13.965299339294432 10.185249010721844 8.1729214827219661 -1.2977702549525674 -9.8766716003417976 -6.7133460362752277 10.170433683395387 -6.0318421681722008 1.4533599519729599 4.1335954284667977 -8.9607049624125175 13.870010070800781 3.6201499938964847 -6.8795351913997109 -5.6597845840454095 2.4267961692810056 4.8683923339843744
leaf_weight=6.0000000000000089 5.9999999999999991 4.9999999999999991 5.9999999999999991 5.9999999999999991 6.9999999999999982 4.9999999999999991 5.9999999999999991 4.9999999999999991 5.9999999999999991 5.0000000000000053 4.9999999999999982 5.9999999999999991 5 5.9999999999999991 6.9999999999999991 5 5 5
leaf_count=6 6 5 6 6 7 5 6 5 6 5 5 6 5 6 7 5 5 5
internal_value=1.38426 -0.306656 0.404732 -0.247302 0.883571 -2.62604 0.0883688 0.921232 2.23037 0.989735 2.6101 -1.38472 9.0018 -1.11549 -2.69403 -3.11528 -0.0305292 3.16088
internal_weight=107 101 96 90 61 29 55 49 37 32 26 16 10 24 18 12 11 10
internal_count=107 101 96 90 61 29 55 49 37 32 26 16 10 24 18 12 11 10
is_linear=0
shrinkage=0.05


Tree=115
num_leaves=20
num_cat=0
split_feature=0 0 7 1 6 0 2 1 2 1 7 6 2 2 4 7 2 6 2
split_gain=1.24126e+06 274237 793657 431687 50006.2 197338 95600.7 80081.8 59431.2 63136.1 232257 70028 48580.5 68473.3 97933.6 47256.1 40843.7 23465.5 20428.8
threshold=91530 54773.500000000007 0.2165094734714553 27797.939671950877 8.3629238554085266 46235.500000000007 0.56505205340798936 7607.5887173799301 0.55662553940215431 7387.5125544820748 0.08708707792479202 10.485838715812053 0.28437702154139949 0.16744804518791417 2.2221563262003503 0.046060019652292908 0.30882258029930471 14.53419826291236 0.32534461537208209
decision_type=2 2 2 2 2 2 2 2 2 2 2 2 2 2 2 2 2 2 2
left_child=1 4 3 -3 6 8 7 -1 9 12 -11 -12 13 15 -15 -6 -14 -16 -9
right_child=-2 2 -4 -5 5 -7 -8 18 -10 10 11 -13 16 14 17 -17 -18 -19 -20
leaf_value=4.5974036407470669 -27.507776947021483 -11.44184837341308 -24.510419540405277 6.2999613165855415 -2.634608154296874 -10.973968963623047 7.4141302013397228 -0.89261186599731457 -5.8323878479003914 10.271555042266847 -6.3559614562988296 2.0123140716552732 4.8582876968383806 -10.273790588378908 -3.9424656232198085 4.2396976852416985 -1.2605424880981444 0.69542587280273427 -5.4124343872070311
leaf_weight=5.0000000000000027 4.9999999999999991 6.0000000000000027 4.9999999999999991 7.9999999999999991 5.0000000000000018 4.9999999999999991 4.9999999999999991 4.9999999999999982 4.9999999999999991 5.9999999999999991 4.9999999999999982 5 4.9999999999999982 4.9999999999999991 5.9999999999999982 5 6 5 5
leaf_count=5 5 6 5 8 5 5 5 5 5 6 5 5 5 5 6 5 6 5 5
internal_value=-3.18433 -1.99201 -7.41071 -1.30367 -0.751581 -1.44307 1.42662 -0.569214 -0.621445 -0.129847 2.49444 -2.17182 -1.26468 -2.44312 -4.47166 0.802545 1.52074 -1.83433 -3.15252
internal_weight=107 102 19 14 83 63 20 15 58 53 16 10 37 26 16 10 11 11 10
internal_count=107 102 19 14 83 63 20 15 58 53 16 10 37 26 16 10 11 11 10
is_linear=0
shrinkage=0.05


Tree=116
num_leaves=17
num_cat=0
split_feature=0 0 7 2 6 0 2 2 0 4 7 4 0 6 0 6
split_gain=1.12024e+06 247499 716276 290842 45130.6 178097 86279.6 53636.7 53907.5 106185 106091 71824.7 40307.5 36334.3 19146.5 6756.34
threshold=91530 54773.500000000007 0.2165094734714553 0.40053970387469134 8.3629238554085266 46235.500000000007 0.56505205340798936 0.55662553940215431 20969.499999999993 2.2221563262003503 0.11014458600331878 2.6272356579924998 21486.000000000011 16.260692376199078 17132.500000000004 7.1676944068471782
decision_type=2 2 2 2 2 2 2 2 2 2 2 2 2 2 2 2
left_child=1 4 3 -3 6 7 12 8 10 -10 13 -11 -1 14 -6 -14
right_child=-2 2 -4 -5 5 -7 -8 -9 9 11 -12 -13 15 -15 -16 -17
leaf_value=3.1247390747070294 -26.132388505935673 -8.4451496669224309 -23.284897842407229 5.9681748526436937 2.9956366433037633 -10.425270233154297 7.0434236526489258 -5.54076847076416 -2.7805857764350037 6.9626257684495716 -6.960896682739258 0.20962595258440292 -3.6731474494934093 -2.7944649764469691 -0.86334777355194103 -1.0738523101806638
leaf_weight=5.0000000000000027 4.9999999999999991 7.0000000000000018 4.9999999999999991 7 9.0000000000000053 4.9999999999999991 4.9999999999999991 4.9999999999999991 9.0000000000000018 8.9999999999999982 6.9999999999999991 6.9999999999999991 4.9999999999999982 6.9999999999999991 4.9999999999999991 5
leaf_count=5 5 7 5 7 9 5 5 5 9 9 7 7 5 7 5 5
internal_value=-3.02512 -1.89241 -7.04017 -1.23849 -0.714002 -1.37092 1.35529 -0.590373 -0.123355 1.56423 -1.63013 4.00819 -0.540754 0.146797 1.61743 -2.3735
internal_weight=107 102 19 14 83 63 20 58 53 25 28 16 15 21 14 10
internal_count=107 102 19 14 83 63 20 58 53 25 28 16 15 21 14 10
is_linear=0
shrinkage=0.05


Tree=117
num_leaves=20
num_cat=0
split_feature=0 0 7 5 6 0 2 1 2 1 7 6 2 2 5 7 2 6 2
split_gain=1.01102e+06 223368 666969 357598 40730.4 160733 77867.4 70131 48407.1 55740.5 197618 59594.5 43387.2 58719.5 82334 42128.4 35269 22719.3 19165.2
threshold=91530 54773.500000000007 0.17020059730283604 0.38509189123784332 8.3629238554085266 46235.500000000007 0.56505205340798936 7607.5887173799301 0.55662553940215431 7387.5125544820748 0.08708707792479202 10.485838715812053 0.28437702154139949 0.16744804518791417 0.4500170190692121 0.046060019652292908 0.30882258029930471 14.53419826291236 0.32534461537208209
decision_type=2 2 2 2 2 2 2 2 2 2 2 2 2 2 2 2 2 2 2
left_child=1 4 3 -3 6 8 7 -1 9 12 -11 -12 13 15 17 -6 -14 -15 -9
right_child=-2 2 -4 -5 5 -7 -8 18 -10 10 11 -13 16 14 -16 -17 -18 -19 -20
leaf_value=4.3212611389160127 -24.825769195556642 -6.9287600199381494 -17.673096942901612 11.176435241699217 -2.5368575096130357 -9.9040068054199235 6.6912526613473888 -0.74230281829833999 -5.2637299728393563 9.5223961472511292 -5.8155279541015643 1.904221153259277 4.5502727174758917 -3.8318358739217127 -9.4956628417968751 3.9537854385375972 -1.1356661796569822 0.73171440124511711 -5.1201060485839838
leaf_weight=5.0000000000000027 4.9999999999999991 6.0000000000000018 7.9999999999999991 5 5.0000000000000018 4.9999999999999991 4.9999999999999991 4.9999999999999982 4.9999999999999991 5.9999999999999991 4.9999999999999982 5 4.9999999999999982 5.9999999999999982 4.9999999999999991 5 6 5 5
leaf_count=5 5 6 8 5 5 5 5 5 5 6 5 5 5 6 5 5 6 5 5
internal_value=-2.87386 -1.79779 -6.68817 1.30087 -0.678302 -1.30237 1.28753 -0.513716 -0.560854 -0.117187 2.34862 -1.95565 -1.18348 -2.29716 -4.17567 0.708464 1.44885 -1.75749 -2.9312
internal_weight=107 102 19 11 83 63 20 15 58 53 16 10 37 26 16 10 11 11 10
internal_count=107 102 19 11 83 63 20 15 58 53 16 10 37 26 16 10 11 11 10
is_linear=0
shrinkage=0.05


Tree=118
num_leaves=20
num_cat=0
split_feature=0 0 7 7 6 0 2 1 2 1 7 6 2 2 5 7 2 6 2
split_gain=912442 201590 601939 324641 36759.2 145061 70275.3 63293.2 43687.4 50305.8 178351 53784.1 39157 52994.3 74306.4 38020.9 31830.3 20504.1 17296.6
threshold=91530 54773.500000000007 0.17020059730283604 0.12281249521708473 8.3629238554085266 46235.500000000007 0.56505205340798936 7607.5887173799301 0.55662553940215431 7387.5125544820748 0.08708707792479202 10.485838715812053 0.28437702154139949 0.16744804518791417 0.4500170190692121 0.046060019652292908 0.30882258029930471 14.53419826291236 0.32534461537208209
decision_type=2 2 2 2 2 2 2 2 2 2 2 2 2 2 2 2 2 2 2
left_child=1 4 3 -3 6 8 7 -1 9 12 -11 -12 13 15 17 -6 -14 -15 -9
right_child=-2 2 -4 -5 5 -7 -8 18 -10 10 11 -13 16 14 -16 -17 -18 -19 -20
leaf_value=4.1051981353759741 -23.584480514526369 -6.6054087956746388 -16.78944206237793 10.645318298339843 -2.4100146865844714 -9.4088061523437503 6.3566899871826177 -0.70518779754638683 -5.0005433654785163 9.046276370684307 -5.5247515869140642 1.8090101051330565 4.3227591472864155 -3.6402440706888841 -9.0208795928955094 3.7560962677001948 -1.0788828829924264 0.6951287078857421 -4.8641007232666009
leaf_weight=5.0000000000000027 4.9999999999999991 6.0000000000000018 7.9999999999999991 5 5.0000000000000018 4.9999999999999991 4.9999999999999991 4.9999999999999982 4.9999999999999991 5.9999999999999991 4.9999999999999982 5 4.9999999999999982 5.9999999999999982 4.9999999999999991 5 6 5 5
leaf_count=5 5 6 8 5 5 5 5 5 5 6 5 5 5 6 5 5 6 5 5
internal_value=-2.73017 -1.7079 -6.35376 1.23583 -0.644387 -1.23726 1.22315 -0.48803 -0.532812 -0.111328 2.23118 -1.85787 -1.12431 -2.1823 -3.96689 0.673041 1.37641 -1.66962 -2.78464
internal_weight=107 102 19 11 83 63 20 15 58 53 16 10 37 26 16 10 11 11 10
internal_count=107 102 19 11 83 63 20 15 58 53 16 10 37 26 16 10 11 11 10
is_linear=0
shrinkage=0.05


Tree=119
num_leaves=15
num_cat=0
split_feature=0 4 6 0 0 2 2 0 1 2 2 2 4 2
split_gain=823479 191823 223576 550546 450591 133390 197552 115540 49644.8 185933 53375.6 88964.4 26405 21461.6
threshold=91530 3.3769844207411572 8.8564046125742681 54773.500000000007 66429.000000000015 0.43149840856083482 0.27702064154860279 46235.500000000007 5657.3230438461069 0.27702064154860279 0.16744804518791417 0.27702064154860279 2.2516050081241255 0.50562705853824974
decision_type=2 2 2 2 2 2 2 2 2 2 2 2 2 2
left_child=1 2 3 5 7 6 -1 8 10 -10 -4 -12 -11 -14
right_child=-2 -3 4 -5 -6 -7 -8 -9 9 12 11 -13 13 -15
leaf_value=0.85087981753879061 -22.405256805419924 -11.172891693115234 1.4589965820312494 -15.949969577789307 11.611442923545837 4.5173162460327152 -11.544734878540041 -7.609976053237915 7.0766608556111628 0.79289121627807579 -6.903881888919404 0.34275274723768234 -1.2841350827898301 -5.5731558227539058
leaf_weight=9.0000000000000053 4.9999999999999991 4.9999999999999991 8.0000000000000018 7.9999999999999991 7.9999999999999991 7.9999999999999991 4.9999999999999991 5.9999999999999991 9.0000000000000018 7.0000000000000027 9.0000000000000018 7.9999999999999991 6.9999999999999982 5
leaf_count=9 5 5 8 8 8 8 5 6 9 7 9 8 7 5
internal_value=-2.59366 -1.6225 -1.13021 -4.71757 0.476063 -0.633056 -3.57613 -1.03382 -0.289349 1.15662 -1.90884 -3.4937 -1.6476 -3.07123
internal_weight=107 102 97 30 67 22 14 59 53 28 25 17 19 12
internal_count=107 102 97 30 67 22 14 59 53 28 25 17 19 12
is_linear=0
shrinkage=0.05


Tree=120
num_leaves=17
num_cat=0
split_feature=1 5 0 7 5 4 0 7 4 6 4 5 4 6 2 2
split_gain=666818 163600 174806 340697 344410 374930 85698.6 69555.8 118724 123143 61112.9 41000.9 35629.9 36699.8 34952.1 32045.7
threshold=52757.674236056024 0.29614888529253236 48227.499999999993 0.25299665001172827 0.40949729383885825 2.7837997876371747 8615.0000000000073 0.05467668294401349 2.5689872596560668 11.49094878481216 2.4246638699485072 0.42586730557949953 2.2221563262003503 7.1676944068471782 0.2994101109548431 0.30882258029930471
decision_type=2 2 2 2 2 2 2 2 2 2 2 2 2 2 2 2
left_child=1 -1 6 4 5 -4 -3 -8 10 -10 11 -9 13 -13 -15 -12
right_child=-2 2 3 -5 -6 -7 7 8 9 -11 15 12 -14 14 -16 -17
leaf_value=-8.5009126027425133 -15.451888036727906 -6.098697689175606 -7.2048645655314054 -8.0535314941406266 16.561406431595483 9.3295489788055423 4.0931307383946018 -5.2109744644165046 -11.496715011596681 -1.7100934770372178 5.7047990957895927 1.4045113205909718 2.7985721979822435 -4.7028592427571621 0.51106025695800783 0.53713143666585272
leaf_weight=5.9999999999999991 7.9999999999999991 7.9999999999999991 6.0000000000000062 4.9999999999999991 5.9999999999999991 7.9999999999999991 6.9999999999999991 4.9999999999999991 4.9999999999999991 8.9999999999999982 5.9999999999999982 8.0000000000000053 6.9999999999999991 8.9999999999999982 4.9999999999999991 6
leaf_count=6 8 8 6 5 6 8 7 5 5 9 6 8 7 9 5 6
internal_value=-1.53221 -0.481672 -0.000517222 3.62032 6.53878 2.24337 -1.20746 -0.623435 -1.1737 -5.20532 0.0533125 -1.02939 -0.308425 -1.29702 -2.84075 3.12097
internal_weight=114 106 100 25 20 14 75 67 60 14 46 34 29 22 14 12
internal_count=114 106 100 25 20 14 75 67 60 14 46 34 29 22 14 12
is_linear=0
shrinkage=0.05


Tree=121
num_leaves=17
num_cat=0
split_feature=1 4 0 2 2 3 0 7 4 7 2 6 6 6 0 0
split_gain=601803 147649 157762 327903 858730 739720 77342.9 62774.1 107230 90600.4 131968 56302 91564.1 47013.7 11854.3 24280.4
threshold=52757.674236056024 3.3769844207411572 48227.499999999993 0.3433574889033712 0.40053970387469134 3.5000000000000004 8615.0000000000073 0.05467668294401349 2.6969315988360472 0.070310733269566925 0.22093611501468283 11.029932159873381 8.3629238554085266 10.485838715812053 37401.000000000015 23817.000000000018
decision_type=2 2 2 2 2 2 2 2 2 2 2 2 2 2 2 2
left_child=1 2 6 -4 -5 -6 -1 -8 9 -9 -11 12 14 -14 15 -12
right_child=-2 -3 3 4 5 -7 7 8 -10 10 11 -13 13 -15 -16 -17
leaf_value=-5.7937624484300621 -14.679293394088745 -8.0758675257364914 11.074349763658308 -18.036457214355469 18.790477116902675 -7.2494283771514878 3.8884742873055593 -6.064720996220907 -6.5040396690368656 6.3045774459838873 2.469628143310544 2.9659980237483978 -7.2907650947570817 -1.1102622985839843 2.7061890411376957 -2.0923643793378557
leaf_weight=7.9999999999999991 7.9999999999999991 5.9999999999999991 9.0000000000000018 4.9999999999999991 5.9999999999999982 5 6.9999999999999991 5.9999999999999991 7.9999999999999991 7.9999999999999991 5.0000000000000053 7.9999999999999991 7.9999999999999982 5 4.9999999999999991 7
leaf_count=8 8 6 9 5 6 5 7 6 8 8 5 8 8 5 5 7
internal_value=-1.4556 -0.457588 -0.000491335 3.4393 -0.85541 6.95416 -1.14709 -0.592263 -1.11502 -0.285935 0.46782 -0.760971 -1.75483 -4.91365 0.660737 -0.191534
internal_weight=114 106 100 25 16 11 75 67 60 52 46 38 30 13 17 12
internal_count=114 106 100 25 16 11 75 67 60 52 46 38 30 13 17 12
is_linear=0
shrinkage=0.05


Tree=122
num_leaves=18
num_cat=0
split_feature=1 5 0 5 6 1 4 6 4 2 6 1 2 2 6 6 2
split_gain=543127 133253 142381 343295 513104 453540 71586.2 222788 61327.8 49930.6 79211.4 40449.1 29763.1 29026 82231.4 70803.8 33875.1
threshold=52757.674236056024 0.29614888529253236 48227.499999999993 0.41781195714099434 7.6506066014448839 24205.677865591173 2.5689872596560668 12.796655641163168 2.4246638699485072 0.22605089977735515 14.53419826291236 4405.9086795478224 0.30882258029930471 0.28965910529666361 10.631232603955729 7.1676944068471782 0.2566042183329999
decision_type=2 2 2 2 2 2 2 2 2 2 2 2 2 2 2 2 2
left_child=1 -1 6 4 -4 -6 8 -8 11 -9 -11 -3 -10 16 15 -15 -13
right_child=-2 2 3 -5 5 -7 7 9 12 10 -12 13 -14 14 -16 -17 -18
leaf_value=-7.6720736742019655 -13.945328831672668 -5.2626504325866703 -13.774337692260724 13.693754164377848 -2.9085246682167059 15.276803080240885 -9.5677101559109126 3.8716468175252281 5.1159751483372284 -6.3478886032104507 2.5521906995773311 -0.05642284817165797 0.50518783160618363 2.3102992057800296 6.3817077159881599 -5.7459677505493154 -4.906618722279867
leaf_weight=5.9999999999999991 7.9999999999999991 4.9999999999999991 5.0000000000000062 5.9999999999999991 7.9999999999999982 6 9.0000000000000018 5.9999999999999991 6.9999999999999982 4.9999999999999982 5 9.0000000000000018 7 5.9999999999999982 4.9999999999999991 5 5.9999999999999991
leaf_count=6 8 5 5 6 8 6 9 6 7 5 5 9 7 6 5 5 6
internal_value=-1.38282 -0.434709 -0.000466766 3.26734 -0.0252141 4.88519 -1.08974 -3.27432 0.00255732 0.265712 -1.89785 -1.08945 2.81058 -0.416356 1.06503 -1.35164 -1.9965
internal_weight=114 106 100 25 19 14 75 25 50 16 10 36 14 31 16 11 15
internal_count=114 106 100 25 19 14 75 25 50 16 10 36 14 31 16 11 15
is_linear=0
shrinkage=0.05


Tree=123
num_leaves=17
num_cat=0
split_feature=1 5 0 5 7 2 0 7 4 7 2 7 7 7 0 0
split_gain=490172 120261 128499 309824 463077 413727 72265.7 52378.1 84517.8 82513.3 112610 48840.7 78781 40228 9284.7 21783.4
threshold=52757.674236056024 0.29614888529253236 48227.499999999993 0.41781195714099434 0.2385095961990355 0.40053970387469134 8615.0000000000073 0.05467668294401349 2.6969315988360472 0.070310733269566925 0.22093611501468283 0.11014458600331878 0.18776678944947769 0.14029013502643015 37401.000000000015 23817.000000000018
decision_type=2 2 2 2 2 2 2 2 2 2 2 2 2 2 2 2
left_child=1 -1 6 4 5 -4 -3 -8 9 -9 -11 -12 13 -13 15 -14
right_child=-2 2 3 -5 -6 -7 7 8 -10 10 11 12 14 -15 -16 -17
leaf_value=-7.2884705742200211 -13.248062634468079 -5.5268149465322498 -1.7656605614556193 13.009066880742708 -13.085620498657228 16.172786560058594 3.5939872605460033 -5.7552402853965763 -5.7608238220214849 5.8706367850303653 2.8150823831558229 -1.9367902755737298 2.4251414108276355 -7.5161077181498204 2.469026107788086 -1.8959135736737931
leaf_weight=5.9999999999999991 7.9999999999999991 7.9999999999999991 9.0000000000000053 5.9999999999999991 4.9999999999999991 4.9999999999999991 6.9999999999999991 5.9999999999999991 7.9999999999999991 7.9999999999999991 7.9999999999999991 7.0000000000000018 5.0000000000000018 6 4.9999999999999991 7
leaf_count=6 8 8 9 6 5 5 7 6 8 8 8 7 5 6 5 7
internal_value=-1.31368 -0.412973 -0.000443368 3.10397 -0.0239534 4.64093 -1.03525 -0.498942 -0.97645 -0.240393 0.478935 -0.65616 -1.58182 -4.51186 0.658791 -0.095474
internal_weight=114 106 100 25 19 14 75 67 60 52 46 38 30 13 17 12
internal_count=114 106 100 25 19 14 75 67 60 52 46 38 30 13 17 12
is_linear=0
shrinkage=0.05


Tree=124
num_leaves=19
num_cat=0
split_feature=1 4 5 2 4 7 2 1 2 2 1 6 7 2 4 3 6 4
split_gain=442380 108845 230646 196266 160316 246011 157971 605405 123259 75250.2 118769 106650 75047.3 74993.9 74064.5 39128.6 33956.7 29246
threshold=52757.674236056024 3.1962238028246612 0.33597815644353413 0.3433574889033712 2.5450332819636068 0.08708707792479202 0.33522895219823584 12221.392818450666 0.28965910529666361 0.55662553940215431 15719.604082849797 8.8564046125742681 0.062533099679081688 0.23674119032890859 2.4246638699485072 5.5000000000000009 9.8202207392153866 2.3481496299525113
decision_type=2 2 2 2 2 2 2 2 2 2 2 2 2 2 2 2 2 2
left_child=1 2 -1 -3 6 12 7 14 -7 10 17 -11 13 -6 15 16 -4 -8
right_child=-2 3 4 -5 5 8 9 -9 -10 11 -12 -13 -14 -15 -16 -17 -18 -19
leaf_value=9.6166889508565276 -12.585659325122833 -12.361363754272464 -0.38174642835344552 1.6481213068962095 -6.6423492813110272 -4.1626142774309436 1.2675426483154286 19.365444526672363 -13.928825251261394 6.8826572608947778 -9.4343505541483577 -3.4444839286804196 4.4377429144723077 2.0175510329008097 4.8510137081146247 1.8891297204153881 -5.5077607611815127 -3.7392563438415523
leaf_weight=5.9999999999999991 7.9999999999999991 4.9999999999999982 7.0000000000000053 5 5.0000000000000053 6.9999999999999982 7.0000000000000053 4.9999999999999991 6 4.9999999999999982 5.9999999999999991 5 6.9999999999999991 5 6.9999999999999991 6.9999999999999991 6 5
leaf_count=6 8 5 7 5 5 7 7 5 6 5 6 5 7 5 7 7 6 5
internal_value=-1.248 -0.392325 0.12479 -5.35662 -0.508004 -3.49237 0.984179 3.38404 -8.6701 -1.75853 -3.69053 1.71909 0.467071 -2.3124 0.424526 -1.12474 -2.7476 -0.818624
internal_weight=114 106 96 10 90 30 60 32 13 28 18 10 17 10 27 20 13 12
internal_count=114 106 96 10 90 30 60 32 13 28 18 10 17 10 27 20 13 12
is_linear=0
shrinkage=0.05


Tree=125
num_leaves=19
num_cat=0
split_feature=0 5 6 4 0 2 2 0 0 0 4 5 2 0 2 1 2 4
split_gain=356635 872598 193443 322359 346903 127807 135506 203676 174315 51762.4 57827.8 50513.4 48898.6 43342.6 38284.2 33893.9 31577.4 26505.2
threshold=70868.500000000015 0.38063547960389132 8.0258522432096608 2.2723896376949191 50610.999999999993 0.55662553940215431 0.40053970387469134 39777.5 28397.000000000015 29848.500000000004 2.4246638699485072 0.46418096374551515 0.27447364996027118 31244.499999999993 0.22605089977735515 7387.5125544820748 0.15663603931434891 2.4924571051868147
decision_type=2 2 2 2 2 2 2 2 2 2 2 2 2 2 2 2 2 2
left_child=2 -2 3 13 -5 6 7 9 -8 10 11 -4 14 -1 16 -11 -12 -7
right_child=1 -3 5 4 -6 17 8 -9 -10 15 12 -13 -14 -15 -16 -17 -18 -19
leaf_value=0.98969635963439906 -20.232832935878211 7.1156733083724966 -6.7935506343841574 2.789665876116072 20.033370208740234 -8.7681035804748557 -1.9572069740295417 -8.0202633963690868 10.683535671234131 0.15591335296630862 -1.9750102233886708 -0.3055244445800781 3.8890325248241426 -5.3135336685180654 -4.5237908208370206 5.7299057523409518 3.6443625831603996 -3.6197855335474012
leaf_weight=6.0000000000000018 6.9999999999999982 5 5.9999999999999982 6.9999999999999982 5 4.9999999999999982 4.9999999999999982 8.9999999999999982 6 4.9999999999999982 5.0000000000000018 6 7.9999999999999991 5 4.9999999999999991 6 5 5
leaf_count=6 7 5 6 7 5 5 5 9 6 5 5 6 8 5 5 6 5 5
internal_value=-0.697193 -8.83762 0.289525 4.30717 9.97454 -0.926342 -0.128221 -1.14141 4.93774 0.204448 -0.73584 -3.54954 0.732177 -1.87541 -0.951479 3.19627 0.834676 -6.19394
internal_weight=111 12 99 23 12 76 66 55 11 46 35 12 23 11 15 11 10 10
internal_count=111 12 99 23 12 76 66 55 11 46 35 12 23 11 15 11 10 10
is_linear=0
shrinkage=0.05


Tree=126
num_leaves=19
num_cat=0
split_feature=0 4 6 4 0 2 2 0 0 0 3 4 4 4 3 0 1 4
split_gain=321863 787519 174583 290929 313080 115346 122294 183817 157319 46715.6 68229 71101.9 45022.1 64002.8 61900.1 39116.7 30589.2 23920.9
threshold=70868.500000000015 2.7535771856059377 8.0258522432096608 2.2723896376949191 50610.999999999993 0.55662553940215431 0.40053970387469134 39777.5 28397.000000000015 29848.500000000004 4.5000000000000009 2.1543446061517115 2.6272356579924998 2.7451911326668745 1.5000000000000002 31244.499999999993 7387.5125544820748 2.4924571051868147
decision_type=2 2 2 2 2 2 2 2 2 2 2 2 2 2 2 2 2 2
left_child=2 -2 3 15 -5 6 7 9 -8 10 12 -12 -4 -14 -15 -1 -11 -7
right_child=1 -3 5 4 -6 17 8 -9 -10 16 11 -13 13 14 -16 -17 -18 -19
leaf_value=0.94021159807840948 6.7598897266387956 -19.221191351754324 4.1703418254852274 2.6501825605119986 19.031701812744139 -8.3296986722946187 -1.8593467140197757 -7.6192503823174382 10.149359003702799 0.14811763763427738 -0.29024823506673186 -8.3634590148925767 -5.346947612762448 -2.8628166389465339 4.4212214197431292 -5.0478570175170887 5.4434104045232132 -3.4387961149215691
leaf_weight=6.0000000000000018 4.9999999999999982 7 7.0000000000000027 6.9999999999999982 5 4.9999999999999982 4.9999999999999982 8.9999999999999982 6 4.9999999999999982 5.9999999999999982 5 5.0000000000000027 4.9999999999999982 7 5 6 5
leaf_count=6 5 7 7 7 5 5 5 9 6 5 6 5 5 5 7 5 6 5
internal_value=-0.662334 -8.39574 0.275049 4.09182 9.47582 -0.880025 -0.12181 -1.08434 4.69086 0.194226 -0.699048 -3.95989 0.795505 -0.594134 1.38621 -1.78164 3.03646 -5.88425
internal_weight=111 12 99 23 12 76 66 55 11 46 35 11 24 17 12 11 11 10
internal_count=111 12 99 23 12 76 66 55 11 46 35 11 24 17 12 11 11 10
is_linear=0
shrinkage=0.05


Tree=127
num_leaves=20
num_cat=0
split_feature=0 5 7 4 0 2 2 1 0 0 1 2 0 2 5 4 2 2 2
split_gain=290481 710736 157561 262563 282555 104100 110370 165906 145880 141980 115586 43839.6 35302.8 33578.8 51686.3 21588.6 20556.7 19123.1 17570.4
threshold=70868.500000000015 0.38063547960389132 0.20086655430696435 2.2723896376949191 50610.999999999993 0.55662553940215431 0.40053970387469134 8587.5259268539885 39777.5 28397.000000000015 7387.5125544820748 0.28437702154139949 31244.499999999993 0.16744804518791417 0.4500170190692121 2.4924571051868147 0.15663603931434891 0.30882258029930471 0.22605089977735515
decision_type=2 2 2 2 2 2 2 2 2 2 2 2 2 2 2 2 2 2 2
left_child=2 -2 5 12 -5 6 7 10 -9 -8 11 13 -4 16 18 -7 -1 -13 -15
right_child=1 -3 3 4 -6 15 9 8 -10 -11 -12 17 -14 14 -16 -17 -18 -19 -20
leaf_value=-1.3552914301554357 -18.260131563459126 6.4218952560424798 0.89320103327433231 2.5176733834402909 18.080116729736325 -7.9132135152816794 -1.7663794708251956 0.29446715831756598 -10.887669045584541 9.6418910662333168 7.5670877838134771 4.5085157585144051 -4.7954642105102527 0.7653576374053952 -7.1985996627807625 -3.2668563508987418 2.9856324386596675 0.13551937580108639 -3.0611256649096803
leaf_weight=6.0000000000000018 6.9999999999999982 5 6.0000000000000018 6.9999999999999982 5 4.9999999999999982 4.9999999999999982 4.9999999999999982 7 6 4.9999999999999991 4.9999999999999982 5 6.0000000000000018 4.9999999999999991 5 5 5 6
leaf_count=6 7 5 6 7 5 5 5 5 7 6 5 5 5 6 5 5 5 5 6
internal_value=-0.629217 -7.97595 0.261297 3.88723 9.00202 -0.836024 -0.115719 -1.03013 -6.22845 4.45631 0.420568 -0.519764 -1.69256 -1.53469 -2.92751 -5.59003 0.617856 2.32202 -1.14788
internal_weight=111 12 99 23 12 76 66 55 12 11 43 38 11 28 17 10 11 10 12
internal_count=111 12 99 23 12 76 66 55 12 11 43 38 11 28 17 10 11 10 12
is_linear=0
shrinkage=0.05


Tree=128
num_leaves=19
num_cat=0
split_feature=0 5 7 4 0 2 2 1 0 0 1 2 7 0 7 0 4 2
split_gain=262159 641439 142199 236963 255006 93950.1 99609.3 149730 131657 128137 104316 39565.3 33998.1 82098.6 37492.8 31860.8 19483.7 17258.6
threshold=70868.500000000015 0.38063547960389132 0.20086655430696435 2.2723896376949191 50610.999999999993 0.55662553940215431 0.40053970387469134 8587.5259268539885 39777.5 28397.000000000015 7387.5125544820748 0.28437702154139949 0.11928437684421113 20369.499999999996 0.041624110544038653 31244.499999999993 2.4924571051868147 0.30882258029930471
decision_type=2 2 2 2 2 2 2 2 2 2 2 2 2 2 2 2 2 2
left_child=2 -2 5 15 -5 6 7 10 -9 -8 11 12 13 14 -1 -4 -7 -13
right_child=1 -3 3 4 -6 16 9 8 -10 -11 -12 17 -14 -15 -16 -17 -18 -19
leaf_value=-3.7247356569766943 -17.347124917166578 6.1007999229431142 0.84854098955790169 2.3917897905622212 17.176110687255857 -7.5175529861450219 -1.6780603790283206 0.27974372863769537 -10.343285696847097 9.1597963968912754 7.1887334060668948 4.2830899333953871 1.5597684315272742 -6.8850900513785227 1.6753663804796006 -4.5556910324096673 -3.1035136508941648 0.12874334335327148
leaf_weight=5.0000000000000062 6.9999999999999982 5 6.0000000000000018 6.9999999999999982 5 4.9999999999999982 4.9999999999999982 4.9999999999999982 7 6 4.9999999999999991 4.9999999999999982 6.9999999999999991 6.9999999999999991 8.9999999999999982 5 5 5
leaf_count=5 7 5 6 7 5 5 5 5 7 6 5 5 7 7 9 5 5 5
internal_value=-0.597756 -7.57716 0.248232 3.69286 8.55192 -0.794223 -0.109933 -0.97862 -5.91702 4.2335 0.39954 -0.493775 -1.45795 -2.46386 -0.253241 -1.60793 -5.31053 2.20592
internal_weight=111 12 99 23 12 76 66 55 12 11 43 38 28 21 14 11 10 10
internal_count=111 12 99 23 12 76 66 55 12 11 43 38 28 21 14 11 10 10
is_linear=0
shrinkage=0.05


Tree=129
num_leaves=19
num_cat=0
split_feature=0 5 6 4 7 0 0 1 1 6 6 0 4 4 7 7 3 1
split_gain=236599 578899 128334 213859 238891 75223.1 125655 67360.8 29978.6 25043.5 84584.3 55245.4 45749.2 52988.8 35535.2 31903.4 8547.49 4220.43
threshold=70868.500000000015 0.38063547960389132 8.0258522432096608 2.2723896376949191 0.26290725193472908 50610.999999999993 45841.500000000007 16516.706392829426 12221.392818450666 12.204789657770361 13.274265526549931 27800.999999999996 2.2516050081241255 2.1234392662738975 0.11677816766031567 0.04970776372884636 1.5000000000000002 9024.029416178264
decision_type=2 2 2 2 2 2 2 2 2 2 2 2 2 2 2 2 2 2
left_child=2 -2 3 8 -5 6 7 9 -1 12 -11 15 13 17 -14 16 -12 -4
right_child=1 -3 5 4 -6 -7 -8 -9 -10 10 11 -13 14 -15 -16 -17 -18 -19
leaf_value=1.331833934783935 -16.479768807547437 5.7957602500915524 -0.73241878509521452 14.086644036429272 -0.2229158020019531 -5.6932307515825542 7.380318603515625 -6.4220471477508543 -3.9103363037109369 5.9197773218154914 -2.5772665023803678 -5.3897280693054199 -6.0997744424002525 4.5444882965087894 -0.58082889556884754 3.2144006592886791 0.0011147565311855742 -2.7867879152297972
leaf_weight=5.0000000000000018 6.9999999999999982 5 5.0000000000000018 6.9999999999999982 5 6.9999999999999991 4.9999999999999991 4.9999999999999991 6 5.9999999999999991 5.0000000000000062 4.9999999999999991 6.9999999999999982 4.9999999999999991 5 6.9999999999999991 8.9999999999999982 5
leaf_count=5 7 5 5 7 5 7 5 5 6 6 5 5 7 5 5 7 9 5
internal_value=-0.567868 -7.1983 0.23582 3.50822 8.12433 -0.754512 -0.253482 -0.849873 -1.52753 -0.377655 0.568579 -0.666313 -1.49912 0.341761 -3.80021 0.45831 -0.919736 -1.7596
internal_weight=111 12 99 23 12 76 69 64 11 59 32 26 27 15 12 21 14 10
internal_count=111 12 99 23 12 76 69 64 11 59 32 26 27 15 12 21 14 10
is_linear=0
shrinkage=0.05


Tree=130
num_leaves=18
num_cat=0
split_feature=0 2 1 0 4 1 0 0 0 0 0 7 2 1 2 0 1
split_gain=2.2687e+06 156576 218259 416575 112802 220744 199378 147497 107215 45870.5 40475.2 126261 34794.7 39364.7 39122.7 10982 7381.74
threshold=87502.499999999985 0.90942970609434792 31062.671928726599 62016 2.9765045141594961 17549.64770584663 50610.999999999993 27800.999999999996 39777.5 33369.000000000007 27800.999999999996 0.11677816766031567 0.33522895219823584 1926.3337192909112 0.43149840856083482 17132.500000000004 5657.3230438461069
decision_type=2 2 2 2 2 2 2 2 2 2 2 2 2 2 2 2 2
left_child=1 2 3 4 5 6 8 -6 9 10 12 -12 13 -1 -14 -15 -17
right_child=-2 -3 -4 -5 7 -7 -8 -9 -10 -11 11 -13 14 15 -16 16 -18
leaf_value=-1.9744048277537016 28.840025438581193 -9.206806564331055 7.7785702466964723 -13.567332458496095 -0.12707857404436385 -9.8603831609090165 9.7552881813049321 11.116866207122802 -6.9768328348795583 4.1885309537251798 -8.1982465744018551 1.3968125104904177 -5.1294565773010268 4.4486411094665499 0.85906925201416007 0.58865789969762172 3.0688692410786942
leaf_weight=6.0000000000000027 6.9999999999999991 4.9999999999999991 7.9999999999999991 5.9999999999999991 6.9999999999999982 5.9999999999999991 4.9999999999999991 5 5.9999999999999991 5.9999999999999991 5.9999999999999991 7.9999999999999991 4.9999999999999982 6.0000000000000027 6 5.9999999999999982 6
leaf_count=6 7 5 8 6 7 6 5 5 6 6 6 8 5 6 6 6 6
internal_value=1.29575 -0.57619 -0.135853 -0.839357 0.0697839 -0.678235 0.156506 4.5579 -0.63028 0.0620713 -0.44321 -2.71536 0.465649 1.53294 -1.86299 2.70206 1.82876
internal_weight=110 103 98 90 84 72 66 12 61 55 49 14 35 24 11 18 12
internal_count=110 103 98 90 84 72 66 12 61 55 49 14 35 24 11 18 12
is_linear=0
shrinkage=0.05


Tree=131
num_leaves=17
num_cat=0
split_feature=1 1 1 3 1 2 1 5 6 7 2 2 2 1 6 7
split_gain=1.12742e+06 151618 372430 126503 185560 562626 111676 91735.7 39569.9 61120 52164.2 76797 49333.3 46873.9 32325.9 15011.4
threshold=52757.674236056024 31062.671928726599 24205.677865591173 1.5000000000000002 16516.706392829426 0.35245113372703452 13301.812676166339 0.33597815644353413 13.274265526549931 0.05467668294401349 0.22093611501468283 0.24472592425180703 0.26451798600539184 7387.5125544820748 10.191971975417099 0.041624110544038653
decision_type=2 2 2 2 2 2 2 2 2 2 2 2 2 2 2 2
left_child=1 2 3 -1 6 -6 7 -5 10 15 -9 -12 -13 -14 -15 -10
right_child=-2 -3 -4 4 5 -7 -8 8 9 -11 11 12 13 14 -16 -17
leaf_value=-7.5075573730468754 19.30566464662552 6.4212465643882757 -11.067918765544892 6.902607231140137 19.111552886962894 -3.5983594258626299 -6.2526919364929201 4.0713067584567595 -1.4339668691158289 -5.3601815700531006 -5.3325811942418389 4.9189952850341774 2.6304709076881401 -4.8738993326822921 0.56963354110717768 2.4404939079284667
leaf_weight=4.9999999999999991 7.9999999999999991 7.9999999999999991 7.9999999999999991 4.9999999999999991 4.9999999999999982 6 6.9999999999999991 8.9999999999999982 5.0000000000000018 7.9999999999999991 6.0000000000000027 6.0000000000000027 8.0000000000000018 5.9999999999999982 5 5
leaf_count=5 8 8 8 5 5 6 7 9 5 8 6 6 8 6 5 5
internal_value=1.23096 -0.186661 -0.749036 0.21086 0.687306 6.72433 -0.261369 0.404333 -0.155863 -2.10271 0.72022 -0.252677 0.9665 -0.281656 -2.39957 0.503264
internal_weight=110 102 94 86 81 11 70 63 58 18 40 31 25 19 11 10
internal_count=110 102 94 86 81 11 70 63 58 18 40 31 25 19 11 10
is_linear=0
shrinkage=0.05


Tree=132
num_leaves=18
num_cat=0
split_feature=0 2 1 0 4 1 0 0 0 0 0 4 2 2 1 0 1
split_gain=1.95569e+06 155842 176510 379376 104701 195319 172629 135099 94532.7 41383.7 36394.9 113356 30201.2 36023.4 35544.2 10234.9 7532.6
threshold=87502.499999999985 0.90942970609434792 31062.671928726599 62016 2.9765045141594961 17549.64770584663 50610.999999999993 27800.999999999996 39777.5 33369.000000000007 27800.999999999996 2.2723896376949191 0.33522895219823584 0.43149840856083482 1926.3337192909112 17132.500000000004 5657.3230438461069
decision_type=2 2 2 2 2 2 2 2 2 2 2 2 2 2 2 2 2
left_child=1 2 3 4 5 6 8 -6 9 10 12 -12 14 -14 -1 -16 -17
right_child=-2 -3 -4 -5 7 -7 -8 -9 -10 -11 11 -13 13 -15 15 16 -18
leaf_value=-1.8683594306310007 26.743112400599887 -9.1789735794067386 6.9880521774291999 -12.908357874552408 -0.054135976518903464 -9.2522024790445965 9.1019101870059966 10.706856079101561 -6.5213126500447594 4.0076476573944095 1.3500458955764774 -7.741466776529947 -4.8338117218017587 0.9126160303751627 4.2615032265583652 0.47959465980529797 2.9850217819213865
leaf_weight=6.0000000000000027 6.9999999999999991 4.9999999999999991 7.9999999999999991 5.9999999999999991 6.9999999999999982 5.9999999999999991 4.9999999999999991 5 5.9999999999999991 5.9999999999999991 7.9999999999999982 6 4.9999999999999982 6 6.0000000000000027 5.9999999999999982 6
leaf_count=6 7 5 8 6 7 6 5 5 6 6 8 6 5 6 6 6 6
internal_value=1.16941 -0.568603 -0.129299 -0.761952 0.105648 -0.615012 0.170187 4.42961 -0.561922 0.0881937 -0.391739 -2.54632 0.470091 -1.6994 1.46444 2.57537 1.73231
internal_weight=110 103 98 90 84 72 66 12 61 55 49 14 35 11 24 18 12
internal_count=110 103 98 90 84 72 66 12 61 55 49 14 35 11 24 18 12
is_linear=0
shrinkage=0.05


Tree=133
num_leaves=17
num_cat=0
split_feature=1 1 1 3 1 2 1 5 6 7 2 2 2 1 6 7
split_gain=961210 117832 335049 110618 178516 490388 97636.3 77967.8 37019.5 57361.9 44599.1 70390.8 43484.2 38978.7 30247.1 13848.2
threshold=52757.674236056024 31062.671928726599 24205.677865591173 1.5000000000000002 16516.706392829426 0.35245113372703452 13301.812676166339 0.33597815644353413 13.274265526549931 0.05467668294401349 0.22093611501468283 0.24472592425180703 0.26451798600539184 7387.5125544820748 10.191971975417099 0.041624110544038653
decision_type=2 2 2 2 2 2 2 2 2 2 2 2 2 2 2 2
left_child=1 2 3 -1 6 -6 7 -5 10 15 -9 -12 -13 -14 -15 -10
right_child=-2 -3 -4 4 5 -7 -8 8 9 -11 11 12 13 14 -16 -17
leaf_value=-7.0009301757812494 17.800235295295717 5.6273124217987061 -10.481127095222474 6.3449640274047852 18.148214263916021 -3.0537376085917152 -5.8703679221017024 3.7836524221632217 -1.3814384460449212 -5.2011054873466493 -5.0779307285944597 4.6634987990061409 2.4364502668380728 -4.543903986612956 0.72169270515441886 2.3398737335205073
leaf_weight=4.9999999999999991 7.9999999999999991 7.9999999999999991 7.9999999999999991 4.9999999999999991 4.9999999999999982 6 6.9999999999999991 8.9999999999999982 5.0000000000000018 7.9999999999999991 6.0000000000000027 6.0000000000000027 8.0000000000000018 5.9999999999999982 5 5
leaf_count=5 8 8 8 5 5 6 7 9 5 8 6 6 8 6 5 5
internal_value=1.11094 -0.19802 -0.693793 0.216657 0.662187 6.58351 -0.268307 0.354144 -0.162306 -2.04537 0.685073 -0.214515 0.952705 -0.219124 -2.15045 0.479218
internal_weight=110 102 94 86 81 11 70 63 58 18 40 31 25 19 11 10
internal_count=110 102 94 86 81 11 70 63 58 18 40 31 25 19 11 10
is_linear=0
shrinkage=0.05


Tree=134
num_leaves=17
num_cat=0
split_feature=0 0 1 0 6 0 1 6 1 1 1 1 6 4 5 1
split_gain=1.68629e+06 91283.1 75280.8 126917 96126.7 74507.3 57944.3 135588 19097.1 64402.9 45640 43738.3 39240.2 30399.9 28622.7 12553.7
threshold=87502.499999999985 70868.500000000015 29628.349800647582 48227.499999999993 11.642466352918628 58162.500000000022 13301.812676166339 12.204789657770361 5657.3230438461069 5166.7437459527355 6411.94674379548 4405.9086795478224 11.49094878481216 2.2516050081241255 0.42201395357088417 1580.3453037190059
decision_type=2 2 2 2 2 2 2 2 2 2 2 2 2 2 2 2
left_child=1 2 3 6 -5 -4 8 -8 9 11 -10 14 13 -12 15 -1
right_child=-2 -3 5 4 -6 -7 7 -9 10 -11 12 -13 -14 -15 -16 -17
leaf_value=1.6176471531391123 24.802419703347343 -6.5433786074320484 -8.5908134460449244 9.5922208905220057 0.20520156860351557 -0.32653224083284532 -8.9249245007832858 1.7047313054402669 4.606172670636858 -5.9005227661132817 0.67301253212822765 4.0399234294891357 2.9261101901531221 -3.5630688548088076 -4.1036809921264652 -1.2817531994410925
leaf_weight=8.0000000000000089 6.9999999999999991 5.9999999999999991 4.9999999999999982 5.9999999999999982 5 6 5.9999999999999982 6 6.9999999999999991 4.9999999999999991 9.0000000000000053 5.9999999999999991 7.9999999999999991 7.9999999999999991 4.9999999999999991 6.9999999999999991
leaf_count=8 7 6 5 6 5 6 6 6 7 5 9 6 8 8 5 7
internal_value=1.0554 -0.558478 -0.188278 0.309887 5.32539 -4.08302 -0.425721 -3.6101 0.180827 -0.703631 1.03765 0.295771 0.0384577 -1.32044 -0.827475 0.264594
internal_weight=110 103 97 86 11 11 75 12 63 31 32 26 25 17 20 15
internal_count=110 103 97 86 11 11 75 12 63 31 32 26 25 17 20 15
is_linear=0
shrinkage=0.05


Tree=135
num_leaves=18
num_cat=0
split_feature=1 0 5 3 6 1 0 1 4 4 5 7 6 7 7 1 0
split_gain=708472 559235 633907 165952 185661 71932.7 274891 213700 33372.4 46190.1 39393.8 25465.1 33501.6 13047 19065 44619.7 4845.9
threshold=62105.199800608134 70868.500000000015 0.35922375171208942 2.5000000000000004 15.008018257059971 22348.395371591363 50610.999999999993 31062.671928726599 2.7535771856059377 2.4246638699485072 0.42586730557949953 0.15165859421828662 12.796655641163168 0.26290725193472908 0.14029013502643015 5657.3230438461069 12372.000000000005
decision_type=2 2 2 2 2 2 2 2 2 2 2 2 2 2 2 2 2
left_child=1 3 -3 4 -1 6 8 -7 9 10 -5 12 -11 14 15 -12 -14
right_child=-2 2 -4 5 -6 7 -8 -9 -10 11 13 -13 16 -15 -16 -17 -18
leaf_value=12.63144127527873 17.394464047749839 -24.105496368408211 1.0720185852050779 -4.4695962270100917 0.19289515813191729 -10.132406997680667 12.027104158401491 3.2123830267538622 -3.1632842361927036 -2.1505834770202621 -2.9369856198628712 5.3114346313476561 1.7613485598564151 1.6958315223455429 -2.6195550262928009 2.6295122087001803 3.9626885795593254
leaf_weight=5.9999999999999982 5.9999999999999991 4.9999999999999982 5 5.9999999999999991 6 5.9999999999999982 4.9999999999999991 6 7.9999999999999991 5.0000000000000027 6.0000000000000062 4.9999999999999991 4.9999999999999982 7.9999999999999991 7.9999999999999991 8.9999999999999982 5
leaf_count=6 6 5 5 6 6 6 5 6 8 5 6 5 5 8 8 9 5
internal_value=0.688321 -0.275495 -11.5167 0.920382 6.41217 0.116706 0.729857 -3.46001 -0.139162 0.285277 -0.76118 2.22122 1.19115 -0.0434223 -0.64838 0.402913 2.86202
internal_weight=110 104 10 94 12 82 70 12 65 57 37 20 15 31 23 15 10
internal_count=110 104 10 94 12 82 70 12 65 57 37 20 15 31 23 15 10
is_linear=0
shrinkage=0.05


Tree=136
num_leaves=18
num_cat=0
split_feature=1 0 5 3 6 0 1 1 0 2 3 0 3 1 2 0 6
split_gain=639396 504709 572101 149772 167559 68707.6 143479 106834 62902.6 33924.8 20044.9 31647.9 24760.9 47280.6 16735 11090.4 9126.46
threshold=62105.199800608134 70868.500000000015 0.35922375171208942 2.5000000000000004 15.008018257059971 58162.500000000022 24205.677865591173 15719.604082849797 33369.000000000007 0.23339000128674831 4.5000000000000009 20369.499999999996 5.5000000000000009 8587.5259268539885 0.26451798600539184 14717.500000000004 10.631232603955729
decision_type=2 2 2 2 2 2 2 2 2 2 2 2 2 2 2 2 2
left_child=1 3 -3 4 -1 6 7 8 10 -10 11 14 13 -12 -5 -16 -13
right_child=-2 2 -4 5 -6 -7 -8 -9 9 -11 12 16 -14 -15 15 -17 -18
leaf_value=11.999868901570641 16.524740091959636 -22.900222015380862 1.0184178161621094 1.749730014801024 0.1832505385080973 5.7905779790878302 -7.6825343767801932 5.4600911882188585 -0.47477165222167977 -5.8672142573765349 -4.4982254743576027 2.042920017242432 1.297333606084188 1.6998005962371829 0.3467065238952638 -2.9835114955902098 5.0639235115051271
leaf_weight=5.9999999999999982 5.9999999999999991 4.9999999999999982 5 8.0000000000000053 6 4.9999999999999991 5.9999999999999991 8.9999999999999982 4.9999999999999982 7 8.0000000000000018 4.9999999999999982 8.9999999999999982 4.9999999999999991 4.9999999999999982 5 5
leaf_count=6 6 5 5 8 6 5 6 9 5 7 8 5 9 5 5 5 5
internal_value=0.653905 -0.26172 -10.9409 0.874363 6.09156 0.11087 -0.257942 0.369489 -0.36947 -3.62036 0.410745 1.29814 -0.718673 -2.11437 0.045212 -1.3184 3.55342
internal_weight=110 104 10 94 12 82 77 71 62 12 50 28 22 13 18 10 10
internal_count=110 104 10 94 12 82 77 71 62 12 50 28 22 13 18 10 10
is_linear=0
shrinkage=0.05


Tree=137
num_leaves=19
num_cat=0
split_feature=1 0 1 0 4 1 0 6 4 4 0 4 2 7 6 4 0 7
split_gain=577055 468476 124841 188978 76073.8 199255 138126 104149 90521 70075.6 104457 31586.3 18188.6 38326.7 36901.2 28499.7 8896.12 14394.7
threshold=62105.199800608134 87502.499999999985 33902.646891508019 66429.000000000015 2.9765045141594961 24205.677865591173 53055.999999999993 15.008018257059971 2.7535771856059377 2.4246638699485072 33369.000000000007 2.3481496299525113 0.28965910529666361 0.14029013502643015 10.485838715812053 1.9905416946811754 24627.000000000004 0.07366083498123159
decision_type=2 2 2 2 2 2 2 2 2 2 2 2 2 2 2 2 2 2
left_child=1 2 3 4 5 6 8 -6 9 11 16 12 14 -14 15 -1 17 -11
right_child=-2 -3 -4 -5 7 -7 -8 -9 -10 10 -12 -13 13 -15 -16 -17 -18 -19
leaf_value=-1.9003249963124575 15.69850343068441 -15.181036987304688 7.4958498716354374 -9.401082458496095 9.8029775238037136 -9.6398122406005857 8.6994821166992189 0.35465320859636579 -6.3877157115936285 0.3865587458014485 9.1817733383178712 -3.741877487727574 3.9294934783663069 -1.1365921050310135 -4.7574999618530276 3.2109098052978511 -0.77980026245117195 3.8064554595947264
leaf_weight=6.0000000000000053 5.9999999999999991 4.9999999999999991 5.9999999999999991 4.9999999999999991 4.9999999999999982 4.9999999999999991 4.9999999999999991 7 4.9999999999999991 8.0000000000000053 4.9999999999999991 6.9999999999999991 6.9999999999999991 7.9999999999999991 4.9999999999999991 5 4.9999999999999991 4.9999999999999991
leaf_count=6 6 5 6 5 5 5 5 7 5 8 5 7 7 8 5 5 5 5
internal_value=0.621209 -0.248634 0.505527 0.0545388 0.59179 0.00763234 0.68703 4.29146 0.0800259 0.610169 2.78846 -0.708272 -0.023264 1.22758 -1.19593 0.422964 1.01254 1.7019
internal_weight=110 104 99 93 88 76 71 12 66 61 23 38 31 15 16 11 18 13
internal_count=110 104 99 93 88 76 71 12 66 61 23 38 31 15 16 11 18 13
is_linear=0
shrinkage=0.05


Tree=138
num_leaves=17
num_cat=0
split_feature=4 2 1 4 1 2 2 1 1 4 1 6 7 5 1 1
split_gain=550369 1.27923e+06 406463 446808 152155 443069 107165 52159.8 76666.1 41051.7 36671.4 31235.7 22899.2 16315.2 15022.5 27412.8
threshold=2.9765045141594961 0.52592071588983369 24205.677865591173 2.4420260066434127 15719.604082849797 0.35245113372703452 0.2566042183329999 9442.0625753316071 11399.273390776547 2.4246638699485072 13301.812676166339 10.883215456439848 0.070310733269566925 0.38063547960389132 7387.5125544820748 5657.3230438461069
decision_type=2 2 2 2 2 2 2 2 2 2 2 2 2 2 2 2
left_child=2 6 4 -4 7 -6 -2 9 -9 11 -10 14 13 -11 15 -1
right_child=1 -3 3 -5 5 -7 -8 8 10 12 -12 -13 -14 -15 -16 -17
leaf_value=-0.78425743103027257 3.885658502578734 27.436413192749026 0.16482632954915358 -15.590387217203777 17.083345794677737 -3.0697324117024736 -5.5644182523091636 -7.1954943577448489 2.4661678791046149 -0.86546447674433358 -3.3317180776596063 -3.0659729374779596 4.408104813098908 3.0017854833602904 -1.0733136296272279 4.4514616680145256
leaf_weight=5.0000000000000053 6.0000000000000018 5.9999999999999991 9.0000000000000018 8.9999999999999982 4.9999999999999982 6 6 6.0000000000000027 5.9999999999999982 6.0000000000000018 5 8.9999999999999982 7.9999999999999991 5 7.9999999999999991 5
leaf_count=5 6 6 9 9 5 6 6 6 6 6 5 9 8 5 8 5
internal_value=0.590149 8.58588 -0.974234 -7.71278 0.664872 6.09076 -0.83938 -0.282505 -2.64909 0.592103 -0.169235 -0.660898 2.37268 0.892376 0.54164 1.8336
internal_weight=110 18 92 18 74 11 12 63 17 46 11 27 19 11 18 10
internal_count=110 18 92 18 74 11 12 63 17 46 11 27 19 11 18 10
is_linear=0
shrinkage=0.05


Tree=139
num_leaves=17
num_cat=0
split_feature=1 1 4 3 1 2 1 1 7 4 1 6 7 3 1 2
split_gain=499065 249852 476289 837350 151217 403566 47168.4 76254.4 140911 43667.4 128873 28190.2 13574.4 17771.5 13523.2 13749.1
threshold=62105.199800608134 24205.677865591173 2.4420260066434127 2.5000000000000004 15719.604082849797 0.35245113372703452 9442.0625753316071 10621.309512456515 0.16161402610131517 2.4246638699485072 6093.7564319131534 10.883215456439848 0.26290725193472908 4.5000000000000009 1580.3453037190059 0.2566042183329999
decision_type=2 2 2 2 2 2 2 2 2 2 2 2 2 2 2 2
left_child=1 4 -3 -4 6 -6 9 -8 -9 11 14 12 13 -1 -11 -16
right_child=-2 2 3 -5 5 -7 7 8 -10 10 -12 -13 -14 -15 15 -17
leaf_value=-2.6753973007202112 14.582103538513184 6.2208106994628878 5.2413742351531987 -20.842078781127931 15.388959884643558 -2.2825843266078403 -7.4235088205337476 6.4998197937011728 -3.9690594673156738 2.5315570751825938 9.4572660827636721 -2.9126743316650394 2.7285752105712895 1.1245184063911438 1.138908272981644 -1.8953928981508525
leaf_weight=5.0000000000000062 5.9999999999999991 6.0000000000000027 4.9999999999999991 7.9999999999999991 5.9999999999999982 7 5.0000000000000027 4.9999999999999991 8.9999999999999982 6.0000000000000062 4.9999999999999991 8.9999999999999982 4.9999999999999991 7.9999999999999991 7.9999999999999982 7
leaf_count=5 6 6 5 8 6 7 5 5 9 6 5 9 5 8 8 7
internal_value=0.560642 -0.248289 -5.43184 -10.81 0.910386 5.87351 0.0142663 -2.12316 -0.230174 0.780512 2.24305 -0.627853 0.514558 -0.336988 0.525374 -0.277099
internal_weight=110 104 19 13 85 13 72 19 14 53 26 27 18 13 21 15
internal_count=110 104 19 13 85 13 72 19 14 53 26 27 18 13 21 15
is_linear=0
shrinkage=0.05


Tree=140
num_leaves=19
num_cat=0
split_feature=4 2 5 4 4 0 2 0 0 0 0 2 6 2 2 6 0 4
split_gain=399518 1.51314e+06 415818 156201 147940 190711 149879 121837 155654 102768 32185.4 25573.9 22976.2 52547.8 29036.8 18960.6 15289.2 8307.26
threshold=2.9765045141594961 0.52592071588983369 0.35922375171208942 3.2626666860657543 2.4420260066434127 50610.999999999993 0.52592071588983369 46235.500000000007 33369.000000000007 27800.999999999996 33369.000000000007 0.28437702154139949 10.883215456439848 0.2994101109548431 0.45754712422382926 7.6506066014448839 43685.500000000007 2.1234392662738975
decision_type=2 2 2 2 2 2 2 2 2 2 2 2 2 2 2 2 2 2
left_child=2 3 -1 -2 5 10 7 8 9 11 12 -6 14 -14 17 -7 -12 -4
right_child=1 -3 4 -5 6 15 -8 -9 -10 -11 16 -13 13 -15 -16 -17 -18 -19
leaf_value=-12.762502997262139 3.1819492612566256 30.473741226196292 1.9392705361048361 -7.8121345202128083 2.5711817622184721 10.059507141113285 -10.534658737182617 -6.5207815885543825 8.4471841430664067 -7.616906929016114 -4.2681355476379403 -1.9871918010711671 -4.5546267318725597 2.6943583011627195 -1.1790868890285491 5.7051263046264644 -0.35799381256103513 4.4746666772024968
leaf_weight=6.9999999999999991 7.0000000000000018 4.9999999999999991 6.0000000000000053 6 8.0000000000000089 4.9999999999999982 4.9999999999999991 7.9999999999999991 4.9999999999999991 4.9999999999999991 4.9999999999999982 4.9999999999999991 4.9999999999999982 5 4.9999999999999991 5 5 7
leaf_count=7 7 5 6 6 8 5 5 8 5 5 5 5 5 5 5 5 5 7
internal_value=0.292031 7.09831 -1.05427 -1.89224 -0.0785789 1.73863 -2.50152 -1.20585 0.642821 -1.52506 0.121865 0.817961 0.991483 -0.930134 2.05905 7.88232 -2.31306 3.30448
internal_weight=109 18 91 13 84 48 36 31 23 18 38 13 28 10 18 10 10 13
internal_count=109 18 91 13 84 48 36 31 23 18 38 13 28 10 18 10 10 13
is_linear=0
shrinkage=0.05


Tree=141
num_leaves=19
num_cat=0
split_feature=4 2 5 4 4 0 2 0 0 0 0 2 7 2 2 6 0 4
split_gain=360565 1.36561e+06 375276 140971 133516 172117 135266 109958 140478 92748 29047.3 23080.4 20736.1 47424.4 26205.7 17112 13798.5 7497.3
threshold=2.9765045141594961 0.52592071588983369 0.35922375171208942 3.2626666860657543 2.4420260066434127 50610.999999999993 0.52592071588983369 46235.500000000007 33369.000000000007 27800.999999999996 33369.000000000007 0.28437702154139949 0.11677816766031567 0.2994101109548431 0.45754712422382926 7.6506066014448839 43685.500000000007 2.1234392662738975
decision_type=2 2 2 2 2 2 2 2 2 2 2 2 2 2 2 2 2 2
left_child=2 3 -1 -2 5 10 7 8 9 11 12 -6 13 -4 17 -7 -12 -14
right_child=1 -3 4 -5 6 15 -8 -9 -10 -11 16 -13 14 -15 -16 -17 -18 -19
leaf_value=-12.124377986363003 3.0228518622262128 28.95005516052246 -4.326895408630369 -7.4215278307596835 2.4426226526498764 9.5565316772460971 -10.007925567626954 -6.1947424650192264 8.0248251342773447 -7.2360614776611332 -4.0547286415100103 -1.8878320837020874 1.8423070351282747 2.5596406006813046 -1.1201323997974395 5.4198698997497559 -0.3400940322875976 4.2509334291730605
leaf_weight=6.9999999999999991 7.0000000000000018 4.9999999999999991 5.0000000000000018 6 8.0000000000000089 4.9999999999999982 4.9999999999999991 7.9999999999999991 4.9999999999999991 4.9999999999999991 4.9999999999999982 4.9999999999999991 6.0000000000000018 5 4.9999999999999991 5 5 7
leaf_count=7 7 5 5 6 8 5 5 8 5 5 5 5 6 5 5 5 5 7
internal_value=0.27743 6.74339 -1.00155 -1.79763 -0.0746499 1.65169 -2.37644 -1.14556 0.61068 -1.4488 0.115772 0.777063 0.941909 -0.883627 1.9561 7.4882 -2.19741 3.13926
internal_weight=109 18 91 13 84 48 36 31 23 18 38 13 28 10 18 10 10 13
internal_count=109 18 91 13 84 48 36 31 23 18 38 13 28 10 18 10 10 13
is_linear=0
shrinkage=0.05


Tree=142
num_leaves=19
num_cat=0
split_feature=7 1 5 0 5 2 7 0 2 2 4 7 7 2 0 1 7 1
split_gain=325410 2.06985e+06 1.95956e+06 171197 150786 126838 186976 112999 93266.6 88741.4 57013.6 44740 166341 27078.2 32596.1 6483.85 2032.99 1951.08
threshold=0.14029013502643015 39566.250451175925 0.38063547960389132 62016 0.29614888529253236 0.35245113372703452 0.25299665001172827 33369.000000000007 0.24878814255985207 0.27702064154860279 2.1543446061517115 0.11677816766031567 0.08708707792479202 0.27447364996027118 19519.500000000011 8017.8764203639594 0.058358282577577782 16516.706392829426
decision_type=2 2 2 2 2 2 2 2 2 2 2 2 2 2 2 2 2 2
left_child=1 4 -2 5 -1 9 -7 10 -9 15 -6 12 13 14 -12 -4 -15 -8
right_child=2 -3 3 -5 7 6 17 8 -10 -11 11 -13 -14 16 -16 -17 -18 -19
leaf_value=-8.385823936462403 -29.626810073852539 33.396389007568359 1.5378141593933099 8.9079350789388023 4.2502761411666867 -10.393764241536459 0.072542903423309338 0.41026530265808109 8.0451617479324344 8.4228332901000993 0.44728785263640503 2.9213012719154356 -9.6336151758829764 2.2446163451671608 -4.5749796231587725 -1.0085273551940916 0.87948763767878213 1.4693535614013671
leaf_weight=4.9999999999999991 5.9999999999999991 4.9999999999999991 5.0000000000000018 5.9999999999999991 4.9999999999999991 5.9999999999999991 4.9999999999999982 7.9999999999999991 7.9999999999999991 4.9999999999999991 7.0000000000000053 4.9999999999999991 5.9999999999999991 4.9999999999999982 6 5 6 5
leaf_count=5 6 5 5 6 5 6 5 8 8 5 7 5 6 5 6 5 6 5
internal_value=0.263558 2.46869 -3.12106 1.17717 -0.0663666 -0.319113 -3.41582 0.676442 4.22771 2.98404 -0.744066 -1.45754 -2.18735 -0.325786 -1.87068 0.264643 1.5 0.770948
internal_weight=109 66 43 37 61 31 16 56 16 15 40 35 30 24 13 10 11 10
internal_count=109 66 43 37 61 31 16 56 16 15 40 35 30 24 13 10 11 10
is_linear=0
shrinkage=0.05


Tree=143
num_leaves=19
num_cat=0
split_feature=5 2 5 5 5 0 2 2 5 1 7 0 6 6 2 2 0 5
split_gain=327829 1.18871e+06 318657 121709 113266 146809 130784 106373 65332.1 67855.5 75150.3 30174.3 17885.9 17029.4 40481.1 20038.3 13993.7 6449.26
threshold=0.33597815644353413 0.52592071588983369 0.35922375171208942 0.30656309121883385 0.40949729383885825 50610.999999999993 0.52592071588983369 0.2079265850607315 0.39439240646744306 10621.309512456515 0.070310733269566925 33369.000000000007 7.6506066014448839 10.883215456439848 0.2994101109548431 0.45754712422382926 43685.500000000007 0.48402602529779554
decision_type=2 2 2 2 2 2 2 2 2 2 2 2 2 2 2 2 2 2
left_child=1 3 -2 -1 6 11 7 -4 9 10 -9 13 -7 15 -15 17 -13 -6
right_child=2 -3 4 -5 5 12 -8 8 -10 -11 -12 16 -14 14 -16 -17 -18 -19
leaf_value=-6.7783790588378885 -11.218641717093332 27.134299621582034 -6.4480534826006179 2.9262538841792516 3.8832553046090226 8.9799481201171893 -9.7390931701660151 -2.2708455379520127 5.6423417282104502 -5.1795075734456386 5.3549025535583494 -4.1715396118164074 4.7507771682739248 -3.9370773696899422 2.4253993606567379 -0.87239492416381847 -0.43072227478027342 1.6493128061294553
leaf_weight=6.0000000000000018 6.9999999999999991 4.9999999999999991 7.0000000000000027 7 7.0000000000000053 4.9999999999999982 4.9999999999999991 7.0000000000000053 4.9999999999999991 5.9999999999999991 6 4.9999999999999982 5 4.9999999999999982 5 4.9999999999999991 5 6
leaf_count=6 7 5 7 7 7 5 5 7 5 6 6 5 5 5 5 5 5 6
internal_value=0.25038 6.41583 -0.96916 -1.55281 -0.115036 1.47501 -2.2351 -1.02478 0.557007 -0.781239 1.24873 0.0564997 6.86536 0.898511 -0.755839 1.81759 -2.30113 2.8522
internal_weight=109 18 91 13 84 48 36 31 24 19 13 38 10 28 10 18 10 13
internal_count=109 18 91 13 84 48 36 31 24 19 13 38 10 28 10 18 10 13
is_linear=0
shrinkage=0.05


Tree=144
num_leaves=18
num_cat=0
split_feature=6 1 5 0 5 1 0 1 1 4 6 4 1 7 3 0 5
split_gain=302129 1.80895e+06 1.75994e+06 158416 138020 120704 103826 99753 83869.5 49504.9 43724.6 110635 34859 27536 52321.6 15717.9 13255.6
threshold=9.8202207392153866 39566.250451175925 0.38063547960389132 62016 0.29614888529253236 17549.64770584663 33369.000000000007 13956.18840917876 11399.273390776547 2.1543446061517115 14.53419826291236 2.5689872596560668 7387.5125544820748 0.11677816766031567 4.5000000000000009 11010.999999999998 0.48402602529779554
decision_type=2 2 2 2 2 2 2 2 2 2 2 2 2 2 2 2 2
left_child=2 4 -1 5 -2 7 9 12 -8 -6 11 13 -4 14 -11 -12 -14
right_child=1 -3 3 -5 6 -7 8 -9 -10 10 15 -13 16 -15 -16 -17 -18
leaf_value=-28.142910639444992 -7.9667406463623056 31.275484085083008 2.5463027954101518 8.486581675211589 3.9956389093399047 -6.1664189747401643 0.4874595642089844 6.8788883845011402 7.7275184392929077 1.8687985992431617 -0.6336739944560188 -8.4717087745666504 -3.5258189065115797 2.566356887817383 -5.0566264311472571 2.8538257916768388 -0.15507326602935789
leaf_weight=5.9999999999999991 4.9999999999999991 4.9999999999999991 6.0000000000000098 5.9999999999999991 4.9999999999999991 6.9999999999999991 7.9999999999999991 5.9999999999999991 7.9999999999999991 5.0000000000000053 6.9999999999999982 5.9999999999999991 6.9999999999999982 4.9999999999999991 6 6 5
leaf_count=6 5 5 6 6 5 7 8 6 8 5 7 6 7 5 6 6 5
internal_value=0.237861 2.36265 -3.02344 1.04999 -0.00725708 -0.389351 0.703411 1.29563 4.10749 -0.65822 -1.32306 -2.68156 -0.56546 -0.510249 -1.90871 0.975941 -2.12134
internal_weight=109 66 43 37 61 31 56 24 16 40 35 22 18 16 11 13 12
internal_count=109 66 43 37 61 31 56 24 16 40 35 22 18 16 11 13 12
is_linear=0
shrinkage=0.05


Tree=145
num_leaves=19
num_cat=0
split_feature=2 2 1 2 1 6 0 1 0 0 0 1 6 1 1 7 2 0
split_gain=354325 861600 358435 66358.6 249124 215046 365941 533436 96309.6 85415.9 55109.8 16657.1 30692.9 33566 30348.3 14040.6 11964.9 7337.95
threshold=0.75904576824017289 0.56505205340798936 62105.199800608134 0.30882258029930471 16516.706392829426 13.491940612647864 54773.500000000007 31062.671928726599 43685.500000000007 46235.500000000007 37401.000000000015 5166.7437459527355 10.883215456439848 6093.7564319131534 3269.5990641405679 0.14029013502643015 0.22093611501468283 19519.500000000011
decision_type=2 2 2 2 2 2 2 2 2 2 2 2 2 2 2 2 2 2
left_child=1 3 -2 4 9 6 8 -8 15 10 11 14 -13 -14 16 17 -1 -5
right_child=2 -3 -4 5 -6 -7 7 -9 -10 -11 -12 12 13 -15 -16 -17 -18 -19
leaf_value=0.5452881680594549 -1.1625563621520998 20.858215756416321 -18.690544891357419 -2.1379733657836888 11.314779052734375 6.6866251032799484 -23.137107086181643 -0.040863990783691406 6.0068779373168946 -5.9757735570271819 4.8342619339625044 0.83261140717400428 -5.6259264628092467 -0.078963623046874987 3.3793481963021414 -3.587849807739258 -2.3372343838214875 0.45556830962498984
leaf_weight=9.0000000000000018 6.9999999999999982 4.9999999999999991 5 5.0000000000000053 4.9999999999999991 5.9999999999999991 4.9999999999999982 5 4.9999999999999991 5.9999999999999991 5.9999999999999991 9.0000000000000018 5.9999999999999982 5 6.9999999999999991 6.9999999999999991 5.9999999999999991 6
leaf_count=9 7 5 5 5 5 6 5 5 5 6 6 9 6 5 7 7 6 6
internal_value=-0.334775 0.612539 -8.46588 -0.420404 0.637417 -2.0207 -3.60384 -11.589 -0.132044 -0.351228 0.35184 -0.288506 -1.33284 -3.10458 0.660892 -1.8373 -0.607721 -0.723314
internal_weight=115 103 12 98 59 39 33 10 23 54 48 42 20 11 22 18 15 11
internal_count=115 103 12 98 59 39 33 10 23 54 48 42 20 11 22 18 15 11
is_linear=0
shrinkage=0.05


Tree=146
num_leaves=19
num_cat=0
split_feature=1 0 5 0 7 7 3 2 3 5 0 7 2 1 1 1 2 5
split_gain=343929 350296 612594 42396 84073.6 192253 78174.5 34065.9 50250.4 21649.3 19418 46798.6 29297.3 38479.6 20830.2 18114.3 14091.8 10073.6
threshold=62105.199800608134 70868.500000000015 0.35922375171208942 37401.000000000015 0.090753606681850285 0.16161402610131517 4.5000000000000009 0.50562705853824974 3.5000000000000004 0.40949729383885825 20369.499999999996 0.070310733269566925 0.2566042183329999 5657.3230438461069 4405.9086795478224 1580.3453037190059 0.22093611501468283 0.47093532015918654
decision_type=2 2 2 2 2 2 2 2 2 2 2 2 2 2 2 2 2 2
left_child=1 3 -3 7 -5 -6 9 10 -9 -7 14 -12 13 -13 15 -1 -17 -14
right_child=-2 2 -4 4 5 6 -8 8 -10 -11 11 12 17 -15 -16 16 -18 -19
leaf_value=1.6745216190814958 11.336452802022299 -22.345576782226569 1.3513621966044107 -2.8961133837699879 9.9658341544015023 -5.0026397705078134 4.5429650942484541 -6.9534213256835962 0.1353302764892578 -0.34975875854492183 -5.5524606704711879 -1.5755044174194328 -2.9424203366041191 4.3636017084121699 2.8503898918628696 0.63029563426971447 -2.845150171007429 -0.081509923934936515
leaf_weight=8.0000000000000053 5.9999999999999991 4.9999999999999982 6 8.0000000000000018 7.0000000000000027 4.9999999999999982 5.9999999999999991 4.9999999999999982 5 5 5.0000000000000027 5.0000000000000018 7.9999999999999982 6 7.9999999999999991 4.9999999999999982 7 5
leaf_count=8 6 5 6 8 7 5 6 5 5 5 5 5 8 6 8 5 7 5
internal_value=-0.318036 -0.959567 -9.41997 -0.00992994 1.51896 3.05464 0.0309874 -0.717326 -3.40905 -2.6762 -0.245095 -1.1519 -0.235118 1.66401 0.694097 -0.16842 -1.39705 -1.84207
internal_weight=115 109 11 98 31 23 16 67 10 10 57 29 24 11 28 20 12 13
internal_count=115 109 11 98 31 23 16 67 10 10 57 29 24 11 28 20 12 13
is_linear=0
shrinkage=0.05


Tree=147
num_leaves=18
num_cat=0
split_feature=1 0 5 0 6 6 3 1 3 6 1 5 4 1 6 0 1
split_gain=310396 316142 552866 38262.4 75876.4 173508 70552.5 25889.9 50661 85684.2 33283.4 27719.7 19538.5 13918 28843.1 25220.1 6384.61
threshold=62105.199800608134 70868.500000000015 0.35922375171208942 37401.000000000015 11.998065177793462 9.1127472625752919 4.5000000000000009 5166.7437459527355 3.5000000000000004 12.377843983455618 4405.9086795478224 0.42201395357088417 2.4420260066434127 8017.8764203639594 10.883215456439848 24627.000000000004 1580.3453037190059
decision_type=2 2 2 2 2 2 2 2 2 2 2 2 2 2 2 2 2
left_child=1 3 -3 7 5 6 12 10 9 -9 11 16 -5 14 -10 -15 -1
right_child=-2 2 -4 4 -6 -7 -8 8 13 -11 -12 -13 -14 15 -16 -17 -18
leaf_value=1.5907955348491649 10.769630050659181 -21.228297729492194 1.2837936083475747 -0.33227083206176694 -2.7513077914714814 9.4675423758370538 4.3158167839050297 -9.1880039215087894 0.34339839617411283 -0.84424095153808598 3.7991032361984254 -3.6731014251708984 -4.7525077819824215 3.3025352537631996 -4.3930058288574214 -1.1151033673967632 -0.40679891407489777
leaf_weight=8.0000000000000089 5.9999999999999991 4.9999999999999982 6 5.0000000000000089 7.9999999999999991 6.9999999999999991 5.9999999999999991 4.9999999999999991 9.0000000000000018 7.9999999999999991 5.9999999999999991 4.9999999999999991 5 5.9999999999999982 4.9999999999999991 7 7.9999999999999991
leaf_count=8 6 5 6 5 8 7 6 5 9 8 6 5 5 6 5 7 8
internal_value=-0.302134 -0.911589 -8.94898 -0.00943343 1.44301 2.9019 0.029438 -0.68146 -1.48897 -4.05338 0.514855 -0.423502 -2.54239 -0.254258 -1.34817 0.923807 0.591998
internal_weight=115 109 11 98 31 23 16 67 40 13 27 21 10 27 14 13 16
internal_count=115 109 11 98 31 23 16 67 40 13 27 21 10 27 14 13 16
is_linear=0
shrinkage=0.05


Tree=148
num_leaves=20
num_cat=0
split_feature=6 5 1 0 0 6 1 1 7 3 6 0 0 1 7 1 1 1 5
split_gain=300829 1.43056e+06 1.26621e+06 123626 108839 204499 92536.9 146863 168821 38768.6 63540.6 53173.6 52640.6 27087.6 26688.5 12068 16338.2 8823.96 10899.9
threshold=9.8202207392153866 0.38063547960389132 39566.250451175925 62016 33369.000000000007 11.998065177793462 15719.604082849797 29628.349800647582 0.25299665001172827 5.5000000000000009 12.377843983455618 27800.999999999996 18132.499999999996 12221.392818450666 0.05467668294401349 1117.7490461145278 1926.3337192909112 7387.5125544820748 0.47093532015918654
decision_type=2 2 2 2 2 2 2 2 2 2 2 2 2 2 2 2 2 2 2
left_child=1 -1 3 4 9 -6 13 -8 -9 10 12 14 -2 17 15 -12 -17 -3 -19
right_child=2 6 -4 -5 5 -7 7 8 -10 -11 11 -13 -14 -15 -16 16 -18 18 -20
leaf_value=-26.243324406941731 -8.2856669235229514 0.74451007843017525 23.680641365051272 -7.1530536333719894 12.341984252929688 -0.26969286070929632 9.12535441716512 -7.2661019706726098 5.7270235443115229 3.3561195755004882 -2.2797120094299266 -4.731920642852784 -1.5684891428266252 -4.9455767313639321 3.2940205782651901 2.7937335956096656 -1.0762395222981771 -3.4787850189208989 -0.17727932453155515
leaf_weight=5.9999999999999991 4.9999999999999982 5.0000000000000027 5.9999999999999991 5.9999999999999991 4.9999999999999991 8.9999999999999982 5.9999999999999991 4.9999999999999982 5 4.9999999999999991 5.0000000000000098 4.9999999999999991 7 5.9999999999999991 7.9999999999999991 4.9999999999999982 6 4.9999999999999982 5
leaf_count=6 5 5 6 6 5 9 6 5 5 5 5 5 7 6 8 5 6 5 5
internal_value=-0.287027 -3.59615 1.68925 -0.309963 0.374346 4.23448 0.0763649 2.94105 -0.769539 -0.800477 -1.30738 -0.0411989 -4.36731 -2.10625 0.936035 -0.242958 0.682839 -0.970518 -1.82803
internal_weight=115 43 72 66 60 14 37 16 10 46 41 29 12 21 24 16 11 15 10
internal_count=115 43 72 66 60 14 37 16 10 46 41 29 12 21 24 16 11 15 10
is_linear=0
shrinkage=0.05


Tree=149
num_leaves=20
num_cat=0
split_feature=2 2 1 2 1 6 0 1 0 0 0 2 6 7 1 2 2 7 0
split_gain=389857 763474 373328 54341.4 242489 203324 292660 494668 73220.1 68735.4 43670.6 26786.3 22531.7 29686.6 74541.2 18939.2 29599.5 12549.7 5733.06
threshold=0.75904576824017289 0.56505205340798936 62105.199800608134 0.30882258029930471 16516.706392829426 13.491940612647864 54773.500000000007 31062.671928726599 46235.500000000007 43685.500000000007 33369.000000000007 0.28437702154139949 9.6179462059860477 0.067318377819845662 5657.3230438461069 0.22605089977735515 0.15663603931434891 0.14029013502643015 19519.500000000011
decision_type=2 2 2 2 2 2 2 2 2 2 2 2 2 2 2 2 2 2 2
left_child=1 3 -2 4 8 6 9 -8 10 17 11 12 -1 15 -15 16 -14 18 -5
right_child=2 -3 -4 5 -6 -7 7 -9 -10 -11 -12 -13 13 14 -16 -17 -18 -19 -20
leaf_value=1.682374930381775 -1.3482415948595321 19.778972301483154 -19.236646575927733 -1.7719669342040996 11.240123138427734 6.7671787937482195 -21.500464019775396 0.74067119598388664 -5.4770236174265543 5.0520623779296878 3.5209287537468805 3.0740045738220214 -1.8076624584197978 -8.0092727661132823 0.25689016977945961 -2.6777564823627475 3.401261410117149 -3.2297234262738912 0.52047841946283968
leaf_weight=6.9999999999999991 6.9999999999999982 4.9999999999999991 5 5.0000000000000053 4.9999999999999991 5.9999999999999991 4.9999999999999982 5 5.9999999999999991 4.9999999999999991 8.9999999999999982 4.9999999999999991 5.0000000000000053 4.9999999999999982 6 4.9999999999999991 6 6.9999999999999991 6
leaf_count=7 7 5 5 5 5 6 5 5 6 5 9 5 5 5 6 5 6 7 6
internal_value=-0.272676 0.721002 -8.80174 -0.251344 0.705914 -1.6995 -3.2389 -10.3799 -0.269476 -0.134118 0.381468 -0.343023 -0.845527 -1.50091 -3.50046 -0.12622 1.03357 -1.57472 -0.521542
internal_weight=115 103 12 98 59 39 33 10 54 23 48 39 34 27 11 16 11 18 11
internal_count=115 103 12 98 59 39 33 10 54 23 48 39 34 27 11 16 11 18 11
is_linear=0
shrinkage=0.05


Tree=150
num_leaves=19
num_cat=0
split_feature=2 2 1 2 0 6 6 6 5 0 4 6 4 4 1 6 2 2
split_gain=309171 730958 365769 143666 152551 71898.6 103858 85917.5 158701 57918.5 78571.9 31216.5 29645.9 65428.8 29630.8 23165.4 17613.5 17107.9
threshold=0.75904576824017289 0.56505205340798936 62105.199800608134 0.51592895015361084 70868.500000000015 7.1676944068471782 5.0852088199700551 13.491940612647864 0.36427410282794453 46235.500000000007 2.4246638699485072 10.883215456439848 2.8480664780767246 2.6767405536233917 6093.7564319131534 9.8202207392153866 0.27702064154860279 0.22605089977735515
decision_type=2 2 2 2 2 2 2 2 2 2 2 2 2 2 2 2 2 2
left_child=1 3 -2 4 5 6 -1 8 -7 10 11 15 13 -9 -12 16 -10 -14
right_child=2 -3 -4 -5 -6 7 -8 12 9 -11 14 -13 17 -15 -16 -17 -18 -19
leaf_value=-0.80904531478881858 0.036067620913187673 17.462504514058434 -18.274813995361324 6.3357606342860633 -7.6879781723022464 -10.764379959106446 8.6260790061950683 3.4677884658177676 -0.77106176614761279 -6.3034140205383302 0.44963889122009287 -5.6324710083007821 1.3938384342193606 -3.9162494301795956 5.8930584716796872 1.0819241796221053 -4.7892393112182612 5.5300043869018545
leaf_weight=6.9999999999999982 5.9999999999999982 5.9999999999999991 5 6.9999999999999991 7.9999999999999991 4.9999999999999991 5 6.0000000000000018 6.0000000000000053 4.9999999999999991 4.9999999999999982 4.9999999999999991 4.9999999999999982 6 5 6.9999999999999991 5 5
leaf_count=7 6 6 5 7 8 5 5 6 6 5 5 5 5 6 5 7 5 5
internal_value=-0.338785 0.553369 -8.28706 -0.549401 -1.11641 -0.433655 3.12226 -1.09013 -2.39039 -1.28855 -0.528726 -2.13745 1.45129 -0.22423 3.17135 -1.16662 -2.59751 3.46192
internal_weight=109 98 11 92 85 77 12 65 43 38 33 23 22 12 10 18 11 10
internal_count=109 98 11 92 85 77 12 65 43 38 33 23 22 12 10 18 11 10
is_linear=0
shrinkage=0.05


Tree=151
num_leaves=18
num_cat=0
split_feature=1 0 5 1 1 0 1 0 5 7 7 1 0 4 1 0 7
split_gain=324050 259382 499974 85589 55823.8 199352 87022.7 84800.2 53584.6 22144.8 48874.1 33840.5 39629.1 20887.3 43792.4 12825.8 5486.57
threshold=62105.199800608134 70868.500000000015 0.35922375171208942 31062.671928726599 18300.224719541544 54773.500000000007 15719.604082849797 35195 0.39292474761446045 0.090753606681850285 0.11677816766031567 6093.7564319131534 18132.499999999996 2.1234392662738975 6411.94674379548 24627.000000000004 0.041624110544038653
decision_type=2 2 2 2 2 2 2 2 2 2 2 2 2 2 2 2 2
left_child=1 3 -3 4 6 -6 7 9 -9 11 -11 12 16 15 -15 -12 -1
right_child=-2 2 -4 -5 5 -7 -8 8 -10 10 13 -13 -14 14 -16 -17 -18
leaf_value=0.67510159015655458 10.973669815063477 -19.913369750976567 1.4947881380716959 5.6615310509999599 3.032684631347657 -11.086504516601561 4.5633535597059467 -8.5094392395019547 -1.5009299357732135 -4.8134347120920822 -3.2108040618896463 4.9233578491210936 -3.520747308731079 4.2968357631138394 -1.5244156122207642 0.0173430934548378 2.654742588315691
leaf_weight=7.0000000000000053 5.9999999999999991 4.9999999999999982 6 5.9999999999999991 4.9999999999999982 5 8.9999999999999982 4.9999999999999982 6 5.9999999999999991 5.0000000000000027 4.9999999999999991 4.9999999999999991 6.9999999999999982 6 7.9999999999999991 7
leaf_count=7 6 5 6 6 5 5 9 5 6 6 5 5 5 7 6 8 7
internal_value=-0.321846 -0.979837 -8.23619 -0.112229 -0.51505 -4.02691 -0.0529626 -0.673065 -4.68662 0.115311 -0.745766 1.26342 0.300272 0.192926 1.6101 -1.22425 1.66492
internal_weight=109 103 11 92 86 10 76 67 11 56 32 24 19 26 13 13 14
internal_count=109 103 11 92 86 10 76 67 11 56 32 24 19 26 13 13 14
is_linear=0
shrinkage=0.05


Tree=152
num_leaves=18
num_cat=0
split_feature=4 5 4 7 0 1 1 0 4 4 6 1 4 0 4 7 5
split_gain=293824 1.06384e+06 210995 183783 72076.6 89111.1 134588 134758 110179 20096.7 19875.8 28553.8 43884.3 11299.5 17781.9 17346.8 3304.16
threshold=2.9765045141594961 0.32753374163484317 2.7837997876371747 0.058358282577577782 77954.999999999985 18300.224719541544 16516.706392829426 45841.500000000007 2.3481496299525113 2.2221563262003503 9.4306243500006861 7387.5125544820748 2.6767405536233917 20369.499999999996 2.0660216113510246 0.15165859421828662 0.40469831891852054
decision_type=2 2 2 2 2 2 2 2 2 2 2 2 2 2 2 2 2
left_child=2 3 4 -2 5 6 7 9 -7 13 -11 12 16 -1 15 -15 -12
right_child=1 -3 -4 -5 -6 8 -8 -9 -10 10 11 -13 -14 14 -16 -17 -18
leaf_value=0.678633880615234 2.6926181554794302 25.131282653808597 -9.8005016395023894 -9.5272036743164072 5.0564848327636724 -10.703182339668274 7.5270530700683596 -8.8702215003967293 -1.4460216098361547 2.8684707096644813 -0.17946188926696757 2.5638446944100517 -4.2944350651332313 1.2767132401466361 -4.5422250938415534 -2.4775255873799327 1.5608871142069498
leaf_weight=5.0000000000000027 8.0000000000000018 4.9999999999999991 6.9999999999999991 4.9999999999999991 4.9999999999999991 4.9999999999999991 4.9999999999999991 4.9999999999999991 8.9999999999999982 6.9999999999999991 5.0000000000000053 6.9999999999999991 6.9999999999999991 5.0000000000000027 4.9999999999999991 7.9999999999999991 6
leaf_count=5 8 5 7 5 5 5 5 5 9 7 5 7 7 5 5 8 6
internal_value=-0.305753 5.53119 -1.46031 -2.00731 -0.765297 -1.13376 -0.354419 -1.01121 -4.75215 -0.296753 0.513537 -0.145845 -1.19961 -1.42411 -2.00821 -1.03359 0.769819
internal_weight=109 18 91 13 84 79 65 60 14 55 32 25 18 23 18 13 11
internal_count=109 18 91 13 84 79 65 60 14 55 32 25 18 23 18 13 11
is_linear=0
shrinkage=0.05


Tree=153
num_leaves=18
num_cat=0
split_feature=1 0 5 1 1 0 1 0 5 6 7 1 0 4 1 0 7
split_gain=296426 248498 462554 82485 48283.2 162730 72023.9 68024.7 46047.9 19820 42688.7 25870.3 35754.4 14206.1 31520.8 11903.5 4840.07
threshold=62105.199800608134 70868.500000000015 0.35922375171208942 31062.671928726599 18300.224719541544 54773.500000000007 15719.604082849797 35195 0.39292474761446045 12.204789657770361 0.11342507648198333 6093.7564319131534 18132.499999999996 2.1234392662738975 6411.94674379548 24627.000000000004 0.041624110544038653
decision_type=2 2 2 2 2 2 2 2 2 2 2 2 2 2 2 2 2
left_child=1 3 -3 4 6 -6 7 9 -9 10 -1 12 16 15 -15 -12 -11
right_child=-2 2 -4 -5 5 -7 -8 8 -10 11 13 -13 -14 14 -16 -17 -18
leaf_value=-4.9526725828647615 10.512874285380047 -19.253977508544928 1.3374677340189614 5.5975190361340843 2.646191940307618 -10.110378265380859 4.163417116800944 -7.7389244079589865 -1.2419569154580434 0.71628203392028755 -3.0270531463623027 4.3919061279296878 -3.2796802711486821 3.2367556333541878 -1.557396125793457 0.082864621281623849 2.5756344454629079
leaf_weight=4.9999999999999991 5.9999999999999991 4.9999999999999982 6 5.9999999999999991 4.9999999999999982 5 8.9999999999999982 4.9999999999999982 6 7.0000000000000053 5.0000000000000027 4.9999999999999991 4.9999999999999991 7.9999999999999982 6 7.9999999999999991 7
leaf_count=5 6 5 6 6 5 5 9 5 6 7 5 5 5 8 6 8 7
internal_value=-0.290466 -0.919786 -8.02228 -0.0705753 -0.466024 -3.73209 -0.0362777 -0.600416 -4.19512 0.105688 -0.708939 1.19186 0.349738 0.0769378 1.18212 -1.11326 1.64596
internal_weight=109 103 11 92 86 10 76 67 11 56 32 24 19 27 14 13 14
internal_count=109 103 11 92 86 10 76 67 11 56 32 24 19 27 14 13 14
is_linear=0
shrinkage=0.05


Tree=154
num_leaves=16
num_cat=0
split_feature=2 1 1 5 4 4 2 1 1 2 2 1 6 2 6
split_gain=326065 683818 340751 73979 122556 78774.9 44859 104296 21239.7 76957.4 14249.3 35692.5 34187.8 15460.2 10622.4
threshold=0.75904576824017289 33902.646891508019 62105.199800608134 0.31286958373127377 2.8480664780767246 2.7451911326668745 0.52592071588983369 16516.706392829426 9442.0625753316071 0.32534461537208209 0.22093611501468283 5451.4444842065941 9.4306243500006861 0.26451798600539184 11.642466352918628
decision_type=2 2 2 2 2 2 2 2 2 2 2 2 2 2 2
left_child=1 3 -2 -1 5 6 7 8 10 -10 11 -5 -12 -14 -15
right_child=2 -3 -4 4 -6 -7 -8 -9 9 -11 12 -13 13 14 -16
leaf_value=-5.456618690490723 -0.40504500071207689 15.69935760498047 -18.078624954223631 -0.99219292231968481 5.4066434780756634 -6.2633601546287538 -4.8514946040511138 5.055688412984213 -6.2164683103561407 0.77365428606669118 1.7578694290584982 4.5389511966705314 -4.3791804695129368 -2.2375221252441411 0.70027767181396472
leaf_weight=6.9999999999999991 5.9999999999999982 6.9999999999999991 5 6.9999999999999982 8.9999999999999982 5.9999999999999991 4.9999999999999991 8.9999999999999982 6.9999999999999991 8.9999999999999982 9.0000000000000018 5 5.0000000000000027 7.9999999999999982 5
leaf_count=7 6 7 5 7 9 6 5 9 7 9 9 5 5 8 5
internal_value=-0.275942 0.640262 -8.43849 -0.51813 -0.106589 -0.768177 -0.290335 0.0660054 -0.750488 -2.28452 -0.12114 1.31245 -0.758291 -2.01637 -1.1076
internal_weight=109 98 11 91 84 75 69 64 55 16 39 12 27 18 13
internal_count=109 98 11 91 84 75 69 64 55 16 39 12 27 18 13
is_linear=0
shrinkage=0.05


Tree=155
num_leaves=15
num_cat=0
split_feature=1 4 2 3 2 2 2 4 7 1 2 2 4 1
split_gain=716873 77957.1 113085 172632 57828.4 133214 90396.3 56503.9 112322 66861.6 51842.8 26432.2 42276.9 10943.8
threshold=52757.674236056024 2.9765045141594961 0.35245113372703452 1.5000000000000002 0.27702064154860279 0.24878814255985207 0.22605089977735515 2.4420260066434127 0.077356522101407768 24205.677865591173 0.40053970387469134 0.18761642588800242 2.5450332819636068 13956.18840917876
decision_type=2 2 2 2 2 2 2 2 2 2 2 2 2 2
left_child=1 4 3 -3 5 6 11 10 -9 -10 -6 12 -1 -12
right_child=-2 2 -4 -5 7 -7 -8 8 9 -11 13 -13 -14 -15
leaf_value=1.6753043413162219 -16.922778374808175 -6.6824013519287124 9.0965245437622073 6.4565578269958479 -3.6238209737671734 5.7904531055026585 -5.6957002162933357 0.95281572341918896 -3.0299928585688281 -10.222915649414062 -0.033520698547363281 3.0587853567940848 -3.8768955605725446 2.6024676867893763
leaf_weight=8.0000000000000053 6.9999999999999991 4.9999999999999982 4.9999999999999991 5 9.0000000000000018 8.9999999999999982 7.9999999999999991 7.0000000000000027 5.9999999999999982 7 8.9999999999999982 6.9999999999999991 5.9999999999999991 6.9999999999999991
leaf_count=8 7 5 5 5 9 9 8 7 6 7 9 7 6 7
internal_value=-1.46452 -0.360357 2.95689 -0.112922 -0.959861 0.476343 -1.17286 -2.17265 -4.15353 -6.90311 -0.587952 0.550122 -0.70421 1.11972
internal_weight=105 98 15 10 83 38 29 45 20 13 25 21 14 16
internal_count=105 98 15 10 83 38 29 45 20 13 25 21 14 16
is_linear=0
shrinkage=0.05


Tree=156
num_leaves=18
num_cat=0
split_feature=0 2 6 1 0 1 1 1 0 0 1 4 4 6 6 3 0
split_gain=729103 135886 75623.2 371323 245516 57749.8 67320.9 47262.8 32344.5 39134.3 30347.7 24493.1 22348.5 22086.1 26108.4 17394.3 6310.44
threshold=91530 0.81097315501112854 8.8564046125742681 22348.395371591363 54773.500000000007 16516.706392829426 10621.309512456515 15719.604082849797 39777.5 31244.499999999993 7607.5887173799301 2.7451911326668745 2.6272356579924998 13.8610787059551 10.883215456439848 1.5000000000000002 37401.000000000015
decision_type=2 2 2 2 2 2 2 2 2 2 2 2 2 2 2 2 2
left_child=1 2 4 5 7 6 8 10 9 11 -1 12 13 14 -4 -13 -12
right_child=-2 -3 3 -5 -6 -7 -8 -9 -10 -11 16 15 -14 -15 -16 -17 -18
leaf_value=2.4356894969940135 -20.024380226135253 -7.7549884637196858 0.39331119855244911 14.029211120605471 -10.280773871285575 -5.2925882720947266 5.3202084541320804 4.7750467777252199 -4.0999301004409787 4.3095706367492674 -1.1690594514211021 -0.74469253540039082 -4.2218758773803717 2.0744487126668294 -3.5323976665735248 3.116571692058018 -3.5741719436645507
leaf_weight=5.0000000000000098 4.9999999999999991 5.9999999999999991 9.0000000000000089 4.9999999999999991 6.9999999999999991 4.9999999999999991 5.9999999999999991 4.9999999999999991 4.9999999999999991 4.9999999999999991 5.9999999999999982 4.9999999999999982 4.9999999999999991 5.9999999999999991 7.9999999999999991 7 5
leaf_count=5 5 6 9 5 7 5 6 5 5 5 6 5 5 6 8 7 5
internal_value=-1.39129 -0.459638 0.0060222 0.929743 -2.17132 -0.143984 0.315713 0.531832 -0.284827 0.139074 -0.794173 -0.382238 -1.19222 -0.533595 -1.45408 1.50771 -2.26229
internal_weight=105 100 94 66 28 61 56 21 50 45 16 40 28 23 17 12 11
internal_count=105 100 94 66 28 61 56 21 50 45 16 40 28 23 17 12 11
is_linear=0
shrinkage=0.05


Tree=157
num_leaves=18
num_cat=0
split_feature=0 2 6 1 0 1 1 1 0 0 1 5 5 5 3 6 0
split_gain=658016 122637 68250 335119 221578 52119.2 60757.1 42654.7 29190.9 35318.7 27388.8 22105 20169.5 20556.4 15698.3 15437 5695.17
threshold=91530 0.81097315501112854 8.8564046125742681 22348.395371591363 54773.500000000007 16516.706392829426 10621.309512456515 15719.604082849797 39777.5 31244.499999999993 7607.5887173799301 0.36427410282794453 0.38063547960389132 0.41781195714099434 1.5000000000000002 10.883215456439848 37401.000000000015
decision_type=2 2 2 2 2 2 2 2 2 2 2 2 2 2 2 2 2
left_child=1 2 4 5 7 6 8 10 9 11 -1 14 -13 -14 -4 -15 -12
right_child=-2 -3 3 -5 -6 -7 -8 -9 -10 -11 16 12 13 15 -16 -17 -18
leaf_value=2.3139051151275587 -19.02316116333008 -7.3672389904658004 -0.70745780944824244 13.327750778198244 -9.7667348044259228 -5.0279590606689455 5.0541979153951013 4.5362944173812867 -3.8949337577819829 4.0940918064117433 -1.1106065670649212 -4.0107821273803683 1.752990858895437 0.26539208548409599 2.9607431592685831 -2.865303919050429 -3.3954633712768549
leaf_weight=5.0000000000000098 4.9999999999999991 5.9999999999999991 4.9999999999999982 4.9999999999999991 6.9999999999999991 4.9999999999999991 5.9999999999999991 4.9999999999999991 4.9999999999999991 4.9999999999999991 5.9999999999999982 5.0000000000000027 7.0000000000000027 6.9999999999999991 7 8.9999999999999982 5
leaf_count=5 5 6 5 5 7 5 6 5 5 5 6 5 7 7 7 9 5
internal_value=-1.32173 -0.436657 0.00572108 0.883256 -2.06275 -0.136785 0.299927 0.50524 -0.270585 0.13212 -0.754464 -0.363126 -1.13261 -0.506915 1.43233 -1.49562 -2.14918
internal_weight=105 100 94 66 28 61 56 21 50 45 16 40 28 23 12 16 11
internal_count=105 100 94 66 28 61 56 21 50 45 16 40 28 23 12 16 11
is_linear=0
shrinkage=0.05


Tree=158
num_leaves=18
num_cat=0
split_feature=1 2 6 1 6 2 1 4 5 1 5 6 1 2 2 1 1
split_gain=537178 67019.1 76324.9 149111 98754 95847.2 162385 15694.8 34686.3 31676.2 43159.8 32587.9 41155.6 30465.3 13822.4 13744.9 12433.5
threshold=52757.674236056024 0.75904576824017289 8.8564046125742681 11399.273390776547 12.377843983455618 0.55662553940215431 13301.812676166339 2.9765045141594961 0.36316424738755676 7387.5125544820748 0.42201395357088417 10.485838715812053 5166.7437459527355 0.27702064154860279 0.23674119032890859 7607.5887173799301 27797.939671950877
decision_type=2 2 2 2 2 2 2 2 2 2 2 2 2 2 2 2 2
left_child=1 2 5 7 -5 6 15 8 -4 11 -11 -10 14 -14 -13 -1 -8
right_child=-2 -3 3 4 -6 -7 16 -9 9 10 -12 12 13 -15 -16 -17 -18
leaf_value=2.1982097578048676 -14.63694749559675 -5.938972368240357 -4.5662426805496219 9.7676739283970448 1.0260059992472328 4.0951380348205566 -6.570150480270387 1.6447816636827257 2.1149037281672149 4.9872995535532638 -1.0099084536234535 2.0405647659301747 -7.1144078254699723 -1.594868984222412 -1.6772878837585445 -1.1436073780059814 -10.096271743774412
leaf_weight=5.0000000000000062 6.9999999999999991 4.9999999999999991 4.9999999999999991 6.9999999999999982 6 4.9999999999999991 4.9999999999999982 8.9999999999999982 6.0000000000000027 5.9999999999999982 6 5.0000000000000018 4.9999999999999982 5 5 7.9999999999999991 5
leaf_count=5 7 5 5 7 6 5 5 9 6 6 6 5 5 5 5 8 5
internal_value=-1.25564 -0.299834 0.0033453 0.943467 5.73306 -2.17908 -3.54304 -0.253931 -0.651336 -0.136217 1.9887 -1.11695 -2.0865 -4.35464 0.181638 0.141707 -8.33321
internal_weight=105 98 93 65 13 28 23 52 43 38 12 26 20 10 10 13 10
internal_count=105 98 93 65 13 28 23 52 43 38 12 26 20 10 10 13 10
is_linear=0
shrinkage=0.05


Tree=159
num_leaves=17
num_cat=0
split_feature=0 6 0 0 1 1 1 0 0 0 4 4 6 6 3 0
split_gain=550628 70825.3 267323 199844 82798.5 49780.9 38185.9 25548.4 30611.6 23051.6 19561.7 17647.6 18748.5 19893.8 15296.7 4769.25
threshold=91530 8.8564046125742681 54773.500000000007 66429.000000000015 16516.706392829426 10621.309512456515 15719.604082849797 39777.5 31244.499999999993 21486.000000000011 2.7451911326668745 2.6272356579924998 13.8610787059551 10.883215456439848 1.5000000000000002 37401.000000000015
decision_type=2 2 2 2 2 2 2 2 2 2 2 2 2 2 2 2
left_child=1 2 6 4 5 7 9 8 10 -1 11 12 13 -3 -12 -11
right_child=-2 3 -4 -5 -6 -7 -8 -9 -10 15 14 -13 -14 -15 -16 -17
leaf_value=2.1207286453247027 -17.385561399459842 0.29483427471584711 -10.243034672737123 8.4881761823381705 -5.1682728826999664 4.5730915387471525 4.3117166805267333 -3.6374641227722169 3.8184873390197751 -1.0233553389708203 -0.7543241119384767 -3.7471888160705569 1.9332270940144856 -3.1319563925266269 2.8666539115565164 -3.1142442703247064
leaf_weight=5.0000000000000098 4.9999999999999991 9.0000000000000089 7.9999999999999991 6.9999999999999991 7.9999999999999991 5.9999999999999991 4.9999999999999991 4.9999999999999991 4.9999999999999991 5.9999999999999982 4.9999999999999982 4.9999999999999991 5.9999999999999991 7.9999999999999991 7 5
leaf_count=5 5 9 8 7 8 6 5 5 5 6 5 5 6 8 7 5
internal_value=-1.19286 -0.383225 -2.46529 0.467196 -0.410098 0.269641 0.497661 -0.246773 0.12997 -0.694232 -0.331094 -1.05495 -0.469686 -1.31777 1.35791 -1.97376
internal_weight=105 100 29 71 64 56 21 50 45 16 40 28 23 17 12 11
internal_count=105 100 29 71 64 56 21 50 45 16 40 28 23 17 12 11
is_linear=0
shrinkage=0.05


Tree=160
num_leaves=21
num_cat=0
split_feature=1 0 5 0 1 2 2 0 4 0 1 5 0 6 2 0 0 2 1 2
split_gain=1.12056e+06 227043 455891 56818.6 48758.5 22240.9 31598.9 40848.8 17184.6 28514.3 25785.1 28966.1 47337.1 29639 28768.3 18988 14753.8 14152.7 6131.77 3241.86
threshold=62105.199800608134 70868.500000000015 0.35922375171208942 53055.999999999993 31062.671928726599 0.75904576824017289 0.51592895015361084 46235.500000000007 1.9905416946811754 43685.500000000007 5166.7437459527355 0.37079327361855535 29848.500000000004 11.49094878481216 0.15663603931434891 24627.000000000004 14717.500000000004 0.23674119032890859 6411.94674379548 0.27447364996027118
decision_type=2 2 2 2 2 2 2 2 2 2 2 2 2 2 2 2 2 2 2 2
left_child=1 3 -3 5 -5 6 7 8 19 10 14 -12 15 -14 -10 18 17 -16 -13 -1
right_child=-2 2 -4 4 -6 -7 -8 -9 9 -11 11 12 13 -15 16 -17 -18 -19 -20 -21
leaf_value=-2.6628067445755015 23.754855871200562 -18.412605438232426 2.0299918492635087 0.84146218981061682 7.3062115263938896 -3.3725244712829596 3.555630524953207 -4.5815525150299079 -1.9093678855895986 4.04238842010498 -4.2908355140686032 0.49872465133666943 0.027151644229888923 5.2395461845397939 3.4860243457555757 -4.0756557265917461 4.6870518970489501 0.0030812331608363556 -1.8720961952209469 -0.93894438743591291
leaf_weight=4.9999999999999982 4.9999999999999991 4.9999999999999982 6 6.9999999999999982 5 4.9999999999999991 5.9999999999999991 4.9999999999999991 5.0000000000000027 4.9999999999999991 4.9999999999999991 6.0000000000000053 5.9999999999999982 5 5.0000000000000018 5.9999999999999991 4.9999999999999991 7 5 6
leaf_count=5 5 5 6 7 5 5 6 5 5 5 5 6 6 5 5 6 5 7 5 6
internal_value=0.60491 -0.44736 -7.2621 0.309833 3.53511 -0.135033 0.0623752 -0.213408 0.0942077 0.427274 0.0986274 -0.785321 -0.159337 2.39642 1.42455 -1.81306 2.40511 1.45431 -0.578921 -1.72252
internal_weight=115 110 11 99 12 87 82 76 71 60 55 33 28 11 22 17 17 12 11 11
internal_count=115 110 11 99 12 87 82 76 71 60 55 33 28 11 22 17 17 12 11 11
is_linear=0
shrinkage=0.05


Tree=161
num_leaves=19
num_cat=0
split_feature=1 0 5 0 1 6 6 0 0 1 6 5 2 5 0 6 6 0
split_gain=1.01131e+06 204906 411441 51278.8 44004.5 21924.1 60051.5 54099 49833.9 43134.7 24618 49670.2 20725 8027.71 13074.9 6415.15 5017.06 4200.44
threshold=62105.199800608134 70868.500000000015 0.35922375171208942 53055.999999999993 31062.671928726599 12.204789657770361 13.274265526549931 14717.500000000004 27800.999999999996 5166.7437459527355 11.49094878481216 0.39439240646744306 0.15663603931434891 0.45698816419450822 45841.500000000007 15.389639996462732 7.1676944068471782 29848.500000000004
decision_type=2 2 2 2 2 2 2 2 2 2 2 2 2 2 2 2 2 2
left_child=1 3 -3 5 -5 7 -7 -1 12 -9 11 -11 -8 14 17 -14 -15 -13
right_child=-2 2 -4 4 -6 6 8 9 -10 10 -12 13 15 16 -16 -17 -18 -19
leaf_value=-5.7240161132812508 22.567112922668457 -17.491975097656255 1.9284922838211056 0.79938891274588464 6.9409011840820298 4.3593591557608713 -1.8138994979858376 4.1366494750976566 -3.9857234001159672 -5.8556213760375977 2.5168851757049562 0.36672613875319571 3.1721060752868655 -0.28492712293352401 -1.8250091791152956 1.0093044310808181 -2.0697062015533447 2.3289694309234616
leaf_weight=4.9999999999999991 4.9999999999999991 4.9999999999999982 6 6.9999999999999982 5 8.9999999999999982 5.0000000000000062 4.9999999999999991 6.9999999999999991 4.9999999999999991 4.9999999999999991 5.9999999999999982 5.9999999999999991 6.9999999999999991 4.9999999999999991 7.9999999999999991 8.9999999999999982 5
leaf_count=5 5 5 6 7 5 9 5 5 7 5 5 6 6 7 5 8 9 5
internal_value=0.574664 -0.424992 -6.89899 0.294341 3.35835 -0.128281 0.839193 -0.779465 -0.379327 -0.253449 -0.77608 -1.22108 0.949346 -0.496928 0.29501 1.93622 -1.28887 1.25865
internal_weight=115 110 11 99 12 87 35 52 26 47 42 37 19 32 16 14 16 11
internal_count=115 110 11 99 12 87 35 52 26 47 42 37 19 32 16 14 16 11
is_linear=0
shrinkage=0.05


Tree=162
num_leaves=19
num_cat=0
split_feature=1 0 4 0 1 6 6 0 0 1 7 4 2 4 0 6 6 0
split_gain=912703 184928 371326 46279.1 39714.1 19786.5 54196.4 48824.3 44975.1 38929.1 22217.7 44827.4 18704.3 7245.01 11800.1 5789.67 4527.9 3790.89
threshold=62105.199800608134 70868.500000000015 2.934351799697287 53055.999999999993 31062.671928726599 12.204789657770361 13.274265526549931 14717.500000000004 27800.999999999996 5166.7437459527355 0.10044078237494418 2.535545779047951 0.15663603931434891 2.1883376604767633 45841.500000000007 15.389639996462732 7.1676944068471782 29848.500000000004
decision_type=2 2 2 2 2 2 2 2 2 2 2 2 2 2 2 2 2 2
left_child=1 3 -3 5 -5 7 -7 -1 12 -9 -11 13 -8 16 17 -14 -12 -15
right_child=-2 2 -4 4 -6 6 8 9 -10 10 11 -13 15 14 -16 -17 -18 -19
leaf_value=-5.4378155517578124 21.438757171630861 1.8320676525433861 -16.617377014160152 0.75941974094935838 6.5938560581207275 4.1413910971747505 -1.7232045745849587 3.9298171234130863 -3.7864373343331472 2.3910408973693849 -0.27068076814923969 -5.5628402996063233 3.0135008653004967 0.3483898408710957 -1.7337586379051211 0.95883914530277259 -1.9662209351857503 2.2125209379196167
leaf_weight=4.9999999999999991 4.9999999999999991 5.9999999999999982 5 6.9999999999999982 5 8.9999999999999982 5.0000000000000062 4.9999999999999991 6.9999999999999991 4.9999999999999991 6.9999999999999991 4.9999999999999991 5.9999999999999991 5.9999999999999982 4.9999999999999991 7.9999999999999991 8.9999999999999982 5
leaf_count=5 5 6 5 7 5 9 5 5 7 5 7 5 6 6 5 8 9 5
internal_value=0.545931 -0.403743 -6.55404 0.279624 3.19043 -0.121867 0.797233 -0.740492 -0.36036 -0.240777 -0.737276 -1.16002 0.901879 -0.472081 0.280259 1.83941 -1.22442 1.19572
internal_weight=115 110 11 99 12 87 35 52 26 47 42 37 19 32 16 14 16 11
internal_count=115 110 11 99 12 87 35 52 26 47 42 37 19 32 16 14 16 11
is_linear=0
shrinkage=0.05


Tree=163
num_leaves=19
num_cat=0
split_feature=1 4 7 2 4 1 6 2 1 1 1 3 1 1 4 2 1 1
split_gain=823715 140457 514460 44019.8 39561.2 189208 63866.6 98871.8 112354 59357.2 38966.2 42163.1 31415.8 27764.3 22612.4 24314.7 5581.47 10117
threshold=62105.199800608134 3.0121539584389425 0.067318377819845662 0.2994101109548431 2.3481496299525113 16516.706392829426 11.49094878481216 0.55662553940215431 13301.812676166339 9833.536278827658 7387.5125544820748 3.5000000000000004 5451.4444842065941 18300.224719541544 2.1234392662738975 0.2994101109548431 11399.273390776547 6411.94674379548
decision_type=2 2 2 2 2 2 2 2 2 2 2 2 2 2 2 2 2 2
left_child=1 4 3 -3 5 14 7 8 9 -6 12 -12 -8 -10 16 -16 17 -1
right_child=-2 2 -4 -5 6 -7 10 -9 13 -11 11 -13 -14 -15 15 -17 -18 -19
leaf_value=-2.2941493225097629 20.366819534301758 -1.0259333372116084 -16.339658482869467 5.3263506889343262 -3.1843476891517613 9.0510382243565157 1.5128932505846018 3.6288507620493569 -4.9282349216938037 3.7602680730819702 1.0120744138956073 6.8650666713714585 -3.273267952601115 -10.197416534423827 -0.29905011824199135 4.2661584472656244 -2.4440923531850181 0.65062907763889855
leaf_weight=5.0000000000000053 4.9999999999999991 6.0000000000000018 5.9999999999999991 5 8.0000000000000053 6.9999999999999991 8.0000000000000018 5.9999999999999991 4.9999999999999982 4.9999999999999991 7.9999999999999982 5 5.9999999999999991 5 6.9999999999999982 5 5.9999999999999991 7
leaf_count=5 5 6 6 5 8 7 8 6 5 5 8 5 6 5 7 5 6 7
internal_value=0.518635 -0.383556 -4.56246 1.86147 0.38033 1.64902 -0.457913 -2.08719 -3.57833 -0.513342 1.29205 3.26323 -0.538319 -7.56283 -0.0781152 1.60312 -1.19894 -0.576362
internal_weight=115 110 17 11 93 37 56 29 23 13 27 13 14 10 30 12 18 12
internal_count=115 110 17 11 93 37 56 29 23 13 27 13 14 10 30 12 18 12
is_linear=0
shrinkage=0.05


Tree=164
num_leaves=19
num_cat=0
split_feature=0 2 5 0 2 2 5 5 0 6 1 0 5 1 5 6 1 5
split_gain=796107 222151 44410.2 39518 162169 298974 284400 16571.6 41000.9 25030 78334.6 50021.3 19248.2 9781.31 27514.7 10012.7 8845.91 2791.1
threshold=91530 0.90942970609434792 0.29614888529253236 48227.499999999993 0.3433574889033712 0.45754712422382926 0.40121061746896597 0.36427410282794453 31244.499999999993 11.029932159873381 7387.5125544820748 18132.499999999996 0.33198916330476513 7387.5125544820748 0.4500170190692121 8.3629238554085266 9024.029416178264 0.5184683316555917
decision_type=2 2 2 2 2 2 2 2 2 2 2 2 2 2 2 2 2 2
left_child=1 2 -1 7 -5 -6 -7 8 12 13 11 -11 -4 14 -9 16 -15 -18
right_child=-2 -3 3 4 5 6 -8 9 -10 10 -12 -13 -14 15 -16 -17 17 -19
leaf_value=-4.0808526674906416 20.005434951782227 -10.691159820556642 -1.8588498214880627 7.4372815714942053 -11.090014786720277 12.462706451416018 -3.6834931373596187 2.690679032461984 -5.4101948547363286 2.1685891696384969 5.8576951844351637 -4.0529043356577548 2.34165271282196 -2.1950666332244859 -1.6017563104629517 -2.6682890355587006 1.2160015344619755 -0.45465755462646479
leaf_weight=5.9999999999999991 4.9999999999999991 4.9999999999999991 5.9999999999999982 9.0000000000000018 4.9999999999999991 4.9999999999999982 6 6.9999999999999991 4.9999999999999991 7.0000000000000018 6.9999999999999991 6 5 5.0000000000000027 7.9999999999999991 7.9999999999999991 4.9999999999999982 5
leaf_count=6 5 5 6 9 5 5 6 7 5 7 7 6 5 5 8 8 5 5
internal_value=0.492703 -0.39424 0.09609 0.349238 2.06792 -0.952344 3.65569 -0.231398 -1.65599 0.161592 1.59333 -0.702869 0.0504695 -0.591953 0.40138 -1.23978 -0.477908 0.380672
internal_weight=115 110 105 99 25 16 11 74 16 58 20 13 11 38 15 23 15 10
internal_count=115 110 105 99 25 16 11 74 16 58 20 13 11 38 15 23 15 10
is_linear=0
shrinkage=0.05


Tree=165
num_leaves=18
num_cat=0
split_feature=2 1 1 0 0 2 2 0 4 1 2 0 0 6 6 2 4
split_gain=373212 792520 322171 122455 27481.3 125627 16749.1 14725.9 7185.02 45795.8 16366.8 11788.4 20346.5 13036.2 21308.3 13754.5 11447.4
threshold=0.75904576824017289 33902.646891508019 62105.199800608134 70868.500000000015 48227.499999999993 0.3433574889033712 0.50562705853824974 39777.5 2.5967981128142408 7387.5125544820748 0.27702064154860279 20369.499999999996 14717.500000000004 10.883215456439848 9.8202207392153866 0.2566042183329999 2.934351799697287
decision_type=2 2 2 2 2 2 2 2 2 2 2 2 2 2 2 2 2
left_child=1 3 -2 4 6 -6 7 8 11 10 16 12 -1 14 15 -13 -10
right_child=2 -3 -4 -5 5 -7 -8 -9 9 -11 -12 13 -14 -15 -16 -17 -18
leaf_value=-1.1181904474894206 -1.2459183216094973 18.266518274943035 -18.430898361206051 -7.377528921763103 7.5572340488433838 -1.7830603493584527 -2.5528335690498354 -2.0180998378329806 -2.5757750477109611 5.0766538238525394 2.2040747076272966 0.44439817667007397 2.9995086034138994 -2.9950986921787264 2.4442026042938232 -3.1064150909582771 0.19291511178016663
leaf_weight=5.9999999999999982 5.9999999999999982 5.9999999999999991 5 5.9999999999999991 5.9999999999999991 8.9999999999999982 7.9999999999999991 8.9999999999999982 7.0000000000000062 4.9999999999999991 4.9999999999999991 5.0000000000000053 6 5.9999999999999991 4.9999999999999991 6 7.9999999999999991
leaf_count=6 6 6 5 6 6 9 8 9 7 5 5 5 6 6 5 6 8
internal_value=-0.303047 0.63187 -9.05727 -0.458933 -0.00276195 1.95306 -0.388779 -0.134184 0.153193 0.796662 -0.273337 -0.319946 0.940659 -1.00755 -0.262218 -1.49241 -1.09914
internal_weight=114 103 11 97 91 15 76 68 59 25 20 34 12 22 16 11 15
internal_count=114 103 11 97 91 15 76 68 59 25 20 34 12 22 16 11 15
is_linear=0
shrinkage=0.05


Tree=166
num_leaves=18
num_cat=0
split_feature=2 1 1 0 0 2 2 0 4 1 2 0 0 7 7 2 5
split_gain=336824 715250 290759 110516 24801.8 113379 15116 13290.1 6484.48 41330.7 14771.1 10639.1 18362.7 11765.1 19230.7 12413.4 10331.2
threshold=0.75904576824017289 33902.646891508019 62105.199800608134 70868.500000000015 48227.499999999993 0.3433574889033712 0.50562705853824974 39777.5 2.5967981128142408 7387.5125544820748 0.27702064154860279 20369.499999999996 14717.500000000004 0.11677816766031567 0.14029013502643015 0.2566042183329999 0.36316424738755676
decision_type=2 2 2 2 2 2 2 2 2 2 2 2 2 2 2 2 2
left_child=1 3 -2 4 6 -6 7 8 11 10 16 12 -1 -13 -15 -16 -10
right_child=2 -3 -4 -5 5 -7 -8 -9 9 -11 -12 13 -14 14 15 -17 -18
leaf_value=-1.0622810045878095 -1.1836224079132083 17.353194236755371 -17.509353485107422 -7.008652051289876 7.1793721199035652 -1.6939073562622071 -2.4251918435096744 -1.9171948856777616 0.18326929211616502 4.8228212356567388 2.0938709676265717 -2.845343716939289 2.8495330651601152 2.3219924545288086 0.42217824935913095 -2.9510943492253618 -2.4469862937927247
leaf_weight=5.9999999999999982 5.9999999999999982 5.9999999999999991 5 5.9999999999999991 5.9999999999999991 8.9999999999999982 7.9999999999999991 8.9999999999999982 8.0000000000000053 4.9999999999999991 4.9999999999999991 6.0000000000000027 6 4.9999999999999991 4.9999999999999982 6 6.9999999999999991
leaf_count=6 6 6 5 6 6 9 8 9 8 5 5 6 6 5 5 6 7
internal_value=-0.287895 0.600277 -8.60441 -0.435986 -0.00262388 1.8554 -0.36934 -0.127475 0.145533 0.756828 -0.25967 -0.303949 0.893626 -0.957172 -0.249107 -1.41779 -1.04418
internal_weight=114 103 11 97 91 15 76 68 59 25 20 34 12 22 16 11 15
internal_count=114 103 11 97 91 15 76 68 59 25 20 34 12 22 16 11 15
is_linear=0
shrinkage=0.05


Tree=167
num_leaves=17
num_cat=0
split_feature=2 1 1 0 0 2 2 0 2 5 7 1 5 4 4 7
split_gain=303984 645513 262410 99740.6 22383.7 102324 13642.2 11994.3 6163.21 19331.8 12440 36922.9 30184.3 18886.3 14045.1 5694.5
threshold=0.75904576824017289 33902.646891508019 62105.199800608134 70868.500000000015 48227.499999999993 0.3433574889033712 0.50562705853824974 39777.5 0.15663603931434891 0.33597815644353413 0.070310733269566925 5166.7437459527355 0.38509189123784332 2.3481496299525113 2.1234392662738975 0.14610001537467651
decision_type=2 2 2 2 2 2 2 2 2 2 2 2 2 2 2 2
left_child=1 3 -2 4 6 -6 7 8 -1 -10 11 -11 -12 14 15 -14
right_child=2 -3 -4 -5 5 -7 -8 -9 9 10 12 -13 13 -15 -16 -17
leaf_value=-1.5411637401580811 -1.124441202481588 16.485533078511558 -16.633885993957517 -6.6582195917765308 6.8204037189483646 -1.6092120064629449 -2.3039323091506958 -1.8213351461622453 2.7451268417494639 1.0801571797047345 3.6499413172403972 -4.265057849884033 -1.6077511707941676 -2.3111893653869631 2.1860992193222049 0.5706474622090657
leaf_weight=4.9999999999999991 5.9999999999999982 5.9999999999999991 5 5.9999999999999991 5.9999999999999991 8.9999999999999982 7.9999999999999991 8.9999999999999982 6.9999999999999991 6.9999999999999982 5.9999999999999991 6 6.0000000000000053 7.9999999999999991 7.9999999999999991 6
leaf_count=5 6 6 5 6 6 9 8 9 7 7 6 6 6 8 8 6
internal_value=-0.2735 0.570263 -8.17419 -0.414187 -0.00249268 1.76263 -0.350873 -0.121101 0.138256 0.293758 -0.0713392 -1.38687 0.431656 -0.257977 0.563309 -0.518552
internal_weight=114 103 11 97 91 15 76 68 59 54 47 13 34 28 20 12
internal_count=114 103 11 97 91 15 76 68 59 54 47 13 34 28 20 12
is_linear=0
shrinkage=0.05


Tree=168
num_leaves=19
num_cat=0
split_feature=6 5 0 6 6 2 2 7 2 2 3 5 0 2 2 0 2 6
split_gain=280989 996600 989656 82547.3 109351 73034 72434.8 60414.2 51310.6 49180.1 67150.6 57151.9 20035.1 19398 117833 28270 8617.96 10112.7
threshold=9.8202207392153866 0.37358923902760793 77954.999999999985 8.0258522432096608 8.8564046125742681 0.55662553940215431 0.32534461537208209 0.25299665001172827 0.50562705853824974 0.35245113372703452 1.5000000000000002 0.33597815644353413 28397.000000000015 0.23674119032890859 0.22093611501468283 33369.000000000007 0.27702064154860279 13.274265526549931
decision_type=2 2 2 2 2 2 2 2 2 2 2 2 2 2 2 2 2 2
left_child=1 -1 5 6 -5 9 -3 -8 -9 10 -2 -12 -11 14 15 -13 -15 -18
right_child=2 3 -4 4 -6 -7 7 8 -10 12 11 13 -14 16 -16 -17 17 -19
leaf_value=-24.489402770996094 -5.7468693542480471 5.928065586090085 21.0546714146932 -9.5969482326507585 -0.37463872796959352 -4.974703053065709 -5.0710394668579104 -1.5598531643549605 5.2983325958251948 1.1059460639953616 5.4006819629669192 -0.9207070456610783 5.3914407730102534 2.261009897504533 -8.0115348815917979 3.5100877285003662 1.2801950182233541 -1.6639556658267971
leaf_weight=4.9999999999999991 4.9999999999999991 6.0000000000000027 5.9999999999999991 4.9999999999999991 8.9999999999999982 6.9999999999999991 4.9999999999999991 5.9999999999999982 5 4.9999999999999982 4.9999999999999991 9.0000000000000018 6 7.0000000000000027 4.9999999999999991 5.9999999999999991 6.9999999999999982 5
leaf_count=5 5 6 6 5 9 7 5 6 5 5 5 9 6 7 5 6 7 5
internal_value=-0.259825 -3.57214 1.60052 -0.666965 -3.66832 -0.141647 1.24299 -0.513916 1.5575 0.42221 -0.256037 0.367922 3.44349 -0.277304 -1.36418 0.851611 0.866771 0.0534656
internal_weight=114 41 73 36 14 67 22 16 11 60 49 44 11 39 20 15 19 12
internal_count=114 41 73 36 14 67 22 16 11 60 49 44 11 39 20 15 19 12
is_linear=0
shrinkage=0.05


Tree=169
num_leaves=19
num_cat=0
split_feature=2 2 0 0 0 2 6 7 7 6 0 0 4 6 2 2 2 6
split_gain=269469 577899 65829.3 37496.9 24746.6 27017.1 73376.6 106699 68418.8 40414.1 35300.3 10719.5 14255.8 17600.4 16203.1 11177.5 3665.27 2452.71
threshold=0.75904576824017289 0.56505205340798936 66429.000000000015 70868.500000000015 58162.500000000022 0.38140948671013492 8.0258522432096608 0.25299665001172827 0.14610001537467651 12.377843983455618 39777.5 29848.500000000004 2.6969315988360472 15.008018257059971 0.23674119032890859 0.2079265850607315 0.27702064154860279 17.688723062656781
decision_type=2 2 2 2 2 2 2 2 2 2 2 2 2 2 2 2 2 2
left_child=1 3 -2 4 5 6 7 -1 9 -7 11 12 14 -14 -8 -13 -16 -15
right_child=2 -3 -4 -5 -6 8 10 -9 -10 -11 -12 15 13 17 16 -17 -18 -19
leaf_value=9.378954315185549 -4.1545222282409675 17.12838706970215 -11.922629699707031 -3.3739637374877933 3.1136008580525716 3.458221387863158 -3.1372506414140959 -0.95058956146240225 -5.3854524254798894 -2.6283398246765133 -3.3071255577935115 -0.26608406066894535 3.2586330223083495 -1.1576470817625526 0.92364557266235381 2.9348547577857969 -0.8488281386239187 0.40846476554870598
leaf_weight=4.9999999999999982 5.9999999999999982 4.9999999999999991 5 8.9999999999999982 5.9999999999999991 6.0000000000000018 7.0000000000000027 5 7.9999999999999991 5 8.9999999999999982 4.9999999999999982 4.9999999999999991 4.9999999999999982 4.9999999999999982 6 7 5
leaf_count=5 6 5 5 9 6 6 7 5 8 5 9 5 5 5 5 6 7 5
internal_value=-0.246834 0.547585 -7.68548 -0.298375 0.0126399 -0.211526 0.27999 4.21418 -1.86716 0.691603 -0.448565 0.123148 -0.315796 0.836484 -1.22549 1.47988 -0.110297 -0.374591
internal_weight=114 103 11 98 89 83 64 10 19 11 54 45 34 15 19 11 12 10
internal_count=114 103 11 98 89 83 64 10 19 11 54 45 34 15 19 11 12 10
is_linear=0
shrinkage=0.05


Tree=170
num_leaves=17
num_cat=0
split_feature=1 3 0 0 4 5 1 3 2 2 6 0 6 4 6 6
split_gain=490654 189174 497003 171011 90931.6 87590.8 53005.1 50846.6 25930.4 55065.3 36534.4 33886.4 23124.6 23924.4 22592.1 13624.6
threshold=62105.199800608134 3.5000000000000004 77954.999999999985 54773.500000000007 2.8480664780767246 0.32753374163484317 6411.94674379548 1.5000000000000002 0.24878814255985207 0.1816627865598146 11.029932159873381 23817.000000000018 8.3629238554085266 2.3193823819540831 9.8202207392153866 9.8202207392153866
decision_type=2 2 2 2 2 2 2 2 2 2 2 2 2 2 2 2
left_child=1 2 4 8 6 7 -1 -6 9 -3 12 -12 13 -10 -11 -14
right_child=-2 3 -4 -5 5 -7 -8 -9 10 14 11 -13 15 -15 -16 -17
leaf_value=-1.1932597584194606 15.449729423522951 2.487721851468085 -16.529204368591309 7.9550714492797852 -4.6137399673461896 5.3654732048511509 -6.9944679260253908 2.2133691883087154 -0.76595103400094144 -1.209287786483765 0.77607720096906041 6.34945147037506 -3.3759472529093433 3.3679159573146276 -5.5482653141021725 -0.12896705354963031
leaf_weight=8.9999999999999982 4.9999999999999991 6.0000000000000027 5.9999999999999991 7.9999999999999991 6.0000000000000018 7.9999999999999991 6.9999999999999991 5 7.0000000000000018 5.9999999999999982 5.9999999999999982 5 5.9999999999999982 7 6 7
leaf_count=9 5 6 6 8 6 8 7 5 7 6 6 5 6 7 6 7
internal_value=0.146924 -0.581781 -3.23336 1.11688 -0.954069 1.38464 -3.73129 -1.51051 0.140001 -1.42328 0.880501 3.30943 -0.109063 1.30098 -3.37878 -1.62757
internal_weight=110 105 41 64 35 19 16 11 56 18 38 11 27 14 12 13
internal_count=110 105 41 64 35 19 16 11 56 18 38 11 27 14 12 13
is_linear=0
shrinkage=0.05


Tree=171
num_leaves=18
num_cat=0
split_feature=1 3 0 0 4 7 3 1 4 4 5 7 4 4 0 1 1
split_gain=442815 170729 448545 154337 82065.8 79678.4 59486.8 47936.5 23502.4 50646.4 18963.6 8349 8149.32 13627.3 8541.27 2512.82 6375.48
threshold=62105.199800608134 3.5000000000000004 77954.999999999985 54773.500000000007 2.8480664780767246 0.08708707792479202 1.5000000000000002 5451.4444842065941 2.5450332819636068 2.4246638699485072 0.39439240646744306 0.11677816766031567 2.1234392662738975 2.3481496299525113 20369.499999999996 6411.94674379548 11399.273390776547
decision_type=2 2 2 2 2 2 2 2 2 2 2 2 2 2 2 2 2
left_child=1 2 4 8 7 6 -6 -1 9 12 -9 -11 15 14 -14 -3 -17
right_child=-2 3 -4 -5 5 -7 -8 10 -10 11 -12 -13 13 -15 -16 16 -18
leaf_value=-0.011530057589213055 14.677243347167968 -1.9763810729980458 -15.702744626998902 7.5573181152343754 -4.3830529530843076 6.7334526824951171 2.202979600429535 -7.8420029067993191 -2.3760425128042697 5.161939811706544 -3.4872774600982659 2.2724762344360347 2.8068964958190907 -1.3030113220214845 0.13899006744225817 0.56148546437422442 -1.5946195125579834
leaf_weight=5.9999999999999991 4.9999999999999991 5.0000000000000027 5.9999999999999991 7.9999999999999991 6.0000000000000027 4.9999999999999991 7.9999999999999991 4.9999999999999982 7.9999999999999991 4.9999999999999982 5 5 6.0000000000000018 6.9999999999999991 6 5.9999999999999991 7.9999999999999991
leaf_count=6 5 5 6 8 6 5 8 5 8 5 5 5 6 7 6 6 8
internal_value=0.139578 -0.552692 -3.07169 1.06104 -0.906366 1.31541 -0.619606 -3.54472 0.133001 0.551174 -5.66464 3.71721 -0.281992 0.450223 1.47294 -1.01421 -0.670575
internal_weight=110 105 41 64 35 19 14 16 56 48 10 10 38 19 12 19 14
internal_count=110 105 41 64 35 19 14 16 56 48 10 10 38 19 12 19 14
is_linear=0
shrinkage=0.05


Tree=172
num_leaves=17
num_cat=0
split_feature=1 3 0 0 4 5 1 3 4 4 7 4 4 0 1 1
split_gain=399641 154083 404812 139289 74064.3 72597.7 45086.5 40741.2 21211 45708.4 7534.97 7354.76 12298.7 7708.5 2267.82 5753.87
threshold=62105.199800608134 3.5000000000000004 77954.999999999985 54773.500000000007 2.8480664780767246 0.32753374163484317 6411.94674379548 1.5000000000000002 2.5450332819636068 2.4246638699485072 0.11677816766031567 2.1234392662738975 2.3481496299525113 20369.499999999996 6411.94674379548 11399.273390776547
decision_type=2 2 2 2 2 2 2 2 2 2 2 2 2 2 2 2
left_child=1 2 4 8 6 7 -1 -6 9 11 -11 14 13 -13 -3 -16
right_child=-2 3 -4 -5 5 -7 -8 -9 -10 10 -12 12 -14 -15 15 -17
leaf_value=-1.0267053392198351 13.943381118774415 -1.8775618362426745 -14.917607188224792 7.1794519543647768 -4.1639002164204895 4.8737886548042297 -6.3770650318690709 1.947247047424316 -2.2572401732206346 4.9038428688049329 2.1588524246215814 2.6665515899658194 -1.2378607545580183 0.1320405026276906 0.53341119885444643 -1.5148885488510133
leaf_weight=8.9999999999999982 4.9999999999999991 5.0000000000000027 5.9999999999999991 7.9999999999999991 6.0000000000000018 7.9999999999999991 6.9999999999999991 5 7.9999999999999991 4.9999999999999982 5 6.0000000000000018 6.9999999999999991 6 5.9999999999999991 7.9999999999999991
leaf_count=9 5 5 6 8 6 8 7 5 8 5 5 6 7 6 6 8
internal_value=0.132599 -0.525058 -2.9181 1.00799 -0.861047 1.24964 -3.36749 -1.38611 0.126351 0.523616 3.53135 -0.267893 0.427712 1.3993 -0.963497 -0.637046
internal_weight=110 105 41 64 35 19 16 11 56 48 10 38 19 12 19 14
internal_count=110 105 41 64 35 19 16 11 56 48 10 38 19 12 19 14
is_linear=0
shrinkage=0.05


Tree=173
num_leaves=16
num_cat=0
split_feature=1 3 0 0 4 7 3 1 1 0 7 5 3 1 0
split_gain=360676 139060 365343 125709 66843.1 67726.9 47384.2 40690.6 19876.1 33458.7 24121.6 12763.7 9053.11 7007.52 5134.21
threshold=62105.199800608134 3.5000000000000004 77954.999999999985 54773.500000000007 2.8480664780767246 0.08708707792479202 1.5000000000000002 6411.94674379548 13956.18840917876 39777.5 0.2165094734714553 0.39292474761446045 5.5000000000000009 5451.4444842065941 21486.000000000011
decision_type=2 2 2 2 2 2 2 2 2 2 2 2 2 2 2
left_child=1 2 4 8 7 6 -6 -1 9 11 -10 -3 13 -13 -15
right_child=-2 3 -4 -5 5 -7 -8 -9 10 -11 -12 12 -14 14 -16
leaf_value=-0.97537004682752826 13.246212463378908 2.6802392244338993 -14.171726739406587 6.8204795837402346 -3.9557054519653301 6.1823560333251955 1.9223047256469727 -6.058211708068848 4.5901622009277352 -3.0724627123938668 -0.11212003231048583 -1.6345405790540903 1.4066895127296442 1.259355370203654 -0.67550697773695001
leaf_weight=8.9999999999999982 4.9999999999999991 4.9999999999999991 5.9999999999999991 7.9999999999999991 6.0000000000000027 4.9999999999999991 7.9999999999999991 6.9999999999999991 4.9999999999999982 8.9999999999999982 6 9.0000000000000018 8.0000000000000018 5.9999999999999991 7.9999999999999991
leaf_count=9 5 5 6 8 6 5 8 7 5 9 6 9 8 6 8
internal_value=0.125969 -0.498805 -2.7722 0.957589 -0.817995 1.18716 -0.596842 -3.19911 0.120033 -0.345694 2.02528 0.335998 -0.0421056 -0.546034 0.15372
internal_weight=110 105 41 64 35 19 14 16 56 45 11 36 31 23 14
internal_count=110 105 41 64 35 19 14 16 56 45 11 36 31 23 14
is_linear=0
shrinkage=0.05


Tree=174
num_leaves=16
num_cat=0
split_feature=2 1 4 0 6 5 4 2 2 3 6 6 4 6 6
split_gain=353941 561765 80033.4 121230 62573.4 22011 39950.2 14264.1 28576.9 15987.5 20537.3 17212.9 14612 14321.9 13611.2
threshold=0.75904576824017289 33902.646891508019 3.1962238028246612 54773.500000000007 9.4306243500006861 0.33597815644353413 2.7451911326668745 0.1816627865598146 0.23674119032890859 3.5000000000000004 11.029932159873381 8.3629238554085266 2.3193823819540831 9.8202207392153866 11.998065177793462
decision_type=2 2 2 2 2 2 2 2 2 2 2 2 2 2 2
left_child=1 2 3 5 -5 -1 7 -7 14 -10 11 12 -11 -13 -9
right_child=-2 -3 -4 4 -6 6 -8 8 9 10 -12 13 -14 -15 -16
leaf_value=2.5795060316721603 -9.3815249337090396 14.631052344185967 -4.8347788035869605 1.1645192337036137 8.7380911509195958 1.7968065150082113 -4.158389345237187 -1.0335228729248049 -2.5789630222320561 -0.67495359012058775 2.5189636601342098 -3.0536444527762279 2.4531190633773807 0.043215024471282962 -4.7228614568710325
leaf_weight=5.9999999999999991 8.9999999999999982 6.9999999999999991 7.9999999999999991 4.9999999999999982 6 7.9999999999999991 6.9999999999999991 4.9999999999999982 4.9999999999999991 7.0000000000000027 8.9999999999999982 6.9999999999999991 7.9999999999999991 7.9999999999999991 5
leaf_count=6 9 7 8 5 6 8 7 5 5 7 9 7 8 8 5
internal_value=0.11967 0.966312 -0.0512756 0.393701 5.29556 -0.325238 -0.577824 -0.173567 -0.465474 0.0828715 0.424132 -0.204317 0.993352 -1.40199 -2.87819
internal_weight=110 101 94 86 11 75 69 62 54 44 39 30 15 15 10
internal_count=110 101 94 86 11 75 69 62 54 44 39 30 15 15 10
is_linear=0
shrinkage=0.05


Tree=175
num_leaves=16
num_cat=0
split_feature=0 2 1 0 3 1 1 1 4 0 7 4 2 3 7
split_gain=1.27717e+06 159903 83705.1 107112 40332.9 60810.6 76546.2 47500.3 62163.2 33561.8 13803.6 13566.9 9214.32 7200.86 4333.75
threshold=87502.499999999985 0.90942970609434792 31062.671928726599 58162.500000000022 2.5000000000000004 17549.64770584663 13956.18840917876 8587.5259268539885 2.5450332819636068 33369.000000000007 0.070310733269566925 2.6969315988360472 0.18761642588800242 4.5000000000000009 0.2165094734714553
decision_type=2 2 2 2 2 2 2 2 2 2 2 2 2 2 2
left_child=1 2 3 4 9 6 7 10 14 -1 11 -6 -12 -14 -9
right_child=-2 -3 -4 -5 5 -7 -8 8 -10 -11 12 -13 13 -15 -16
leaf_value=0.51396512985229503 21.513939816611156 -9.2983033752441404 5.1380545343671535 -6.4762110573904854 -2.0385602103339302 -5.8251852416992191 4.8315178871154787 -1.5211841046810144 -6.9521672884623218 5.7359305572509758 3.0486974143981911 1.0308808008829753 1.6503775924444199 -0.47107008099555969 0.35529533386230472
leaf_weight=7.9999999999999982 6.9999999999999991 4.9999999999999991 6.9999999999999991 6.9999999999999991 8.9999999999999982 4.9999999999999991 6.9999999999999991 8.0000000000000018 5.9999999999999991 5 5.0000000000000027 5.9999999999999991 7.9999999999999991 7.9999999999999991 4.9999999999999991
leaf_count=8 7 5 7 7 9 5 7 8 6 5 5 6 8 8 5
internal_value=0.873917 -0.585478 -0.12203 -0.545255 -0.0262967 -0.520823 -0.0930514 -0.719815 -2.74242 2.52241 0.347672 -0.810784 1.17514 0.589654 -0.799461
internal_weight=106 99 94 87 80 67 62 55 19 13 36 15 21 16 13
internal_count=106 99 94 87 80 67 62 55 19 13 36 15 21 16 13
is_linear=0
shrinkage=0.05


Tree=176
num_leaves=17
num_cat=0
split_feature=0 2 1 0 3 1 1 1 4 0 6 4 6 0 6 6
split_gain=1.15265e+06 144312 75543.9 96668.3 36400.4 54881.6 69082.9 42869 56102.3 30289.5 12757.9 20111.1 12357.1 13500.5 5931.84 3911.21
threshold=87502.499999999985 0.90942970609434792 31062.671928726599 58162.500000000022 2.5000000000000004 17549.64770584663 13956.18840917876 8587.5259268539885 2.5450332819636068 33369.000000000007 10.737411773725453 2.2221563262003503 14.53419826291236 8615.0000000000073 12.377843983455618 7.6506066014448839
decision_type=2 2 2 2 2 2 2 2 2 2 2 2 2 2 2 2
left_child=1 2 3 4 9 6 7 10 15 -1 11 -6 14 -14 -12 -9
right_child=-2 -3 -4 -5 5 -7 -8 8 -10 -11 12 -13 13 -15 -16 -17
leaf_value=0.48826697170734418 20.438242776053293 -8.8333880615234381 4.8811520712716243 -6.1524008069719587 0.027543264627456671 -5.5339258575439452 4.5899418302944737 0.33753061294555642 -6.6045589447021484 5.4491339969635 -0.52790787220001201 4.069848098754882 -0.94483195145924892 2.4093355377515153 -2.8597560584545132 -1.4451248690485956
leaf_weight=7.9999999999999982 6.9999999999999991 4.9999999999999991 6.9999999999999991 6.9999999999999991 7.9999999999999982 4.9999999999999991 6.9999999999999991 5.0000000000000027 5.9999999999999991 5 6.0000000000000018 5 5.9999999999999982 6 5 7.9999999999999991
leaf_count=8 7 5 7 7 8 5 7 5 6 5 6 5 6 6 5 8
internal_value=0.830221 -0.556204 -0.115929 -0.517993 -0.0249819 -0.494781 -0.0883988 -0.683824 -2.6053 2.39629 0.330288 1.58228 -0.377357 0.732252 -1.58784 -0.759488
internal_weight=106 99 94 87 80 67 62 55 19 13 36 13 23 12 11 13
internal_count=106 99 94 87 80 67 62 55 19 13 36 13 23 12 11 13
is_linear=0
shrinkage=0.05


Tree=177
num_leaves=17
num_cat=0
split_feature=0 2 1 0 1 1 1 4 1 6 1 5 4 0 6 0
split_gain=1.04026e+06 130242 68178.4 87243.1 26439.9 78088.8 34966.1 27660.6 24900.2 17646.3 33080.6 14933.6 12081.1 7282.08 4293.52 1593.86
threshold=87502.499999999985 0.90942970609434792 31062.671928726599 58162.500000000022 22348.395371591363 16516.706392829426 8587.5259268539885 2.5450332819636068 7387.5125544820748 10.737411773725453 5166.7437459527355 0.4500170190692121 3.1962238028246612 29848.500000000004 15.896966433889316 37401.000000000015
decision_type=2 2 2 2 2 2 2 2 2 2 2 2 2 2 2 2
left_child=1 2 3 4 5 6 8 13 9 11 12 -1 14 -8 -11 -15
right_child=-2 -3 -4 -5 -6 -7 7 -9 -10 10 -12 -13 -14 15 -16 -17
leaf_value=3.8663558006286629 19.416331018720356 -8.3917184448242192 4.6370943341936384 -5.844780567714146 -3.5442050933837894 6.247641735076904 0.65828088692256326 -4.1439319014549261 3.6113287130991618 0.56675315433078299 -3.012331367863549 0.16647791862487793 2.7773032760620122 -2.0756402063369754 -1.2606508088111879 -0.8131588554382323
leaf_weight=4.9999999999999982 6.9999999999999991 4.9999999999999991 6.9999999999999991 6.9999999999999991 4.9999999999999991 4.9999999999999991 7.0000000000000062 7.9999999999999991 5.9999999999999991 9.0000000000000053 8.9999999999999982 6 4.9999999999999991 4.9999999999999982 4.9999999999999991 5
leaf_count=5 7 5 7 7 5 5 7 8 6 9 9 6 5 5 5 5
internal_value=0.78871 -0.528394 -0.110132 -0.492093 -0.0237328 0.210965 -0.220226 -1.7195 0.612704 0.151377 -0.515248 1.84824 0.667581 -0.57859 -0.0858911 -1.4444
internal_weight=106 99 94 87 80 75 70 25 45 39 28 11 19 17 14 10
internal_count=106 99 94 87 80 75 70 25 45 39 28 11 19 17 14 10
is_linear=0
shrinkage=0.05


Tree=178
num_leaves=18
num_cat=0
split_feature=0 6 0 3 1 4 1 7 1 4 1 6 7 7 4 1 1
split_gain=938838 41466.2 133109 41062 37643 74772.9 72728 37237.3 26048.5 37049.3 22203.6 21967.4 6651.19 7412.56 4526.82 4323.69 3120.99
threshold=87502.499999999985 13.491940612647864 66429.000000000015 2.5000000000000004 18300.224719541544 2.5278384386296175 16516.706392829426 0.046060019652292908 8587.5259268539885 2.5450332819636068 6093.7564319131534 11.642466352918628 0.14029013502643015 0.2165094734714553 2.6767405536233917 5166.7437459527355 4405.9086795478224
decision_type=2 2 2 2 2 2 2 2 2 2 2 2 2 2 2 2 2
left_child=1 2 4 7 6 -6 8 -3 10 12 11 15 -10 -14 -5 -1 -16
right_child=-2 3 -4 14 5 -7 -8 -9 9 -11 -12 -13 13 -15 16 -17 -18
leaf_value=1.6366902351379382 18.445512873785837 0.87735840479532845 -7.6686156136648993 0.73947355270385751 -5.8831926107406627 1.5006999651590982 5.9352598571777344 6.7198067259788505 0.98248749718069905 -5.4458930206298835 2.8687196850776675 -3.1100793075561524 -2.6584282112121591 -0.1377890314374651 -0.21979473114013676 -0.28841252326965328 -1.9864262485504147
leaf_weight=7.0000000000000053 6.9999999999999991 6.0000000000000018 6.9999999999999991 4.9999999999999991 7.9999999999999982 6 4.9999999999999991 5 5.0000000000000062 4.9999999999999991 7.9999999999999991 4.9999999999999991 4.9999999999999982 7 4.9999999999999982 5 5
leaf_count=7 7 6 7 5 8 6 5 5 5 5 8 5 5 7 5 5 5
internal_value=0.749275 -0.501974 -1.11267 1.21267 -0.417342 -2.71867 0.202245 3.53302 -0.40765 -1.66244 0.696565 -0.325625 -0.54966 -1.18806 -0.488916 0.834564 -1.10311
internal_weight=106 99 73 26 66 14 52 11 47 22 25 17 17 12 15 12 10
internal_count=106 99 73 26 66 14 52 11 47 22 25 17 17 12 15 12 10
is_linear=0
shrinkage=0.05


Tree=179
num_leaves=17
num_cat=0
split_feature=0 2 1 0 3 1 1 1 4 0 0 0 1 2 3 6
split_gain=847301 112651 64141.2 72865.1 31097.4 48836 56071 33017.5 44169.6 30829.1 12182.8 23454.8 12568.4 8605.5 4770.26 3282.09
threshold=87502.499999999985 0.90942970609434792 31062.671928726599 58162.500000000022 2.5000000000000004 17549.64770584663 13956.18840917876 8587.5259268539885 2.5450332819636068 33369.000000000007 29848.500000000004 27800.999999999996 4405.9086795478224 0.23674119032890859 4.5000000000000009 7.6506066014448839
decision_type=2 2 2 2 2 2 2 2 2 2 2 2 2 2 2 2
left_child=1 2 3 4 9 6 7 10 15 -1 11 12 13 -6 -14 -9
right_child=-2 -3 -4 -5 5 -7 -8 8 -10 -11 -12 -13 14 -15 -16 -17
leaf_value=0.28268243074417121 17.523238924571448 -7.7899421691894535 4.5166467121669225 -5.3501333236694339 0.45689950670514751 -5.2180655670166018 4.1335700597081866 0.33877267837524394 -5.852497609456381 5.2875443744659414 2.144507142475673 -3.2949077606201174 2.4562210083007816 -2.2590058612823483 0.43414367675781246 -1.294230167940259
leaf_weight=7.9999999999999982 6.9999999999999991 4.9999999999999991 6.9999999999999991 6.9999999999999991 7.0000000000000053 4.9999999999999991 6.9999999999999991 5.0000000000000027 5.9999999999999991 5 6.9999999999999991 4.9999999999999991 6.9999999999999982 5 5 7.9999999999999991
leaf_count=8 7 5 7 7 7 5 7 5 6 5 7 5 7 5 5 8
internal_value=0.711811 -0.476876 -0.0878828 -0.458362 -0.0303322 -0.464564 -0.0812166 -0.617644 -2.30395 2.20763 0.272348 -0.179552 0.469481 -0.674728 1.61369 -0.666152
internal_weight=106 99 94 87 80 67 62 55 19 13 36 29 24 12 12 13
internal_count=106 99 94 87 80 67 62 55 19 13 36 29 24 12 12 13
is_linear=0
shrinkage=0.05


Tree=180
num_leaves=18
num_cat=0
split_feature=6 0 1 4 0 6 1 1 1 6 7 0 5 0 7 5 6
split_gain=326433 1.56183e+06 1.15601e+06 29486.3 35534.5 24702.4 28090 30147.9 19763.3 15478.5 29485.6 21947.8 19549.1 14575.2 8317.32 2880.71 2008.21
threshold=9.8202207392153866 70868.500000000015 39566.250451175925 2.2723896376949191 54773.500000000007 10.485838715812053 18300.224719541544 11399.273390776547 11399.273390776547 12.204789657770361 0.070310733269566925 24627.000000000004 0.37358923902760793 45841.500000000007 0.04970776372884636 0.42586730557949953 17.688723062656781
decision_type=2 2 2 2 2 2 2 2 2 2 2 2 2 2 2 2 2
left_child=1 3 5 8 13 -2 7 9 -1 12 11 14 -7 -5 16 -14 -11
right_child=2 -3 -4 4 -6 6 -8 -9 -10 10 -12 -13 15 -15 -16 -17 -18
leaf_value=0.06760759353637695 3.5929176712036135 -29.774968414306642 25.198352355957031 1.2856527566909786 4.6139221509297696 -4.0021409225463875 -3.3092114289601646 3.63741018374761 -3.474723897661482 -0.62145233949025402 3.6547716856002808 -3.2112919425964357 -1.0216985321044925 -2.1556237030029299 2.0499324639638266 0.67556804537773119 0.62832479476928715
leaf_weight=8.9999999999999982 4.9999999999999991 4.9999999999999991 4.9999999999999991 8.0000000000000018 5.9999999999999991 4.9999999999999991 5.9999999999999991 5.9999999999999991 6.9999999999999991 9.0000000000000089 5.9999999999999991 4.9999999999999991 4.9999999999999982 4.9999999999999991 5.9999999999999991 5 4.9999999999999991
leaf_count=9 5 5 5 8 6 5 6 6 7 9 6 5 5 5 6 5 5
internal_value=-0.0508732 -3.63497 2.05742 0.0993154 1.43109 0.220837 -0.0698594 0.303912 -1.48216 -0.130892 0.507107 -0.248332 -1.44942 -0.0379151 0.492407 -0.173065 -0.175103
internal_weight=108 40 68 35 19 63 58 52 16 46 31 25 15 13 20 10 14
internal_count=108 40 68 35 19 63 58 52 16 46 31 25 15 13 20 10 14
is_linear=0
shrinkage=0.05


Tree=181
num_leaves=18
num_cat=0
split_feature=6 0 1 2 1 0 2 6 1 1 6 1 0 4 6 1 0
split_gain=294606 1.40955e+06 1.0433e+06 32475.6 66515 61502.7 51669 22293.9 25351.2 27979.7 20833.1 27637.7 26747.3 18526.3 13258.6 5591.63 2042.54
threshold=9.8202207392153866 70868.500000000015 39566.250451175925 0.35245113372703452 31062.671928726599 29848.500000000004 0.28437702154139949 10.485838715812053 18300.224719541544 10621.309512456515 12.204789657770361 7387.5125544820748 20969.499999999993 2.3481496299525113 15.008018257059971 7607.5887173799301 8615.0000000000073
decision_type=2 2 2 2 2 2 2 2 2 2 2 2 2 2 2 2 2
left_child=1 3 7 6 5 -5 15 -2 9 10 13 12 14 -9 -12 -1 -16
right_child=2 -3 -4 4 -6 -7 -8 8 -10 -11 11 -13 -14 -15 16 -17 -18
leaf_value=1.0331957658131914 3.4132716751098635 -28.286220703125004 23.938435516357423 -0.3697588006655374 2.7618760108947757 -7.8782548522949201 5.8940073013305669 0.64178965970873836 -3.1437506675720215 3.0087317436933518 2.6429234504699664 3.9308828544616703 -3.4122181129455571 -3.1541709740956625 -0.61649615499708388 -1.046914597920009 0.64391810894012458
leaf_weight=6.0000000000000018 4.9999999999999991 4.9999999999999991 4.9999999999999991 6.0000000000000018 5.9999999999999991 5 4.9999999999999991 4.9999999999999991 5.9999999999999991 7.9999999999999991 6.0000000000000098 4.9999999999999991 4.9999999999999991 8.9999999999999982 8.9999999999999982 7 4.9999999999999991
leaf_count=6 5 5 5 6 6 5 5 5 6 8 6 5 5 9 9 7 5
internal_value=-0.0483295 -3.45322 1.95455 0.0943497 -1.47286 -3.78271 1.57449 0.209795 -0.0663664 0.288716 -0.205832 0.5374 -0.141297 -1.79847 0.676433 -0.0868637 -0.166348
internal_weight=108 40 68 35 17 11 18 63 58 52 44 30 25 14 20 13 14
internal_count=108 40 68 35 17 11 18 63 58 52 44 30 25 14 20 13 14
is_linear=0
shrinkage=0.05


Tree=182
num_leaves=18
num_cat=0
split_feature=6 0 1 4 0 5 0 0 1 1 4 0 1 0 6 0 0
split_gain=265882 1.27212e+06 941574 24915.4 31440.2 21865.8 73174.3 20795 25487 16484.2 12855.2 31048.7 22117 12762.3 17055.9 12571.1 4696.3
threshold=9.8202207392153866 70868.500000000015 39566.250451175925 2.2723896376949191 54773.500000000007 0.29614888529253236 58162.500000000022 8615.0000000000073 12221.392818450666 11399.273390776547 2.7451911326668745 33369.000000000007 5451.4444842065941 27800.999999999996 11.029932159873381 45841.500000000007 18132.499999999996
decision_type=2 2 2 2 2 2 2 2 2 2 2 2 2 2 2 2 2
left_child=1 3 5 9 15 -2 7 -7 10 -1 11 13 -12 14 -9 -5 -16
right_child=2 -3 -4 4 -6 6 -8 8 -10 -11 12 -13 -14 -15 16 -17 -18
leaf_value=0.0512681696150038 -2.9732685512304311 -26.871909656524657 22.74151336669922 1.1612570255994792 4.3076988855997724 -2.4216259360313419 6.2549395179748544 -1.4235531670706592 3.7105499839782716 -3.18387656893049 0.92479971408844008 4.060625867843628 -3.5778540770212808 -2.0673160403966904 2.8779710769653324 -2.0346805095672607 0.7108761548995971
leaf_weight=8.9999999999999982 4.9999999999999991 4.9999999999999991 4.9999999999999991 8.0000000000000018 5.9999999999999991 7.9999999999999991 4.9999999999999991 7.0000000000000098 4.9999999999999991 6.9999999999999991 4.9999999999999982 4.9999999999999991 6 6.9999999999999991 4.9999999999999982 4.9999999999999991 5
leaf_count=9 5 5 5 8 6 8 5 7 5 7 5 5 6 7 5 5 5
internal_value=-0.045913 -3.28056 1.85682 0.0896321 1.31383 0.199306 0.472803 -0.0726812 0.344909 -1.36411 -0.0757961 0.476251 -1.53119 -0.270494 0.469374 -0.0679497 1.79442
internal_weight=108 40 68 35 19 63 58 53 45 16 40 29 11 24 17 13 10
internal_count=108 40 68 35 19 63 58 53 45 16 40 29 11 24 17 13 10
is_linear=0
shrinkage=0.05


Tree=183
num_leaves=19
num_cat=0
split_feature=2 2 0 2 0 0 4 0 0 4 4 2 0 0 7 2 2 1
split_gain=253685 351281 82193.7 56814.2 103117 20826.7 10308.5 20351.5 34045.8 13793.4 11626 17593.9 24245.7 12017.1 6444.44 17581.9 6178.14 3518.66
threshold=0.75904576824017289 0.56505205340798936 77954.999999999985 0.51592895015361084 54773.500000000007 46235.500000000007 2.4246638699485072 33369.000000000007 27800.999999999996 2.6767405536233917 2.3481496299525113 0.28965910529666361 24627.000000000004 29848.500000000004 0.04970776372884636 0.28437702154139949 0.2079265850607315 5657.3230438461069
decision_type=2 2 2 2 2 2 2 2 2 2 2 2 2 2 2 2 2 2
left_child=1 2 3 4 5 6 10 8 14 -9 11 13 -13 17 16 -16 -8 -1
right_child=-2 -3 -4 -5 -6 -7 7 9 -10 -11 -12 12 -14 -15 15 -17 -18 -19
leaf_value=-2.9964243507385198 -8.6112517356872562 13.559157218933107 -6.2777660799026496 -4.3918865521748867 5.7014655643039278 -2.7880445003509524 -1.1871214866638169 4.6283567810058601 -3.5957412433624274 0.91441123723983753 -2.6014945411682131 4.1383785247802747 -0.78561839938163747 0.77191924651463828 3.655533456802369 -0.35903367996215818 1.1140845452036174 -1.1206161880493164
leaf_weight=5.0000000000000089 7.9999999999999991 4.9999999999999991 4.9999999999999991 5.9999999999999991 8.9999999999999982 5.9999999999999991 5.0000000000000053 4.9999999999999982 4.9999999999999991 5 4.9999999999999991 4.9999999999999982 5 5.9999999999999991 5.9999999999999982 5 7 5
leaf_count=5 8 5 5 6 9 6 5 5 5 5 5 5 5 6 6 5 7 5
internal_value=-0.0436173 0.641794 -0.0380677 0.308582 0.64433 0.0374737 0.283171 0.835162 0.143654 2.77138 -0.393463 0.0311582 1.67638 -0.997105 0.956566 1.83073 0.155249 -2.05852
internal_weight=108 100 95 90 84 75 69 38 28 10 31 26 10 16 23 11 12 10
internal_count=108 100 95 90 84 75 69 38 28 10 31 26 10 16 23 11 12 10
is_linear=0
shrinkage=0.05


Tree=184
num_leaves=18
num_cat=0
split_feature=7 0 1 2 1 0 2 5 0 0 1 0 1 0 7 0 1
split_gain=246842 1.14188e+06 863324 31462.6 57519.1 52676.1 44962.4 19702.6 61771.2 18166.6 25734.2 19788.9 25749.8 22453.6 18914.8 11719.8 4709.47
threshold=0.14029013502643015 70868.500000000015 39566.250451175925 0.35245113372703452 31062.671928726599 29848.500000000004 0.28437702154139949 0.29614888529253236 58162.500000000022 8615.0000000000073 10621.309512456515 39777.5 7387.5125544820748 27800.999999999996 0.11014458600331878 17132.500000000004 7607.5887173799301
decision_type=2 2 2 2 2 2 2 2 2 2 2 2 2 2 2 2 2
left_child=2 3 7 6 5 -5 16 -1 9 -9 11 12 13 14 15 -11 -2
right_child=1 -3 -4 4 -6 -7 -8 8 -10 10 -12 -13 -14 -15 -16 -17 -18
leaf_value=-2.8067964172363284 0.96990236043930023 -25.50925247192383 21.789962768554688 -0.49708708922068257 2.4303020477294925 -7.4459300231933589 5.5212188148498536 -2.2322881996631625 5.7769118690490728 2.6753620147705055 3.1393759318760464 -3.0909895706176762 2.5652337365680271 -3.5520985507965088 -2.1084533373514813 -0.33610179126262663 -0.93908567769186824
leaf_weight=4.9999999999999991 6.0000000000000018 4.9999999999999991 4.9999999999999991 6.0000000000000018 5.9999999999999991 5 4.9999999999999991 7.9999999999999991 4.9999999999999991 7.0000000000000053 6.9999999999999991 4.9999999999999991 8.9999999999999982 4.9999999999999991 5.9999999999999991 6 7
leaf_count=5 6 5 5 6 6 5 5 8 5 7 7 5 9 5 6 6 7
internal_value=-0.0414364 -3.15812 1.79191 0.0349014 -1.50767 -3.65565 1.49177 0.204758 0.464375 -0.0368077 0.3535 -0.159688 0.284449 -0.570845 0.213695 1.28546 -0.0580143
internal_weight=108 40 68 35 17 11 18 63 58 53 45 38 33 24 19 13 13
internal_count=108 40 68 35 17 11 18 63 58 53 45 38 33 24 19 13 13
is_linear=0
shrinkage=0.05


Tree=185
num_leaves=17
num_cat=0
split_feature=2 1 0 4 5 2 0 5 4 5 2 1 1 0 4 2
split_gain=370823 425811 377535 48960.2 50318.5 30800.1 64162.9 25060.6 18546 15289.6 24421.1 21849.9 10307.2 9259.57 6222.76 3261.05
threshold=0.75904576824017289 62105.199800608134 87502.499999999985 3.1962238028246612 0.33597815644353413 0.52592071588983369 54773.500000000007 0.36316424738755676 2.4246638699485072 0.39439240646744306 0.2079265850607315 7387.5125544820748 5451.4444842065941 33369.000000000007 2.2516050081241255 0.41711654529755943
decision_type=2 2 2 2 2 2 2 2 2 2 2 2 2 2 2 2
left_child=2 -2 3 4 -1 6 7 -6 12 10 -10 -12 -9 14 15 -14
right_child=1 -3 -4 -5 5 -7 -8 8 9 -11 11 -13 13 -15 -16 -17
leaf_value=4.3434568132672995 -0.57204295567103802 -19.676513977050778 11.966158662523542 -3.8090455338358882 -3.3542147338390351 -3.0205454111099246 4.4714307546615606 -2.3199861764907839 -2.7859595775604209 2.6985301799244352 -0.43002450125558039 3.897619247436523 0.30345924411501179 -1.7781309570584978 -1.0993967628479004 1.9753398323059077
leaf_weight=6.9999999999999991 6.9999999999999982 5 6.9999999999999991 7.9999999999999991 5.9999999999999991 7.9999999999999991 7.9999999999999991 7.9999999999999991 5.0000000000000062 8.9999999999999982 6.9999999999999982 5 7.0000000000000053 6.9999999999999991 4.9999999999999991 5
leaf_count=7 7 5 7 8 6 8 8 8 5 9 7 5 7 7 5 5
internal_value=-0.218229 -8.53224 0.75989 -0.0658353 0.278368 -0.0773273 0.249697 -0.27802 0.0402073 1.03211 0.14989 1.37316 -0.765715 -0.247624 0.382584 1.00008
internal_weight=114 12 102 95 87 80 72 64 58 26 17 12 32 24 17 12
internal_count=114 12 102 95 87 80 72 64 58 26 17 12 32 24 17 12
is_linear=0
shrinkage=0.05


Tree=186
num_leaves=18
num_cat=0
split_feature=2 1 0 5 5 2 0 5 6 7 1 0 0 5 0 6 6
split_gain=334668 384294 340725 44186.5 45412.4 27797.1 57907 22617.2 16756.6 28477.4 21426.5 11346.4 15039.9 12845.2 6955.28 4330.08 6824.75
threshold=0.75904576824017289 62105.199800608134 87502.499999999985 0.31286958373127377 0.33597815644353413 0.52592071588983369 54773.500000000007 0.36316424738755676 12.204789657770361 0.070310733269566925 5166.7437459527355 18132.499999999996 46235.500000000007 0.40121061746896597 33369.000000000007 10.485838715812053 9.4306243500006861
decision_type=2 2 2 2 2 2 2 2 2 2 2 2 2 2 2 2 2
left_child=2 -2 3 -1 -5 6 7 -6 11 10 -10 -9 13 -13 15 16 -15
right_child=1 -3 -4 4 5 -7 -8 8 9 -11 -12 12 -14 14 -16 -17 -18
leaf_value=-3.6185932695865635 -0.54344075066702713 -18.692688293457028 11.367851257324219 4.126283740997315 -3.1865040103594464 -2.8695182800292969 4.2478591442108158 -2.3421983310154508 1.8611000140508009 4.1288904984792074 -2.5707169771194458 2.3653216520945217 -2.6642352771759032 -0.19893783330917342 -1.8821845531463623 -1.0246434479951858 2.155868148803711
leaf_weight=7.9999999999999991 6.9999999999999982 5 6.9999999999999991 6.9999999999999991 5.9999999999999991 7.9999999999999991 7.9999999999999991 6.9999999999999991 6.0000000000000018 5.9999999999999991 5 6.0000000000000027 4.9999999999999991 8.0000000000000053 4.9999999999999991 4.9999999999999991 4.9999999999999991
leaf_count=8 7 5 7 7 6 8 8 7 6 6 5 6 5 8 5 5 5
internal_value=-0.207318 -8.10563 0.721895 -0.0625435 0.26445 -0.0734609 0.237212 -0.264119 0.0381969 1.35802 -0.153362 -0.509047 -0.131634 0.305022 -0.232448 0.225812 0.706757
internal_weight=114 12 102 95 87 80 72 64 58 17 11 41 34 29 23 18 13
internal_count=114 12 102 95 87 80 72 64 58 17 11 41 34 29 23 18 13
is_linear=0
shrinkage=0.05


Tree=187
num_leaves=18
num_cat=0
split_feature=2 1 1 5 0 3 1 1 0 4 5 7 1 0 7 7 5
split_gain=302038 346826 317176 104084 66954.6 22227.6 43460.7 54469 13983.5 16290.3 14417.2 13029 10400.7 8527.32 13522.1 5344.58 777.464
threshold=0.75904576824017289 62105.199800608134 33902.646891508019 0.31286958373127377 58162.500000000022 2.5000000000000004 17549.64770584663 13956.18840917876 39777.5 2.4246638699485072 0.37358923902760793 0.11677816766031567 27797.939671950877 18132.499999999996 0.14029013502643015 0.05467668294401349 0.50249433107651253
decision_type=2 2 2 2 2 2 2 2 2 2 2 2 2 2 2 2 2
left_child=2 -2 3 -1 5 -5 7 8 9 11 15 -7 -6 -13 -15 -11 -16
right_child=1 -3 -4 4 12 6 -8 -9 -10 10 -12 13 -14 14 16 -17 -18
leaf_value=-5.9390797001974924 -0.51626866204398025 -17.758054199218748 10.957279096330915 2.8257847785949708 5.8600617218017597 -2.766380223578639 -4.0850957598005024 4.2277047566005157 -2.2529646343655059 0.85486100060599157 2.6140205383300783 -2.0779043579101546 2.6350435638427729 2.4436657428741455 -1.1527665328979495 -1.1787774562835691 -0.3085657159487406
leaf_weight=6.9999999999999991 6.9999999999999982 5 6.9999999999999991 5.9999999999999991 4.9999999999999982 7.0000000000000027 6.9999999999999991 6.9999999999999991 8.9999999999999982 7.0000000000000018 7.9999999999999991 5.0000000000000027 5 4.9999999999999991 4.9999999999999982 6 6
leaf_count=7 7 5 7 6 5 7 7 7 9 7 8 5 5 5 5 6 6
internal_value=-0.196952 -7.70035 0.685801 -0.0710452 0.39573 -0.0980931 -0.34175 0.0613799 -0.441452 -0.108726 0.943977 -0.898253 4.24755 -0.275544 0.287694 -0.0837414 -0.692293
internal_weight=114 12 102 95 88 78 72 65 58 49 21 28 10 21 16 13 11
internal_count=114 12 102 95 88 78 72 65 58 49 21 28 10 21 16 13 11
is_linear=0
shrinkage=0.05


Tree=188
num_leaves=19
num_cat=0
split_feature=4 5 1 1 3 0 7 1 0 5 4 0 0 1 0 4 6 0
split_gain=240215 1.03139e+06 367387 217609 40011.4 36891.5 33385.9 27591.1 46041.3 15816.3 21540.8 22982.7 25305.8 11683.3 7550.11 3525.32 3107.37 2574.53
threshold=3.0121539584389425 0.34079229426713314 24205.677865591173 39566.250451175925 1.5000000000000002 58162.500000000022 0.17020059730283604 22348.395371591363 50610.999999999993 0.36427410282794453 2.4246638699485072 33369.000000000007 27800.999999999996 5451.4444842065941 33369.000000000007 2.2516050081241255 9.8202207392153866 19519.500000000011
decision_type=2 2 2 2 2 2 2 2 2 2 2 2 2 2 2 2 2 2
left_child=1 -1 4 5 -2 7 -7 8 9 -3 13 12 17 -11 15 16 -15 -12
right_child=2 3 -4 -5 -6 6 -8 -9 -10 10 11 -13 -14 14 -16 -17 -18 -19
leaf_value=20.82597359021505 -4.0626412200927744 -2.5248988968985424 -17.105247230529784 -8.4493372678756717 1.9935227255026498 5.9202478027343766 0.14219844818115232 -3.454645919799805 4.7006173383072021 -2.3376183827718098 0.76097902297973596 3.5807367392948701 -2.7932798910140995 -0.086342593601771697 -1.7829833666483563 -0.88810379028320308 1.4034726040703909 2.3655132007598874
leaf_weight=5.9999999999999991 4.9999999999999982 6.9999999999999991 4.9999999999999991 7.9999999999999991 6 4.9999999999999982 5 5.9999999999999991 4.9999999999999991 8.9999999999999982 5.0000000000000018 6.9999999999999991 4.9999999999999991 7.0000000000000053 5.9999999999999991 4.9999999999999991 7 5
leaf_count=6 5 7 5 8 6 5 5 6 5 9 5 7 5 7 6 5 7 5
internal_value=-0.187104 0.74029 -5.86739 -0.569646 -0.759279 0.180801 3.03122 -0.204391 0.0823962 -0.284129 -0.00403314 1.21506 0.111071 -0.792855 -0.23674 0.251547 0.658565 1.56325
internal_weight=114 98 16 92 11 84 10 74 68 63 56 22 15 34 25 19 14 10
internal_count=114 98 16 92 11 84 10 74 68 63 56 22 15 34 25 19 14 10
is_linear=0
shrinkage=0.05


Tree=189
num_leaves=19
num_cat=0
split_feature=2 1 2 2 1 2 0 0 7 2 1 0 1 7 7 0 2 2
split_gain=242222 307083 291828 38872.1 192504 121619 265739 162985 25249.4 11286.3 11592 16911.4 17512.4 6299.58 8777.86 9581.06 7002.44 4372.74
threshold=0.75904576824017289 62105.199800608134 0.56505205340798936 0.2994101109548431 16516.706392829426 0.40053970387469134 54773.500000000007 62016 0.14610001537467651 0.27702064154860279 10621.309512456515 39777.5 7387.5125544820748 0.14610001537467651 0.05467668294401349 27800.999999999996 0.16744804518791417 0.33522895219823584
decision_type=2 2 2 2 2 2 2 2 2 2 2 2 2 2 2 2 2 2
left_child=2 -2 3 4 9 6 17 8 -7 10 11 12 13 14 16 -16 -1 -5
right_child=1 -3 -4 5 -6 7 -8 -9 -10 -11 -12 -13 -14 -15 15 -17 -18 -19
leaf_value=-0.78205780982971129 -0.13724870681762699 -16.361125488281246 11.310549799601239 0.54116535981496161 10.147037105560303 0.66504404809739803 -14.133060188293456 9.1177047729492191 -3.19554999768734 -2.1642323176066083 2.4143028068542485 -2.8605570363998414 2.305804118514061 1.2617316246032715 -0.36961561838785817 -3.33316743850708 1.6678592872619626 -1.3677479515473046
leaf_weight=7.0000000000000053 6.9999999999999982 5 5.9999999999999991 6.0000000000000018 4.9999999999999991 9.0000000000000053 4.9999999999999991 4.9999999999999991 7.9999999999999991 5.9999999999999991 4.9999999999999991 4.9999999999999991 7.9999999999999991 4.9999999999999991 5.9999999999999982 5 5 6
leaf_count=7 7 5 6 6 5 9 5 5 8 6 5 5 8 5 6 5 5 6
internal_value=-0.177749 -6.8972 0.612774 -0.0558365 0.776403 -1.27219 -4.44852 1.18225 -1.15171 -0.124619 0.141417 -0.135764 0.242679 -0.346785 -0.696463 -1.71668 0.238741 -0.413291
internal_weight=114 12 102 96 57 39 17 22 17 52 46 41 36 28 23 11 12 12
internal_count=114 12 102 96 57 39 17 22 17 52 46 41 36 28 23 11 12 12
is_linear=0
shrinkage=0.05


Tree=190
num_leaves=17
num_cat=0
split_feature=2 2 1 3 1 0 2 4 5 0 3 7 7 4 2 7
split_gain=339152 345161 173055 43999.7 107741 119733 16338.3 14016.4 32101.1 17157.4 9907.11 5536.18 7723.27 8866.73 3396.1 3077.29
threshold=0.75904576824017289 0.56505205340798936 62105.199800608134 1.5000000000000002 24205.677865591173 53055.999999999993 0.27702064154860279 2.4246638699485072 0.37358923902760793 27800.999999999996 5.5000000000000009 0.08708707792479202 0.20086655430696435 2.1543446061517115 0.38140948671013492 0.14610001537467651
decision_type=2 2 2 2 2 2 2 2 2 2 2 2 2 2 2 2
left_child=1 3 -2 -1 5 6 7 10 9 -9 15 14 13 -13 -8 -5
right_child=2 -3 -4 4 -6 -7 11 8 -10 -11 -12 12 -14 -15 -16 -17
leaf_value=4.1541443506876625 -2.3880382156372075 13.498338470458984 -15.543068847656247 -2.380674781799315 -5.4527439821097587 6.1196419239044193 0.23101075887680045 1.3694498879568913 3.7132680833339693 -2.2742552439371742 1.2113165259361267 -1.0331211709976191 -0.46365443638392856 -3.8840573867162065 -1.4301128578186035 -0.79944154918193822
leaf_weight=5.9999999999999991 4.9999999999999982 4.9999999999999991 5 5.0000000000000027 8.9999999999999982 7.9999999999999991 8.0000000000000018 7.0000000000000018 7.9999999999999991 6 4.9999999999999991 5.0000000000000018 6.9999999999999991 6 4.9999999999999991 7.9999999999999991
leaf_count=6 5 5 5 5 9 8 8 7 8 6 5 5 7 6 5 8
internal_value=-0.194168 0.700872 -8.96555 0.0128359 -0.272772 0.324917 -0.337337 0.343704 1.22127 -0.31226 -0.680129 -1.19413 -1.76197 -2.58818 -0.407883 -1.40761
internal_weight=108 98 10 93 87 78 70 39 21 13 18 31 18 11 13 13
internal_count=108 98 10 93 87 78 70 39 21 13 18 31 18 11 13 13
is_linear=0
shrinkage=0.05


Tree=191
num_leaves=17
num_cat=0
split_feature=2 2 1 3 1 0 2 5 5 0 3 7 6 5 2 6
split_gain=306084 311507 156182 39709.8 97236.5 108059 14745.3 12649.8 28971.2 15484.6 8941.16 4996.4 6970.25 8002.23 3064.98 2777.25
threshold=0.75904576824017289 0.56505205340798936 62105.199800608134 1.5000000000000002 24205.677865591173 53055.999999999993 0.27702064154860279 0.41243257855243948 0.37358923902760793 27800.999999999996 5.5000000000000009 0.08708707792479202 8.3629238554085266 0.47093532015918654 0.38140948671013492 9.8202207392153866
decision_type=2 2 2 2 2 2 2 2 2 2 2 2 2 2 2 2
left_child=1 3 -2 -1 5 6 7 8 9 -5 15 14 -13 -14 -8 -9
right_child=2 -3 -4 4 -6 -7 11 10 -10 -11 -12 12 13 -15 -16 -17
leaf_value=3.946437136332194 -2.2686362075805668 12.823418884277345 -14.765915985107419 1.3009774071829656 -5.1801066981421577 5.8136599063873291 0.21946022510528557 -0.75946941971778836 3.527604576945305 -2.1605424245198566 1.1507506692409517 -0.4404716934476578 -3.6898545106252039 -0.98146507501602154 -1.358607406616211 -2.2616410636901856
leaf_weight=5.9999999999999991 4.9999999999999982 4.9999999999999991 5 7.0000000000000018 8.9999999999999982 7.9999999999999991 8.0000000000000018 8.0000000000000018 7.9999999999999991 6 4.9999999999999991 7.0000000000000027 5.9999999999999982 5 4.9999999999999991 4.9999999999999991
leaf_count=6 5 5 5 7 9 8 8 8 8 6 5 7 6 5 5 5
internal_value=-0.184459 0.665828 -8.51728 0.0121941 -0.259133 0.308672 -0.32047 0.326518 1.16021 -0.296647 -0.646123 -1.13442 -1.67388 -2.45877 -0.387489 -1.33723
internal_weight=108 98 10 93 87 78 70 39 21 13 18 31 18 11 13 13
internal_count=108 98 10 93 87 78 70 39 21 13 18 31 18 11 13 13
is_linear=0
shrinkage=0.05


Tree=192
num_leaves=17
num_cat=0
split_feature=2 2 1 3 1 0 2 4 5 0 3 6 6 5 2 6
split_gain=276241 281135 140954 35838.1 87755.9 97522.9 13307.6 11416.4 26146.5 13974.8 8069.4 4509.25 6290.65 7222.01 2766.15 2506.47
threshold=0.75904576824017289 0.56505205340798936 62105.199800608134 1.5000000000000002 24205.677865591173 53055.999999999993 0.27702064154860279 2.4246638699485072 0.37358923902760793 27800.999999999996 5.5000000000000009 12.204789657770361 8.3629238554085266 0.47093532015918654 0.38140948671013492 9.8202207392153866
decision_type=2 2 2 2 2 2 2 2 2 2 2 2 2 2 2 2
left_child=1 3 -2 -1 5 6 7 10 9 -9 15 12 -8 -14 -13 -5
right_child=2 -3 -4 4 -6 -7 11 8 -10 -11 -12 14 13 -15 -16 -17
leaf_value=3.7491153717041019 -2.1552043914794927 12.182250251770022 -14.027619934082029 -0.72149596512317626 -4.9211012469397657 5.5229769229888923 -0.41844810928617165 1.2359285490853442 3.3512244015932087 -2.0525152842203775 1.0932131373882295 0.20848720073699956 -3.5053617159525561 -0.93239183902740475 -1.2906768798828123 -2.1485590171813964
leaf_weight=5.9999999999999991 4.9999999999999982 4.9999999999999991 5 8.0000000000000018 8.9999999999999982 7.9999999999999991 7.0000000000000062 7.0000000000000018 7.9999999999999991 6 4.9999999999999991 7.9999999999999982 5.9999999999999982 5 5 4.9999999999999991
leaf_count=6 5 5 5 8 9 8 7 7 8 6 5 8 6 5 5 5
internal_value=-0.175236 0.632537 -8.09141 0.0115844 -0.246176 0.293238 -0.304446 0.310192 1.1022 -0.281815 -0.613817 -1.0777 -1.59018 -2.33583 -0.368114 -1.27037
internal_weight=108 98 10 93 87 78 70 39 21 13 18 31 18 11 13 13
internal_count=108 98 10 93 87 78 70 39 21 13 18 31 18 11 13 13
is_linear=0
shrinkage=0.05


Tree=193
num_leaves=17
num_cat=0
split_feature=2 2 1 3 1 1 6 7 3 2 6 2 2 4 1 7
split_gain=249308 253725 127211 32343.8 79199.7 37647 11416.1 27999.9 24257.1 23652.7 18052.8 8841.38 9722.25 8563.73 8371.06 6442.93
threshold=0.75904576824017289 0.56505205340798936 62105.199800608134 1.5000000000000002 24205.677865591173 16516.706392829426 12.204789657770361 0.070310733269566925 3.5000000000000004 0.22093611501468283 8.3629238554085266 0.24878814255985207 0.28965910529666361 2.1234392662738975 5166.7437459527355 0.041624110544038653
decision_type=2 2 2 2 2 2 2 2 2 2 2 2 2 2 2 2
left_child=1 3 -2 -1 5 6 8 14 -5 -10 13 -12 -13 -11 15 -8
right_child=2 -3 -4 4 -6 -7 7 -9 9 10 11 12 -14 -15 -16 -17
leaf_value=3.5616593678792321 -2.0474440765380861 11.573136520385743 -13.326238861083983 -3.5771415074666346 -4.6750463008880621 3.3201000637478302 -0.68297415256500171 3.6963078628604613 3.0479626107215885 -0.72012134730815847 -3.4216737556457497 0.34533264977591388 -2.2899030412946426 1.9891844170434134 -1.3293810314602323 1.667028978892735
leaf_weight=5.9999999999999991 4.9999999999999982 4.9999999999999991 5 5.9999999999999991 8.9999999999999982 8.9999999999999982 5.0000000000000053 5.9999999999999991 4.9999999999999991 5.0000000000000018 5.0000000000000027 6.9999999999999982 7 7 8.9999999999999982 7
leaf_count=6 5 5 5 6 9 9 5 6 5 5 5 7 7 7 9 7
internal_value=-0.166475 0.60091 -7.68684 0.0110051 -0.233868 0.278576 -0.118144 0.683991 -0.633803 -0.143246 -0.657957 -1.61686 -0.972285 0.860307 -0.176671 0.687861
internal_weight=108 98 10 93 87 78 69 27 42 36 31 19 14 12 21 12
internal_count=108 98 10 93 87 78 69 27 42 36 31 19 14 12 21 12
is_linear=0
shrinkage=0.05


Tree=194
num_leaves=18
num_cat=0
split_feature=1 0 0 1 1 0 2 6 1 0 6 1 4 2 2 5 1
split_gain=271416 349953 28538.9 117675 67932.6 48091.8 25187.4 10944.2 16333.1 25276.7 9975.57 8625.65 16657.5 7205.28 6119.18 6111.17 4663.63
threshold=62105.199800608134 87502.499999999985 58162.500000000022 27797.939671950877 27797.939671950877 48227.499999999993 0.55662553940215431 12.204789657770361 7387.5125544820748 18132.499999999996 10.883215456439848 7387.5125544820748 2.1234392662738975 0.27447364996027118 0.28965910529666361 0.36316424738755676 12221.392818450666
decision_type=2 2 2 2 2 2 2 2 2 2 2 2 2 2 2 2 2
left_child=1 2 4 -4 5 6 7 10 9 14 11 12 -1 -13 15 -9 -15
right_child=-2 -3 3 -5 -6 -7 -8 8 -10 -11 -12 13 -14 16 -16 -17 -18
leaf_value=-1.6137076187133781 10.176603317260742 -13.665661430358888 -3.3682026672363286 7.0177954037984209 -6.0639809226989749 3.9024929668222157 -3.8602183532714847 -0.85040240287780655 2.6475933756147114 -2.3804645523428918 -2.3115523338317874 0.37475051681200644 2.0651766896247863 -2.9136353111267095 2.5279219675064089 1.6216754913330076 -0.91428599017006995
leaf_weight=5.0000000000000027 5.9999999999999991 4.9999999999999991 4.9999999999999982 6 4.9999999999999991 6.9999999999999991 4.9999999999999991 5.0000000000000053 6.9999999999999991 7.9999999999999991 7.9999999999999991 6.0000000000000027 7.9999999999999991 4.9999999999999982 4.9999999999999991 5 7
leaf_count=5 6 5 5 6 5 7 5 5 7 8 8 6 8 5 5 5 7
internal_value=-0.158151 -0.766077 -0.10115 2.29689 -0.407876 -0.0587339 -0.433445 -0.185128 0.532847 -0.110771 -0.737416 -0.331187 0.650221 -1.03998 1.09973 0.385637 -1.74735
internal_weight=108 102 97 11 86 81 74 69 30 23 39 31 13 18 15 10 12
internal_count=108 102 97 11 86 81 74 69 30 23 39 31 13 18 15 10 12
is_linear=0
shrinkage=0.05


Tree=195
num_leaves=17
num_cat=0
split_feature=1 1 4 1 2 5 2 1 0 4 0 7 4 0 1 0
split_gain=226667 218417 37126.1 72770.3 94125.7 111639 27659.7 13859.1 13200.1 16857.6 8241.69 21828.6 12906.2 8104.14 13182.6 3780.03
threshold=62105.199800608134 33902.646891508019 3.1962238028246612 16516.706392829426 0.32534461537208209 0.39559492442219535 0.50562705853824974 13301.812676166339 45841.500000000007 2.6969315988360472 29848.500000000004 0.16161402610131517 2.5450332819636068 21486.000000000011 4405.9086795478224 19519.500000000011
decision_type=2 2 2 2 2 2 2 2 2 2 2 2 2 2 2 2
left_child=1 2 3 6 -5 -6 7 8 9 10 12 -12 13 14 -1 -11
right_child=-2 -3 -4 4 5 -7 -8 -9 -10 15 11 -13 -14 -15 -16 -17
leaf_value=-0.13449420928955066 9.6677715301513683 -8.8555272511073522 -2.7542275693681506 9.3125724029540944 5.9699241399765022 -3.6754117329915363 -3.6881422805786133 -2.3503226232528687 2.6138062834739686 -0.73587688446044941 3.3001564309000977 -0.5231134696730545 -1.7935840402330674 -0.53175805211067206 3.1799481391906737 -2.6801067543029782
leaf_weight=6.0000000000000053 5.9999999999999991 6.9999999999999991 8.9999999999999982 5.0000000000000027 5.9999999999999982 6 4.9999999999999991 4.9999999999999991 5.9999999999999991 4.9999999999999982 7.9999999999999982 7 6.9999999999999991 7.9999999999999991 6 5
leaf_count=6 6 7 9 5 6 6 5 5 6 5 8 7 7 8 6 5
internal_value=0.22592 -0.334982 0.299527 0.622865 3.54882 1.14726 -0.108623 0.175466 0.393206 0.136983 0.576263 1.51596 0.0542063 0.700933 1.52273 -1.70799
internal_weight=107 101 94 85 17 12 68 63 58 52 42 15 27 20 12 10
internal_count=107 101 94 85 17 12 68 63 58 52 42 15 27 20 12 10
is_linear=0
shrinkage=0.05


Tree=196
num_leaves=18
num_cat=0
split_feature=1 1 2 1 0 1 7 1 5 4 2 7 5 7 7 2 0
split_gain=204567 197121 34285.9 133142 112057 51483.3 23578.8 19979.4 23894.1 18883.9 17136.9 11157.7 8745.98 8040.06 6941.44 5049.46 4606.45
threshold=62105.199800608134 33902.646891508019 0.30882258029930471 16516.706392829426 54773.500000000007 17549.64770584663 0.16161402610131517 7387.5125544820748 0.40121061746896597 2.7535771856059377 0.50562705853824974 0.11928437684421113 0.36316424738755676 0.18776678944947769 0.038704089731232433 0.3433574889033712 21486.000000000011
decision_type=2 2 2 2 2 2 2 2 2 2 2 2 2 2 2 2 2
left_child=1 2 3 6 5 10 7 8 12 -9 15 -10 14 -8 -1 -4 -17
right_child=-2 -3 4 -5 -6 -7 13 9 11 -11 -12 -13 -14 -15 -16 16 -18
leaf_value=-1.1987718534469589 9.1843831380208325 -8.4127513340541302 -0.86580104430516414 8.8469439506530758 -6.5970606803894043 5.0600479507446288 -3.1124007320404057 5.0192688369750984 3.8350806617736826 0.67371030807495114 -2.5970253808157788 0.63697648048400879 -2.0994611233472824 -0.55651594642549751 1.4358897686004637 2.0698038101196294 0.082748703445707047
leaf_weight=5.0000000000000053 5.9999999999999991 6.9999999999999991 6.0000000000000098 4.9999999999999991 6.9999999999999991 4.9999999999999991 4.9999999999999991 4.9999999999999982 4.9999999999999982 5 6.9999999999999991 6 7.9999999999999991 7.9999999999999991 5 4.9999999999999982 7
leaf_count=5 6 7 6 5 7 5 5 5 5 5 7 6 8 8 5 5 7
internal_value=0.214624 -0.318233 0.28455 1.05391 -0.900673 0.428484 0.304576 0.919284 0.25473 2.84649 -0.497829 2.09066 -0.867228 -1.53955 0.118559 0.318525 0.910688
internal_weight=107 101 94 57 37 30 52 39 29 10 25 11 18 13 10 18 12
internal_count=107 101 94 57 37 30 52 39 29 10 25 11 18 13 10 18 12
is_linear=0
shrinkage=0.05


Tree=197
num_leaves=17
num_cat=0
split_feature=1 1 4 1 5 4 1 0 4 6 0 6 1 1 3 0
split_gain=184622 177902 31365 62500.4 69548.5 53636.8 17293.6 14023.6 14812.9 17464.2 11924.6 16832.6 8009.66 11811.7 8196.51 7973.62
threshold=62105.199800608134 33902.646891508019 3.1962238028246612 16516.706392829426 0.41781195714099434 2.7535771856059377 13301.812676166339 45841.500000000007 2.6969315988360472 14.53419826291236 29586.000000000004 9.4306243500006861 6411.94674379548 1926.3337192909112 4.5000000000000009 18132.499999999996
decision_type=2 2 2 2 2 2 2 2 2 2 2 2 2 2 2 2
left_child=1 2 3 6 5 -5 7 8 10 -10 12 -12 13 -1 -14 -15
right_child=-2 -3 -4 4 -6 -7 -8 -9 9 -11 11 -13 14 15 -16 -17
leaf_value=-1.6641475200653053 8.7251647949218754 -7.9921130452837268 -2.5365119430753924 -1.6103803566523955 8.2336026000976563 5.1700617218017575 -2.4642163804599218 2.4550204356511434 -3.9142133140563971 0.086893184979756677 -0.43041014756475182 2.8387469410896302 -2.599863243103028 2.3176581518990655 0.14120670318603512 -0.29663566112518308
leaf_weight=5.0000000000000062 5.9999999999999991 6.9999999999999991 8.9999999999999982 7.0000000000000018 4.9999999999999991 5 6.9999999999999991 5.9999999999999991 4.9999999999999982 6 6.9999999999999991 8.9999999999999982 5.9999999999999982 6.9999999999999982 5 5
leaf_count=5 6 7 9 7 5 5 7 6 5 6 7 9 6 7 5 5
internal_value=0.203893 -0.302321 0.270323 0.567517 3.27916 1.2148 -0.110393 0.159718 -0.0906784 -1.73179 0.3196 1.40849 -0.302623 0.377629 -1.35392 1.22837
internal_weight=107 101 94 85 17 12 68 61 55 11 44 16 28 17 11 12
internal_count=107 101 94 85 17 12 68 61 55 11 44 16 28 17 11 12
is_linear=0
shrinkage=0.05


Tree=198
num_leaves=17
num_cat=0
split_feature=6 4 6 0 1 2 2 2 3 0 0 4 1 6 6 1
split_gain=182468 1.02535e+06 739245 57972.6 54488.9 202497 16038 15731.5 43830.1 12988.1 13729 8522.09 6135.99 6461.01 3581.04 3176.76
threshold=10.191971975417099 2.6272356579924998 10.737411773725453 70868.500000000015 16516.706392829426 0.52592071588983369 0.55662553940215431 0.35245113372703452 1.5000000000000002 33369.000000000007 27800.999999999996 2.4709768464156912 7387.5125544820748 8.3629238554085266 15.008018257059971 9024.029416178264
decision_type=2 2 2 2 2 2 2 2 2 2 2 2 2 2 2 2
left_child=1 4 -2 6 12 -6 7 8 -4 10 11 -10 -1 15 -13 -14
right_child=2 -3 3 -5 5 -7 -8 -9 9 -11 -12 14 13 -15 -16 -17
leaf_value=0.36001356972588422 16.120618514576929 -23.593979511260986 -4.098327140808105 -5.2797465181350711 10.869203491210939 -2.7551309585571286 -2.3195439147949219 2.8435891151428225 2.7624231529235801 2.5450012524922689 -1.7535791039466859 1.3831450033187869 -1.5871285855770101 -2.5820413947105409 -0.3226077124476433 0.019456591829657557
leaf_weight=9.0000000000000018 7.9999999999999991 4.9999999999999991 4.9999999999999991 4.9999999999999991 4.9999999999999982 6 4.9999999999999991 6.9999999999999991 5.0000000000000062 8.9999999999999982 5.9999999999999991 4.9999999999999991 5.0000000000000027 5.9999999999999991 7.9999999999999991 7.9999999999999991
leaf_count=9 8 5 5 5 5 6 5 7 5 9 6 5 5 6 8 8
internal_value=0.193698 -2.27697 1.91925 -0.146408 0.455977 3.43775 0.366926 0.665422 0.264181 0.925167 0.317729 1.00817 -0.715433 -1.22485 0.333451 -0.598461
internal_weight=107 44 63 55 39 11 50 45 38 33 24 18 28 19 13 13
internal_count=107 44 63 55 39 11 50 45 38 33 24 18 28 19 13 13
is_linear=0
shrinkage=0.05


Tree=199
num_leaves=19
num_cat=0
split_feature=1 0 1 0 2 0 4 6 6 6 2 2 6 2 6 2 1 1
split_gain=167607 150521 34695.3 74053.5 24248.2 85541.8 27398.2 45128.3 24334 8968.25 14272.5 21715.8 18091.1 7772.5 12646.6 8226.88 2546.71 987.889
threshold=62105.199800608134 87502.499999999985 31062.671928726599 62016 0.38140948671013492 50610.999999999993 2.5278384386296175 6.8722645661915465 10.485838715812053 13.043294761977926 0.15663603931434891 0.22605089977735515 14.53419826291236 0.23674119032890859 11.029932159873381 0.2079265850607315 7607.5887173799301 11399.273390776547
decision_type=2 2 2 2 2 2 2 2 2 2 2 2 2 2 2 2 2 2
left_child=1 2 3 4 5 9 7 -6 -9 13 -11 -12 -13 15 16 -1 -15 -18
right_child=-2 -3 -4 -5 6 -7 -8 8 -10 10 11 12 -14 14 -16 -17 17 -19
leaf_value=-0.081928336620330833 8.3031312306722 -7.9789029215772942 4.2407398223876953 -5.4048712412516275 1.2663767712811616 7.1216141128540045 1.800164779027303 -6.6851318645477313 -1.75217679977417 -1.3789318466186513 3.8530145917619962 -1.9605714344978331 1.8733635783195497 0.56021548748016281 2.5054249858856203 -2.8280720520019527 -1.2332747777303064 -0.2816628742218017
leaf_weight=5.9999999999999982 5.9999999999999991 5.9999999999999991 4.9999999999999991 5.9999999999999991 6.0000000000000062 4.9999999999999991 5.9999999999999991 4.9999999999999982 5 5.0000000000000027 7.0000000000000027 4.9999999999999991 7.9999999999999991 5.0000000000000062 4.9999999999999991 5 5.9999999999999982 5
leaf_count=6 6 6 5 6 6 5 6 5 5 5 7 5 8 5 5 5 6 5
internal_value=0.184013 -0.298311 0.186779 -0.0384405 0.344876 0.850917 -1.08124 -2.16177 -4.21865 0.300856 1.01042 1.60776 0.398773 -0.25349 0.310488 -1.33018 -0.37543 -0.800724
internal_weight=107 101 95 90 84 62 22 16 10 57 25 20 13 32 21 11 16 11
internal_count=107 101 95 90 84 62 22 16 10 57 25 20 13 32 21 11 16 11
is_linear=0
shrinkage=0.05


Tree=200
num_leaves=17
num_cat=0
split_feature=1 0 2 2 0 7 0 2 2 4 0 6 2 3 1 4
split_gain=280002 218905 15541.4 48237.9 55745.7 25300.8 36986.1 24579 24406.8 14571.5 12664.7 9587.03 17100.6 9038.14 8553.62 8984.12
threshold=62105.199800608134 77954.999999999985 0.24878814255985207 0.30882258029930471 37401.000000000015 0.067318377819845662 54773.500000000007 0.22605089977735515 0.18761642588800242 2.5450332819636068 19519.500000000011 12.204789657770361 0.56505205340798936 3.5000000000000004 13956.18840917876 2.2516050081241255
decision_type=2 2 2 2 2 2 2 2 2 2 2 2 2 2 2 2
left_child=1 2 7 4 13 -5 11 8 9 -1 -11 12 14 -4 15 -7
right_child=-2 -3 3 5 -6 6 -8 -9 -10 10 -12 -13 -14 -15 -16 -17
leaf_value=0.74501254558563157 11.483474426269531 -9.1684395040784565 -0.72654367474218162 2.8092848014831544 6.479115422566732 0.74445370833078905 -4.2528126444135399 -3.119060537550185 2.7046468257904053 -0.44999947547912611 -4.0087552452087394 1.403651169368199 -3.0045245329538983 1.7787480566236711 1.8378210777044295 -1.991741951306661
leaf_weight=7.0000000000000062 4.9999999999999991 6.9999999999999991 6.0000000000000027 4.9999999999999991 5.9999999999999991 6.0000000000000089 6.9999999999999991 8.9999999999999982 5.9999999999999991 4.9999999999999982 5 6.9999999999999991 5.9999999999999991 8.9999999999999982 4.9999999999999991 6
leaf_count=7 5 7 6 5 6 6 7 9 6 5 5 7 6 9 5 6
internal_value=-0.0689661 -0.635262 -0.00650173 0.449281 2.40591 -0.529035 -0.98016 -0.903823 -0.0369915 -1.00463 -2.22938 -0.21654 -0.709642 0.776631 0.100316 -0.623644
internal_weight=107 102 95 63 21 42 37 32 23 17 10 30 23 15 17 12
internal_count=107 102 95 63 21 42 37 32 23 17 10 30 23 15 17 12
is_linear=0
shrinkage=0.05


Tree=201
num_leaves=18
num_cat=0
split_feature=4 5 0 2 1 0 4 0 5 1 4 0 4 0 4 0 4
split_gain=254742 934635 469203 134315 91318.9 82049.2 69347.9 29323.9 13425.1 10706.4 10130.2 10635.2 17732.5 5118.21 3567.94 2200.77 1362.53
threshold=3.0121539584389425 0.34079229426713314 62016 0.52592071588983369 39566.250451175925 54773.500000000007 2.5278384386296175 46235.500000000007 0.36427410282794453 1926.3337192909112 2.5967981128142408 20369.499999999996 2.2516050081241255 23817.000000000018 2.2221563262003503 30461.999999999993 1.9905416946811754
decision_type=2 2 2 2 2 2 2 2 2 2 2 2 2 2 2 2 2
left_child=1 -1 9 5 -5 7 -7 8 -3 -2 11 12 -10 -13 16 -16 -15
right_child=2 3 -4 4 -6 6 -8 -9 10 -11 -12 13 -14 14 15 -17 -18
leaf_value=21.941466083526613 1.7815839409828191 -2.216817216873169 -18.613495635986329 -1.4074232737223307 -9.3708335002263379 8.9318025588989283 0.95879015922546373 -3.4277293999989831 3.6931172752380377 -1.4904732513427732 2.0195169197188485 -1.8062586975097645 -0.20550531659807475 -0.055667016903559345 1.3897018742561345 -0.030641905466715493 -1.0824788417134965
leaf_weight=4.9999999999999991 4.9999999999999982 4.9999999999999991 4.9999999999999991 8.9999999999999982 5.9999999999999991 4.9999999999999982 6 5.9999999999999991 4.9999999999999982 5 8.9999999999999982 5.0000000000000027 7 6.0000000000000018 4.9999999999999982 6 7
leaf_count=5 5 5 5 9 6 5 6 6 5 5 9 5 7 6 5 6 7
internal_value=-0.0655178 0.919582 -6.10746 -0.288572 -4.59279 0.608139 4.58289 -0.108619 0.253466 0.145555 0.500494 0.16705 1.41892 -0.350965 -0.047779 0.614969 -0.608566
internal_weight=107 92 15 87 15 72 11 61 55 10 50 41 12 29 24 11 13
internal_count=107 92 15 87 15 72 11 61 55 10 50 41 12 29 24 11 13
is_linear=0
shrinkage=0.05


Tree=202
num_leaves=18
num_cat=0
split_feature=1 0 2 2 0 7 0 2 2 4 2 6 2 2 1 4 4
split_gain=264090 198704 15021.3 43750.6 52423.5 22802.6 30170.7 20766 22309.1 13942.4 11204.8 9747.57 15425.1 7424.93 6471.67 7696.23 2579.97
threshold=62105.199800608134 77954.999999999985 0.24878814255985207 0.30882258029930471 37401.000000000015 0.067318377819845662 54773.500000000007 0.22605089977735515 0.18761642588800242 2.5450332819636068 0.16155975403500911 12.204789657770361 0.56505205340798936 0.27447364996027118 13956.18840917876 2.2516050081241255 2.5967981128142408
decision_type=2 2 2 2 2 2 2 2 2 2 2 2 2 2 2 2 2
left_child=1 2 7 4 13 -5 11 8 9 -1 -11 12 14 -4 15 -7 -15
right_child=-2 -3 3 5 -6 6 -8 -9 -10 10 -12 -13 -14 16 -16 -17 -18
leaf_value=0.68775540419987202 11.157144622802734 -8.7421290942600791 -0.8548655509948726 2.6724506187438966 6.2482947349548343 0.67320497632026566 -3.8808404764958788 -2.9315164724985761 2.5225939114888511 -0.54804587364196788 -3.8953962612152093 1.3983360426766533 -2.9121395746866865 2.3080582809448247 1.5480090379714966 -1.8592890501022337 0.70182869195938102
leaf_weight=7.0000000000000062 4.9999999999999991 6.9999999999999991 5.0000000000000027 4.9999999999999991 5.9999999999999991 6.0000000000000089 6.9999999999999991 8.9999999999999982 5.9999999999999991 4.9999999999999982 5 6.9999999999999991 5.9999999999999991 4.9999999999999982 4.9999999999999991 6 5
leaf_count=7 5 7 5 5 6 6 7 9 6 5 5 7 6 5 5 6 5
internal_value=-0.0622419 -0.612212 -0.0131653 0.434925 2.29833 -0.496776 -0.925049 -0.895344 -0.0985808 -1.0237 -2.22172 -0.235365 -0.732578 0.71834 0.0366789 -0.593042 1.50494
internal_weight=107 102 95 63 21 42 37 32 23 17 10 30 23 15 17 12 10
internal_count=107 102 95 63 21 42 37 32 23 17 10 30 23 15 17 12 10
is_linear=0
shrinkage=0.05


Tree=203
num_leaves=19
num_cat=0
split_feature=1 4 0 0 1 1 0 5 4 6 2 0 0 2 2 1 1 1
split_gain=238341 180491 553995 82142.2 43169.1 32610.5 21809.5 25881.7 21478.5 13130.3 8544.65 12779.3 14319.1 14466.1 13807.8 10300.5 5571.14 3333.49
threshold=62105.199800608134 2.934351799697287 62016 58162.500000000022 22348.395371591363 16516.706392829426 39777.5 0.39559492442219535 2.5278384386296175 15.008018257059971 0.50562705853824974 20969.499999999993 29848.500000000004 0.2566042183329999 0.27447364996027118 4405.9086795478224 8017.8764203639594 5166.7437459527355
decision_type=2 2 2 2 2 2 2 2 2 2 2 2 2 2 2 2 2 2
left_child=1 3 9 4 5 6 10 -8 -5 -3 11 15 14 -14 -13 -1 -16 -17
right_child=-2 2 -4 8 -6 -7 7 -9 -10 -11 -12 12 13 -15 16 17 -18 -19
leaf_value=0.1388119518756866 10.599289550781251 2.3247969055175766 -19.269250030517579 6.7248589181900034 -4.3068546295166019 4.0048653411865232 -4.8741182708740247 0.21328404426574707 2.434150287083217 -0.94144975543022158 -1.7397287368774415 -3.429518375396726 2.5272337198257451 -0.81850620905558269 0.96869673252105726 3.4587890625000011 -1.3916296696662902 1.6330034637451172
leaf_weight=8.0000000000000018 4.9999999999999991 5.0000000000000027 4.9999999999999991 4.9999999999999982 5.9999999999999991 4.9999999999999991 4.9999999999999982 5 7 7.9999999999999991 4.9999999999999991 5.0000000000000027 6.9999999999999982 6 4.9999999999999982 4.9999999999999982 5 5
leaf_count=8 5 5 5 5 6 5 5 5 7 8 5 5 7 6 5 5 5 5
internal_value=-0.0591298 -0.581601 -5.12521 0.39203 -0.246289 0.122853 -0.195344 -2.33042 4.22195 0.314799 0.223297 0.43667 -0.231523 0.983046 -1.28415 1.47608 -0.211466 2.5459
internal_weight=107 102 18 84 72 66 61 10 12 13 51 46 28 13 15 18 10 10
internal_count=107 102 18 84 72 66 61 10 12 13 51 46 28 13 15 18 10 10
is_linear=0
shrinkage=0.05


Tree=204
num_leaves=18
num_cat=0
split_feature=4 5 0 2 6 0 4 0 5 0 0 2 5 4 6 3 4
split_gain=211587 852830 390964 126825 76066.8 74292.6 62704.6 25343.5 42290.1 7398.28 10738.4 11931.7 6656.78 5554.84 3689.64 3774.75 3042.8
threshold=3.0121539584389425 0.34079229426713314 62016 0.52592071588983369 8.8564046125742681 54773.500000000007 2.5278384386296175 39777.5 0.39292474761446045 20969.499999999993 33369.000000000007 0.23674119032890859 0.4500170190692121 2.6969315988360472 9.8202207392153866 4.5000000000000009 3.2626666860657543
decision_type=2 2 2 2 2 2 2 2 2 2 2 2 2 2 2 2 2
left_child=1 -1 16 5 -5 7 -7 9 -9 12 11 -11 13 -3 -13 -16 -2
right_child=2 3 -4 4 -6 6 -8 8 -10 10 -12 14 -14 -15 15 -17 -18
leaf_value=20.922455101013185 -0.72686841011047376 -0.29970080852508535 -16.97844711303711 -8.3013584409441261 -1.1643026068806648 8.4764634704589863 0.89496108690897624 -5.6946333694458025 0.32604897533144267 -2.5465354283650687 1.6069857324872698 -0.83345944200243227 2.5308045705159508 1.8247540378570557 1.6346861791610721 -0.30818514585494994 1.0174925422668455
leaf_weight=4.9999999999999991 4.9999999999999982 8.0000000000000018 4.9999999999999991 6.9999999999999991 7.9999999999999991 4.9999999999999982 6 4.9999999999999982 7 6.0000000000000062 6.9999999999999991 7.0000000000000027 5.9999999999999991 4.9999999999999991 4.9999999999999982 5 5
leaf_count=5 5 8 5 7 8 5 6 5 7 6 7 7 6 5 5 5 5
internal_value=-0.0561733 0.841615 -5.56261 -0.312456 -4.49493 0.558892 4.3411 -0.123145 -2.18257 0.381203 -0.107734 -0.629605 1.15321 0.517397 0.0469582 0.663251 0.145312
internal_weight=107 92 15 87 15 72 11 61 12 49 30 23 19 13 17 10 10
internal_count=107 92 15 87 15 72 11 61 12 49 30 23 19 13 17 10 10
is_linear=0
shrinkage=0.05


Tree=205
num_leaves=20
num_cat=0
split_feature=2 1 1 4 1 2 3 2 1 4 4 1 4 1 2 4 6 2 1
split_gain=188971 316666 310710 27711.9 61646.5 85885.4 25815.2 8170.91 12064.3 8312.1 26108.1 16600.7 9105.4 4715.08 4624.87 3676.89 2330.94 2094.24 665.438
threshold=0.75904576824017289 62105.199800608134 33902.646891508019 3.1962238028246612 16516.706392829426 0.32534461537208209 3.5000000000000004 0.23674119032890859 5657.3230438461069 2.5278384386296175 2.6969315988360472 6093.7564319131534 2.3934212238621493 13956.18840917876 0.27702064154860279 2.5450332819636068 8.0258522432096608 0.43149840856083482 9833.536278827658
decision_type=2 2 2 2 2 2 2 2 2 2 2 2 2 2 2 2 2 2 2
left_child=2 -2 3 4 7 -6 -7 9 -9 12 -11 -12 -1 14 16 17 -10 18 -16
right_child=1 -3 -4 -5 5 6 -8 8 13 10 11 -13 -14 -15 15 -17 -18 -19 -20
leaf_value=-1.5688192558288567 1.5110795974731448 -15.52643157958984 10.830007280622212 -2.9067451193928719 8.430793914794922 2.9453891754150394 -2.1354755401611327 1.5880940410825941 -0.56677984237670864 -4.8711089181900027 -2.4832559585571294 1.5911375808715817 1.4486967968940734 0.96620570421218877 -1.5170441627502433 -2.1559486031532287 0.95996144294738761 0.14409568786621094 -0.70130032300949097
leaf_weight=5.0000000000000018 5.9999999999999982 5 6.9999999999999991 7.9999999999999991 4.9999999999999991 4.9999999999999982 5 8.9999999999999982 5.0000000000000018 4.9999999999999991 4.9999999999999982 5 5 4.9999999999999991 5.0000000000000018 5.9999999999999991 5 4.9999999999999991 5
leaf_count=5 6 5 7 8 5 5 5 9 5 5 5 5 5 5 5 6 5 5 5
internal_value=-0.0129726 -6.23324 0.671257 -0.0933798 0.171407 3.08024 0.404957 -0.451913 -0.0492701 -1.17667 -1.92108 -0.446059 -0.0600612 -0.458611 -0.68842 -1.10985 0.196591 -0.691416 -1.10917
internal_weight=111 11 100 93 85 15 10 70 45 25 15 10 10 36 31 21 10 15 10
internal_count=111 11 100 93 85 15 10 70 45 25 15 10 10 36 31 21 10 15 10
is_linear=0
shrinkage=0.05


Tree=206
num_leaves=19
num_cat=0
split_feature=2 0 1 1 0 0 1 1 5 5 3 7 6 0 0 1 1 1
split_gain=170546 329800 285791 56775.1 79566.3 25401.7 7097.21 30659.2 13822.8 18520.3 5303.36 4738.56 3568.14 3187.99 6494.48 1168.7 1241.73 821.725
threshold=0.75904576824017289 87502.499999999985 62105.199800608134 27797.939671950877 62016 48227.499999999993 5166.7437459527355 4405.9086795478224 0.38063547960389132 0.35114664584695249 3.5000000000000004 0.046060019652292908 13.043294761977926 20369.499999999996 24627.000000000004 13956.18840917876 7607.5887173799301 9833.536278827658
decision_type=2 2 2 2 2 2 2 2 2 2 2 2 2 2 2 2 2 2
left_child=1 3 -2 4 5 6 7 10 9 -8 11 -1 13 -10 -15 16 -16 -18
right_child=2 -3 -4 -5 -6 -7 8 -9 12 -11 -12 -13 -14 14 15 -17 17 -19
leaf_value=-0.83545395247638155 1.4355256875356042 12.003065554300946 -14.750109863281248 3.9411691427230835 -6.5838273620605463 2.5900179654359818 -0.030106353759765631 3.8127813577651981 0.7119538688659669 -4.1504133641719809 -1.9969070243835452 1.1267073440551758 0.97647886276245122 -2.1200734774271637 0.1773418670892713 0.3270118236541748 -1.2500676155090336 -0.41082044414111546
leaf_weight=8.0000000000000053 5.9999999999999982 5.9999999999999991 5 7.9999999999999991 4.9999999999999991 7.9999999999999991 4.9999999999999982 4.9999999999999991 4.9999999999999991 6 4.9999999999999991 4.9999999999999991 4.9999999999999991 6.0000000000000027 5.0000000000000062 5.9999999999999991 4.9999999999999982 7
leaf_count=8 6 6 5 8 5 8 5 5 5 6 5 5 5 6 5 6 5 7
internal_value=-0.0123239 0.637694 -5.92158 -0.0877548 -0.462538 -0.0846811 -0.377799 0.349099 -0.712172 -2.27755 -0.613035 -0.0807765 -0.270656 -0.454058 -0.655095 -0.272926 -0.484669 -0.760507
internal_weight=111 100 11 94 86 81 73 23 50 11 18 13 39 34 29 23 17 12
internal_count=111 100 11 94 86 81 73 23 50 11 18 13 39 34 29 23 17 12
is_linear=0
shrinkage=0.05


Tree=207
num_leaves=18
num_cat=0
split_feature=2 0 1 1 0 0 1 1 5 5 2 1 2 2 0 5 0
split_gain=153918 297644 257926 51239.5 71808.6 22925 6405.23 27670 12475 16714.6 4810.08 8442.69 3355.92 5397.49 6686.86 7042.62 2983.24
threshold=0.75904576824017289 87502.499999999985 62105.199800608134 27797.939671950877 62016 48227.499999999993 5166.7437459527355 4405.9086795478224 0.38063547960389132 0.35114664584695249 0.2566042183329999 1926.3337192909112 0.50562705853824974 0.43149840856083482 23817.000000000018 0.41243257855243948 33369.000000000007
decision_type=2 2 2 2 2 2 2 2 2 2 2 2 2 2 2 2 2
left_child=1 3 -2 4 5 6 7 10 9 -8 11 -1 13 14 -10 -16 -17
right_child=2 -3 -4 -5 -6 -7 8 -9 12 -11 -12 -13 -14 -15 15 16 -18
leaf_value=-1.0828287005424491 1.3637493133544925 11.402911440531414 -14.012604370117186 3.7441106319427493 -6.254636154174805 2.4605171322822574 -0.028601055145263676 3.6221423268318178 -1.5709615707397455 -3.9428926904996233 -1.9003260444104673 1.536272087097168 -1.4666018104553222 1.4379335737228394 1.4226913869380944 0.024332559771007962 -1.4989197635650635
leaf_weight=8.0000000000000053 5.9999999999999982 5.9999999999999991 5 7.9999999999999991 4.9999999999999991 7.9999999999999991 4.9999999999999982 4.9999999999999991 8.0000000000000018 6 4.9999999999999991 4.9999999999999991 4.9999999999999991 4.9999999999999991 7.0000000000000027 8.9999999999999982 4.9999999999999991
leaf_count=8 6 6 5 8 5 8 5 5 8 6 5 5 5 5 7 9 5
internal_value=-0.0117078 0.60581 -5.6255 -0.0833671 -0.439412 -0.0804471 -0.358909 0.331644 -0.676563 -2.16367 -0.582383 -0.0754822 -0.257123 -0.0792586 -0.340843 0.127773 -0.519686
internal_weight=111 100 11 94 86 81 73 23 50 11 18 13 39 34 29 21 14
internal_count=111 100 11 94 86 81 73 23 50 11 18 13 39 34 29 21 14
is_linear=0
shrinkage=0.05


Tree=208
num_leaves=18
num_cat=0
split_feature=1 0 0 1 0 6 6 6 0 0 6 4 2 0 6 4 2
split_gain=170877 196258 41952.9 89513.9 17865.3 10060.9 17944.1 16333.9 12877.4 5788.56 5690.93 7574.36 4851.7 4358.78 2708.04 1852.63 1214.15
threshold=62105.199800608134 87502.499999999985 54773.500000000007 27797.939671950877 46235.500000000007 12.204789657770361 10.883215456439848 14.205942578101139 29586.000000000004 18132.499999999996 7.6931119805369192 2.3193823819540831 0.16744804518791417 50610.999999999993 9.4306243500006861 2.7451911326668745 0.45754712422382926
decision_type=2 2 2 2 2 2 2 2 2 2 2 2 2 2 2 2 2
left_child=1 2 4 -4 5 6 9 8 -7 -1 16 14 -9 -6 -12 -14 -11
right_child=-2 -3 3 -5 13 7 -8 12 -10 10 11 -13 15 -15 -16 -17 -18
leaf_value=-1.5173463980356852 8.1955841064453132 -10.147355308532717 -0.92088952064514185 7.1581284840901693 -3.3819610595703136 3.1471293747425086 -2.6187518914540608 -1.5731110572814933 -0.087504010200500471 -1.0541517257690427 -0.85414486885070817 2.2157870372136435 -0.60923892974853522 -1.3830751021703085 0.79146723151206955 0.6176537498831749 -0.03400360584259033
leaf_weight=5.9999999999999991 5.9999999999999991 4.9999999999999991 7.9999999999999982 6 4.9999999999999982 7.9999999999999982 8.9999999999999982 6.0000000000000027 5 7.0000000000000018 4.9999999999999982 5.9999999999999991 4.9999999999999991 6 5 7.9999999999999991 5
leaf_count=6 6 5 8 6 5 8 9 6 5 7 5 6 5 6 5 8 5
internal_value=-0.0111223 -0.480077 0.00328691 2.54155 -0.409918 -0.133929 -0.633502 0.537371 1.90304 -0.107995 0.194009 0.811333 -0.397033 -2.29166 -0.0313388 0.145772 -0.62909
internal_weight=111 105 100 14 86 75 43 32 13 34 28 16 19 11 10 13 12
internal_count=111 105 100 14 86 75 43 32 13 34 28 16 19 11 10 13 12
is_linear=0
shrinkage=0.05


Tree=209
num_leaves=18
num_cat=0
split_feature=1 2 2 2 2 1 1 1 4 2 3 5 7 5 4 7 4
split_gain=154216 117413 229896 80630.8 34969.6 124974 66966 9270.13 15778.7 8684.12 5328.57 7455.58 5923.07 3327.75 3290.44 4649.49 2493.69
threshold=62105.199800608134 0.56505205340798936 0.75904576824017289 0.51592895015361084 0.30882258029930471 16516.706392829426 18300.224719541544 8587.5259268539885 2.7535771856059377 0.28437702154139949 4.5000000000000009 0.38063547960389132 0.14610001537467651 0.33597815644353413 2.535545779047951 0.20086655430696435 2.2516050081241255
decision_type=2 2 2 2 2 2 2 2 2 2 2 2 2 2 2 2 2
left_child=1 3 -3 4 5 7 14 9 -9 10 11 13 -12 -1 15 16 -6
right_child=-2 2 -4 -5 6 -7 -8 8 -10 -11 12 -13 -14 -15 -16 -17 -18
leaf_value=0.39961169106619659 7.7858050028483081 -13.261996994018558 1.2548272132873535 5.2784712382725312 0.14689865827560397 7.9779721450805674 -5.9633004324776788 -2.8316664695739751 0.74886601448059076 2.0328066432476044 -2.385495808124543 1.4514186263084412 0.048239459991455069 -1.0539562582969666 -1.2821784155709404 1.117912793159485 -1.4322426033020017
leaf_weight=7.0000000000000062 5.9999999999999991 4.9999999999999982 6 6.9999999999999991 5.0000000000000089 4.9999999999999991 6.9999999999999991 7.9999999999999982 5 4.9999999999999991 4.9999999999999982 7.9999999999999991 5 8.9999999999999982 6.9999999999999991 5.9999999999999991 5
leaf_count=7 6 5 6 7 5 5 7 8 5 5 5 8 5 9 7 6 5
internal_value=-0.0105662 -0.456073 -5.34373 0.115887 -0.299494 0.427748 -1.68125 -0.298235 -1.45454 0.0871994 -0.198919 0.205126 -1.16863 -0.41802 -0.378021 0.0175473 -0.642672
internal_weight=111 105 11 94 87 57 30 52 13 39 34 24 10 16 23 16 10
internal_count=111 105 11 94 87 57 30 52 13 39 34 24 10 16 23 16 10
is_linear=0
shrinkage=0.05


Tree=210
num_leaves=20
num_cat=0
split_feature=6 5 0 4 4 0 1 4 1 0 0 5 4 7 1 7 6 4 0
split_gain=159275 822292 632139 55894.7 71731.3 59585.6 28254.8 81255.1 20657.3 18293.4 13825.5 12657.9 5897.7 4253.2 8975.04 5293.35 1653.8 1380.28 2225.72
threshold=9.8202207392153866 0.36427410282794453 77954.999999999985 2.2723896376949191 2.3934212238621493 43685.500000000007 16516.706392829426 2.8480664780767246 10621.309512456515 39777.5 29848.500000000004 0.30656309121883385 2.934351799697287 0.11014458600331878 5746.7049674573136 0.05467668294401349 7.6931119805369192 1.8581763196093466 31244.499999999993
decision_type=2 2 2 2 2 2 2 2 2 2 2 2 2 2 2 2 2 2 2
left_child=1 -1 6 5 -5 17 8 -8 9 10 11 -2 13 14 15 -13 -6 -3 -19
right_child=2 3 -4 4 16 -7 7 -9 -10 -11 -12 12 -14 -15 -16 -17 -18 18 -20
leaf_value=-21.690762252807616 2.2222939682006837 0.4401069879531857 16.751930864652 7.1166750049591059 -0.6657413760821026 -6.5408710861206067 -6.5224406719207781 1.706326119105021 3.3389671921730044 -2.9004358640313153 2.3273550510406493 0.12715342385428274 -2.0626130783557892 -1.2272821290152414 -1.3537387164930503 2.2572139263153073 0.5655095624923705 -1.3232878684997562 0.16859814167022702
leaf_weight=4.9999999999999991 4.9999999999999991 5.0000000000000027 5.9999999999999991 4.9999999999999991 5.9999999999999982 4.9999999999999991 5.9999999999999982 6 4.9999999999999991 4.9999999999999991 6.9999999999999991 7.0000000000000089 4.9999999999999991 6.9999999999999991 5.9999999999999991 5 5 4.9999999999999982 5
leaf_count=5 5 5 6 5 6 5 6 6 5 5 7 7 5 7 6 5 5 5 5
internal_value=-0.215806 -2.6906 1.23372 -0.0516887 2.15103 -1.81386 -0.221116 -2.40806 0.283563 -0.0414799 0.298872 -0.106825 -0.495011 -0.181491 0.225206 1.01468 -0.106082 -0.238194 -0.577345
internal_weight=111 41 70 36 16 20 64 12 52 47 42 35 30 25 18 12 11 15 10
internal_count=111 41 70 36 16 20 64 12 52 47 42 35 30 25 18 12 11 15 10
is_linear=0
shrinkage=0.05


Tree=211
num_leaves=17
num_cat=0
split_feature=2 1 1 1 1 3 4 5 2 0 2 6 4 0 1 6
split_gain=317299 250681 116542 28426.5 34484.4 27932.9 9539 21145 20028.3 13517.3 9381.82 7213.28 6466.86 5241.82 3944.06 1202.99
threshold=0.75904576824017289 33902.646891508019 62105.199800608134 17549.64770584663 15719.604082849797 3.5000000000000004 2.5967981128142408 0.39559492442219535 0.18761642588800242 33369.000000000007 0.18761642588800242 14.53419826291236 1.9905416946811754 20369.499999999996 11399.273390776547 10.883215456439848
decision_type=2 2 2 2 2 2 2 2 2 2 2 2 2 2 2 2
left_child=1 3 -2 4 6 -5 7 -1 -8 11 -9 -10 -12 -14 15 -15
right_child=2 -3 -4 5 -6 -7 8 10 9 -11 12 -13 13 14 -16 -17
leaf_value=-2.910597782475608 -3.3030658149719248 9.7643421445574088 -14.098541412353512 -0.1879312336444855 4.3406486606597907 -4.700997320810953 -1.2947162389755245 1.8895552515983582 -0.49058916966120381 3.6506487011909488 -1.4055317401885987 1.8719732250486101 1.1252379788292775 -0.43554468154907211 0.81279072284698484 -1.4509924840927122
leaf_weight=6.9999999999999991 4.9999999999999982 6.9999999999999991 5 7.9999999999999982 4.9999999999999991 6 8.0000000000000018 5.9999999999999991 6.0000000000000018 5.9999999999999991 8.9999999999999982 7 9.0000000000000018 7.0000000000000018 4.9999999999999991 5
leaf_count=7 5 7 5 8 5 6 8 6 6 6 9 7 9 7 5 5
internal_value=-0.205015 0.636152 -8.7008 -0.0436071 0.32013 -2.1221 0.052095 -0.370819 0.803942 1.68759 0.0628016 0.78156 -0.250356 0.149512 -0.367048 -0.858648
internal_weight=111 101 10 94 80 14 75 48 27 19 41 13 35 26 17 12
internal_count=111 101 10 94 80 14 75 48 27 19 41 13 35 26 17 12
is_linear=0
shrinkage=0.05


Tree=212
num_leaves=18
num_cat=0
split_feature=2 1 1 1 1 1 5 1 0 4 6 5 1 2 2 0 1
split_gain=286363 226239 105179 25655 31122.2 27118.2 8842.89 6301.84 7328.89 8026.84 21416.5 18991.2 15517 5182.52 2638.9 1917.9 1157.55
threshold=0.75904576824017289 33902.646891508019 62105.199800608134 17549.64770584663 15719.604082849797 27797.939671950877 0.30656309121883385 1926.3337192909112 17132.500000000004 2.5967981128142408 11.642466352918628 0.39559492442219535 7387.5125544820748 0.2079265850607315 0.43149840856083482 23817.000000000018 8587.5259268539885
decision_type=2 2 2 2 2 2 2 2 2 2 2 2 2 2 2 2 2
left_child=1 3 -2 4 6 -5 -1 -8 -9 11 -11 -10 -12 -13 15 -15 -17
right_child=2 -3 -4 5 -6 -7 7 8 9 10 12 13 -14 14 -16 16 -18
leaf_value=2.0809143066406253 -3.1379125785827644 9.2761267253330768 -13.393614349365231 -3.6562098821004234 4.1236163425445556 0.93638537406921396 -1.4163155600428583 1.4871611297130585 -3.1113892634709677 3.5183071517944335 -2.1425905346870429 1.4326529312133791 1.628869295120239 -1.2597820758819569 0.60496131579081225 0.27882982492446901 -0.63988896310329446
leaf_weight=4.9999999999999991 4.9999999999999982 6.9999999999999991 5 8.9999999999999982 4.9999999999999991 4.9999999999999991 7.9999999999999991 7.9999999999999991 5.9999999999999991 4.9999999999999991 5.9999999999999982 4.9999999999999991 5 7.0000000000000062 5.9999999999999991 5.9999999999999991 7.9999999999999991
leaf_count=5 5 7 5 9 5 5 8 8 6 5 6 5 5 7 6 6 8
internal_value=-0.194765 0.604344 -8.26576 -0.0414268 0.304123 -2.016 0.0494902 -0.0956115 0.0748019 -0.134437 0.805021 -0.529998 -0.428291 -0.0459867 -0.319809 -0.584029 -0.246152
internal_weight=111 101 10 94 80 14 75 70 62 54 16 38 11 32 27 21 14
internal_count=111 101 10 94 80 14 75 70 62 54 16 38 11 32 27 21 14
is_linear=0
shrinkage=0.05


Tree=213
num_leaves=17
num_cat=0
split_feature=2 1 1 1 1 3 5 1 0 4 4 5 2 2 0 1
split_gain=258442 204181 94924.4 23153.6 28087.8 25097.1 7980.71 5687.41 6614.32 7244.22 20223.9 17139.6 4677.22 2381.61 1730.9 1044.69
threshold=0.75904576824017289 33902.646891508019 62105.199800608134 17549.64770584663 15719.604082849797 3.5000000000000004 0.30656309121883385 1926.3337192909112 17132.500000000004 2.5967981128142408 2.7451911326668745 0.39559492442219535 0.2079265850607315 0.43149840856083482 23817.000000000018 8587.5259268539885
decision_type=2 2 2 2 2 2 2 2 2 2 2 2 2 2 2 2
left_child=1 3 -2 4 6 -5 -1 -8 -9 11 -11 -10 -13 14 -14 -16
right_child=2 -3 -4 5 -6 -7 7 8 9 10 -12 12 13 -15 15 -17
leaf_value=1.976868553161621 -2.9810170364379891 8.8123205184936531 -12.723933868408203 -0.081835246086120625 3.9174353981018069 -4.3596801439921054 -1.3454997316002846 1.4128030180931093 -2.9558198054631553 2.7804201092038836 -0.80295746193991779 1.3610202407836915 -1.1967929908207473 0.57471328179041548 0.26488833030064901 -0.60789452195167548
leaf_weight=4.9999999999999991 4.9999999999999982 6.9999999999999991 5 7.9999999999999982 4.9999999999999991 6 7.9999999999999991 7.9999999999999991 5.9999999999999991 6.9999999999999991 8.9999999999999982 4.9999999999999991 7.0000000000000062 5.9999999999999991 5.9999999999999991 7.9999999999999991
leaf_count=5 5 7 5 8 5 6 8 8 6 7 9 5 7 6 6 8
internal_value=-0.185026 0.574127 -7.85248 -0.0393554 0.288917 -1.9152 0.0470157 -0.0908309 0.0710618 -0.127715 0.76477 -0.503498 -0.0436874 -0.303818 -0.554827 -0.233845
internal_weight=111 101 10 94 80 14 75 70 62 54 16 38 32 27 21 14
internal_count=111 101 10 94 80 14 75 70 62 54 16 38 32 27 21 14
is_linear=0
shrinkage=0.05


Tree=214
num_leaves=19
num_cat=0
split_feature=2 1 1 1 1 1 5 3 2 5 3 4 4 0 0 0 5 7
split_gain=233244 184273 85669.3 20896.1 25349.2 24367.6 7202.59 5321.88 11185.3 9818.44 8878.13 5496.19 8112.71 9886.84 5482.26 5159.84 4429.67 4265.86
threshold=0.75904576824017289 33902.646891508019 62105.199800608134 17549.64770584663 15719.604082849797 27797.939671950877 0.30656309121883385 3.5000000000000004 0.2079265850607315 0.38926142689652604 2.5000000000000004 1.9905416946811754 2.3481496299525113 20369.499999999996 24627.000000000004 18132.499999999996 0.45698816419450822 0.08708707792479202
decision_type=2 2 2 2 2 2 2 2 2 2 2 2 2 2 2 2 2 2
left_child=1 3 -2 4 6 -5 -1 8 -8 -9 -10 14 13 -13 -11 -12 -15 -14
right_child=2 -3 -4 5 -6 -7 7 9 10 11 15 12 17 16 -16 -17 -18 -19
leaf_value=1.8780251693725587 -2.8319661903381355 8.3717028754098077 -12.08773712158203 -3.3742442448933923 3.7215635061264041 0.97921488285064706 -2.2193412661552419 2.1078048288822173 1.8160245728492743 -2.2477503585815435 0.37136280059814447 2.6377134561538664 0.55068127632141117 1.213647441864014 0.09367210388183593 -1.9001655292510984 -0.80142734845479324 -1.2708260854085287
leaf_weight=4.9999999999999991 4.9999999999999982 6.9999999999999991 5 8.9999999999999982 4.9999999999999991 4.9999999999999991 8.0000000000000018 5.9999999999999991 4.9999999999999973 4.9999999999999982 5 6.0000000000000062 4.9999999999999991 4.9999999999999982 5 5 6 8.9999999999999982
leaf_count=5 5 7 5 9 5 5 8 6 5 5 5 6 5 5 5 5 6 9
internal_value=-0.175775 0.545421 -7.45985 -0.0373876 0.274471 -1.81944 0.0446649 -0.0862894 -0.709505 0.218689 0.0957406 -0.0577675 0.27103 1.00506 -1.07704 -0.764401 0.114516 -0.620288
internal_weight=111 101 10 94 80 14 75 70 23 47 15 41 31 17 10 10 11 14
internal_count=111 101 10 94 80 14 75 70 23 47 15 41 31 17 10 10 11 14
is_linear=0
shrinkage=0.05


Tree=215
num_leaves=20
num_cat=0
split_feature=1 0 0 1 5 1 0 5 5 5 2 3 7 5 0 2 2 1 5
split_gain=199968 168009 55625 18971.6 41044.7 33922 13547.7 17071.2 10757.9 19432.5 9476.57 4288.2 5994.26 2569.37 3382.24 6396.2 2054.99 1245.51 3458.74
threshold=62105.199800608134 87502.499999999985 66429.000000000015 18300.224719541544 0.40121061746896597 16516.706392829426 39777.5 0.39559492442219535 0.38509189123784332 0.37079327361855535 0.2079265850607315 5.5000000000000009 0.14029013502643015 0.50249433107651253 29586.000000000004 0.26451798600539184 0.26451798600539184 8017.8764203639594 0.43118641632164573
decision_type=2 2 2 2 2 2 2 2 2 2 2 2 2 2 2 2 2 2 2
left_child=1 2 3 5 -5 6 8 -8 9 10 -1 13 -13 14 15 -10 -12 18 -17
right_child=-2 -3 -4 4 -6 -7 7 -9 11 -11 16 12 -14 -15 -16 17 -18 -19 -20
leaf_value=-1.1184342384338368 9.1447893778483085 -8.3644257148106895 4.9154942830403652 1.3780783971150719 -4.0926069021224976 4.2343381118774417 -3.7982192039489755 0.33351772785186762 1.5419479370117166 3.8497928929328924 1.9586063003540042 1.8796968269348149 -0.56862154483795158 -1.5717915725708007 -1.2837834903172085 0.084686183929443382 0.66644588690251116 0.12130712032318117 -1.7750822448730468
leaf_weight=7.0000000000000062 5.9999999999999991 5.9999999999999991 5.9999999999999991 5.9999999999999991 7.9999999999999991 4.9999999999999991 4.9999999999999982 5 5.0000000000000062 4.9999999999999991 4.9999999999999991 4.9999999999999982 5 4.9999999999999991 6.9999999999999991 4.9999999999999982 7.9999999999999991 4.9999999999999991 5
leaf_count=7 6 6 6 6 8 5 5 5 5 5 5 5 5 5 7 5 8 5 5
internal_value=0.260261 -0.233324 0.244976 -0.0469318 -1.74803 0.243499 -0.0156462 -1.73235 0.240578 1.06178 0.364778 -0.248233 0.655538 -0.530661 -0.337859 -0.00678525 1.16343 -0.52303 -0.845198
internal_weight=114 108 102 96 14 82 77 10 67 25 20 42 10 32 27 20 13 15 10
internal_count=114 108 102 96 14 82 77 10 67 25 20 42 10 32 27 20 13 15 10
is_linear=0
shrinkage=0.05


Tree=216
num_leaves=19
num_cat=0
split_feature=1 0 0 1 0 1 0 5 5 2 2 3 7 2 5 0 2 2
split_gain=180471 151628 50201.6 17121.8 38349.7 30614.6 12226.8 15406.8 9708.97 17876.7 32823.3 3870.1 5409.82 3303.04 2318.86 3052.47 5772.57 1147.71
threshold=62105.199800608134 87502.499999999985 66429.000000000015 18300.224719541544 54773.500000000007 16516.706392829426 39777.5 0.39559492442219535 0.38509189123784332 0.2079265850607315 0.2566042183329999 5.5000000000000009 0.14029013502643015 0.2994101109548431 0.50249433107651253 29586.000000000004 0.26451798600539184 0.43149840856083482
decision_type=2 2 2 2 2 2 2 2 2 2 2 2 2 2 2 2 2 2
left_child=1 2 3 5 -5 6 8 -8 9 -1 -11 14 -13 -12 15 16 -10 -18
right_child=-2 -3 -4 4 -6 -7 7 -9 11 10 13 12 -14 -15 -16 -17 17 -19
leaf_value=-0.94035809710621798 8.6875500996907551 -7.9462040496369202 4.6697196324666344 0.95627291543143156 -4.2775253329958236 4.0226211166381836 -3.6083082962036137 0.31684183120727538 1.4648505783081034 4.9006871541341122 -0.64584423542022718 1.7857118701934818 -0.54019046306610097 1.0942099397381146 -1.4932019805908203 -1.2195943202291217 -0.8539819240570069 0.038777410984039307
leaf_weight=8.0000000000000018 5.9999999999999991 5.9999999999999991 5.9999999999999991 6.9999999999999982 7 4.9999999999999991 4.9999999999999982 5 5.0000000000000062 6.0000000000000027 4.9999999999999982 4.9999999999999982 5 6 4.9999999999999991 6.9999999999999991 8.9999999999999982 5.9999999999999991
leaf_count=8 6 6 6 7 7 5 5 5 5 6 5 5 5 6 5 7 9 6
internal_value=0.247247 -0.221658 0.232727 -0.0445852 -1.66063 0.231324 -0.0148639 -1.64573 0.228549 1.00869 1.92589 -0.235821 0.622761 0.303276 -0.504128 -0.320966 -0.006446 -0.496878
internal_weight=114 108 102 96 14 82 77 10 67 25 17 42 10 11 32 27 20 15
internal_count=114 108 102 96 14 82 77 10 67 25 17 42 10 11 32 27 20 15
is_linear=0
shrinkage=0.05


Tree=217
num_leaves=20
num_cat=0
split_feature=1 0 0 1 4 1 0 5 4 5 1 1 3 7 1 5 5 7 7
split_gain=162875 136845 45306.9 15452.5 35962.8 27629.7 11034.7 13904.6 8762.35 17204.9 5777.88 4616.45 3492.77 4882.36 2408.53 6396.58 4132.19 3081.12 2147.89
threshold=62105.199800608134 87502.499999999985 66429.000000000015 18300.224719541544 2.5278384386296175 16516.706392829426 39777.5 0.39559492442219535 2.5967981128142408 0.37079327361855535 1580.3453037190059 3269.5990641405679 5.5000000000000009 0.14029013502643015 8587.5259268539885 0.43118641632164573 0.40469831891852054 0.14610001537467651 0.21467669911528109
decision_type=2 2 2 2 2 2 2 2 2 2 2 2 2 2 2 2 2 2 2
left_child=1 2 3 5 -5 6 8 -8 12 10 -10 -12 14 -14 15 16 -1 -17 -16
right_child=-2 -3 -4 4 -6 -7 7 -9 9 -11 11 -13 13 -15 18 17 -18 -19 -20
leaf_value=-0.85381711006164507 8.2531729380289729 -7.5488940874735526 4.4362335840861 -3.7722340224310766 1.3485907713572183 3.821490135192871 -3.4278928375244151 0.30099972724914548 1.6005779365698478 3.5816099166870119 -1.4720716857910157 0.42280812131034007 1.6964263391494754 -0.51318093299865708 0.89726492881774922 -2.3508540948232017 1.1789619255065915 -0.74848144054412835 -0.56830392360687243
leaf_weight=5.0000000000000018 5.9999999999999991 5.9999999999999991 5.9999999999999991 7.9999999999999982 6 4.9999999999999991 4.9999999999999982 5 6.0000000000000062 4.9999999999999991 4.9999999999999991 8.9999999999999982 4.9999999999999982 5 4.9999999999999982 5.9999999999999982 5 6 5
leaf_count=5 6 6 6 8 6 5 5 5 6 5 5 9 5 5 5 6 5 6 5
internal_value=0.234885 -0.210575 0.221091 -0.0423559 -1.57759 0.219758 -0.0141207 -1.56345 0.217122 0.958257 0.302419 -0.253935 -0.22403 0.591623 -0.478921 -0.771377 0.162572 -1.54967 0.164481
internal_weight=114 108 102 96 14 82 77 10 67 25 20 14 42 10 32 22 10 12 10
internal_count=114 108 102 96 14 82 77 10 67 25 20 14 42 10 32 22 10 12 10
is_linear=0
shrinkage=0.05


Tree=218
num_leaves=19
num_cat=0
split_feature=1 1 2 1 2 1 4 1 1 1 7 1 2 4 2 2 1 1
split_gain=146995 108827 19706.4 72461.8 32147.9 145051 24117.5 30098 29885.8 20486.2 12970.9 9228.1 7512.44 5312.22 4947.62 7808.9 2400.1 1020.3
threshold=62105.199800608134 33902.646891508019 0.23674119032890859 9442.0625753316071 0.30882258029930471 13301.812676166339 2.5278384386296175 22348.395371591363 22348.395371591363 5657.3230438461069 0.067318377819845662 9833.536278827658 0.15663603931434891 2.2516050081241255 0.2566042183329999 0.28437702154139949 7607.5887173799301 13301.812676166339
decision_type=2 2 2 2 2 2 2 2 2 2 2 2 2 2 2 2 2 2
left_child=1 2 3 9 5 14 8 11 13 10 12 -8 -1 17 -4 16 -16 -6
right_child=-2 -3 4 -5 6 -7 7 -9 -10 -11 -12 -13 -14 -15 15 -17 -18 -19
leaf_value=-0.91266588687896544 7.8405143737792971 -5.8115828275680546 1.4117819070816029 -6.3251614570617676 0.97006058216094859 9.7154329681396501 0.98692102432250928 3.7428179536546979 -4.6726995468139654 2.8216139713923138 -2.2345336028507776 -2.050858058929443 1.7115296681722005 -1.2094049533208213 -1.6966050672531119 1.3548735201358797 -0.2133349577585856 -0.04003608703613281
leaf_weight=5.0000000000000089 5.9999999999999991 7.9999999999999991 8.0000000000000053 4.9999999999999991 5.0000000000000053 4.9999999999999991 5.0000000000000018 6.9999999999999991 4.9999999999999991 5.9999999999999991 6.9999999999999991 5 6 8.9999999999999982 5.0000000000000018 5.9999999999999991 6 5
leaf_count=5 6 8 8 5 5 5 5 7 5 6 7 5 6 9 5 6 6 5
internal_value=0.223141 -0.200047 0.248876 -0.84938 0.69746 1.94125 -0.212634 1.22824 -1.23325 0.291408 -0.551994 -0.531969 0.518714 -0.328133 0.386418 -0.0961055 -0.887549 0.465012
internal_weight=114 108 100 29 71 30 41 17 24 24 18 10 11 19 25 17 11 10
internal_count=114 108 100 29 71 30 41 17 24 24 18 10 11 19 25 17 11 10
is_linear=0
shrinkage=0.05


Tree=219
num_leaves=19
num_cat=0
split_feature=1 0 0 1 0 1 0 5 2 4 2 2 0 0 6 2 6 0
split_gain=132663 125560 42471.4 12501.5 31311.6 24128.6 9631.05 12574.1 8672.28 6864.27 18562.3 23416.6 7794.77 5661.94 5406.93 5388.55 4083.01 1298.36
threshold=62105.199800608134 87502.499999999985 66429.000000000015 18300.224719541544 54773.500000000007 16516.706392829426 39777.5 0.39559492442219535 0.50562705853824974 2.5967981128142408 0.2079265850607315 0.2566042183329999 20369.499999999996 12372.000000000005 10.883215456439848 0.2994101109548431 9.8202207392153866 28397.000000000015
decision_type=2 2 2 2 2 2 2 2 2 2 2 2 2 2 2 2 2 2
left_child=1 2 3 5 -5 6 8 -8 9 12 -11 -12 13 -1 16 -13 17 -14
right_child=-2 -3 -4 4 -6 -7 7 -9 -10 10 11 15 14 -15 -16 -17 -18 -19
leaf_value=-0.38099863052368166 7.4484881083170578 -7.2192738850911455 4.3045488357543951 0.95208826065063501 -3.7771255084446498 3.5699438095092777 -3.2348568153381354 0.31113409399986264 -1.612188180287679 -0.92792895436286893 4.4912575483322144 -0.62048811197280895 -1.2470684432983381 1.7638385832309724 -1.8811513900756838 1.7008371353149412 1.0662686634063723 -0.21997566819190981
leaf_weight=4.9999999999999991 5.9999999999999991 5.9999999999999991 5.9999999999999991 6.9999999999999982 7 4.9999999999999991 4.9999999999999982 5 5.9999999999999991 8.0000000000000018 5.9999999999999991 4.9999999999999982 5.0000000000000062 7.9999999999999991 5.9999999999999991 5 4.9999999999999991 7.9999999999999991
leaf_count=5 6 6 6 7 7 5 5 5 6 8 6 5 5 8 6 5 5 8
internal_value=0.211984 -0.190044 0.22344 -0.0316294 -1.41252 0.204132 -0.014427 -1.46186 0.201608 0.380014 1.03858 2.02183 -0.0471621 0.938901 -0.58128 0.540175 -0.147989 -0.615011
internal_weight=114 108 102 96 14 82 77 10 67 61 24 16 37 13 24 10 18 13
internal_count=114 108 102 96 14 82 77 10 67 61 24 16 37 13 24 10 18 13
is_linear=0
shrinkage=0.05


Tree=220
num_leaves=19
num_cat=0
split_feature=2 1 0 1 0 0 3 0 2 1 0 0 1 7 1 2 7 0
split_gain=127564 263053 254827 10480.8 78075.1 23509.6 9041.08 11365.2 10529 8859.1 5267.27 3775.52 7458.68 7240.85 5167.32 4007.91 2395.05 2360.3
threshold=0.75904576824017289 62105.199800608134 87502.499999999985 27797.939671950877 62016 53055.999999999993 2.5000000000000004 46235.500000000007 0.50562705853824974 7387.5125544820748 37401.000000000015 27800.999999999996 4405.9086795478224 0.097445459401076309 5166.7437459527355 0.2566042183329999 0.058358282577577782 20369.499999999996
decision_type=2 2 2 2 2 2 2 2 2 2 2 2 2 2 2 2 2 2
left_child=2 -2 3 4 5 6 9 8 10 -1 11 12 16 -13 -14 -15 -8 -16
right_child=1 -3 -4 -5 -6 -7 7 -9 -10 -11 -12 13 14 15 17 -17 -18 -19
leaf_value=0.21814301808675132 1.463708318982806 -13.552075653076171 9.8666996410914845 1.7383707523345948 -6.2253543853759767 3.5274018859863285 -0.069692671298980685 -2.5337703442573551 -1.888634068625314 2.8431018352508546 1.3556950241327286 -2.0222506523132315 2.331497809886931 1.1862701225280765 1.292304267883301 -0.66719938857214789 -1.4646752166748049 -0.092522394657135021
leaf_weight=8.9999999999999982 6.9999999999999982 5 6.9999999999999991 7.9999999999999991 4.9999999999999991 4.9999999999999991 8.0000000000000018 4.9999999999999991 6.9999999999999991 4.9999999999999991 7.9999999999999991 6.0000000000000027 5.0000000000000027 4.9999999999999982 4.9999999999999991 7 4.9999999999999991 7.9999999999999991
leaf_count=9 7 5 7 8 5 5 8 5 7 5 8 6 5 5 5 7 5 8
internal_value=0.0977509 -4.79287 0.641153 0.00175876 -0.147627 0.197698 -0.00288637 -0.237947 -0.0585861 1.15563 0.166157 -0.0280538 0.306384 -0.604031 0.965491 0.10508 -0.606224 0.440103
internal_weight=120 12 108 101 93 88 83 69 64 14 57 49 31 18 18 12 13 13
internal_count=120 12 108 101 93 88 83 69 64 14 57 49 31 18 18 12 13 13
is_linear=0
shrinkage=0.05


Tree=221
num_leaves=20
num_cat=0
split_feature=1 0 1 0 1 0 0 4 3 6 6 6 2 1 0 4 5 4 5
split_gain=140806 125969 24432.5 31437.1 18168.7 19791.4 13505.7 10552.8 21105.5 10197.6 9694.46 13563.2 12155.4 6034.36 8468.84 2231.08 2086.84 4083.05 1394.91
threshold=62105.199800608134 87502.499999999985 31062.671928726599 62016 24205.677865591173 53055.999999999993 46235.500000000007 2.4246638699485072 3.5000000000000004 11.49094878481216 12.796655641163168 14.205942578101139 0.27447364996027118 4405.9086795478224 20369.499999999996 2.9765045141594961 0.4500170190692121 2.0660216113510246 0.5184683316555917
decision_type=2 2 2 2 2 2 2 2 2 2 2 2 2 2 2 2 2 2 2
left_child=1 2 3 4 5 6 7 13 10 -10 -9 -12 15 -1 -15 -13 -16 18 -18
right_child=-2 -3 -4 -5 -6 -7 -8 8 9 -11 11 12 -14 14 16 -17 17 -19 -20
leaf_value=-1.9464402008056643 7.5585109710693361 -7.3516454617182418 2.948315647670201 -3.6163733800252285 -2.5477199554443359 3.3510317993164067 -2.4070818376541139 -1.7256325403849275 1.197239239726748 4.0063259283701571 2.5690699259440088 -1.9276934981346134 1.8256136131286622 1.4612138952527729 0.23990321159362782 -0.49760511716206868 0.33764147758483865 -1.9964821243286133 -0.70395855638715954
leaf_weight=4.9999999999999991 5.9999999999999991 5.9999999999999991 6.9999999999999991 5.9999999999999991 5.9999999999999991 4.9999999999999991 4.9999999999999991 6.0000000000000027 6.9999999999999982 6 6.0000000000000027 4.9999999999999982 4.9999999999999991 6.9999999999999991 7.0000000000000027 6 5.0000000000000027 4.9999999999999991 8.9999999999999982
leaf_count=5 6 6 7 6 6 5 5 6 7 6 6 5 5 7 7 6 5 5 9
internal_value=0.0928634 -0.300065 0.091689 -0.106295 0.115394 0.29493 0.113019 0.272519 0.828859 2.49374 0.0558784 0.541745 -0.218502 -0.327742 -0.0824852 -1.14765 -0.498096 -0.769991 -0.331959
internal_weight=120 114 108 101 95 89 84 79 41 13 28 22 16 38 33 11 26 19 14
internal_count=120 114 108 101 95 89 84 79 41 13 28 22 16 38 33 11 26 19 14
is_linear=0
shrinkage=0.05


Tree=222
num_leaves=19
num_cat=0
split_feature=1 1 2 1 4 4 1 4 6 6 4 6 6 7 1 1 1 7
split_gain=127078 102251 19654.4 112263 19805.1 25993.9 33002.7 22942.6 10543.1 6504.87 4985.91 8375.09 23299.5 10051.4 11814 8841.97 5241.6 6163.67
threshold=62105.199800608134 33902.646891508019 0.30882258029930471 16516.706392829426 3.0121539584389425 2.5278384386296175 22348.395371591363 2.3934212238621493 7.1676944068471782 10.191971975417099 1.9905416946811754 11.642466352918628 9.8202207392153866 0.077356522101407768 7387.5125544820748 8587.5259268539885 5166.7437459527355 0.041624110544038653
decision_type=2 2 2 2 2 2 2 2 2 2 2 2 2 2 2 2 2 2
left_child=1 2 3 10 5 7 -7 8 -4 -10 -1 12 15 14 16 -12 17 -13
right_child=-2 -3 4 -5 -6 6 -8 -9 9 -11 11 13 -14 -15 -16 -17 -18 -19
leaf_value=-1.1569008384432111 7.1805844624837238 -5.3998253345489502 1.1676533188138678 7.9066739654541012 -3.3327863216400146 -0.94522318641344727 4.2990322430928547 -4.1835013818740849 -2.6539352130889893 -0.35497696995735173 1.0242292086283362 -1.010853413173129 3.1505517363548279 -2.3069789791107178 2.3226518630981445 -1.6902339975039162 -1.7966582107543947 1.0207607526332141
leaf_weight=6.9999999999999991 5.9999999999999991 8.9999999999999982 7.0000000000000062 4.9999999999999991 5.9999999999999991 5.9999999999999982 6 4.9999999999999991 4.9999999999999991 7.9999999999999991 6.0000000000000018 7.0000000000000098 7.9999999999999991 4.9999999999999991 4.9999999999999991 6 4.9999999999999991 7.9999999999999991
leaf_count=7 6 9 7 5 6 6 6 5 5 8 6 7 8 5 5 6 5 8
internal_value=0.0882202 -0.285062 0.153346 0.723042 -0.668076 -0.235961 1.6769 -1.15414 -0.396796 -1.23919 0.0928994 0.267871 1.06042 -0.260494 0.148803 -0.333002 -0.394659 0.0726741
internal_weight=120 114 105 62 43 37 12 25 20 13 57 50 20 30 25 12 20 15
internal_count=120 114 105 62 43 37 12 25 20 13 57 50 20 30 25 12 20 15
is_linear=0
shrinkage=0.05


Tree=223
num_leaves=20
num_cat=0
split_feature=2 1 0 1 0 0 4 6 0 0 5 2 2 4 5 4 6 2 2
split_gain=129773 263247 238403 9969.54 68085.3 18756.5 8354.97 9318.78 8786.31 7155.37 21034.6 4468.92 6776.32 8505.69 2724.81 4922.78 3532.77 3199.75 2163.45
threshold=0.75904576824017289 62105.199800608134 87502.499999999985 27797.939671950877 62016 53055.999999999993 2.9765045141594961 15.008018257059971 46235.500000000007 33369.000000000007 0.41243257855243948 0.50562705853824974 0.23674119032890859 2.6767405536233917 0.46418096374551515 2.5967981128142408 10.883215456439848 0.2994101109548431 0.18761642588800242
decision_type=2 2 2 2 2 2 2 2 2 2 2 2 2 2 2 2 2 2 2
left_child=2 -2 3 4 5 6 8 -8 9 11 -11 12 13 18 15 16 -14 -16 -1
right_child=1 -3 -4 -5 -6 -7 7 -9 -10 10 -12 -13 14 -15 17 -17 -18 -19 -20
leaf_value=0.56027473449707044 1.4099134172712056 -13.611426696777341 9.5552053587777284 1.7071762323379518 -5.8078434753417971 3.1643522262573245 2.8684555053710938 0.11681784987449646 -2.2248623037338255 2.8615015983581547 -1.1729477961858112 -1.5954880317052207 0.10053979307413093 -2.7008809745311737 0.062400999069213883 1.0366363559450422 -1.5044452826182049 1.8511855983734127 -0.91059301376342772
leaf_weight=4.9999999999999982 6.9999999999999982 5 6.9999999999999991 7.9999999999999991 4.9999999999999991 4.9999999999999991 4.9999999999999991 7.9999999999999991 4.9999999999999991 6.9999999999999982 6 5.9999999999999991 8.0000000000000053 4.9999999999999991 4.9999999999999982 6.9999999999999991 5.9999999999999991 5 5
leaf_count=5 7 5 7 8 5 5 5 8 5 7 6 6 8 5 5 7 6 5 5
internal_value=0.0838091 -4.84898 0.631897 0.0134495 -0.132247 0.19023 0.0110656 1.17514 -0.20512 -0.0497549 0.999448 -0.312056 -0.144651 -1.01707 0.277485 -0.0459952 -0.587311 0.956793 -0.175159
internal_weight=120 12 108 101 93 88 83 13 70 65 13 52 46 15 31 21 14 10 10
internal_count=120 12 108 101 93 88 83 13 70 65 13 52 46 15 31 21 14 10 10
is_linear=0
shrinkage=0.05


Tree=224
num_leaves=20
num_cat=0
split_feature=1 0 1 0 1 0 0 5 3 1 7 7 2 1 0 5 5 5 1
split_gain=132038 131093 23875.2 26272.2 17917 15702.2 10628.3 8856.82 17161.9 8735.15 8195.49 10735.1 11084.8 5326.78 7322.22 1964.27 3810.96 1670.91 1128.15
threshold=62105.199800608134 87502.499999999985 31062.671928726599 62016 24205.677865591173 53055.999999999993 46235.500000000007 0.41243257855243948 3.5000000000000004 9442.0625753316071 0.077356522101407768 0.058358282577577782 0.27447364996027118 4405.9086795478224 20369.499999999996 0.4500170190692121 0.48402602529779554 0.33597815644353413 11399.273390776547
decision_type=2 2 2 2 2 2 2 2 2 2 2 2 2 2 2 2 2 2 2
left_child=1 2 3 4 5 6 7 8 10 -10 11 12 17 -9 -15 -16 -17 -1 -18
right_child=-2 -3 -4 -5 -6 -7 -8 13 9 -11 -12 -13 -14 14 15 16 18 -19 -20
leaf_value=-0.4782652060190829 7.30907096862793 -7.4944308678309133 2.9226246220724925 -3.3057590484619142 -2.538891379038493 3.0061344528198242 -2.1136192226409913 -1.8072910881042483 1.0744996138981413 3.6743734210729593 -1.5618972937266031 2.3264574130376179 1.798496413230896 1.3793720041002546 0.27352059909275589 -1.8911875057220446 0.10562419891357425 -1.7158715426921842 -0.8013539791107176
leaf_weight=6.0000000000000089 5.9999999999999991 5.9999999999999991 6.9999999999999991 5.9999999999999991 5.9999999999999991 4.9999999999999991 4.9999999999999991 4.9999999999999991 6.9999999999999982 6 5.9999999999999991 5.9999999999999991 4.9999999999999991 6.9999999999999991 7.0000000000000027 5.0000000000000027 7.9999999999999982 5 6
leaf_count=6 6 6 7 6 6 5 5 5 7 6 6 6 5 7 7 5 8 5 6
internal_value=0.0796187 -0.300879 0.098763 -0.0969502 0.105711 0.283999 0.121967 0.26346 0.773137 2.27444 0.0761034 0.522831 -0.153529 -0.286455 -0.0560248 -0.442478 -0.706267 -1.04081 -0.283081
internal_weight=120 114 108 101 95 89 84 79 41 13 28 22 16 38 33 26 19 11 14
internal_count=120 114 108 101 95 89 84 79 41 13 28 22 16 38 33 26 19 11 14
is_linear=0
shrinkage=0.05


Tree=225
num_leaves=16
num_cat=0
split_feature=1 2 0 4 0 2 4 3 1 4 1 0 0 6 7
split_gain=212018 164029 162667 19996 17852.5 24282.2 10906.8 7293.9 11891.7 4777.09 5018.23 5477.68 4334.8 3214.28 1580
threshold=62105.199800608134 0.56505205340798936 77954.999999999985 2.9765045141594961 46235.500000000007 0.32534461537208209 3.1962238028246612 3.5000000000000004 6411.94674379548 1.9905416946811754 5166.7437459527355 29848.500000000004 39777.5 10.883215456439848 0.04970776372884636
decision_type=2 2 2 2 2 2 2 2 2 2 2 2 2 2 2
left_child=1 2 3 4 7 -6 -5 8 14 -9 -11 13 -13 -12 -1
right_child=-2 -3 -4 6 5 -7 -8 9 -10 10 11 12 -14 -15 -16
leaf_value=-1.0975307106971743 9.9918968200683604 -7.4225632727146156 8.8149782466888436 2.6115248135157998 -5.2579063320159927 -0.69574959618704657 -0.090998411178588867 -1.2672505549022131 -3.3819255256652831 1.2575583398342127 -0.24345152378082269 1.696946785449982 -0.29643356005350746 -1.9033010196685787 0.10593614578247068
leaf_weight=4.9999999999999982 4.9999999999999991 7.9999999999999991 4.9999999999999991 6.9999999999999991 4.9999999999999982 7 7.9999999999999991 6.9999999999999991 4.9999999999999991 8.0000000000000018 7.0000000000000018 4.9999999999999982 6 5 6
leaf_count=5 5 8 5 7 5 7 8 7 5 8 7 5 6 5 6
internal_value=-0.0408051 -0.574459 0.0625734 -0.477698 -0.852216 -2.59665 1.17018 -0.464565 -1.3601 -0.0874953 0.178901 -0.196284 0.609648 -0.935055 -0.441094
internal_weight=99 94 86 81 66 12 15 54 16 38 31 23 11 12 11
internal_count=99 94 86 81 66 12 15 54 16 38 31 23 11 12 11
is_linear=0
shrinkage=0.05


Tree=226
num_leaves=16
num_cat=0
split_feature=1 2 0 4 0 2 4 3 1 0 1 6 0 6 4
split_gain=191347 148036 146807 18046.4 16111.9 21914.6 9843.35 6582.74 10732.2 4778.94 7423.65 2198.49 3807.32 1425.95 1150.47
threshold=62105.199800608134 0.56505205340798936 77954.999999999985 2.9765045141594961 46235.500000000007 0.32534461537208209 3.1962238028246612 3.5000000000000004 6411.94674379548 14717.500000000004 5166.7437459527355 10.631232603955729 29848.500000000004 15.389639996462732 2.1883376604767633
decision_type=2 2 2 2 2 2 2 2 2 2 2 2 2 2 2
left_child=1 2 3 4 7 -6 -5 8 13 -9 -11 14 -13 -1 -12
right_child=-2 -3 -4 6 5 -7 -8 9 -10 10 11 12 -14 -15 -16
leaf_value=0.10063931147257488 9.4923040771484377 -7.0514349222183235 8.3742293989658361 2.4809484754289901 -4.9950110292434706 -0.66096207754952563 -0.086448472738266002 -1.523629550933838 -3.2128292083740235 1.9098013401031495 -0.27882399899618937 -1.5839703241984053 0.19725679159164428 -1.0426541590690612 0.57584569189283585
leaf_weight=5.9999999999999982 4.9999999999999991 7.9999999999999991 4.9999999999999991 6.9999999999999991 4.9999999999999982 7 7.9999999999999991 4.9999999999999991 4.9999999999999991 4.9999999999999991 7.0000000000000062 5.9999999999999982 6 5 8.9999999999999982
leaf_count=6 5 8 5 7 5 7 8 5 5 5 7 6 6 5 9
internal_value=-0.0387647 -0.545736 0.0594448 -0.453814 -0.809605 -2.46682 1.11167 -0.441336 -1.2921 -0.0831205 0.135138 -0.181766 -0.693357 -0.41904 0.201928
internal_weight=99 94 86 81 66 12 15 54 16 38 33 28 12 11 16
internal_count=99 94 86 81 66 12 15 54 16 38 33 28 12 11 16
is_linear=0
shrinkage=0.05


Tree=227
num_leaves=16
num_cat=0
split_feature=1 2 0 4 2 1 4 4 4 4 0 6 4 1 1
split_gain=172690 133602 132493 16286.8 15261.4 37098.4 8883.62 8650.1 7083.14 10500.3 7636.1 4817.55 4273.66 3790.44 3519.39
threshold=62105.199800608134 0.56505205340798936 77954.999999999985 2.9765045141594961 0.23674119032890859 8587.5259268539885 3.1962238028246612 2.6767405536233917 2.4246638699485072 2.1543446061517115 37401.000000000015 10.191971975417099 2.4246638699485072 8017.8764203639594 11399.273390776547
decision_type=2 2 2 2 2 2 2 2 2 2 2 2 2 2 2
left_child=1 2 3 4 5 7 -5 12 9 14 13 -11 -1 -10 -6
right_child=-2 -3 -4 6 8 -7 -8 -9 10 11 -12 -13 -14 -15 -16
leaf_value=-0.86353288650512661 9.017687377929688 -6.6988633275032043 7.9555178499221801 2.356901127951486 1.091554188728332 -5.6520711493492133 -0.082126137614250194 -2.3769634199142455 0.28929896884494349 -2.8634945074717209 1.6125399351119996 -0.93272613116673053 1.2037507438659667 -1.4277090644836425 -0.70458167552947992
leaf_weight=5.0000000000000018 4.9999999999999991 7.9999999999999991 4.9999999999999991 6.9999999999999991 6.0000000000000018 4.9999999999999991 7.9999999999999991 4.9999999999999991 9.0000000000000018 5.9999999999999982 7.9999999999999991 7 5 4.9999999999999991 5
leaf_count=5 5 8 5 7 6 5 8 5 9 6 8 7 5 5 5
internal_value=-0.0368266 -0.51845 0.0564725 -0.431123 -0.769125 -1.9222 1.05609 -0.678915 -0.267786 -0.861818 0.380248 -1.82385 0.170109 -0.323918 0.275129
internal_weight=99 94 86 81 66 20 15 15 46 24 22 13 10 14 11
internal_count=99 94 86 81 66 20 15 15 46 24 22 13 10 14 11
is_linear=0
shrinkage=0.05


Tree=228
num_leaves=17
num_cat=0
split_feature=1 1 1 7 0 4 5 0 5 3 0 0 6 1 4 6
split_gain=155853 109198 40317.8 107406 19352.1 9903.27 5754.71 4224.59 5964.38 5633.54 11808.7 5435.32 5215.57 5434.96 2673.73 2991.69
threshold=62105.199800608134 39566.250451175925 22348.395371591363 0.21467669911528109 46235.500000000007 2.6272356579924998 0.30656309121883385 43685.500000000007 0.35922375171208942 3.5000000000000004 20969.499999999993 14717.500000000004 13.043294761977926 5657.3230438461069 2.1883376604767633 7.6931119805369192
decision_type=2 2 2 2 2 2 2 2 2 2 2 2 2 2 2 2
left_child=1 2 4 -4 6 -6 -1 8 -8 10 -10 -11 13 -13 15 -15
right_child=-2 -3 3 -5 5 -7 7 -9 9 11 -12 12 -14 14 -16 -17
leaf_value=1.2923636198043824 8.5668045043945309 -7.6824344825744637 8.1574953842163094 -1.7649820168813068 -4.1154384040832523 -0.9684917211532591 -1.8296475069863456 0.93159707387288426 0.42322728293282652 -1.435780658721924 -2.3888224601745605 2.1220188331603977 -1.1198521518707276 0.66674498081207245 0.96479953527450568 -0.98926932811737045
leaf_weight=5.9999999999999991 4.9999999999999991 4.9999999999999991 4.9999999999999982 6 4.9999999999999982 5 6.9999999999999991 5.9999999999999991 6.9999999999999991 4.9999999999999991 7.9999999999999991 5.0000000000000062 4.9999999999999991 5.0000000000000018 7.9999999999999991 6
leaf_count=6 5 5 5 6 5 5 7 6 7 5 8 5 5 5 8 6
internal_value=-0.0349852 -0.492527 -0.0885999 2.74523 -0.488243 -2.54197 -0.186225 -0.329315 -0.464412 -0.269379 -1.07653 0.0867187 0.349219 0.655275 0.26929 -0.236536
internal_weight=99 94 89 11 78 10 68 62 56 49 15 34 29 24 19 11
internal_count=99 94 89 11 78 10 68 62 56 49 15 34 29 24 19 11
is_linear=0
shrinkage=0.05


Tree=229
num_leaves=16
num_cat=0
split_feature=6 0 1 0 6 6 0 1 0 6 0 0 7 3 1
split_gain=152959 682903 509274 19456.6 17649.4 27760 15716.3 14314.2 7070.63 5189.51 4422.86 4375.2 4002.9 3351.76 3314.41
threshold=10.191971975417099 77954.999999999985 39566.250451175925 58162.500000000022 10.737411773725453 11.49094878481216 46235.500000000007 17549.64770584663 18132.499999999996 8.3629238554085266 35195 23817.000000000018 0.041624110544038653 2.5000000000000004 6411.94674379548
decision_type=2 2 2 2 2 2 2 2 2 2 2 2 2 2 2
left_child=2 4 3 6 -2 -6 9 8 12 11 14 -1 13 -7 -10
right_child=1 -3 -4 -5 5 7 -8 -9 10 -11 -12 -13 -14 -15 -16
leaf_value=1.552331438064573 2.4959589401880904 19.202668857574466 -17.41736743927002 2.6064162063598637 -3.2955750056675508 0.70340224266052209 -3.3195469284057619 2.3639128049214682 -0.82549336105585069 -1.229926234483719 0.10223536831992014 -0.29237233532799617 1.2885560452938081 -1.1273782157897949 -2.4665175914764408
leaf_weight=5.0000000000000062 5.9999999999999991 4.9999999999999991 4.9999999999999991 4.9999999999999991 6.9999999999999991 5.0000000000000018 4.9999999999999991 5.9999999999999991 8.0000000000000018 7.9999999999999991 6.9999999999999991 8.9999999999999982 7.9999999999999991 5 4.9999999999999991
leaf_count=5 6 5 5 5 7 5 5 6 8 8 7 9 8 5 5
internal_value=-0.033236 1.48502 -2.57734 -0.258586 -0.0691599 -0.370939 -0.789142 0.0943445 -0.264008 -0.21405 -0.911044 0.36645 0.45492 -0.211988 -1.45666
internal_weight=99 62 37 32 57 51 27 44 38 22 20 14 18 10 13
internal_count=99 62 37 32 57 51 27 44 38 22 20 14 18 10 13
is_linear=0
shrinkage=0.05


Tree=230
num_leaves=19
num_cat=0
split_feature=0 0 0 5 0 2 4 6 6 3 4 6 0 4 7 0 5 2
split_gain=484823 104331 48575.1 37154.6 13384.3 15361.5 11806.4 4581.26 25253.1 21893.3 6873.53 5568.49 5267.28 4183.43 3466.87 4635.78 1994.94 1097.27
threshold=91530 77954.999999999985 54773.500000000007 0.39439240646744306 39777.5 0.38140948671013492 2.5450332819636068 12.204789657770361 13.274265526549931 3.5000000000000004 3.3769844207411572 11.029932159873381 18132.499999999996 2.2221563262003503 0.05467668294401349 11010.999999999998 0.53816252767130213 0.27702064154860279
decision_type=2 2 2 2 2 2 2 2 2 2 2 2 2 2 2 2 2 2
left_child=1 2 4 -4 7 6 -6 9 -9 -1 14 12 -11 16 15 -10 17 -14
right_child=-2 -3 3 -5 5 -7 -8 8 10 11 -12 -13 13 -15 -16 -17 -18 -19
leaf_value=-3.3093800926208496 15.80095132827759 -7.1783388519287117 6.0103471755981452 0.17438869476318358 0.59176554150051519 -3.7190858459472658 -2.4385397529602053 3.2501004244600029 -0.89371325075626307 -1.3508984009424838 1.5534729862213137 1.7751634788513184 0.12691977024078357 1.5920518064498903 -1.4190738814217705 0.86819317000252871 0.80595966815948494 -0.79453373636518199
leaf_weight=4.9999999999999991 4.9999999999999991 4.9999999999999991 5.9999999999999982 5 9.0000000000000018 4.9999999999999991 4.9999999999999991 6.9999999999999991 8.0000000000000053 6.0000000000000027 4.9999999999999991 4.9999999999999991 6.0000000000000053 4.9999999999999991 6.9999999999999991 6.9999999999999991 4.9999999999999991 7
leaf_count=5 5 5 6 5 9 5 5 7 8 6 5 5 6 5 7 7 5 7
internal_value=0.579738 -0.124948 0.21745 3.35764 -0.158007 -1.34012 -0.490486 0.149665 0.573888 -0.22017 -0.119945 0.234125 -0.0315707 0.312602 -0.500267 -0.0714903 -0.0428011 -0.369248
internal_weight=113 108 103 11 92 19 14 73 34 39 27 34 29 23 22 15 18 13
internal_count=113 108 103 11 92 19 14 73 34 39 27 34 29 23 22 15 18 13
is_linear=0
shrinkage=0.05


Tree=231
num_leaves=18
num_cat=0
split_feature=0 1 0 5 0 1 5 1 5 5 1 0 2 2 1 2 0
split_gain=437553 98801.8 101205 34305.6 8542.05 10253.1 4253.49 5225.82 4078.33 6866.99 3297.14 2112.42 4716.81 3028.77 1663.12 849.052 600.624
threshold=91530 24205.677865591173 54773.500000000007 0.40121061746896597 46235.500000000007 15719.604082849797 0.30656309121883385 1926.3337192909112 0.36427410282794453 0.38509189123784332 5052.4392740799294 29848.500000000004 0.43149840856083482 0.18761642588800242 5746.7049674573136 0.35245113372703452 33369.000000000007
decision_type=2 2 2 2 2 2 2 2 2 2 2 2 2 2 2 2 2
left_child=1 2 4 -3 5 6 -1 -8 -9 -10 -11 12 14 -13 -12 -16 -15
right_child=-2 3 -4 -5 -6 -7 7 8 9 10 11 13 -14 16 15 -17 -18
leaf_value=1.4664832305908204 15.010902786254883 -1.7032555898030599 6.7904046376546221 -6.3703055518014091 -1.6000960077558244 2.2091488520304363 -1.2449108749628068 -0.86576079262627492 1.6338118731975557 1.2454616928100588 -1.5531392216682418 1.3460402965545655 0.66110901151384627 0.22636342525482181 -0.039448614120483408 -0.96088860034942614 -0.54863587379455558
leaf_weight=4.9999999999999991 4.9999999999999991 8.9999999999999982 5.9999999999999991 6.9999999999999991 6.9999999999999991 5.9999999999999991 7.9999999999999991 8.9999999999999982 7.9999999999999991 4.9999999999999991 6.0000000000000062 4.9999999999999991 6.9999999999999991 4.9999999999999982 4.9999999999999982 5 5
leaf_count=5 5 9 6 7 7 6 8 9 8 5 6 5 7 5 5 5 5
internal_value=0.550751 -0.1187 0.511976 -3.74509 0.0739464 0.222279 0.0589749 -0.0445184 0.115534 0.288704 0.0384509 -0.120366 -0.421424 0.341256 -0.895033 -0.500169 -0.161136
internal_weight=113 108 92 16 86 79 73 68 60 51 43 38 23 15 16 10 10
internal_count=113 108 92 16 86 79 73 68 60 51 43 38 23 15 16 10 10
is_linear=0
shrinkage=0.05


Tree=232
num_leaves=18
num_cat=0
split_feature=0 0 0 5 1 0 1 5 1 4 4 1 0 2 7 1 2
split_gain=394891 93010.9 42434.4 31361 23405.2 7709.2 9253.4 3838.78 4716.3 3680.69 6197.45 2975.67 1906.46 4256.92 2788.09 1500.97 766.269
threshold=91530 77954.999999999985 54773.500000000007 0.39439240646744306 24205.677865591173 46235.500000000007 15719.604082849797 0.30656309121883385 1926.3337192909112 2.7451911326668745 2.5967981128142408 5052.4392740799294 29848.500000000004 0.43149840856083482 0.16161402610131517 5746.7049674573136 0.35245113372703452
decision_type=2 2 2 2 2 2 2 2 2 2 2 2 2 2 2 2 2
left_child=1 2 4 -4 5 6 7 -1 -9 10 11 -10 13 15 -14 -13 -17
right_child=-2 -3 3 -5 -6 -7 -8 8 9 -11 -12 12 14 -15 -16 16 -18
leaf_value=1.3931590270996095 14.260359641313554 -6.7725255203247077 5.582651138305665 0.22097024917602537 -3.15969873269399 -1.5200911590031216 2.0986915191014606 -1.1826653212308884 1.1831884860992432 -0.82247279485066738 1.5521211802959443 -1.4754823128382348 1.1590712865193686 0.62805361747741706 -0.23239226208792793 -0.037476158142089849 -0.9128441810607909
leaf_weight=4.9999999999999991 4.9999999999999991 4.9999999999999991 5.9999999999999982 5 5.9999999999999991 6.9999999999999991 5.9999999999999991 7.9999999999999991 4.9999999999999991 8.9999999999999982 7.9999999999999991 6.0000000000000062 5.9999999999999991 6.9999999999999991 8.9999999999999982 4.9999999999999982 5
leaf_count=5 5 5 6 5 6 7 6 8 5 9 8 6 6 7 9 5 5
internal_value=0.523214 -0.112765 0.210524 3.14552 -0.1404 0.070249 0.211165 0.0560261 -0.0422925 0.109757 0.274268 0.0365284 -0.114348 -0.400353 0.324193 -0.850281 -0.47516
internal_weight=113 108 103 11 92 86 79 73 68 60 51 43 38 23 15 16 10
internal_count=113 108 103 11 92 86 79 73 68 60 51 43 38 23 15 16 10
is_linear=0
shrinkage=0.05


Tree=233
num_leaves=17
num_cat=0
split_feature=0 1 0 4 0 1 5 1 4 0 6 0 2 6 5 1
split_gain=356389 84880.7 88968.4 30420.6 6957.56 8351.2 3464.5 4256.46 3321.83 5671.13 11594.5 5822.67 5789.66 7064.69 2795.78 247.187
threshold=91530 24205.677865591173 54773.500000000007 2.535545779047951 46235.500000000007 15719.604082849797 0.30656309121883385 1926.3337192909112 2.7451911326668745 29848.500000000004 9.8202207392153866 27800.999999999996 0.30882258029930471 11.029932159873381 0.42586730557949953 10621.309512456515
decision_type=2 2 2 2 2 2 2 2 2 2 2 2 2 2 2 2
left_child=1 2 4 -3 5 6 -1 -8 9 11 15 12 13 -9 -14 -11
right_child=-2 3 -4 -5 -6 -7 7 8 -10 10 -12 -13 14 -15 -16 -17
leaf_value=1.3235010147094728 13.547340087890626 -5.9404423713684089 6.3640729904174806 -1.5456001732084488 -1.4440866606576104 1.993756898244222 -1.1235320568084717 -0.010211038589477535 -0.78134912914699983 0.1622945594787597 2.5669183424540929 -1.3973333563123431 -1.3608874956766766 2.2047453085581465 0.16548551718393961 -0.33488475561141962
leaf_weight=4.9999999999999991 4.9999999999999991 6.9999999999999991 5.9999999999999991 8.9999999999999982 6.9999999999999991 5.9999999999999991 7.9999999999999991 9.0000000000000018 8.9999999999999982 5.0000000000000018 6.9999999999999991 6.9999999999999991 5.9999999999999982 5.9999999999999991 6 5
leaf_count=5 5 7 6 9 7 6 8 9 9 5 7 7 6 6 6 5
internal_value=0.497053 -0.107127 0.477432 -3.46834 0.0667366 0.200607 0.0532248 -0.0401779 0.104269 0.260555 1.0062 -0.11227 0.220895 0.875772 -0.597701 -0.0862951
internal_weight=113 108 92 16 86 79 73 68 60 51 17 34 27 15 12 10
internal_count=113 108 92 16 86 79 73 68 60 51 17 34 27 15 12 10
is_linear=0
shrinkage=0.05


Tree=234
num_leaves=19
num_cat=0
split_feature=0 0 0 5 1 0 1 2 1 1 0 0 6 0 5 0 6 1
split_gain=321641 82969.3 37040.4 26430.6 18582 6279.19 7659.31 3630 3956.92 6763.12 3876.25 3058.4 4521 4477.3 4354.78 2695.75 1575.5 1082.18
threshold=91530 77954.999999999985 54773.500000000007 0.39439240646744306 24205.677865591173 46235.500000000007 13956.18840917876 0.45754712422382926 1580.3453037190059 3269.5990641405679 17132.500000000004 29848.500000000004 12.204789657770361 27800.999999999996 0.38509189123784332 39777.5 9.4306243500006861 6093.7564319131534
decision_type=2 2 2 2 2 2 2 2 2 2 2 2 2 2 2 2 2 2
left_child=1 2 4 -4 5 6 7 8 -1 -10 -11 13 15 14 -12 16 -13 -16
right_child=-2 -3 3 -5 -6 -7 -8 -9 9 10 11 12 -14 -15 17 -17 -18 -19
leaf_value=1.1552272364497185 12.869972610473633 -6.3917672157287599 5.1830565770467132 0.2608535194396972 -2.8145626942316695 -1.37188230242048 1.5636031097835965 -1.284168510437012 -1.3801476180553438 1.5070486736297608 1.3056748676300032 -0.093089864253997762 1.7966240787506103 -1.5254873991012574 -0.92340112527211515 -0.88739927291870124 1.1620999240875243 -0.0083039794649396627
leaf_weight=7.9999999999999991 4.9999999999999991 4.9999999999999991 5.9999999999999982 5 5.9999999999999991 6.9999999999999991 8.9999999999999982 4.9999999999999991 7.9999999999999991 4.9999999999999991 5.0000000000000062 5.0000000000000018 4.9999999999999991 5.9999999999999991 5.9999999999999982 4.9999999999999991 5 7
leaf_count=8 5 5 6 5 6 7 9 5 8 5 5 5 5 6 6 5 5 7
internal_value=0.4722 -0.101771 0.203569 2.94569 -0.124293 0.0633998 0.190577 0.0140447 0.113907 -0.0322429 0.187823 0.0379111 0.494559 -0.342629 0.0516578 0.0605369 0.534505 -0.430657
internal_weight=113 108 103 11 92 86 79 70 65 57 49 44 20 24 18 15 10 13
internal_count=113 108 103 11 92 86 79 70 65 57 49 44 20 24 18 15 10 13
is_linear=0
shrinkage=0.05


Tree=235
num_leaves=18
num_cat=0
split_feature=2 1 2 2 7 4 1 0 1 7 0 4 1 7 7 7 0
split_gain=153793 380487 140899 25241.6 61668.9 90372.9 60226 26655.2 36972.2 4005.01 7170.08 10209.1 16694.2 5422.44 4817.16 1798.46 67.7817
threshold=0.75904576824017289 62105.199800608134 0.56505205340798936 0.30882258029930471 0.067318377819845662 2.8480664780767246 16516.706392829426 58162.500000000022 16516.706392829426 0.041624110544038653 19519.500000000011 2.5967981128142408 7387.5125544820748 0.11928437684421113 0.17020059730283604 0.20086655430696435 21486.000000000011
decision_type=2 2 2 2 2 2 2 2 2 2 2 2 2 2 2 2 2
left_child=2 -2 3 6 -5 7 9 8 15 -1 -11 13 -13 -12 -15 16 -6
right_child=1 -3 -4 4 5 -7 -8 -9 -10 10 11 12 -14 14 -16 -17 -18
leaf_value=-0.92019250733511793 2.7564699461062752 -15.919164276123045 7.9242984453837089 3.7101753314336143 -0.76478971481323099 -7.3510557174682623 5.9409182739257815 2.7283706474304203 -5.0954741859436039 1.7213886737823487 -1.7000775745936794 -0.94931884765625019 2.8334500789642334 0.84612941145896881 -0.84012748930189352 0.41033698320388795 -0.50444045543670646
leaf_weight=6.9999999999999991 5.9999999999999982 5 5.9999999999999991 5.9999999999999991 5.0000000000000089 5.9999999999999991 4.9999999999999991 4.9999999999999991 4.9999999999999991 7.9999999999999991 7.0000000000000027 4.9999999999999982 7 8.0000000000000018 8.9999999999999982 6.9999999999999991 5
leaf_count=7 6 5 6 6 5 6 5 5 5 8 7 5 7 8 9 7 5
internal_value=-0.118183 -5.73245 0.493272 0.0239438 -0.952682 -1.80047 0.704094 -0.567011 -1.31596 0.19068 0.367409 0.066525 1.2573 -0.528861 -0.0465948 -0.204341 -0.634615
internal_weight=112 11 101 95 39 33 56 27 22 51 44 36 12 24 17 17 10
internal_count=112 11 101 95 39 33 56 27 22 51 44 36 12 24 17 17 10
is_linear=0
shrinkage=0.05


Tree=236
num_leaves=18
num_cat=0
split_feature=2 4 2 6 0 4 0 0 4 0 7 5 7 0 4 0 2
split_gain=138798 132903 809820 277040 121367 25138.1 94631.5 69581.7 19418.1 22533.3 21321.3 8823.96 6393.46 5679.41 4332.45 2549.71 2270.31
threshold=0.75904576824017289 3.0121539584389425 0.56505205340798936 13.8610787059551 66429.000000000015 2.3481496299525113 70868.500000000015 54773.500000000007 2.5967981128142408 46235.500000000007 0.2385095961990355 0.36427410282794453 0.15165859421828662 20369.499999999996 2.4924571051868147 29848.500000000004 0.27702064154860279
decision_type=2 2 2 2 2 2 2 2 2 2 2 2 2 2 2 2 2
left_child=1 2 5 -3 -2 7 8 13 10 11 12 -10 14 -1 -7 -15 -17
right_child=4 3 -4 -5 -6 6 -8 -9 9 -11 -12 -13 -14 15 -16 16 -18
leaf_value=1.1473942862616642 -0.65144860347112032 -12.196561813354492 20.75475694656372 1.6738698535495335 -11.199092254638671 0.31663423061370816 -7.2202612686157224 6.5161310386657725 -0.91660680770873992 4.0936248779296873 -3.831942205429077 1.514216675077166 1.1914980729420981 -0.98791453573438825 -1.6104180472237724 0.92549869537353535 -0.58125707864761345
leaf_weight=9.0000000000000018 5.9999999999999982 5.9999999999999991 4.9999999999999991 8.9999999999999982 5 5.0000000000000053 4.9999999999999991 4.9999999999999991 8.0000000000000018 4.9999999999999991 4.9999999999999991 6.9999999999999991 5.9999999999999991 9.0000000000000018 7 4.9999999999999982 5
leaf_count=9 6 6 5 9 5 5 5 5 8 5 5 7 6 9 7 5 5
internal_value=-0.112274 0.468608 1.22609 -3.8743 -5.44583 0.0206196 -0.709729 1.08294 0.0473095 1.18674 -0.943499 0.217777 -0.141154 0.112733 -0.80748 -0.37737 0.172121
internal_weight=112 101 86 15 11 81 48 33 43 20 23 15 18 28 12 19 10
internal_count=112 101 86 15 11 81 48 33 43 20 23 15 18 28 12 19 10
is_linear=0
shrinkage=0.05


Tree=237
num_leaves=18
num_cat=0
split_feature=4 5 1 1 3 0 1 0 1 5 5 5 0 4 4 0 0
split_gain=121012 494328 327220 107394 15749.5 13502.2 35998.4 23004.4 15530 4212.39 6158.73 5226.69 2757.74 10736.6 4575.04 2976.34 1135.04
threshold=3.0121539584389425 0.34079229426713314 24205.677865591173 52757.674236056024 1.5000000000000002 58162.500000000022 24205.677865591173 70868.500000000015 16516.706392829426 0.36427410282794453 0.38509189123784332 0.39439240646744306 20369.499999999996 2.2516050081241255 2.2221563262003503 29848.500000000004 43685.500000000007
decision_type=2 2 2 2 2 2 2 2 2 2 2 2 2 2 2 2 2
left_child=1 -1 4 5 -2 6 8 -7 9 -3 -11 -12 13 -13 15 -14 -16
right_child=2 3 -4 -5 -6 7 -8 -9 -10 10 11 12 14 -15 16 -17 -18
leaf_value=14.479632727305095 -1.3254956245422358 -1.3416085322697959 -14.73844435930252 -6.80783093770345 2.2972966353098552 3.8379669030507411 -4.2227579498291012 -0.7541308975219726 2.403907612391881 1.4385059186390468 -1.529512937863668 2.4389071750640876 -1.4394624322652805 -0.69827291170756023 0.13893972635269167 -0.1139942420853509 1.0992640876770019
leaf_weight=5.9999999999999991 6.0000000000000018 5.9999999999999991 4.9999999999999991 5.9999999999999991 6 5.9999999999999982 4.9999999999999991 5 6.9999999999999991 6.9999999999999991 5.9999999999999991 4.9999999999999982 8.0000000000000053 6 7.9999999999999982 8.9999999999999982 5
leaf_count=6 6 6 5 6 6 6 5 5 7 7 6 5 8 6 8 9 5
internal_value=-0.106661 0.588583 -3.99185 -0.347892 0.485901 0.119092 -0.130174 1.75065 0.175243 -0.0847683 0.0548806 -0.151191 0.0505144 0.727718 -0.197794 -0.737744 0.508295
internal_weight=112 95 17 89 12 83 72 11 67 60 54 47 41 11 30 17 13
internal_count=112 95 17 89 12 83 72 11 67 60 54 47 41 11 30 17 13
is_linear=0
shrinkage=0.05


Tree=238
num_leaves=18
num_cat=0
split_feature=2 1 4 2 6 4 0 0 3 2 1 2 2 4 0 6 6
split_gain=111178 322212 111126 720096 245539 24775 86465.8 62526.7 16262.5 13308.4 15183.2 8572.97 11589.6 7169.22 4572.8 2122.65 1689.07
threshold=0.75904576824017289 62105.199800608134 3.0121539584389425 0.56505205340798936 13.8610787059551 2.3481496299525113 70868.500000000015 54773.500000000007 2.5000000000000004 0.38140948671013492 11399.273390776547 0.23674119032890859 0.1816627865598146 2.5967981128142408 20369.499999999996 10.485838715812053 9.4306243500006861
decision_type=2 2 2 2 2 2 2 2 2 2 2 2 2 2 2 2 2
left_child=2 -2 3 5 -4 7 8 14 -7 10 11 12 -10 -13 -1 16 -16
right_child=1 -3 4 -5 -6 6 -8 -9 9 -11 -12 13 -14 -15 15 -17 -18
leaf_value=1.0377943462795678 2.9370319684346526 -14.249029998779296 -11.387479082743328 19.526276397705079 1.6705874972873265 2.6536819458007814 -6.9738794326782232 6.179486427307129 0.091067562103271382 -2.3487778527396066 2.3237201929092408 -0.88968646185738709 -3.3132774066925048 1.3013896048069 -0.42390086650848374 -1.2147058963775637 0.72227681636810304
leaf_weight=9.0000000000000018 5.9999999999999982 5 5.9999999999999991 4.9999999999999991 8.9999999999999982 4.9999999999999991 4.9999999999999991 4.9999999999999991 5.0000000000000053 6.9999999999999991 5.9999999999999991 6.9999999999999991 5 7.9999999999999991 9.0000000000000018 4.9999999999999991 4.9999999999999991
leaf_count=9 6 5 6 5 9 5 5 5 5 7 6 7 5 8 9 5 5
internal_value=-0.101328 -4.87481 0.418557 1.11121 -3.55264 -0.0255249 -0.75058 1.0291 -0.0269407 -0.379654 0.0649866 -0.47711 -1.6111 0.278887 0.109389 -0.330382 -0.0145517
internal_weight=112 11 101 86 15 81 48 33 43 38 31 25 10 15 28 19 14
internal_count=112 11 101 86 15 81 48 33 43 38 31 25 10 15 28 19 14
is_linear=0
shrinkage=0.05


Tree=239
num_leaves=17
num_cat=0
split_feature=6 5 6 4 5 4 0 7 4 2 2 5 1 5 0 1
split_gain=105064 920444 501314 36382 54391.7 39392.6 35469 27538.9 16896.2 6321.43 7095.96 7117.53 7455.48 9562.65 7735.91 4067.49
threshold=9.8202207392153866 0.36427410282794453 10.737411773725453 2.2723896376949191 0.41781195714099434 2.1543446061517115 70868.500000000015 0.2385095961990355 1.929028480034092 0.55662553940215431 0.35245113372703452 0.33198916330476513 7387.5125544820748 0.38926142689652604 20369.499999999996 4405.9086795478224
decision_type=2 2 2 2 2 2 2 2 2 2 2 2 2 2 2 2
left_child=1 -1 -2 5 7 8 9 -5 -3 10 11 -4 14 -14 15 -13
right_child=2 3 6 4 -6 -7 -8 -9 -10 -11 -12 12 13 -15 -16 -17
leaf_value=-22.183948516845703 12.148755057652792 -1.136604494518703 -1.6546654156276159 2.0114138020409471 6.0485220432281501 -4.7880786228179932 -4.5716290807724 -2.6166667294502259 2.138719311782292 -1.5603369917188372 1.5177462271281652 -0.44212224781513182 2.5018711884816494 -0.45883175373077389 -1.8045963900429862 1.3757978439331056
leaf_weight=4.9999999999999991 8.9999999999999982 9.0000000000000053 6.9999999999999991 9.0000000000000018 5.9999999999999991 4.9999999999999991 4.9999999999999991 4.9999999999999991 6.9999999999999991 6.9999999999999991 6.9999999999999991 8.0000000000000053 5.9999999999999982 5 6.9999999999999991 4.9999999999999991
leaf_count=5 9 9 7 9 6 5 5 5 7 7 7 8 6 5 7 5
internal_value=-0.0962612 -1.93061 1.18222 0.53931 2.06553 -0.914228 -0.549334 0.358528 0.29635 -0.162575 0.0548549 -0.214625 0.110545 1.1561 -0.464508 0.257078
internal_weight=112 46 66 41 20 21 57 14 16 52 45 38 31 11 20 13
internal_count=112 46 66 41 20 21 57 14 16 52 45 38 31 11 20 13
is_linear=0
shrinkage=0.05


Tree=240
num_leaves=20
num_cat=0
split_feature=1 1 3 4 1 2 5 2 4 1 7 4 1 7 2 7 5 6 6
split_gain=140854 71589.6 174659 12550.9 29606.1 41773.5 15416.7 7643.98 3008.19 7888.07 14128 7169.65 5443.88 6611.53 5999.86 4797.75 3284.3 2579.47 2617.12
threshold=62105.199800608134 29628.349800647582 3.5000000000000004 3.1962238028246612 16516.706392829426 0.32534461537208209 0.39559492442219535 0.30882258029930471 1.9905416946811754 10621.309512456515 0.17020059730283604 2.1543446061517115 6411.94674379548 0.13023781247678756 0.26451798600539184 0.090753606681850285 0.53816252767130213 15.008018257059971 13.8610787059551
decision_type=2 2 2 2 2 2 2 2 2 2 2 2 2 2 2 2 2 2 2
left_child=1 3 -3 4 8 -6 -7 -5 16 11 -11 -10 13 15 -14 17 -1 18 -13
right_child=-2 2 -4 7 5 6 -8 -9 9 10 -12 12 14 -15 -16 -17 -18 -19 -20
leaf_value=-1.6437241213662288 8.1205410766601567 -11.275697071552278 0.6369294404983521 -0.29215617656707771 5.949491147994995 2.3153690338134769 -1.6110472393035886 -3.0569312953948971 1.138655894143241 3.0965330886840827 -0.5021665591746568 -0.43410197734832678 -2.7852831697463993 1.4580504155158998 -0.62506061924828427 -1.9186472729500386 0.034104971885681144 -0.79201055367787676 1.1836510944366452
leaf_weight=6.9999999999999982 4.9999999999999991 4.9999999999999991 7.9999999999999991 4.9999999999999982 4.9999999999999991 4.9999999999999982 5 5 6.9999999999999991 4.9999999999999982 6 5.0000000000000089 4.9999999999999991 4.9999999999999991 8.9999999999999982 4.9999999999999991 5 8.9999999999999982 5
leaf_count=7 5 5 8 5 5 5 5 5 7 5 6 5 5 5 9 5 5 9 5
internal_value=-0.0886836 -0.458469 -3.94485 0.00401067 0.194755 2.21794 0.352161 -1.67454 -0.220967 -0.0786072 1.13361 -0.345294 -0.586867 -0.195977 -1.39657 -0.540566 -0.944629 -0.177913 0.374775
internal_weight=116 111 13 98 88 15 10 10 73 61 11 50 43 29 14 24 12 19 10
internal_count=116 111 13 98 88 15 10 10 73 61 11 50 43 29 14 24 12 19 10
is_linear=0
shrinkage=0.05


Tree=241
num_leaves=19
num_cat=0
split_feature=1 1 5 4 1 6 1 1 1 7 4 4 5 1 4 5 1 1
split_gain=127121 64609.6 166925 11472.4 57834 21875.5 36496.5 5249.67 4294.68 5129.44 3237.46 3157.61 2964.08 2243.74 3722.94 2059.86 2710.36 839.669
threshold=62105.199800608134 29628.349800647582 0.40949729383885825 2.535545779047951 16516.706392829426 10.631232603955729 17549.64770584663 1580.3453037190059 9833.536278827658 0.08708707792479202 1.9905416946811754 2.1543446061517115 0.53816252767130213 3269.5990641405679 2.6969315988360472 0.41781195714099434 5657.3230438461069 7607.5887173799301
decision_type=2 2 2 2 2 2 2 2 2 2 2 2 2 2 2 2 2 2
left_child=1 3 -3 4 10 -5 7 -7 9 13 12 -12 -1 -9 -15 -13 -17 -18
right_child=-2 2 -4 5 -6 6 -8 8 -10 -11 11 15 -14 14 -16 16 17 -19
leaf_value=-1.5615379265376503 7.7145133972167974 -8.9930879865373896 2.3721194585164382 2.5347926902770999 4.4195761382579803 0.99236929757254466 -3.9936728298664095 -1.2869583320617659 0.75390110969543456 -2.2713615798950193 0.92623364329338076 0.39009773499435835 0.032399725914001462 -0.95447506904602075 0.97501709938049308 -1.5206756639480592 -0.51547453204790761 0.36184910774230955
leaf_weight=6.9999999999999982 4.9999999999999991 6.9999999999999982 6 4.9999999999999991 7.9999999999999991 6.9999999999999991 7.9999999999999991 5.0000000000000062 4.9999999999999991 4.9999999999999991 7.9999999999999991 9.0000000000000018 5 4.9999999999999982 5 4.9999999999999991 5.9999999999999982 5
leaf_count=7 5 7 6 5 8 7 8 5 5 5 8 9 5 5 5 5 6 5
internal_value=-0.0842495 -0.435545 -3.74761 0.00381013 0.502295 -0.583294 -0.973055 -0.2179 -0.556775 -0.884444 -0.194111 0.0616294 -0.897397 -0.422139 0.010271 -0.215044 -0.555436 -0.116691
internal_weight=116 111 13 98 53 45 40 32 25 20 45 33 12 15 10 25 16 11
internal_count=116 111 13 98 53 45 40 32 25 20 45 33 12 15 10 25 16 11
is_linear=0
shrinkage=0.05


Tree=242
num_leaves=18
num_cat=0
split_feature=1 0 1 0 1 0 3 2 1 2 5 2 2 2 4 1 7
split_gain=114726 150719 62642.6 24159.9 11654.1 15507.7 4239.45 18704.4 16792.3 4781.85 6134.95 2870.74 10454.6 5467.38 2201.85 7226.77 741.544
threshold=62105.199800608134 87502.499999999985 33902.646891508019 62016 27797.939671950877 48227.499999999993 3.5000000000000004 0.38140948671013492 13956.18840917876 0.2079265850607315 0.35922375171208942 0.24472592425180703 0.22093611501468283 0.26451798600539184 2.1543446061517115 9833.536278827658 0.10044078237494418
decision_type=2 2 2 2 2 2 2 2 2 2 2 2 2 2 2 2 2
left_child=1 2 3 4 5 6 7 9 11 -1 -11 12 -8 -13 15 -15 -16
right_child=-2 -3 -4 -5 -6 -7 8 -9 -10 10 -12 13 -14 14 16 -17 -18
leaf_value=-0.81981096532609665 7.3287878417968759 -8.1212330977121994 5.4883252716064455 -3.3225631713867188 -2.3989294052124026 2.0496453126271565 0.27309534996747975 -2.8724507536206927 2.4134896580662049 1.8660084247589113 -0.24903303384780884 1.391662104924519 -2.6414145493507384 1.6149727630615225 -0.21236133098602297 -1.0732926750183105 -0.97180590099758568
leaf_weight=9.0000000000000053 4.9999999999999991 5.9999999999999991 4.9999999999999991 5.9999999999999991 4.9999999999999991 8.9999999999999982 7.9999999999999982 6.9999999999999991 6.9999999999999991 5.9999999999999991 7.9999999999999991 6.0000000000000027 5 5.0000000000000018 4.9999999999999991 5 8.9999999999999982
leaf_count=9 5 6 5 6 5 9 8 7 7 6 8 6 5 5 5 5 9
internal_value=-0.080037 -0.413768 0.0266588 -0.246425 -0.0500753 0.0818828 -0.13949 -0.609389 0.142449 0.079369 0.657413 -0.227256 -0.84787 0.0416771 -0.295819 0.27084 -0.700576
internal_weight=116 111 105 100 94 89 80 30 50 23 14 43 13 30 24 10 14
internal_count=116 111 105 100 94 89 80 30 50 23 14 43 13 30 24 10 14
is_linear=0
shrinkage=0.05


Tree=243
num_leaves=19
num_cat=0
split_feature=1 0 1 0 1 0 4 2 1 2 5 6 0 4 0 1 0 1
split_gain=103541 136024 56534.9 21804.3 10517.9 13995.7 2476.72 13008.7 9104.65 5712.5 16949.1 3361.21 3319.3 3079.71 2611.57 1897.55 1081.28 1948.61
threshold=62105.199800608134 87502.499999999985 33902.646891508019 62016 27797.939671950877 48227.499999999993 2.5450332819636068 0.38140948671013492 15719.604082849797 0.23674119032890859 0.33597815644353413 11.029932159873381 18132.499999999996 2.2516050081241255 20369.499999999996 9833.536278827658 29848.500000000004 6411.94674379548
decision_type=2 2 2 2 2 2 2 2 2 2 2 2 2 2 2 2 2 2
left_child=1 2 3 4 5 6 8 9 11 10 -8 12 -1 -13 -11 16 17 -14
right_child=-2 -3 -4 -5 -6 -7 7 -9 -10 14 -12 13 15 -15 -16 -17 -18 -19
leaf_value=-1.619295461177825 6.9623489379882812 -7.7151716391245531 5.2139088439941403 -3.1564351399739583 -2.2789829635620116 1.9471629910998876 0.87731685638427703 -2.815902767181397 2.1140739631652834 0.15240042474534776 -2.7442005554835003 1.4909961128234865 -0.8569326925277706 -0.056689352459377722 1.5776108360290528 -0.77713586754269071 0.74156358242034914 0.53899343490600582
leaf_weight=5.0000000000000027 4.9999999999999991 5.9999999999999991 4.9999999999999991 5.9999999999999991 4.9999999999999991 8.9999999999999982 7.0000000000000018 4.9999999999999991 4.9999999999999991 8.9999999999999982 6 4.9999999999999991 5.0000000000000018 8.9999999999999982 4.9999999999999991 8.9999999999999982 4.9999999999999991 5
leaf_count=5 5 6 5 6 5 9 7 5 5 9 6 5 5 9 5 9 5 5
internal_value=-0.0760351 -0.393079 0.0253258 -0.234103 -0.0475715 0.0777887 -0.132516 -0.473245 0.0946368 -0.0394195 -0.794153 -0.140181 -0.44733 0.496055 0.661404 -0.203171 0.141208 -0.15897
internal_weight=116 111 105 100 94 89 80 32 48 27 13 43 29 14 14 24 15 10
internal_count=116 111 105 100 94 89 80 32 48 27 13 43 29 14 14 24 15 10
is_linear=0
shrinkage=0.05


Tree=244
num_leaves=19
num_cat=0
split_feature=6 5 0 4 5 6 2 5 4 3 6 1 6 0 3 0 6 2
split_gain=93796.7 678474 565088 30680.7 52429.4 29617.3 27876.1 28784.5 16222.1 14073.6 29346 23214.7 19763.8 23901.6 4761.57 6723.41 4613.55 5391.33
threshold=10.191971975417099 0.38509189123784332 77954.999999999985 2.2723896376949191 0.41781195714099434 7.6506066014448839 0.38140948671013492 0.52913203615314297 2.0660216113510246 4.5000000000000009 11.029932159873381 22348.395371591363 11.029932159873381 39777.5 3.5000000000000004 27800.999999999996 15.008018257059971 0.2079265850607315
decision_type=2 2 2 2 2 2 2 2 2 2 2 2 2 2 2 2 2 2
left_child=1 -1 9 6 5 -5 8 -8 -3 11 -11 12 -2 14 15 16 -14 -18
right_child=2 3 -4 4 -6 -7 7 -9 -10 10 -12 -13 13 -15 -16 -17 17 -19
leaf_value=-19.206083066463471 2.3161347014563427 -0.81587963898976623 17.289769248962404 -2.9762228953838332 5.6763164043426517 2.2342683315277099 -5.5639699935913098 -0.19885095596313473 2.5405069549878441 -4.2122204383214319 0.30210689173804389 3.4751582717895513 1.2144069535391653 -3.4696939468383792 1.3910732650756836 -1.6184142955711911 -1.6547686004638675 0.49491427966526569
leaf_weight=4.9999999999999991 6.9999999999999991 9.0000000000000018 4.9999999999999991 5.0000000000000018 5.9999999999999991 6 4.9999999999999982 5 5.9999999999999991 5.9999999999999991 8.9999999999999982 4.9999999999999991 7.0000000000000098 5.9999999999999991 4.9999999999999991 6.9999999999999991 4.9999999999999982 7
leaf_count=5 7 9 5 5 6 6 5 5 6 6 9 5 7 6 5 7 5 7
internal_value=-0.0722334 -1.79494 1.1012 0.277819 1.91661 -0.134137 -0.836559 -2.88141 0.526675 -0.16353 -1.50362 0.246703 -0.120167 -0.581089 -0.0220041 -0.29375 0.194285 -0.400787
internal_weight=116 47 69 42 17 11 25 10 15 64 15 49 44 37 31 26 19 12
internal_count=116 47 69 42 17 11 25 10 15 64 15 49 44 37 31 26 19 12
is_linear=0
shrinkage=0.05


Tree=245
num_leaves=17
num_cat=0
split_feature=0 2 0 2 2 0 0 4 2 4 4 2 4 2 6 3
split_gain=563762 50860.1 13254.2 124510 15290.4 17577.2 16156.7 3449.3 2933.71 8589.17 7330.95 7291.19 5769.58 2731.66 1497.99 713.426
threshold=91530 0.90942970609434792 58162.500000000022 0.40053970387469134 0.38140948671013492 46235.500000000007 50610.999999999993 2.2516050081241255 0.22605089977735515 2.7451911326668745 2.9765045141594961 0.24472592425180703 2.2221563262003503 0.27702064154860279 11.49094878481216 3.5000000000000004
decision_type=2 2 2 2 2 2 2 2 2 2 2 2 2 2 2 2
left_child=1 2 4 -4 6 7 8 -6 9 12 11 -10 -1 -13 -15 -9
right_child=-2 -3 3 -5 5 -7 -8 15 10 -11 -12 13 -14 14 -16 -17
leaf_value=-0.18063694953918444 -17.458084316253661 -5.163850250244141 -3.0369285174778535 6.7787196477254232 0.61937564214070573 -3.1988080501556397 2.9339852142333989 -1.3193674278259282 -2.3568496608734115 -1.286763324737549 1.4531440353393554 0.43063704172770167 1.9844928145408631 -1.2053748880113875 -0.20381845831871034 -0.47472209453582759
leaf_weight=5.0000000000000027 4.9999999999999991 4.9999999999999991 6.9999999999999982 6 6.0000000000000062 7.9999999999999991 4.9999999999999991 4.9999999999999982 5.0000000000000027 4.9999999999999991 4.9999999999999991 9.0000000000000018 7.9999999999999991 6.9999999999999991 7.9999999999999991 5
leaf_count=5 5 5 7 6 6 8 5 5 5 5 5 9 8 7 8 5
internal_value=-1.07733 -0.250022 0.0113517 1.49337 -0.226503 -1.28519 0.219261 -0.328387 -0.0417697 0.474386 -0.315028 -0.619886 1.15175 -0.258018 -0.671211 -0.897045
internal_weight=104 99 94 13 81 24 57 16 52 18 34 29 13 24 15 10
internal_count=104 99 94 13 81 24 57 16 52 18 34 29 13 24 15 10
is_linear=0
shrinkage=0.05


Tree=246
num_leaves=19
num_cat=0
split_feature=0 2 0 2 2 0 0 4 3 6 0 5 2 2 4 4 3 3
split_gain=508795 45901.2 11961.9 112370 13799.6 15863.4 14581.4 3112.99 2718.32 6532.23 3432.46 2191.56 2608.64 2966.02 2658.67 797.561 643.867 266.926
threshold=91530 0.90942970609434792 58162.500000000022 0.40053970387469134 0.38140948671013492 46235.500000000007 50610.999999999993 2.2516050081241255 2.5000000000000004 15.008018257059971 11010.999999999998 0.36316424738755676 0.1816627865598146 0.23674119032890859 2.5967981128142408 2.3481496299525113 3.5000000000000004 5.5000000000000009
decision_type=2 2 2 2 2 2 2 2 2 2 2 2 2 2 2 2 2 2
left_child=1 2 4 -4 6 7 8 -6 9 -1 -10 -12 -13 -14 15 17 -9 -15
right_child=-2 -3 3 -5 5 -7 -8 16 10 -11 11 12 13 14 -16 -17 -18 -19
leaf_value=1.9791021728515628 -16.585181159973143 -4.9056575775146491 -2.8850820813860221 6.4397836685180652 0.58840686877568493 -3.0388677597045901 2.7872859334945681 -1.2533990669250492 1.0135210609436036 -0.57672023773193348 -1.3557413578033448 0.81892394542694091 -1.5236652755737294 0.072196550369262605 0.83894517898559584 -0.88199635233197893 -0.45098601102828972 -0.44445192337036127
leaf_weight=4.9999999999999982 4.9999999999999991 4.9999999999999991 6.9999999999999982 6 6.0000000000000062 7.9999999999999991 4.9999999999999991 4.9999999999999982 4.9999999999999991 5 4.9999999999999991 4.9999999999999991 5.0000000000000027 5.0000000000000053 4.9999999999999991 6.9999999999999991 5 5
leaf_count=5 5 5 7 6 6 8 5 5 5 5 5 5 5 5 5 7 5 5
internal_value=-1.02347 -0.237521 0.0107841 1.4187 -0.215178 -1.22093 0.208298 -0.311968 -0.0396812 0.701191 -0.216079 -0.382242 -0.230132 -0.424402 -0.174569 -0.472662 -0.852193 -0.186128
internal_weight=104 99 94 13 81 24 57 16 52 10 42 37 32 27 22 17 10 10
internal_count=104 99 94 13 81 24 57 16 52 10 42 37 32 27 22 17 10 10
is_linear=0
shrinkage=0.05


Tree=247
num_leaves=18
num_cat=0
split_feature=0 1 5 7 1 4 1 1 7 7 7 5 1 4 5 1 3
split_gain=459188 21623.1 56708.8 26731 34805.7 14181.7 48034.2 35391.9 8497.07 9679.54 5485.28 2957.6 1820.78 1393.75 1064.02 803.824 614.994
threshold=91530 24205.677865591173 0.42201395357088417 0.2385095961990355 31062.671928726599 2.535545779047951 16516.706392829426 13301.812676166339 0.11014458600331878 0.07366083498123159 0.058358282577577782 0.41243257855243948 1926.3337192909112 2.3481496299525113 0.5184683316555917 8017.8764203639594 4.5000000000000009
decision_type=2 2 2 2 2 2 2 2 2 2 2 2 2 2 2 2 2
left_child=1 5 3 4 -3 6 11 8 9 10 12 -1 -7 14 15 16 -13
right_child=-2 2 -4 -5 -6 7 -8 -9 -10 -11 -12 13 -14 -15 -16 -17 -18
leaf_value=0.97825042853752775 -15.755921630859376 -1.6144140434265131 -6.3057513236999512 -3.142124938964844 4.2852192497253414 0.39581435203552162 4.2481385350227354 -4.4995740890502933 1.7270948727925619 -2.3340235805511478 1.5600854206085206 -0.46940483252207366 -0.79421335193845966 -0.91941313743591313 -0.64404261906941729 0.5973337650299072 0.24648273388544717
leaf_weight=5.9999999999999991 4.9999999999999991 5.0000000000000018 4.9999999999999991 4.9999999999999991 5 5.0000000000000098 7.9999999999999991 4.9999999999999991 5.9999999999999991 4.9999999999999991 4.9999999999999991 6.0000000000000089 8.9999999999999982 5.9999999999999991 5.9999999999999991 5.9999999999999991 6
leaf_count=6 5 5 5 5 5 5 8 5 6 5 5 6 9 6 6 6 6
internal_value=-0.972293 -0.225645 -1.69427 -0.157107 1.3354 0.146158 0.743644 -0.604967 0.0441343 -0.376606 0.138504 -0.0351323 -0.369203 -0.237809 -0.0674077 0.124804 -0.111461
internal_weight=104 99 20 15 10 79 44 35 30 24 19 36 14 30 24 18 12
internal_count=104 99 20 15 10 79 44 35 30 24 19 36 14 30 24 18 12
is_linear=0
shrinkage=0.05


Tree=248
num_leaves=17
num_cat=0
split_feature=1 4 0 6 1 0 4 3 1 6 5 4 7 1 1 1
split_gain=422940 9651.75 53395.3 30374.8 24796.8 40546.4 10824.9 8651.21 16485.2 9618.62 2567.37 1327.39 1965.22 3746.24 2737.15 721.511
threshold=52757.674236056024 2.4420260066434127 50610.999999999993 7.1676944068471782 27797.939671950877 53055.999999999993 2.535545779047951 2.5000000000000004 9442.0625753316071 15.008018257059971 0.37079327361855535 1.8581763196093466 0.14029013502643015 5657.3230438461069 7387.5125544820748 10621.309512456515
decision_type=2 2 2 2 2 2 2 2 2 2 2 2 2 2 2 2
left_child=1 2 11 -3 5 6 -5 9 10 -8 -9 -1 13 -13 -14 -16
right_child=-2 3 -4 4 -6 -7 7 8 -10 -11 -12 12 14 -15 15 -17
leaf_value=0.49903707504272465 -11.969125843048097 -3.788508340716362 4.5564022881644117 2.1172914614280063 2.9917678674062094 -4.2544912179311121 2.2799029986063646 0.61059345271852261 -3.0265953699747725 -0.55126509666442869 -0.80250490188598644 -1.009068059921264 0.17983367443084719 0.73558596968650825 -0.82823860168457042 -1.6776566648483275
leaf_weight=4.9999999999999991 7.9999999999999991 5.9999999999999991 6.9999999999999991 5.9999999999999991 5.9999999999999991 5.9999999999999991 5.9999999999999982 9.0000000000000018 5.9999999999999991 6 4.9999999999999991 5.0000000000000027 4.9999999999999991 7.9999999999999991 4.9999999999999982 5
leaf_count=5 8 6 7 6 6 6 6 9 6 6 5 5 5 8 5 5
internal_value=-0.923678 -0.00322426 0.589976 -0.426939 -0.0235504 -0.43473 0.16839 -0.197029 -0.833838 0.864319 0.105915 -0.251387 -0.385391 0.0645652 -0.775354 -1.25295
internal_weight=104 96 40 56 50 44 38 32 20 12 14 33 28 13 15 10
internal_count=104 96 40 56 50 44 38 32 20 12 14 33 28 13 15 10
is_linear=0
shrinkage=0.05


Tree=249
num_leaves=17
num_cat=0
split_feature=0 0 0 1 6 3 0 1 1 7 7 7 6 6 4 0
split_gain=390994 18706.5 15695.9 30940.9 8072.12 10539.4 9731.53 5741.66 3061.45 4628.91 3968.92 3716.69 6752.2 7685.99 2374.22 1119.95
threshold=91530 70868.500000000015 58162.500000000022 29628.349800647582 7.1676944068471782 4.5000000000000009 50610.999999999993 17549.64770584663 1580.3453037190059 0.041624110544038653 0.05467668294401349 0.070310733269566925 12.204789657770361 10.631232603955729 2.3934212238621493 29848.500000000004
decision_type=2 2 2 2 2 2 2 2 2 2 2 2 2 2 2 2
left_child=1 2 3 4 5 -1 7 8 -6 -10 -11 -12 13 14 15 -13
right_child=-2 -3 -4 -5 6 -7 -8 -9 9 10 11 12 -14 -15 -16 -17
leaf_value=-0.22323482831319175 -14.519278297424316 -2.6802022048405241 2.1173067092895508 -3.6604154586791995 0.85577047211783275 2.7403460025787352 -2.2718629670143127 1.6460353469848634 -1.7036975193023682 1.2280060195922853 -1.31190151487078 -0.72851261751992302 1.2180017903447151 -2.0091194391250613 0.98321302413940437 0.20241765578587848
leaf_weight=5.9999999999999982 4.9999999999999991 6.9999999999999991 7.9999999999999991 5.9999999999999991 6.9999999999999991 6 4.9999999999999991 4.9999999999999991 4.9999999999999991 4.9999999999999991 6.9999999999999991 7.0000000000000053 7.9999999999999991 5.9999999999999991 4.9999999999999991 6
leaf_count=6 5 7 8 6 7 6 5 5 5 5 7 7 8 6 5 6
internal_value=-0.877494 -0.188515 0.00106952 -0.200477 0.0656722 1.25856 -0.151216 0.0226079 -0.122341 -0.262071 -0.09825 -0.268283 -0.0399912 -0.459322 0.0572768 -0.298852
internal_weight=104 99 92 84 78 12 66 61 56 49 44 39 32 24 18 13
internal_count=104 99 92 84 78 12 66 61 56 49 44 39 32 24 18 13
is_linear=0
shrinkage=0.05


Tree=250
num_leaves=17
num_cat=0
split_feature=0 0 5 1 1 0 1 2 2 0 2 5 5 0 5 2
split_gain=266180 40870.4 16302 78147.5 45618.8 20410.2 10360.1 13297 11735.4 5347.98 3566.76 2652.56 4254.4 3955.56 3917.8 2119.33
threshold=87502.499999999985 70868.500000000015 0.39559492442219535 22348.395371591363 22348.395371591363 45841.500000000007 13301.812676166339 0.18761642588800242 0.2566042183329999 33369.000000000007 0.30882258029930471 0.50249433107651253 0.53816252767130213 29586.000000000004 0.44412785151983714 0.33522895219823584
decision_type=2 2 2 2 2 2 2 2 2 2 2 2 2 2 2 2
left_child=1 2 4 5 6 11 7 -1 9 -9 -10 13 -13 14 15 -4
right_child=-2 -3 3 -5 -6 -7 -8 8 10 -11 -12 12 -14 -15 -16 -17
leaf_value=-1.520633333921432 9.8020124571664002 -4.6896198654174803 0.64514803886413497 -4.8881351576911083 4.0687491893768311 2.9458747386932376 -2.2174481296539308 0.9773843383789057 -0.91139215060642798 3.2899552917480466 0.74993108113606766 -1.927346711158753 0.13527319908142088 -0.86289190948009498 1.3980351686477661 -0.74866591691970819
leaf_weight=8.0000000000000018 6.9999999999999991 4.9999999999999991 5.0000000000000053 8.9999999999999982 7.9999999999999991 5.9999999999999991 4.9999999999999991 5.0000000000000018 6.9999999999999982 5 6 4.9999999999999982 5 7.9999999999999991 6.9999999999999991 6
leaf_count=8 7 5 5 9 8 6 5 5 7 5 6 5 5 8 7 6
internal_value=0.37625 -0.283554 -0.0516553 -0.660029 0.653505 0.245994 -0.105438 0.235209 0.845937 2.13367 -0.144628 -0.203986 -0.896037 0.0621868 0.473333 -0.115114
internal_weight=107 100 95 51 44 42 36 31 23 10 13 36 10 26 18 11
internal_count=107 100 95 51 44 42 36 31 23 10 13 36 10 26 18 11
is_linear=0
shrinkage=0.05


Tree=251
num_leaves=17
num_cat=0
split_feature=0 0 4 1 1 0 1 2 2 2 2 4 5 0 5 2
split_gain=240227 36885.5 14712.6 70528.1 41170.9 18420.2 9349.96 12000.6 10799.3 2562.96 3219 2393.93 3839.6 3569.89 3535.81 1912.69
threshold=87502.499999999985 70868.500000000015 2.5278384386296175 22348.395371591363 22348.395371591363 45841.500000000007 13301.812676166339 0.18761642588800242 0.23339000128674831 0.2566042183329999 0.30882258029930471 1.9905416946811754 0.53816252767130213 29586.000000000004 0.44412785151983714 0.33522895219823584
decision_type=2 2 2 2 2 2 2 2 2 2 2 2 2 2 2 2
left_child=1 2 3 5 6 11 7 -4 -9 -10 -11 12 -1 14 15 -13
right_child=-2 -3 4 -5 -6 -7 -8 8 9 10 -12 13 -14 -15 -16 -17
leaf_value=-1.8309793375432495 9.3119121142796111 -4.4551388168334958 -1.4446016281843179 -4.6437282668219675 3.8653117120265961 2.7985808610916139 -2.1065756893157963 2.8593197250366194 1.1946528816223136 -0.86582253660474517 0.71243445078531886 0.61289067268371511 0.12850955009460449 -0.81974730640649796 1.3281334144728525 -0.7112326105435689
leaf_weight=4.9999999999999982 6.9999999999999991 4.9999999999999991 8.0000000000000018 8.9999999999999982 7.9999999999999991 5.9999999999999991 4.9999999999999991 5.0000000000000027 5.0000000000000027 6.9999999999999982 6 5.0000000000000053 5 7.9999999999999991 6.9999999999999991 6
leaf_count=5 7 5 8 9 8 6 5 5 5 7 6 5 5 8 7 6
internal_value=0.357437 -0.269376 -0.0490725 -0.627028 0.62083 0.233694 -0.100166 0.223448 0.80364 0.232617 -0.137396 -0.193787 -0.851235 0.0590774 0.449666 -0.109358
internal_weight=107 100 95 51 44 42 36 31 23 18 13 36 10 26 18 11
internal_count=107 100 95 51 44 42 36 31 23 18 13 36 10 26 18 11
is_linear=0
shrinkage=0.05


Tree=252
num_leaves=18
num_cat=0
split_feature=2 5 2 2 4 1 1 6 1 6 2 2 5 2 7 4 1
split_gain=228159 680802 248430 24070.4 26714.7 45443.5 14299.6 9919.87 13540.6 12590.9 4480.13 15688.2 11589 3772.75 2109.92 458.134 317.14
threshold=0.63546820154915784 0.40121061746896597 0.55662553940215431 0.51592895015361084 2.934351799697287 10621.309512456515 22348.395371591363 8.3629238554085266 13301.812676166339 6.8722645661915465 0.22093611501468283 0.23674119032890859 0.38926142689652604 0.30882258029930471 0.097445459401076309 2.3193823819540831 8587.5259268539885
decision_type=2 2 2 2 2 2 2 2 2 2 2 2 2 2 2 2 2
left_child=2 -2 3 4 6 -6 7 9 10 15 12 -12 -9 14 -13 -1 -15
right_child=1 -3 -4 -5 5 -7 -8 8 -10 -11 11 13 -14 16 -16 -17 -18
leaf_value=0.27144830226898181 18.907070652643842 -4.0453016281127923 -11.363769226074218 3.4605139160156249 0.14282864928245548 -5.9335889053344717 2.4166963747569494 2.6426083469390869 -2.5564118862152103 2.6978822367531912 -2.9177711296081523 0.22233084951128271 -0.35966961648729118 -0.81389080047607443 1.5671364736557005 -0.40540781497955314 -0.25073928833007808
leaf_weight=5.0000000000000018 5.9999999999999982 7 4.9999999999999991 4.9999999999999991 7.9999999999999982 5 6.9999999999999991 4.9999999999999991 5.9999999999999991 6.9999999999999991 5.0000000000000027 7.0000000000000018 8.9999999999999982 4.9999999999999982 5 5 5
leaf_count=5 6 7 5 5 8 5 7 5 6 7 5 7 9 5 5 5 5
internal_value=0.339566 6.5481 -0.519062 0.0901915 -0.110423 -2.19426 0.271124 0.0364518 -0.337925 1.07149 -0.0132681 -0.38963 0.712573 0.184948 0.782667 -0.0669798 -0.532315
internal_weight=107 13 94 89 84 13 71 64 47 17 41 27 14 22 12 10 10
internal_count=107 13 94 89 84 13 71 64 47 17 41 27 14 22 12 10 10
is_linear=0
shrinkage=0.05


Tree=253
num_leaves=16
num_cat=0
split_feature=0 2 1 1 0 4 5 6 1 0 2 7 0 7 1
split_gain=213200 33440.9 29651.7 67094.1 21175.3 2160.29 9619.37 3038.91 7214.68 11316.5 5942.82 2883.06 3241.82 715.386 353.066
threshold=87502.499999999985 0.90942970609434792 31062.671928726599 18300.224719541544 53055.999999999993 2.9765045141594961 0.36316424738755676 11.029932159873381 7387.5125544820748 20969.499999999993 0.30882258029930471 0.14029013502643015 20969.499999999993 0.31484733852736624 11399.273390776547
decision_type=2 2 2 2 2 2 2 2 2 2 2 2 2 2 2
left_child=1 2 3 4 5 6 -1 11 9 10 -9 -8 -13 14 -14
right_child=-2 -3 -4 -5 -6 -7 7 8 -10 -11 -12 12 13 -15 -16
leaf_value=-2.2776529169082642 8.7583143830299388 -4.2534389495849609 2.8549003958702088 -4.4137126021915014 3.2934903526306152 0.65536181562476692 -1.4259879851341248 1.5409365385770784 1.6567299067974091 -1.9293687582015993 -0.65645793914794925 1.0303345417976373 -0.44464200224195188 -0.79746350901467467 0.041596472263336182
leaf_weight=4.9999999999999991 6.9999999999999991 4.9999999999999991 7.9999999999999991 8.9999999999999982 4.9999999999999991 8.9999999999999982 4.9999999999999991 8.0000000000000053 7.9999999999999991 5.9999999999999991 4.9999999999999991 5.0000000000000027 7.0000000000000027 6.9999999999999991 7.9999999999999991
leaf_count=5 7 5 8 9 5 9 5 8 8 6 5 5 7 7 8
internal_value=0.322587 -0.267914 -0.0581492 -0.326016 0.145642 -0.0699646 -0.171964 0.00648467 0.397142 -0.133211 0.695785 -0.323132 -0.1189 -0.380089 -0.185315
internal_weight=107 100 95 87 78 73 64 59 27 19 13 32 27 22 15
internal_count=107 100 95 87 78 73 64 59 27 19 13 32 27 22 15
is_linear=0
shrinkage=0.05


Tree=254
num_leaves=18
num_cat=0
split_feature=2 5 2 2 0 0 0 4 2 2 2 5 0 0 2 2 5
split_gain=207744 612028 228512 21315.6 27786.9 17835 4720.64 2147.14 2987.64 8441.48 3690.02 3342.86 1703.86 2048.19 2324.35 292.23 195.731
threshold=0.63546820154915784 0.40121061746896597 0.55662553940215431 0.51592895015361084 70868.500000000015 54773.500000000007 46235.500000000007 1.9905416946811754 0.18761642588800242 0.22605089977735515 0.24472592425180703 0.37079327361855535 37401.000000000015 20969.499999999993 0.2994101109548431 0.28437702154139949 0.42201395357088417
decision_type=2 2 2 2 2 2 2 2 2 2 2 2 2 2 2 2 2
left_child=2 -2 3 4 5 6 7 -1 11 -10 -11 -9 13 14 -12 -15 -16
right_child=1 -3 -4 -5 -6 -7 -8 8 9 10 12 -13 -14 15 16 -17 -18
leaf_value=-0.72427608966827395 17.948820896943413 -3.8133648872375483 -10.913741493225098 3.2430630874633795 -3.1334276335580009 2.5632339205060686 -1.4247880140940348 -1.5353250789642336 2.2763346087932588 -1.0464335759480796 -0.33238379001617413 0.15739771297999791 1.1517535696923733 -0.0097695159912109392 1.2091501331329348 -0.49704445898532867 0.76673532485961904
leaf_weight=7.9999999999999991 5.9999999999999982 7 4.9999999999999991 4.9999999999999991 6.9999999999999991 6.9999999999999991 5.9999999999999991 4.9999999999999982 4.9999999999999991 5.9999999999999991 5.0000000000000027 7 4.9999999999999991 4.9999999999999991 4.9999999999999982 7.9999999999999991 5
leaf_count=8 6 7 5 5 7 7 6 5 5 6 5 7 5 5 5 8 5
internal_value=0.306458 6.23072 -0.512855 0.0714643 -0.117321 0.15687 -0.0837662 0.0419546 0.151416 0.34214 0.0941659 -0.547903 0.301548 0.149725 0.547834 -0.309631 0.987943
internal_weight=107 13 94 89 84 77 70 64 56 44 39 12 33 28 15 13 10
internal_count=107 13 94 89 84 77 70 64 56 44 39 12 33 28 15 13 10
is_linear=0
shrinkage=0.05


Tree=255
num_leaves=17
num_cat=0
split_feature=2 1 1 2 1 0 4 6 4 1 1 0 4 1 4 2
split_gain=150663 215147 204980 15463.8 79062.6 34848.5 4883.42 2906.02 4524.34 9699.32 6630.34 2617.3 5229.49 2148.46 2073.73 1064.41
threshold=0.75904576824017289 62105.199800608134 33902.646891508019 0.2994101109548431 16516.706392829426 54773.500000000007 2.2221563262003503 15.008018257059971 2.5967981128142408 7387.5125544820748 8587.5259268539885 43685.500000000007 2.7451911326668745 5451.4444842065941 2.3481496299525113 0.50562705853824974
decision_type=2 2 2 2 2 2 2 2 2 2 2 2 2 2 2 2
left_child=2 -2 3 4 6 11 13 8 10 -10 -8 12 14 -1 15 -5
right_child=1 -3 -4 5 -6 -7 7 -9 9 -11 -12 -13 -14 -15 -16 -17
leaf_value=-1.536216407020887 1.5477792167663578 -13.120106582641601 9.6108248710632331 0.32519289425441156 6.6064039230346685 -3.6321188867092133 0.82928670942783322 -0.49507087469100952 -0.052577376365661635 2.495967538016183 -1.3694916645685833 1.1262236785888671 1.3193798351287844 -0.19816576242446898 -1.1120585381984711 -0.62998017311096177
leaf_weight=5.9999999999999982 4.9999999999999982 5 5.9999999999999991 7.0000000000000089 4.9999999999999991 7.9999999999999991 8.0000000000000018 8.9999999999999982 7.9999999999999982 7 5.9999999999999991 4.9999999999999991 4.9999999999999991 6 7.9999999999999991 5
leaf_count=6 5 5 6 7 5 8 8 9 8 7 6 5 5 6 8 5
internal_value=0.0627793 -5.78616 0.653582 0.075695 0.611611 -0.699972 0.0121313 0.289812 0.533396 1.13674 -0.113047 0.0819333 -0.126925 -0.867191 -0.488501 -0.0727959
internal_weight=109 10 99 93 55 38 50 38 29 15 14 30 25 12 20 12
internal_count=109 10 99 93 55 38 50 38 29 15 14 30 25 12 20 12
is_linear=0
shrinkage=0.05


Tree=256
num_leaves=19
num_cat=0
split_feature=2 1 2 1 1 0 1 0 5 5 5 5 1 0 5 7 7 1
split_gain=135973 194170 188630 12534 25375.8 19891.7 6144.53 2925.56 3472.5 6001.14 3114.42 2469.45 2290.13 996.951 1558.57 692.679 1685.55 535.963
threshold=0.75904576824017289 62105.199800608134 0.56505205340798936 31062.671928726599 24205.677865591173 54773.500000000007 1580.3453037190059 11010.999999999998 0.33597815644353413 0.36316424738755676 0.38509189123784332 0.39439240646744306 5451.4444842065941 43685.500000000007 0.42586730557949953 0.2165094734714553 0.14029013502643015 5746.7049674573136
decision_type=2 2 2 2 2 2 2 2 2 2 2 2 2 2 2 2 2 2
left_child=2 -2 3 4 5 6 -1 -8 -9 -10 17 -12 -13 14 -14 16 -16 -11
right_child=1 -3 -4 -5 -6 -7 7 8 9 10 11 12 13 -15 15 -17 -18 -19
leaf_value=1.3329269409179689 1.4703903388977055 -12.464101104736327 10.084068031311036 2.3286850293477377 -3.4925546836853032 2.5451973915100101 -1.3869690513610839 1.0137111107508341 -1.746623186270396 0.35021175384521497 -1.3090937232971191 -1.0149857123692831 -0.87447921752929558 0.63156009515126543 0.41237723231315598 0.62284188747406011 -0.69624601602554326 1.0823064231872557
leaf_weight=6.9999999999999991 4.9999999999999982 5 4.9999999999999991 5.9999999999999991 4.9999999999999991 7.9999999999999991 4.9999999999999991 5.9999999999999991 5.9999999999999991 4.9999999999999982 4.9999999999999991 5.9999999999999991 5.0000000000000062 5.9999999999999991 8.0000000000000018 4.9999999999999991 5.9999999999999991 5
leaf_count=7 5 5 5 6 5 8 5 6 6 5 5 6 5 6 8 5 6 5
internal_value=0.0596403 -5.49686 0.620903 0.117543 -0.033217 0.175177 -0.0776254 -0.222829 -0.130437 -0.250874 -0.0749035 -0.26787 -0.123256 0.0550905 -0.0890269 0.117671 -0.062747 0.716259
internal_weight=109 10 99 94 88 83 75 68 63 57 51 41 36 30 24 19 14 10
internal_count=109 10 99 94 88 83 75 68 63 57 51 41 36 30 24 19 14 10
is_linear=0
shrinkage=0.05


Tree=257
num_leaves=19
num_cat=0
split_feature=2 1 1 2 1 0 4 6 7 7 7 0 0 7 4 0 4 4
split_gain=122716 175780 175238 14380.9 69923.5 30227.2 4046.58 2673.4 7714.87 8626.26 4077.2 2547.83 2884.5 1909.25 1326.01 909.352 870.254 446.5
threshold=0.75904576824017289 33902.646891508019 62105.199800608134 0.2994101109548431 16516.706392829426 54773.500000000007 2.2221563262003503 11.029932159873381 0.08708707792479202 0.058358282577577782 0.15165859421828662 14717.500000000004 43685.500000000007 0.16161402610131517 2.2516050081241255 11010.999999999998 2.8480664780767246 2.5450332819636068
decision_type=2 2 2 2 2 2 2 2 2 2 2 2 2 2 2 2 2 2
left_child=1 3 -2 4 6 11 13 10 9 15 -8 -5 14 -1 -13 -9 -17 -16
right_child=2 -3 -4 5 -6 -7 7 8 -10 -11 -12 12 -14 -15 17 16 -18 -19
leaf_value=-1.4233684857686364 1.3968707275390628 8.8845936457316093 -11.840895843505859 0.95647766192754047 6.2092014312744146 -3.4241227090358737 1.9683393383026127 -0.79559948921203505 -1.7894981288909912 1.9981705665588381 0.098916319438389355 -0.036374114619361006 0.87306610107421878 -0.16200274924437205 -1.2070397138595583 -0.43619534730911264 0.49667872905731197 -0.53883302927017207
leaf_weight=5.9999999999999982 4.9999999999999982 5.9999999999999991 5 6.0000000000000027 4.9999999999999991 7.9999999999999991 4.9999999999999982 5.0000000000000062 4.9999999999999991 5.9999999999999991 7 9.0000000000000053 4.9999999999999991 6 4.9999999999999982 4.9999999999999982 5 5
leaf_count=6 5 6 5 6 5 8 5 5 5 6 7 9 5 6 5 5 5 5
internal_value=0.0566584 0.589857 -5.22201 0.0547132 0.571524 -0.693303 0.00775671 0.260528 -0.0243865 0.395878 0.877843 0.0349155 -0.195475 -0.792686 -0.47667 -0.245039 0.0302417 -0.872936
internal_weight=109 99 10 93 55 38 50 38 26 21 12 30 24 12 19 15 10 10
internal_count=109 99 10 93 55 38 50 38 26 21 12 30 24 12 19 15 10 10
is_linear=0
shrinkage=0.05


Tree=258
num_leaves=17
num_cat=0
split_feature=2 2 1 2 1 6 5 0 1 4 6 4 1 1 1 4
split_gain=110751 164036 158153 10832.5 63105.9 40759.1 72859.6 25180.2 18202.3 3652.04 2413.9 3878.18 8901.73 5848.38 1723.74 1549.22
threshold=0.75904576824017289 0.56505205340798936 62105.199800608134 0.2994101109548431 16516.706392829426 13.491940612647864 0.36316424738755676 58162.500000000022 15719.604082849797 2.2221563262003503 15.008018257059971 2.5967981128142408 7387.5125544820748 8587.5259268539885 5451.4444842065941 2.2516050081241255
decision_type=2 2 2 2 2 2 2 2 2 2 2 2 2 2 2 2
left_child=1 3 -2 4 9 6 -5 8 15 14 11 13 -13 -11 -1 -8
right_child=2 -3 -4 5 -6 -7 7 -9 -10 10 -12 12 -14 -15 -16 -17
leaf_value=-1.3523109207550688 1.3270271873474124 9.3850757980346682 -11.248851318359373 -6.8466069030761716 5.8987414932250983 2.9095718537058151 0.43490902185440006 2.9271464323997503 -3.3522746721903482 0.75602502673864336 -0.4678437802526686 -0.11126399040222171 2.3302482741219652 -1.3090286493301393 -0.1537917335828145 -0.55687257713741722
leaf_weight=5.9999999999999982 4.9999999999999982 4.9999999999999991 5 4.9999999999999991 4.9999999999999991 6.9999999999999991 7.0000000000000098 4.9999999999999991 5.9999999999999991 8.0000000000000018 8.9999999999999982 7.9999999999999982 7 5.9999999999999991 6 8.9999999999999982
leaf_count=6 5 5 5 5 5 7 7 5 6 8 9 8 7 6 6 9
internal_value=0.0538254 0.560365 -4.96091 0.090965 0.542948 -0.546447 -1.30245 -0.275756 -1.00369 0.00736889 0.247502 0.469505 1.02811 -0.128998 -0.753051 -0.122968
internal_weight=109 99 10 94 55 39 32 27 22 50 38 29 15 14 12 16
internal_count=109 99 10 94 55 39 32 27 22 50 38 29 15 14 12 16
is_linear=0
shrinkage=0.05


Tree=259
num_leaves=16
num_cat=0
split_feature=1 2 2 1 6 5 7 7 1 6 2 2 2 7 7
split_gain=116198 79305.1 9776.37 56953.1 36785.1 65755.8 21668.4 14970.3 3605.95 3682.97 9839.22 4179.13 4170.42 2758.3 2009.74
threshold=62105.199800608134 0.56505205340798936 0.2994101109548431 16516.706392829426 13.491940612647864 0.36316424738755676 0.26290725193472908 0.20086655430696435 10621.309512456515 12.204789657770361 0.23674119032890859 0.22605089977735515 0.2566042183329999 0.058358282577577782 0.10044078237494418
decision_type=2 2 2 2 2 2 2 2 2 2 2 2 2 2 2
left_child=1 2 3 8 5 -4 7 14 9 10 -1 13 -12 -11 -7
right_child=-2 -3 4 -5 -6 6 -8 -9 -10 11 12 -13 -14 -15 -16
leaf_value=-2.0081808120012274 6.8150714874267582 -4.8266644265916616 -6.5042765069007871 5.6038043594360358 2.764093215124948 0.23120885565876939 2.1322725977216446 -3.4693077659606937 1.1568618774414063 0.22591235372755253 1.1877779583136243 -0.63558051288127904 -0.60863870552607935 1.6099222024281818 -0.92888224465506419
leaf_weight=8.0000000000000018 5.9999999999999991 8.9999999999999982 4.9999999999999991 4.9999999999999991 6.9999999999999991 8.0000000000000053 6.9999999999999991 4.9999999999999991 5.9999999999999991 9.0000000000000018 5.9999999999999982 7.9999999999999991 7 5.9999999999999991 6.9999999999999991
leaf_count=8 6 9 5 5 7 8 7 5 6 9 6 8 7 6 7
internal_value=0.0511342 -0.342882 0.0864168 0.515801 -0.519125 -1.23733 -0.261968 -1.09995 0.00700044 -0.149799 -0.628536 0.287309 0.220477 0.779516 -0.310167
internal_weight=109 103 94 55 39 32 27 20 50 44 21 23 13 15 15
internal_count=109 103 94 55 39 32 27 20 50 44 21 23 13 15 15
is_linear=0
shrinkage=0.05


Tree=260
num_leaves=18
num_cat=0
split_feature=2 5 1 1 0 0 5 0 2 5 2 6 2 1 1 2 2
split_gain=215720 652446 160645 54885.9 11736.2 3652.24 9444.91 2130.18 4230.35 2705.45 2475.54 6648.92 2068.93 2228.23 4473.05 1071.13 1659.48
threshold=0.63546820154915784 0.40121061746896597 33902.646891508019 22348.395371591363 54773.500000000007 39777.5 0.39292474761446045 29848.500000000004 0.2566042183329999 0.30656309121883385 0.23674119032890859 14.53419826291236 0.50562705853824974 4405.9086795478224 5657.3230438461069 0.41711654529755943 0.27702064154860279
decision_type=2 2 2 2 2 2 2 2 2 2 2 2 2 2 2 2 2
left_child=2 -2 3 4 5 7 -7 9 -9 -1 11 -11 13 -12 -15 16 -16
right_child=1 -3 -4 -5 -6 6 -8 8 -10 10 12 -13 -14 14 15 -17 -18
leaf_value=0.98389038085937508 20.784034976959234 -2.8642061505998884 -8.8438930130004874 4.9814975738525398 2.1709127108256023 -2.5934882593154907 0.17670792937278748 1.237551866637336 -0.47643229564030964 -2.0560340007146198 -0.78393104553222603 0.14582242369651796 -0.85040980974833169 1.7036761090159407 0.4361558598279951 0.55864764650662735 -0.75649342111178797
leaf_weight=4.9999999999999991 4.9999999999999982 7 4.9999999999999991 5.9999999999999991 5.9999999999999991 4.9999999999999991 7.9999999999999991 8.9999999999999982 5.9999999999999991 5.9999999999999991 5.0000000000000027 7.9999999999999991 5.9999999999999991 5.0000000000000027 5.0000000000000018 5.9999999999999991 7
leaf_count=5 5 7 5 6 6 5 8 9 6 6 5 8 6 5 5 6 7
internal_value=0.661588 6.98923 -0.113226 0.356165 0.0371767 -0.120878 -0.888752 0.0259217 0.551958 -0.122957 -0.238253 -0.79783 -0.00783889 0.172712 0.380678 0.0131784 -0.259556
internal_weight=110 12 98 93 87 81 13 68 15 53 48 14 34 28 23 18 12
internal_count=110 12 98 93 87 81 13 68 15 53 48 14 34 28 23 18 12
is_linear=0
shrinkage=0.05


Tree=261
num_leaves=18
num_cat=0
split_feature=2 4 2 0 3 0 4 2 4 1 0 1 1 2 2 0 0
split_gain=194688 588832 153482 40706.7 32755.9 3958.64 8524.03 2280.21 3195.5 2881.11 1819.88 2484.48 4042.44 2776.81 1305.3 1447.36 464.352
threshold=0.63546820154915784 2.5278384386296175 0.55662553940215431 54773.500000000007 3.5000000000000004 39777.5 2.5450332819636068 0.15663603931434891 3.2626666860657543 1926.3337192909112 33369.000000000007 5166.7437459527355 4405.9086795478224 0.23674119032890859 0.43149840856083482 21486.000000000011 27800.999999999996
decision_type=2 2 2 2 2 2 2 2 2 2 2 2 2 2 2 2 2
left_child=2 -2 3 5 -5 7 -7 -1 9 -9 11 12 -11 -13 15 -15 -17
right_child=1 -3 -4 4 -6 6 -8 8 -10 10 -12 13 -14 14 -16 16 -18
leaf_value=-0.91439442634582524 -2.7209958212716243 19.74483413696289 -7.8558080673217781 1.0776104344262016 6.125065689086914 0.16787253022193913 -2.4638137722015379 -1.0574308013916016 1.4071707916259766 -0.1470856308937073 0.94902023587908069 -1.0233732768467494 1.7778998863697049 -0.68404323032924041 0.68265467371259425 0.59152998566627513 -0.060892905791600539
leaf_weight=4.9999999999999991 6.9999999999999982 5 5.9999999999999991 8.9999999999999982 4.9999999999999991 7.9999999999999982 5 4.9999999999999991 4.9999999999999991 5.9999999999999982 6.9999999999999991 6.9999999999999991 5 7.0000000000000062 6.9999999999999991 4.9999999999999982 6
leaf_count=5 7 5 6 9 5 8 5 5 5 6 7 7 5 7 7 5 6
internal_value=0.628508 6.63977 -0.107564 0.397756 2.88027 -0.047824 -0.844315 0.111474 0.196963 0.0869442 0.201382 0.0796731 0.727908 -0.143158 0.103303 -0.122001 0.235663
internal_weight=110 12 98 92 14 78 13 65 60 55 50 43 11 32 25 18 11
internal_count=110 12 98 92 14 78 13 65 60 55 50 43 11 32 25 18 11
is_linear=0
shrinkage=0.05


Tree=262
num_leaves=19
num_cat=0
split_feature=2 5 2 0 4 0 5 2 5 0 6 4 6 2 4 0 6 0
split_gain=175706 531421 138517 36737.8 30678.6 3572.67 7692.94 2057.89 2883.94 2161.38 2412.68 6807.09 2793.61 1120.11 1174.05 782.187 717.305 362.957
threshold=0.63546820154915784 0.40121061746896597 0.55662553940215431 54773.500000000007 2.5967981128142408 39777.5 0.39292474761446045 0.15663603931434891 0.30656309121883385 14717.500000000004 13.274265526549931 2.6272356579924998 11.029932159873381 0.23674119032890859 1.9905416946811754 24627.000000000004 15.389639996462732 23817.000000000018
decision_type=2 2 2 2 2 2 2 2 2 2 2 2 2 2 2 2 2 2
left_child=2 -2 3 5 -5 7 -7 -1 -9 16 11 12 13 -11 -15 -12 -10 -16
right_child=1 -3 -4 4 -6 6 -8 8 9 10 15 -13 -14 14 17 -17 -18 -19
leaf_value=-0.86867470741271979 18.757592086791998 -2.5849460056849889 -7.4630173126856496 5.876479406356812 0.99169271257188596 -2.340623083114624 0.15947891473770143 1.3368122291564941 -1.0057782936096193 0.56599771499633711 -0.012371454238891605 2.1340668487548831 1.1063681940237682 0.30344296693801864 -0.82747795581817651 -0.89678503990173342 -0.1588394546508789 -0.29751642793416971
leaf_weight=4.9999999999999991 4.9999999999999982 7 5.9999999999999991 4.9999999999999991 8.9999999999999982 4.9999999999999991 7.9999999999999991 4.9999999999999991 4.9999999999999982 5.0000000000000062 4.9999999999999982 4.9999999999999991 5.9999999999999991 6.0000000000000027 5.9999999999999982 5 5 7
leaf_count=5 5 7 6 5 9 5 8 5 5 5 5 5 6 6 6 5 5 7
internal_value=0.597083 6.30778 -0.102186 0.377868 2.73626 -0.0454328 -0.802099 0.1059 0.187115 0.082597 0.230354 0.426049 0.141379 -0.0998682 -0.275096 -0.454578 -0.582309 -0.542114
internal_weight=110 12 98 92 14 78 13 65 60 55 45 35 30 24 19 10 10 13
internal_count=110 12 98 92 14 78 13 65 60 55 45 35 30 24 19 10 10 13
is_linear=0
shrinkage=0.05


Tree=263
num_leaves=19
num_cat=0
split_feature=2 5 0 0 6 2 0 5 2 5 0 2 5 5 7 7 2 0
split_gain=158574 479608 133285 38826.3 16826.3 3230.45 2977.4 6942.87 1737.62 3037.22 2419.19 3203.48 3530.09 1651.03 2307.96 2842.57 1762.77 441.068
threshold=0.63546820154915784 0.40121061746896597 87502.499999999985 54773.500000000007 10.737411773725453 0.51592895015361084 39777.5 0.39292474761446045 0.15663603931434891 0.33597815644353413 33369.000000000007 0.23674119032890859 0.40469831891852054 0.46418096374551515 0.15165859421828662 0.058358282577577782 0.2994101109548431 19519.500000000011
decision_type=2 2 2 2 2 2 2 2 2 2 2 2 2 2 2 2 2 2
left_child=2 -2 3 5 -5 6 8 -8 -1 -10 11 12 -11 14 15 -13 -15 -17
right_child=1 -3 -4 4 -6 -7 7 -9 9 10 -12 13 -14 16 -16 17 -18 -19
leaf_value=-0.82524096965789795 17.819712753295903 -2.4556987217494419 -7.3175563017527274 5.366161689758302 1.2641785430908201 1.1320524553457896 -2.2235919570922853 0.1515049695968628 1.1228357655661447 -1.826211051940918 0.87552808352879108 0.59476028680801274 -0.13263632953166962 0.016015429496765141 0.83695033073425307 -1.1898900651931765 1.343710479736328 -0.55403468757867802
leaf_weight=4.9999999999999991 4.9999999999999982 7 5.9999999999999991 4.9999999999999982 5 5.9999999999999991 4.9999999999999991 7.9999999999999991 6.9999999999999991 4.9999999999999991 6.9999999999999991 5.0000000000000098 7.9999999999999991 4.9999999999999982 4.9999999999999991 4.9999999999999982 5 6
leaf_count=5 5 7 6 5 5 6 5 8 7 5 7 5 8 5 5 5 5 6
internal_value=0.567229 5.99239 -0.0970768 0.373824 3.31517 0.0151234 -0.0730553 -0.761994 0.0691067 0.146206 0.0121583 -0.125196 -0.784011 0.151081 -0.100719 -0.393741 0.679863 -0.84306
internal_weight=110 12 98 92 10 82 76 13 63 58 51 44 13 31 21 16 10 11
internal_count=110 12 98 92 10 82 76 13 63 58 51 44 13 31 21 16 10 11
is_linear=0
shrinkage=0.05


Tree=264
num_leaves=18
num_cat=0
split_feature=2 0 1 1 0 0 5 2 1 0 1 1 0 5 5 0 5
split_gain=143113 436907 135262 50351.3 6213.75 2551.81 6265.94 1468.02 4906.49 3515.6 1874.01 3269.99 1988.94 2224.52 602.187 931.306 920.491
threshold=0.63546820154915784 58162.500000000022 33902.646891508019 22348.395371591363 54773.500000000007 39777.5 0.39292474761446045 0.15663603931434891 1580.3453037190059 11010.999999999998 5166.7437459527355 4405.9086795478224 33369.000000000007 0.38063547960389132 0.4500170190692121 24627.000000000004 0.50249433107651253
decision_type=2 2 2 2 2 2 2 2 2 2 2 2 2 2 2 2 2
left_child=2 -2 3 4 5 7 -7 -1 -9 -10 11 -11 13 -12 15 -15 -16
right_child=1 -3 -4 -5 -6 6 -8 8 9 10 12 -13 -14 14 16 -17 -18
leaf_value=-0.78397891521453866 -2.3704727445329943 16.981309776306151 -8.1034997558593744 4.7686357339223227 1.5855438232421877 -2.1124123287200929 0.14392973184585572 1.6089569330215454 -1.2908279037475587 -0.10988453229268394 -1.1969456517696382 1.6214417743682858 0.65330010950565343 -0.18605045311980764 -0.69729836668287026 0.5829132011958531 0.14667118688424427
leaf_weight=4.9999999999999991 6.9999999999999982 5 4.9999999999999991 5.9999999999999991 5.9999999999999991 4.9999999999999991 7.9999999999999991 4.9999999999999991 4.9999999999999991 5.9999999999999982 4.9999999999999991 5 7.9999999999999991 9.0000000000000053 6.9999999999999982 6.9999999999999991 6
leaf_count=5 7 5 5 6 6 5 8 5 5 6 5 5 8 9 7 7 6
internal_value=0.538867 5.69277 -0.0922229 0.338491 0.0329637 -0.0820422 -0.723894 0.0406647 0.106113 -0.0234429 0.0961217 0.677082 -0.0560345 -0.222937 -0.0550042 0.150371 -0.307774
internal_weight=110 12 98 93 87 81 13 68 63 58 53 11 42 34 29 16 13
internal_count=110 12 98 93 87 81 13 68 63 58 53 11 42 34 29 16 13
is_linear=0
shrinkage=0.05


Tree=265
num_leaves=20
num_cat=0
split_feature=2 1 2 1 1 2 2 1 1 1 3 1 7 7 2 2 4 7 1
split_gain=205441 138264 100920 13089.3 18012.8 5864.43 20283.1 61845.6 17238.6 13414.5 5565.3 5400.47 2472.12 1984.14 4042.47 3756.88 1708.37 1277.59 1373.15
threshold=0.75904576824017289 62105.199800608134 0.56505205340798936 31062.671928726599 24205.677865591173 0.24878814255985207 0.30882258029930471 11399.273390776547 17549.64770584663 9442.0625753316071 3.5000000000000004 7387.5125544820748 0.11014458600331878 0.05467668294401349 0.15663603931434891 0.22093611501468283 2.5689872596560668 0.20086655430696435 8587.5259268539885
decision_type=2 2 2 2 2 2 2 2 2 2 2 2 2 2 2 2 2 2 2
left_child=2 -2 3 4 5 9 7 10 16 11 -7 13 -12 14 -1 -15 17 18 -8
right_child=1 -3 -4 -5 -6 6 8 -9 -10 -11 12 -13 -14 15 -16 -17 -18 -19 -20
leaf_value=-0.74477993965148837 -1.6480637073516851 -12.906058616638184 7.3491094589233406 2.3343575795491538 -2.725082079569499 -1.0643440882364896 -0.91185356775919457 6.4865406417846687 -3.0913190460205082 -2.3388044152941023 1.6498319149017338 1.5894596099853517 0.14447045326232907 0.067207262251112204 1.1802136103312173 -1.5480162774523101 0.96559340476989741 0.51658706267674759 0.157860924800237
leaf_weight=5.0000000000000053 5.9999999999999982 5 4.9999999999999991 5.9999999999999991 5.9999999999999991 6.0000000000000062 6.0000000000000089 4.9999999999999991 4.9999999999999991 6.9999999999999991 4.9999999999999982 4.9999999999999991 6 8.9999999999999982 6 5.9999999999999991 4.9999999999999991 5.9999999999999991 6
leaf_count=5 6 5 5 6 6 6 6 5 5 7 5 5 6 9 6 6 5 6 6
internal_value=-0.264294 -6.76533 0.416767 0.0701503 -0.0743736 0.106357 0.462191 1.5983 -0.430466 -0.361847 0.160583 0.0845628 0.828726 -0.20484 0.305217 -0.578882 0.14798 -0.0791352 -0.376996
internal_weight=116 11 105 100 94 88 50 22 28 38 17 31 11 26 11 15 23 18 12
internal_count=116 11 105 100 94 88 50 22 28 38 17 31 11 26 11 15 23 18 12
is_linear=0
shrinkage=0.05


Tree=266
num_leaves=19
num_cat=0
split_feature=2 1 0 1 3 0 2 1 2 1 2 2 2 1 0 0 2 7
split_gain=185410 124784 118654 9959.66 46756.7 11519 1342.61 4529.12 3918.79 2074.21 3924.08 1519.4 3264.6 3094.42 1319.24 1537.54 1391.68 97.6015
threshold=0.75904576824017289 62105.199800608134 87502.499999999985 18300.224719541544 3.5000000000000004 53055.999999999993 0.22093611501468283 5657.3230438461069 0.23674119032890859 5166.7437459527355 0.15663603931434891 0.2566042183329999 0.27447364996027118 5657.3230438461069 29586.000000000004 24627.000000000004 0.43149840856083482 0.17020059730283604
decision_type=2 2 2 2 2 2 2 2 2 2 2 2 2 2 2 2 2 2
left_child=2 -2 3 5 -5 6 7 9 -8 10 -1 -10 -13 -14 15 16 -15 -16
right_child=1 -3 -4 4 -6 -7 8 -9 11 -11 -12 12 13 14 17 -17 -18 -19
leaf_value=-0.70754097938537519 -1.5656604607899987 -12.260755386352537 6.6849093164716455 1.0403185102674697 -4.6579230308532713 2.4874857521057132 -1.2220608370644708 1.6671646308898926 0.67261302024126057 -0.90125076293945305 1.1890536308288573 -1.2783780479431153 0.8893513494067723 -0.70244174684796956 -0.79307384133338943 0.73292328119277961 0.38974373817443841 -0.48066145896911616
leaf_weight=5.0000000000000053 5.9999999999999982 5 6.9999999999999991 8.9999999999999982 5.9999999999999991 4.9999999999999991 6.9999999999999991 4.9999999999999991 7.9999999999999991 4.9999999999999991 6 4.9999999999999991 8.9999999999999982 7.0000000000000053 4.9999999999999982 5.9999999999999991 5 5
leaf_count=5 6 5 7 9 6 5 7 5 8 5 6 5 9 7 5 6 5 5
internal_value=-0.251079 -6.42707 0.395929 -0.0532838 -1.23898 0.160998 0.0118644 0.353628 -0.114048 -0.0568523 0.326965 0.0410733 -0.07922 0.0828284 -0.176411 0.0793981 -0.247364 -0.636868
internal_weight=116 11 105 98 15 83 78 21 57 16 11 50 42 37 28 18 12 10
internal_count=116 11 105 98 15 83 78 21 57 16 11 50 42 37 28 18 12 10
is_linear=0
shrinkage=0.05


Tree=267
num_leaves=19
num_cat=0
split_feature=2 1 0 1 2 0 0 1 4 2 2 2 5 2 4 7 7 7
split_gain=167333 112617 107085 8988.6 44677.6 40152.3 10395.9 1261.48 3032.45 3037.28 2550.02 3487.56 2665.09 2027.85 2263.42 2062.23 651.347 1682.93
threshold=0.75904576824017289 62105.199800608134 87502.499999999985 18300.224719541544 0.40053970387469134 58162.500000000022 53055.999999999993 1580.3453037190059 2.7451911326668745 0.23339000128674831 0.22093611501468283 0.24472592425180703 0.4500170190692121 0.2566042183329999 2.2516050081241255 0.14029013502643015 0.077356522101407768 0.15165859421828662
decision_type=2 2 2 2 2 2 2 2 2 2 2 2 2 2 2 2 2 2
left_child=2 -2 3 6 -5 -6 7 -1 10 -10 12 -12 -9 -13 15 -15 -16 -18
right_child=1 -3 -4 4 5 -7 -8 8 9 -11 11 13 -14 14 16 -17 17 -19
leaf_value=0.56802953614128959 -1.4873774210611983 -11.647717285156249 6.3506635257176001 -5.0361135101318366 -2.4157796859741216 3.9208054733276363 2.3631115531921387 1.497254570325216 0.1320482095082601 -1.3561323933303358 -1.0877690051283155 1.0657126855850219 -0.065753803253173815 1.1889388124148053 0.11890421013037356 -0.18597229957580563 -1.1461368004480998 -0.06507282786899142
leaf_weight=8.9999999999999982 5.9999999999999982 5 6.9999999999999991 4.9999999999999991 4.9999999999999982 5 4.9999999999999991 5.9999999999999982 5.9999999999999991 7.9999999999999991 6.9999999999999991 4.9999999999999991 5 5.9999999999999982 6.0000000000000027 5 5.9999999999999991 8.9999999999999982
leaf_count=9 6 5 7 5 5 5 5 6 6 8 7 5 5 6 6 5 6 9
internal_value=-0.238525 -6.10571 0.376133 -0.0506197 -1.17703 0.752513 0.152948 0.0112712 -0.0613494 -0.718341 0.105885 -0.0643432 0.786796 0.129278 -0.01704 0.563979 -0.321383 -0.497498
internal_weight=116 11 105 98 15 10 83 78 69 14 55 44 11 37 32 11 21 15
internal_count=116 11 105 98 15 10 83 78 69 14 55 44 11 37 32 11 21 15
is_linear=0
shrinkage=0.05


Tree=268
num_leaves=19
num_cat=0
split_feature=2 1 0 1 3 0 1 4 2 2 2 5 7 2 7 0 5 0
split_gain=151018 101637 96644.3 8112.21 40837 9382.3 1138.49 2736.79 2741.14 2301.4 3192.57 2405.24 1932.05 3894.93 985.536 1355.98 1183.72 956.167
threshold=0.75904576824017289 62105.199800608134 87502.499999999985 18300.224719541544 3.5000000000000004 53055.999999999993 1580.3453037190059 2.7451911326668745 0.23339000128674831 0.22093611501468283 0.23674119032890859 0.4500170190692121 0.11014458600331878 0.30882258029930471 0.18776678944947769 20969.499999999993 0.41243257855243948 31244.499999999993
decision_type=2 2 2 2 2 2 2 2 2 2 2 2 2 2 2 2 2 2
left_child=2 -2 3 5 -5 6 -1 9 -9 11 -11 -8 13 -12 15 -14 -16 -18
right_child=1 -3 -4 4 -6 -7 7 8 -10 10 12 -13 14 -15 16 -17 17 -19
leaf_value=0.53962803416781957 -1.4130084991455081 -11.065331382751463 6.0331308228628977 1.0119509167141385 -4.3133706728617351 2.2449558830261234 1.4223918358484908 0.12544573942820234 -1.2883257836103441 -1.2506166744232179 1.5200575113296511 -0.062466111183166501 -1.0124821583429968 -0.28154531319936116 0.75509925365448005 0.050523005922635394 0.30179137587547311 -0.67604650020599355
leaf_weight=8.9999999999999982 5.9999999999999982 5 6.9999999999999991 8.9999999999999982 5.9999999999999991 4.9999999999999991 5.9999999999999982 5.9999999999999991 7.9999999999999991 4.9999999999999991 5.9999999999999982 5 6.0000000000000018 6 4.9999999999999991 6 4.9999999999999982 5
leaf_count=9 6 5 7 9 6 5 6 6 8 5 6 5 6 6 5 6 5 5
internal_value=-0.226599 -5.80043 0.357326 -0.0480887 -1.11818 0.145301 0.0107076 -0.058282 -0.682424 0.10059 -0.061126 0.747456 0.0913728 0.619256 -0.143242 -0.48098 0.126948 -0.187128
internal_weight=116 11 105 98 15 83 78 69 14 55 44 11 39 12 27 12 15 10
internal_count=116 11 105 98 15 83 78 69 14 55 44 11 39 12 27 12 15 10
is_linear=0
shrinkage=0.05


Tree=269
num_leaves=21
num_cat=0
split_feature=2 1 2 2 1 5 2 2 1 1 1 3 1 7 7 2 2 4 2 1
split_gain=136294 91727.5 88512.1 9731.14 37105.4 16890.7 6537.81 15398.2 51959.6 14675.4 11658.7 4653.21 4166.19 2041.93 1560.67 3403.29 2741.96 1450.5 1437.92 956.943
threshold=0.75904576824017289 62105.199800608134 0.56505205340798936 0.50562705853824974 24205.677865591173 0.40469831891852054 0.24878814255985207 0.30882258029930471 11399.273390776547 17549.64770584663 9442.0625753316071 3.5000000000000004 7387.5125544820748 0.11014458600331878 0.05467668294401349 0.15663603931434891 0.1816627865598146 2.2221563262003503 0.3433574889033712 9024.029416178264
decision_type=2 2 2 2 2 2 2 2 2 2 2 2 2 2 2 2 2 2 2 2
left_child=2 -2 3 4 6 -5 10 8 11 18 12 -8 14 -13 15 -1 -16 -18 -9 -20
right_child=1 -3 -4 5 -6 -7 7 9 -10 -11 -12 13 -14 -15 16 -17 17 -19 19 -21
leaf_value=-0.71904513359069744 -1.3423580805460613 -10.512065305709838 6.8316563224792475 3.5700925779342656 -3.9628729343414308 -0.23487193243844168 -0.97717317740122367 -0.42206560611724797 5.9412451553344727 -2.7912030601501465 -2.2130148478916714 1.500085487365723 1.3679798042774201 0.13195878664652505 0.41629865646362307 1.0472168048222859 -1.6199248790740972 -0.41555619955062861 1.1154632949829104 0.20979413815907066
leaf_weight=5.0000000000000053 5.9999999999999982 5 4.9999999999999991 4.9999999999999982 5.9999999999999991 7 6.0000000000000062 5.0000000000000062 4.9999999999999991 4.9999999999999991 6.9999999999999991 4.9999999999999982 4.9999999999999991 6 4.9999999999999991 6 4.9999999999999982 5 4.9999999999999982 7
leaf_count=5 6 5 5 5 6 7 6 5 5 5 7 5 5 6 5 6 5 5 5 7
internal_value=-0.215269 -5.51041 0.33946 0.0148498 -0.167288 1.35053 0.110437 0.525339 1.4607 -0.410021 -0.369975 0.142891 0.0461956 0.753835 -0.207994 0.24437 -0.539727 -1.01774 0.290326 0.587156
internal_weight=116 11 105 100 88 12 82 44 22 22 38 17 31 11 26 11 15 10 17 12
internal_count=116 11 105 100 88 12 82 44 22 22 38 17 31 11 26 11 15 10 17 12
is_linear=0
shrinkage=0.05


Tree=270
num_leaves=17
num_cat=0
split_feature=0 1 1 4 1 6 1 1 0 0 3 0 6 6 2 4
split_gain=511447 38512.4 47823.9 26573.6 6138.53 33753.7 2066.36 2689.09 3353.12 3494.76 2427.07 2449.69 1672.4 4091.46 2462.47 3518.34
threshold=91530 24205.677865591173 39566.250451175925 2.934351799697287 16516.706392829426 10.737411773725453 13301.812676166339 10621.309512456515 39777.5 31244.499999999993 5.5000000000000009 27800.999999999996 9.4306243500006861 11.998065177793462 0.32534461537208209 2.7535771856059377
decision_type=2 2 2 2 2 2 2 2 2 2 2 2 2 2 2 2
left_child=1 4 3 -3 6 -6 7 8 9 10 11 12 -1 -14 15 -15
right_child=-2 2 -4 -5 5 -7 -8 -9 -10 -11 -12 -13 13 14 -16 -17
leaf_value=0.71177793570927217 -16.630872125625611 -2.2340781211853016 1.3753805538018546 -6.880696487426758 3.8663851420084643 -1.4372066020965575 -0.71317654450734458 1.0212071963718958 -1.2541096019744875 1.2375125527381898 1.0055257987976074 -0.94903741776943207 -1.204941024099077 0.60199345217810696 1.1572421795129777 -0.79608805444505482
leaf_weight=6.9999999999999991 4.9999999999999991 8.0000000000000018 5.9999999999999991 4.9999999999999991 5.9999999999999982 6 8.9999999999999982 6.9999999999999991 4.9999999999999991 5.9999999999999991 4.9999999999999991 7.9999999999999991 7.0000000000000027 9.0000000000000053 4.9999999999999991 8.9999999999999982
leaf_count=7 5 8 6 5 6 6 9 7 5 6 5 8 7 9 5 9
internal_value=-0.997311 -0.273535 -2.31704 -4.02124 0.162719 1.21459 -0.00120862 0.0930224 -0.0134906 0.097279 -0.039549 -0.155668 0.0158708 -0.146508 0.175624 -0.0970473
internal_weight=113 108 19 13 89 12 77 68 61 56 50 45 37 30 23 18
internal_count=113 108 19 13 89 12 77 68 61 56 50 45 37 30 23 18
is_linear=0
shrinkage=0.05


Tree=271
num_leaves=19
num_cat=0
split_feature=0 1 1 4 3 0 0 1 0 6 1 1 1 2 0 6 1 1
split_gain=461581 34757.4 43161 23982.7 6116.53 14502.1 1654.26 2704.77 2319.2 4492.37 2976.34 5685.97 2362.52 3188.61 1681.03 1319.23 3241.98 926.91
threshold=91530 24205.677865591173 39566.250451175925 2.934351799697287 6.5000000000000009 54773.500000000007 46235.500000000007 13956.18840917876 33369.000000000007 11.49094878481216 5166.7437459527355 4405.9086795478224 1580.3453037190059 0.22093611501468283 20369.499999999996 10.883215456439848 7607.5887173799301 6093.7564319131534
decision_type=2 2 2 2 2 2 2 2 2 2 2 2 2 2 2 2 2 2
left_child=1 4 3 -3 5 6 7 8 10 -10 11 12 -1 -14 -12 16 -16 -17
right_child=-2 2 -4 -5 -6 -7 -8 -9 9 -11 14 -13 13 -15 15 17 -18 -19
leaf_value=0.51583073933919232 -15.799328727722168 -2.1223742365837088 1.3066114882628124 -6.536661529541016 -1.5443729591369628 2.4346348353794642 -0.67524261474609382 1.063325047492981 -0.33404207706451428 1.7854786586761471 0.15404887609183782 1.8001820945739746 0.35603303909301764 -1.3536133527755736 0.60282433032989469 -1.5909995460510258 -1.1977259635925293 -0.62823794603347771
leaf_weight=9.0000000000000053 4.9999999999999991 8.0000000000000018 5.9999999999999991 4.9999999999999991 4.9999999999999991 6.9999999999999991 6.9999999999999991 6.9999999999999991 4.9999999999999982 5 8.0000000000000018 4.9999999999999991 4.9999999999999982 6 5.0000000000000018 4.9999999999999982 5 5
leaf_count=9 5 8 6 5 5 7 7 7 5 5 8 5 5 6 5 5 5 5
internal_value=-0.947446 -0.259859 -2.20119 -3.82018 0.154583 0.255712 0.0576276 0.130915 0.0273135 0.725718 -0.104461 0.292075 -0.0849519 -0.576501 -0.458511 -0.703535 -0.297451 -1.10962
internal_weight=113 108 19 13 89 84 77 70 63 10 53 25 20 11 28 20 10 10
internal_count=113 108 19 13 89 84 77 70 63 10 53 25 20 11 28 20 10 10
is_linear=0
shrinkage=0.05


Tree=272
num_leaves=19
num_cat=0
split_feature=1 1 6 3 3 1 2 1 1 3 6 2 7 1 4 7 1 1
split_gain=296504 27001.6 45420.2 5541.25 5520.17 11938.7 19729.6 2007.6 4532.51 2051.34 2070.83 6743.76 2240.47 1898.57 4277.74 1895.81 1705.02 1802.76
threshold=52757.674236056024 24205.677865591173 7.6506066014448839 2.5000000000000004 6.5000000000000009 16516.706392829426 0.3433574889033712 13301.812676166339 10621.309512456515 5.5000000000000009 12.204789657770361 0.23674119032890859 0.070310733269566925 2608.015573342022 2.6969315988360472 0.041624110544038653 8587.5259268539885 6411.94674379548
decision_type=2 2 2 2 2 2 2 2 2 2 2 2 2 2 2 2 2 2
left_child=1 4 -3 -4 5 7 -7 8 9 10 11 -1 13 15 -15 -12 17 -13
right_child=-2 2 3 -5 -6 6 -8 -9 -10 -11 12 16 -14 14 -16 -17 -18 -19
leaf_value=-1.6378940880298609 -10.178949306532742 -5.523380597432455 1.1563496398925783 -1.1976364707946776 -1.4671542882919313 4.085354270935059 -0.356442699432373 -0.72423063218593597 1.4247609297434489 0.95307842254638675 -0.16872102618217455 0.33704907099405912 1.0395543694496154 -1.6010059165954595 0.46726487159728997 1.0070169846216837 0.80055036743481967 -0.9484570026397704
leaf_weight=8.0000000000000018 7.9999999999999991 5.9999999999999991 4.9999999999999982 5 4.9999999999999991 4.9999999999999982 5 7.9999999999999991 5.9999999999999991 4.9999999999999991 8.0000000000000053 6.0000000000000018 5.9999999999999991 4.9999999999999982 5 5.9999999999999991 5.9999999999999991 5
leaf_count=8 8 6 5 5 5 5 5 8 6 5 8 6 6 5 5 6 6 5
internal_value=-0.900073 -0.193111 -2.08417 -0.0206434 0.146854 0.242926 1.86446 0.0238004 0.114471 -0.0165582 -0.104707 -0.440794 0.175365 -0.0406821 -0.566871 0.335167 0.122548 -0.247272
internal_weight=113 105 16 10 89 84 10 74 66 60 55 25 30 24 10 14 17 11
internal_count=113 105 16 10 89 84 10 74 66 60 55 25 30 24 10 14 17 11
is_linear=0
shrinkage=0.05


Tree=273
num_leaves=17
num_cat=0
split_feature=0 1 1 4 3 0 0 1 0 7 1 2 2 3 1 2
split_gain=394777 26035.7 42487 22452.1 4981.95 11769.6 1572.56 2617.99 1922.42 3881.25 2678.8 3520.98 3888.78 2346.9 2309.34 4732.14
threshold=91530 24205.677865591173 39566.250451175925 2.934351799697287 6.5000000000000009 54773.500000000007 46235.500000000007 13956.18840917876 33369.000000000007 0.10044078237494418 6411.94674379548 0.28965910529666361 0.2566042183329999 4.5000000000000009 1926.3337192909112 0.2079265850607315
decision_type=2 2 2 2 2 2 2 2 2 2 2 2 2 2 2 2
left_child=1 4 3 -3 5 6 7 8 10 -10 11 12 14 -12 -1 -16
right_child=-2 2 -4 -5 -6 -7 -8 -9 9 -11 13 -13 -14 -15 15 -17
leaf_value=-0.47204986943138938 -14.590228195190429 -1.8629425525665277 1.580923350652059 -6.1340514373779307 -1.3937966537475586 2.1937209538051063 -0.66221167019435345 1.041116189956665 1.6427650356292727 -0.32732494831085202 -1.3324987147535596 0.98916761080423987 -1.2765171289443971 -0.078868880867958069 -0.36472423417227617 1.473781418800354
leaf_weight=9.0000000000000053 4.9999999999999991 8.0000000000000018 5.9999999999999991 4.9999999999999991 4.9999999999999991 6.9999999999999991 6.9999999999999991 6.9999999999999991 4.9999999999999982 5 6.9999999999999991 8.9999999999999982 5.9999999999999991 7.9999999999999991 6.9999999999999982 7
leaf_count=9 5 8 6 5 5 7 7 7 5 5 7 9 6 8 7 7
internal_value=-0.85507 -0.219183 -1.89938 -3.50568 0.139511 0.23078 0.0523305 0.123785 0.021859 0.65772 -0.0981148 0.12522 -0.142902 -0.663896 0.152824 0.554529
internal_weight=113 108 19 13 89 84 77 70 63 10 53 38 29 15 23 14
internal_count=113 108 19 13 89 84 77 70 63 10 53 38 29 15 23 14
is_linear=0
shrinkage=0.05


Tree=274
num_leaves=18
num_cat=0
split_feature=0 1 1 4 1 6 1 1 0 0 2 1 2 5 7 2 5
split_gain=356286 23497.2 38344.5 20263.1 4326.8 30654.4 1915.08 2104.43 3193.4 3200.48 1730.43 2581.77 1533.71 1937.68 4346.23 1545.31 554.917
threshold=91530 24205.677865591173 39566.250451175925 2.934351799697287 16516.706392829426 10.737411773725453 13301.812676166339 10621.309512456515 39777.5 31244.499999999993 0.28965910529666361 5166.7437459527355 0.2566042183329999 0.4500170190692121 0.058358282577577782 0.16744804518791417 0.42586730557949953
decision_type=2 2 2 2 2 2 2 2 2 2 2 2 2 2 2 2 2
left_child=1 4 3 -3 6 -6 7 8 9 10 12 -12 13 14 15 -1 -13
right_child=-2 2 -4 -5 5 -7 -8 -9 -10 -11 11 16 -14 -15 -16 -17 -18
leaf_value=-0.91373547712961689 -13.860716629028321 -1.7697953224182124 1.5018770694732666 -5.8273489379882815 3.5427610874176034 -1.5114764690399169 -0.69050296677483458 0.90673048155648373 -1.2193120861053468 1.1906706055005392 1.2022023280461624 -0.40453103979428617 -0.81157989237043593 -0.90202613830566403 1.3001903384923936 0.276446943283081 0.25075515338352744
leaf_weight=6.0000000000000089 4.9999999999999991 8.0000000000000018 5.9999999999999991 4.9999999999999991 5.9999999999999982 6 8.9999999999999982 6.9999999999999991 4.9999999999999991 5.9999999999999991 6.0000000000000027 5.9999999999999982 8.9999999999999982 4.9999999999999991 5.9999999999999991 5 7
leaf_count=6 5 8 6 5 6 6 9 7 5 6 6 6 9 5 6 5 7
internal_value=-0.812316 -0.208224 -1.80441 -3.33039 0.132536 1.01564 -0.0050912 0.0856251 -0.00860014 0.0994991 -0.0314414 0.34428 -0.261722 -0.0367803 0.217704 -0.372743 -0.0516846
internal_weight=113 108 19 13 89 12 77 68 61 56 50 19 31 22 17 11 13
internal_count=113 108 19 13 89 12 77 68 61 56 50 19 31 22 17 11 13
is_linear=0
shrinkage=0.05


Tree=275
num_leaves=18
num_cat=0
split_feature=1 2 5 0 5 1 7 2 1 2 0 6 1 0 0 6 5
split_gain=165786 178522 152506 24930.7 7879.77 32109 18600.9 15627.1 6697.07 6566.2 4602.57 3465.99 3926.28 5083.53 1527.54 1319.77 126.892
threshold=62105.199800608134 0.56505205340798936 0.40121061746896597 77954.999999999985 0.37079327361855535 18300.224719541544 0.11014458600331878 0.35245113372703452 15719.604082849797 0.23339000128674831 43685.500000000007 11.029932159873381 7387.5125544820748 18132.499999999996 20969.499999999993 9.1127472625752919 0.48402602529779554
decision_type=2 2 2 2 2 2 2 2 2 2 2 2 2 2 2 2 2
left_child=1 3 -3 4 6 8 7 9 10 -1 11 14 13 -13 -6 16 -16
right_child=-2 2 -4 -5 5 -7 -8 -9 -10 -11 -12 12 -14 -15 15 -17 -18
leaf_value=0.24401134385002954 8.1672822594642636 -12.909282302856449 -0.55995527267456047 3.4036389350891114 -0.8251166284084317 -3.70815110206604 3.54525185585022 2.3428770745173098 1.7157834490140278 -1.7978053501674109 -1.2411065919058664 0.89530674219131434 1.5824156233242581 -1.1370231795310974 -0.53396461009979224 0.53929203067507059 -0.17774537086486814
leaf_weight=9.0000000000000089 5.9999999999999991 4.9999999999999982 5 5.9999999999999991 8.0000000000000018 5.9999999999999991 4.9999999999999991 5.9999999999999991 5.9999999999999991 6.9999999999999991 6.9999999999999991 8.0000000000000018 6.9999999999999991 4.9999999999999991 5.0000000000000018 6.9999999999999991 5
leaf_count=9 6 5 5 6 8 6 5 6 6 7 7 8 7 5 5 7 5
internal_value=0.0796653 -0.373846 -6.73462 0.281904 0.0760752 -0.226127 0.792407 0.16676 0.134082 -0.649283 -0.0484219 0.137107 0.627712 0.113641 -0.255378 0.012735 -0.355855
internal_weight=113 107 10 97 91 64 27 22 58 16 52 45 20 13 25 17 10
internal_count=113 107 10 97 91 64 27 22 58 16 52 45 20 13 25 17 10
is_linear=0
shrinkage=0.05


Tree=276
num_leaves=20
num_cat=0
split_feature=1 2 5 0 3 4 0 1 1 0 2 2 2 2 6 2 4 6 1
split_gain=149622 161116 137637 22499.9 7498.95 5133.97 17216.3 15193.6 7767 4288.45 3189.33 4003.05 2063.18 2853.11 1871.74 2578.11 765.58 751.77 632.56
threshold=62105.199800608134 0.56505205340798936 0.40121061746896597 77954.999999999985 6.5000000000000009 2.6969315988360472 48227.499999999993 18300.224719541544 15719.604082849797 45841.500000000007 0.22093611501468283 0.24878814255985207 0.16744804518791417 0.2566042183329999 11.029932159873381 0.30882258029930471 2.0660216113510246 12.377843983455618 8587.5259268539885
decision_type=2 2 2 2 2 2 2 2 2 2 2 2 2 2 2 2 2 2 2
left_child=1 3 -3 4 5 7 12 8 9 10 17 -12 -7 -14 16 -16 -13 -1 -18
right_child=-2 2 -4 -5 -6 6 -8 -9 -10 -11 11 14 13 -15 15 -17 18 -19 -20
leaf_value=0.48206797599792489 7.7589189181725189 -12.263818702697757 -0.53195753097534171 3.2334570407867433 -1.8101365041732789 -0.80864200592040913 3.1148553927739462 -2.716482276916504 2.0417385482788086 -1.4146201705932617 -1.2722088091075421 0.30990474939346274 1.1120366437094551 -0.23388242986467153 1.3558604677518211 -0.1098909338315328 -0.85162669181823747 1.3491147518157958 -0.090150340398152659
leaf_weight=4.9999999999999982 5.9999999999999991 4.9999999999999982 5 5.9999999999999991 4.9999999999999991 5.0000000000000062 5.9999999999999991 4.9999999999999991 4.9999999999999991 4.9999999999999991 5.9999999999999991 5.0000000000000062 6.9999999999999991 8.9999999999999982 5.9999999999999982 6 4.9999999999999982 5 6
leaf_count=5 6 5 5 6 5 5 6 5 5 5 6 5 7 9 6 6 5 5 6
internal_value=0.0756821 -0.355154 -6.39789 0.267809 0.0722714 0.181714 0.752787 -0.0796246 0.164529 -0.0270232 0.130658 -0.100204 0.0779097 0.354957 0.150939 0.622985 -0.203094 0.915591 -0.436276
internal_weight=113 107 10 97 91 86 27 59 54 49 44 34 21 16 28 12 16 10 11
internal_count=113 107 10 97 91 86 27 59 54 49 44 34 21 16 28 12 16 10 11
is_linear=0
shrinkage=0.05


Tree=277
num_leaves=20
num_cat=0
split_feature=1 2 5 0 3 5 7 2 1 1 2 0 2 2 6 2 5 7 1
split_gain=135034 145407 124217 20306.2 6767.8 4633.41 16220.1 13877.8 13712.3 7009.72 6036.96 3870.32 2878.37 3612.75 1689.25 2326.75 690.936 678.473 570.885
threshold=62105.199800608134 0.56505205340798936 0.40121061746896597 77954.999999999985 6.5000000000000009 0.37079327361855535 0.11014458600331878 0.35245113372703452 18300.224719541544 15719.604082849797 0.23339000128674831 45841.500000000007 0.22093611501468283 0.24878814255985207 11.029932159873381 0.30882258029930471 0.48402602529779554 0.084121011742510562 8587.5259268539885
decision_type=2 2 2 2 2 2 2 2 2 2 2 2 2 2 2 2 2 2 2
left_child=1 3 -3 4 5 6 7 10 9 11 -1 12 17 -14 16 -16 18 -7 -15
right_child=-2 2 -4 -5 -6 8 -8 -9 -10 -11 -12 -13 13 14 15 -17 -18 -19 -20
leaf_value=0.21843433909945992 7.3709731658299766 -11.650627212524418 -0.50535963058471667 3.0717841466267903 -1.7196296691894533 1.2816590261459355 3.2857901573181154 2.1816150387128195 -2.5806582450866702 1.9396515274047852 -1.7393680027553016 -1.3438891696929933 -1.2085983534653983 -0.80904534339904688 1.2880673766136173 -0.10439640283584593 0.29440950870513921 0.45796459197998041 -0.085642822583516437
leaf_weight=9.0000000000000089 5.9999999999999991 4.9999999999999982 5 5.9999999999999991 4.9999999999999991 4.9999999999999982 4.9999999999999991 5.9999999999999991 4.9999999999999991 4.9999999999999991 6.9999999999999991 4.9999999999999991 5.9999999999999991 5.0000000000000053 5.9999999999999982 6 4.9999999999999991 5 6
leaf_count=9 6 5 5 6 5 5 5 6 5 5 7 5 6 5 6 6 5 5 6
internal_value=0.071898 -0.337396 -6.07799 0.254418 0.0686578 0.172628 0.715147 0.13091 -0.0756434 0.156302 -0.638104 -0.025672 0.124125 -0.0951941 0.143392 0.591835 -0.19294 0.869812 -0.414462
internal_weight=113 107 10 97 91 86 27 22 59 54 16 49 44 34 28 12 16 10 11
internal_count=113 107 10 97 91 86 27 22 59 54 16 49 44 34 28 12 16 10 11
is_linear=0
shrinkage=0.05


Tree=278
num_leaves=18
num_cat=0
split_feature=1 2 5 1 4 1 7 2 2 1 6 5 1 4 6 5 7
split_gain=121868 131230 112106 12888.4 7400.02 32123.5 17120.2 12524.7 5448.36 5016.28 2196.09 2479.31 2306.24 1383.09 914.153 1191.08 899.046
threshold=62105.199800608134 0.56505205340798936 0.40121061746896597 31062.671928726599 2.6969315988360472 18300.224719541544 0.11014458600331878 0.35245113372703452 0.23339000128674831 15719.604082849797 11.029932159873381 0.44006687884785706 7387.5125544820748 2.4924571051868147 7.1676944068471782 0.45698816419450822 0.14610001537467651
decision_type=2 2 2 2 2 2 2 2 2 2 2 2 2 2 2 2 2
left_child=1 3 -3 4 5 9 7 8 -6 10 13 12 -12 14 -1 -16 -17
right_child=-2 2 -4 -5 6 -7 -8 -9 -10 -11 11 -13 -14 -15 15 16 -18
leaf_value=0.37827065785725872 7.0024239381154381 -11.068095932006839 -0.48009164810180655 2.4862424850463869 0.20751263830396841 -4.0522722816467285 3.1374820550282796 2.0725342671076459 -1.6523995637893678 1.4935177445411683 -0.50834612051645878 1.2128825545310975 0.70172811576298311 -1.070728259086609 0.087624351183573368 -1.1793253922462466 -0.23114485740661617
leaf_weight=6.0000000000000062 5.9999999999999991 4.9999999999999982 5 5.9999999999999991 9.0000000000000089 4.9999999999999991 5.9999999999999991 5.9999999999999991 6.9999999999999991 5.9999999999999991 9.0000000000000053 5.9999999999999991 6.9999999999999991 4.9999999999999991 9.0000000000000018 4.9999999999999982 5
leaf_count=6 6 5 5 6 9 5 6 6 7 6 9 6 7 5 9 5 5
internal_value=0.0683031 -0.320526 -5.77409 0.241697 0.0937054 -0.206885 0.770033 0.124365 -0.606199 0.124614 -0.033336 0.346104 0.0210614 -0.311592 -0.159764 -0.32967 -0.705235
internal_weight=113 107 10 97 91 63 28 22 16 58 52 22 16 30 25 19 10
internal_count=113 107 10 97 91 63 28 22 16 58 52 22 16 30 25 19 10
is_linear=0
shrinkage=0.05


Tree=279
num_leaves=20
num_cat=0
split_feature=1 2 5 0 4 1 0 1 0 2 2 2 1 2 6 2 7 6 0
split_gain=109986 118435 101176 17471.5 5308.74 23647.9 14404.7 4527.19 3394.24 2672.33 2377 1754.16 2803.36 2833.98 1690.28 2081.44 603.347 496.85 482.392
threshold=62105.199800608134 0.56505205340798936 0.40121061746896597 77954.999999999985 2.6969315988360472 18300.224719541544 48227.499999999993 15719.604082849797 45841.500000000007 0.22093611501468283 0.24472592425180703 0.16744804518791417 9442.0625753316071 0.2566042183329999 11.029932159873381 0.30882258029930471 0.084121011742510562 7.6506066014448839 20969.499999999993
decision_type=2 2 2 2 2 2 2 2 2 2 2 2 2 2 2 2 2 2 2
left_child=1 3 -3 4 5 7 11 8 9 16 -11 -6 13 -13 17 -16 -1 -12 -19
right_child=-2 2 -4 -5 6 -7 -8 -9 -10 10 14 12 -14 -15 15 -17 -18 18 -20
leaf_value=1.2136803150177005 6.6523030281066902 -10.514691448211671 -0.45608709335327141 2.8429435729980472 -0.78950725555419821 -3.1789761384328208 2.8058706998825076 1.4188418825467428 -1.2701908779144286 -1.1097656512260439 0.12063465118408197 1.6087759208679202 -0.698243489265442 -0.0029992341995239255 1.190142341454824 -0.12687393923600512 0.4369260692596435 -0.78711802482604987 -0.16106386408209802
leaf_weight=4.9999999999999982 5.9999999999999991 4.9999999999999982 5 5.9999999999999991 5.0000000000000062 5.9999999999999991 5.9999999999999991 5.9999999999999991 4.9999999999999991 4.9999999999999991 7.0000000000000027 4.9999999999999982 4.9999999999999991 6 5.9999999999999982 6 5 4.9999999999999991 7.9999999999999991
leaf_count=5 6 5 5 6 5 6 6 6 5 5 7 5 5 6 6 6 5 5 8
internal_value=0.0648879 -0.3045 -5.48539 0.229612 0.0573049 -0.190744 0.645272 0.118384 -0.0316692 0.100088 -0.0959156 0.0279586 0.283417 0.729626 0.0624985 0.531634 0.825303 -0.218983 -0.401854
internal_weight=113 107 10 97 91 64 27 58 52 47 37 21 16 11 32 12 10 20 13
internal_count=113 107 10 97 91 64 27 58 52 47 37 21 16 11 32 12 10 20 13
is_linear=0
shrinkage=0.05


Tree=280
num_leaves=19
num_cat=0
split_feature=0 0 0 0 0 6 0 1 1 0 7 7 6 4 1 1 5 1
split_gain=182802 15998 19330.9 15964.1 6243.54 2553.45 12931.2 5250.07 4906.26 2027.82 1841.93 1106.32 1974.42 1545.55 987.05 1752.24 926.101 306.794
threshold=91530 70868.500000000015 58162.500000000022 53055.999999999993 48227.499999999993 12.204789657770361 14717.500000000004 7387.5125544820748 5451.4444842065941 27800.999999999996 0.05467668294401349 0.11677816766031567 9.8202207392153866 1.8581763196093466 1117.7490461145278 1926.3337192909112 0.41243257855243948 10621.309512456515
decision_type=2 2 2 2 2 2 2 2 2 2 2 2 2 2 2 2 2 2
left_child=1 2 3 4 5 6 -1 9 -8 10 14 -10 13 -13 -7 -16 -15 -18
right_child=-2 -3 -4 -5 -6 7 8 -9 11 -11 -12 12 -14 16 15 -17 17 -19
leaf_value=-2.646365566253662 9.734130592346192 -2.0633611467149522 2.4948585033416748 -2.5613459984461469 1.8213183403015138 -0.66870095252990591 1.5157203388214111 1.3612306833267214 -0.84724446296691891 -0.94484558105468752 1.0132320046424865 0.48424200057983335 0.62875424399971969 -0.016105238596598299 0.86985275268554707 -0.39751329024632764 -0.54729447364807138 -1.0776033210754394
leaf_weight=4.9999999999999991 4.9999999999999991 8.9999999999999982 7.9999999999999991 5.9999999999999991 4.9999999999999991 5.0000000000000098 4.9999999999999991 8.9999999999999982 4.9999999999999991 4.9999999999999991 4.9999999999999991 5.0000000000000062 7.9999999999999991 6.0000000000000027 4.9999999999999982 6 5.9999999999999982 5
leaf_count=5 5 9 8 6 5 5 5 9 5 5 5 5 8 6 5 6 6 5
internal_value=0.387654 -0.0450537 0.138429 -0.0687298 0.10722 8.83519e-05 -0.249036 0.320391 0.0506302 -0.0398996 0.175564 -0.158668 -0.0439057 -0.288509 -0.0862075 0.178562 -0.515789 -0.788344
internal_weight=113 108 99 91 85 80 45 35 40 26 21 35 30 22 16 11 17 11
internal_count=113 108 99 91 85 80 45 35 40 26 21 35 30 22 16 11 17 11
is_linear=0
shrinkage=0.05


Tree=281
num_leaves=18
num_cat=0
split_feature=0 0 0 0 0 0 0 2 5 4 1 0 3 0 6 6 6
split_gain=164979 14438.2 17446.2 14407.6 5634.79 2349.83 4867.62 4494.37 2971.37 4033.21 1605.92 2764.34 3923.44 5775.55 2482.9 3369.02 585.818
threshold=91530 70868.500000000015 58162.500000000022 53055.999999999993 48227.499999999993 8615.0000000000073 4944.0000000000009 0.56505205340798936 0.33597815644353413 2.7451911326668745 9833.536278827658 31244.499999999993 5.5000000000000009 27800.999999999996 13.8610787059551 9.4306243500006861 8.3629238554085266
decision_type=2 2 2 2 2 2 2 2 2 2 2 2 2 2 2 2 2
left_child=1 2 3 4 5 6 -1 8 -7 10 11 12 13 14 15 -10 -12
right_child=-2 -3 -4 -5 -6 7 -8 -9 9 -11 16 -13 -14 -15 -16 -17 -18
leaf_value=0.36203291416168221 9.2474240493774413 -1.9601928710937502 2.3701156198978426 -2.4332786719004318 1.7302523946762087 1.1689223957061767 -1.652006149291992 1.5568168640136719 0.63055972371782454 -1.2268432216984886 -0.10340686639149986 1.0373353689908982 1.2775418663024904 -1.7790595245361329 1.0843545532226562 -0.8319933917787341 -0.80210708975791922
leaf_weight=5.9999999999999982 4.9999999999999991 8.9999999999999982 7.9999999999999991 5.9999999999999991 4.9999999999999991 4.9999999999999991 6 4.9999999999999991 7.0000000000000133 6.9999999999999991 5.9999999999999982 7.9999999999999991 4.9999999999999991 4.9999999999999991 4.9999999999999991 8.9999999999999982 6
leaf_count=6 5 9 8 6 5 5 6 5 7 7 6 8 5 5 5 9 6
internal_value=0.368271 -0.042801 0.131507 -0.0652933 0.101859 8.39446e-05 -0.644987 0.11392 -0.000595704 -0.101416 0.0530541 0.208688 -0.00515606 -0.251829 0.111798 -0.192126 -0.452757
internal_weight=113 108 99 91 85 80 12 68 63 58 51 39 31 26 21 16 12
internal_count=113 108 99 91 85 80 12 68 63 58 51 39 31 26 21 16 12
is_linear=0
shrinkage=0.05


Tree=282
num_leaves=18
num_cat=0
split_feature=2 2 2 2 1 3 1 3 4 1 1 2 2 2 3 1 1
split_gain=140911 430135 97532.5 14728.3 11741 5907.33 11883.3 1771.37 2338.86 4069.17 2310.22 2028.83 5391.05 1108.39 1980.32 1034.15 776.866
threshold=0.63546820154915784 0.81097315501112854 0.55662553940215431 0.51592895015361084 24205.677865591173 6.5000000000000009 16516.706392829426 5.5000000000000009 2.5967981128142408 7387.5125544820748 1580.3453037190059 0.1816627865598146 0.22093611501468283 0.43149840856083482 4.5000000000000009 6411.94674379548 3269.5990641405679
decision_type=2 2 2 2 2 2 2 2 2 2 2 2 2 2 2 2 2
left_child=2 -2 3 4 5 6 7 8 11 10 -10 -1 -13 14 15 -14 -12
right_child=1 -3 -4 -5 -6 -7 -8 -9 9 -11 16 12 13 -15 -16 -17 -18
leaf_value=0.53465724388758351 16.751179513931273 -1.9433271050453187 -6.4673872311909992 2.7482911777496337 -2.0061429841177807 -1.5382003498077392 2.1995757511683873 0.86038684447606417 0.61166634559631294 1.1804287778006661 -1.0073105812072756 -1.9712805557250963 0.48268712759017895 0.49307647705078123 -1.0992306882127501 -0.38568230867385866 -0.19129260437829154
leaf_weight=5.9999999999999991 4.9999999999999991 7.9999999999999991 5.9999999999999991 4.9999999999999991 6.9999999999999991 4.9999999999999991 6.9999999999999991 5.9999999999999991 7.0000000000000062 8.9999999999999982 4.9999999999999982 5.0000000000000027 6.0000000000000062 4.9999999999999991 5.9999999999999991 7.9999999999999991 7
leaf_count=6 5 8 6 5 7 5 7 6 7 9 5 5 6 5 6 8 7
internal_value=0.349857 5.24687 -0.286754 0.107755 -0.0405902 0.127201 0.235344 0.0389207 -0.0380918 0.30464 -0.110207 -0.304661 -0.472525 -0.172773 -0.339236 -0.013524 -0.5313
internal_weight=113 13 100 94 89 82 77 70 64 28 19 36 30 25 20 14 12
internal_count=113 13 100 94 89 82 77 70 64 28 19 36 30 25 20 14 12
is_linear=0
shrinkage=0.05


Tree=283
num_leaves=19
num_cat=0
split_feature=2 2 1 3 4 1 4 6 2 1 2 3 1 2 6 6 6 1
split_gain=127172 388197 92110.6 4987.29 5833.64 45402 8556.98 11764.5 14424.8 11184.4 9075.39 3527.28 3076.9 2010.18 586.399 576.56 379.632 180.813
threshold=0.63546820154915784 0.81097315501112854 33902.646891508019 6.5000000000000009 2.3934212238621493 13956.18840917876 2.6272356579924998 11.029932159873381 0.35245113372703452 17549.64770584663 0.2566042183329999 5.5000000000000009 8587.5259268539885 0.2079265850607315 6.6798556851379809 10.191971975417099 13.274265526549931 5657.3230438461069
decision_type=2 2 2 2 2 2 2 2 2 2 2 2 2 2 2 2 2 2
left_child=2 -2 3 4 5 11 9 -8 10 12 13 14 16 -9 -1 -16 -6 -17
right_child=1 -3 -4 -5 6 -7 7 8 -10 -11 -12 -13 -14 -15 15 17 -18 -19
leaf_value=0.041683109601338655 15.913620185852052 -1.8461607336997987 -6.8869873046875005 -1.4612904071807862 0.0390560913085937 5.0795820713043218 2.1989788464137487 -0.52455192142062657 2.3229853534698486 -2.7302757263183595 -2.3105216975013416 1.0913544321060182 -0.96845426559448244 0.60518377167837967 -0.92542213598887124 -0.51805451154708881 0.65519929885864248 -0.09283295392990111
leaf_weight=6.0000000000000062 4.9999999999999991 7.9999999999999991 4.9999999999999991 4.9999999999999991 5.0000000000000053 4.9999999999999991 6.9999999999999991 9.0000000000000089 4.9999999999999991 5.9999999999999991 5.9999999999999991 4.9999999999999991 7.9999999999999991 6.9999999999999991 5.9999999999999991 4.9999999999999982 5 5
leaf_count=6 5 8 5 5 5 5 7 9 5 6 6 5 8 7 6 5 5 5
internal_value=0.332365 4.98452 -0.272416 0.0757191 0.161109 0.703057 -0.137897 0.372352 -0.101218 -0.86075 -0.652173 -0.107411 -0.237575 -0.0302926 -0.379858 -0.537936 0.347128 -0.305444
internal_weight=113 13 100 95 90 32 58 34 27 24 22 27 18 16 22 16 10 10
internal_count=113 13 100 95 90 32 58 34 27 24 22 27 18 16 22 16 10 10
is_linear=0
shrinkage=0.05


Tree=284
num_leaves=17
num_cat=0
split_feature=0 0 0 0 0 6 0 6 0 2 0 2 6 6 6 0
split_gain=146025 11257.1 18584.7 15682.3 5367.88 2886.92 10034.2 5482.39 4352.18 3105.65 4173.99 2195.19 1305.05 982.515 1806.61 331.91
threshold=91530 70868.500000000015 58162.500000000022 53055.999999999993 48227.499999999993 12.204789657770361 14717.500000000004 13.274265526549931 27800.999999999996 0.50562705853824974 20969.499999999993 0.15663603931434891 15.896966433889316 10.631232603955729 9.4306243500006861 33369.000000000007
decision_type=2 2 2 2 2 2 2 2 2 2 2 2 2 2 2 2
left_child=1 2 3 4 5 6 -1 -7 11 10 -8 -9 -13 14 15 -12
right_child=-2 -3 -4 -5 -6 7 9 8 -10 -11 13 12 -14 -15 -16 -17
leaf_value=-2.4218231010437012 8.6693031692504885 -1.7640326076083714 2.393419587612152 -2.5907152652740479 1.6435482358932498 1.3590502222379051 1.3357789397239686 -0.67156614780425938 -1.3984959697723389 -1.0948357105255127 0.017994781902858161 1.0407122646059308 0.13043642971250746 -0.68458693424860639 0.77714229226112375 -0.44106556309594053
leaf_weight=4.9999999999999991 4.9999999999999991 8.9999999999999982 7.9999999999999991 5.9999999999999991 4.9999999999999991 8.9999999999999982 5.9999999999999991 5.0000000000000062 4.9999999999999991 5.9999999999999991 7.0000000000000098 6.9999999999999991 8.9999999999999982 5.9999999999999991 5.9999999999999991 8.9999999999999982
leaf_count=5 5 9 8 6 5 9 6 5 5 6 7 7 9 6 6 9
internal_value=0.315746 -0.0709924 0.0829203 -0.120201 0.0541888 -0.0451462 -0.310039 0.29543 -0.072746 -0.0460659 0.139011 0.242909 0.528682 -0.117439 0.0372376 -0.240227
internal_weight=113 108 99 91 85 80 45 35 26 40 34 21 16 28 22 16
internal_count=113 108 99 91 85 80 45 35 26 40 34 21 16 28 22 16
is_linear=0
shrinkage=0.05


Tree=285
num_leaves=21
num_cat=0
split_feature=1 0 1 0 7 1 4 0 1 7 1 7 0 0 1 1 1 1 7 5
split_gain=111440 113257 17670 15151.8 12047.4 5970.22 1361.37 1927.19 1370.51 2597.83 2456.11 2026.47 1438.97 2411.15 1219.93 1046.76 835.43 1134.43 775.72 745.898
threshold=62105.199800608134 87502.499999999985 29628.349800647582 62016 0.2385095961990355 16516.706392829426 1.9905416946811754 24627.000000000004 5166.7437459527355 0.058358282577577782 10621.309512456515 0.17020059730283604 39777.5 29848.500000000004 6411.94674379548 8017.8764203639594 1117.7490461145278 1926.3337192909112 0.11677816766031567 0.40469831891852054
decision_type=2 2 2 2 2 2 2 2 2 2 2 2 2 2 2 2 2 2 2 2
left_child=1 2 3 5 -4 6 7 -1 9 16 12 -12 13 14 -10 -16 -8 -18 -15 -7
right_child=-2 -3 4 -5 -6 19 8 -9 10 -11 11 -13 -14 18 15 -17 17 -19 -20 -21
leaf_value=-1.2582894515991214 7.4567980003356942 -7.5279069709777833 3.9077458000183114 -2.4688556353251143 0.43681068420410152 1.7097203254699711 -0.53218605518341033 0.026965839522225518 -0.079538971185684149 1.1112250089645386 1.1756246169408164 -0.12388505140940348 -1.0895443272590637 0.89770615577697765 -1.3935003089904789 -0.37038651943206785 0.79192558288574233 -0.27317081689834594 0.016956362724304199 0.84606641769409174
leaf_weight=4.9999999999999982 4.9999999999999991 4.9999999999999991 4.9999999999999982 5.9999999999999991 5 4.9999999999999982 5.0000000000000027 7 9.0000000000000053 7.9999999999999991 5.9999999999999982 6 4.9999999999999991 4.9999999999999982 4.9999999999999982 5 4.9999999999999982 5 5 5
leaf_count=5 5 5 5 6 5 5 5 7 9 8 6 6 5 5 5 5 5 5 5 5
internal_value=0.153451 -0.172592 0.171115 -0.0351907 2.17228 0.125271 -0.0170284 -0.508557 0.0684549 0.383593 -0.0891143 0.52587 -0.306167 -0.171102 -0.501857 -0.881943 -0.0044771 0.259377 0.457331 1.27789
internal_weight=117 112 107 97 10 91 81 12 69 23 46 12 34 29 19 10 15 10 10 10
internal_count=117 112 107 97 10 91 81 12 69 23 46 12 34 29 19 10 15 10 10 10
is_linear=0
shrinkage=0.05


Tree=286
num_leaves=20
num_cat=0
split_feature=1 0 2 0 1 6 0 1 2 0 7 4 5 0 2 0 6 6 4
split_gain=100575 102215 16319.7 38902.8 20119.2 8655.78 7081.37 1468.17 1495.98 3460.79 1845.73 2129.29 1331.71 1609.04 2814.49 2510.17 2465.74 1277.25 1138.26
threshold=62105.199800608134 87502.499999999985 0.50562705853824974 58162.500000000022 18300.224719541544 11.642466352918628 53055.999999999993 15719.604082849797 0.35245113372703452 20969.499999999993 0.038704089731232433 2.9765045141594961 0.36427410282794453 29848.500000000004 0.2566042183329999 24627.000000000004 11.029932159873381 9.4306243500006861 2.4709768464156912
decision_type=2 2 2 2 2 2 2 2 2 2 2 2 2 2 2 2 2 2 2
left_child=1 2 4 5 6 -4 7 8 10 -10 -1 12 -12 15 17 16 -14 -15 -18
right_child=-2 -3 3 -5 -6 -7 -8 -9 9 -11 11 -13 13 14 -16 -17 18 -19 -20
leaf_value=-0.89724865754445404 7.0839583206176755 -7.1515118789672858 -0.94623694419860804 5.2699468421936038 -2.7039733069283622 1.4613091536930629 1.913327693939209 -0.85779007673263552 1.5254170227050785 -0.33490303277969358 -0.77095577915509539 1.0100323009490968 -0.58600987460878118 0.22240484237670888 -0.42879878112248015 -1.2447195386886598 1.0882090950012209 1.2687238829476493 0.02131571292877197
leaf_weight=5.9999999999999991 4.9999999999999991 4.9999999999999991 8.0000000000000018 4.9999999999999991 6.9999999999999991 6.9999999999999991 4.9999999999999991 4.9999999999999991 4.9999999999999982 5 5.9999999999999991 4.9999999999999991 9.0000000000000053 5.0000000000000018 6.9999999999999991 4.9999999999999991 4.9999999999999982 7 5
leaf_count=6 5 5 8 5 7 7 5 5 5 5 6 5 9 5 7 5 5 7 5
internal_value=0.145778 -0.163962 0.162559 1.45045 -0.133508 0.177285 0.0914079 -0.0300534 0.0290706 0.595257 -0.0652938 0.0271456 -0.0731489 0.0242195 0.367974 -0.247919 0.0143966 0.832758 0.554762
internal_weight=117 112 107 20 87 15 80 75 70 10 60 54 49 43 19 24 19 12 10
internal_count=117 112 107 20 87 15 80 75 70 10 60 54 49 43 19 24 19 12 10
is_linear=0
shrinkage=0.05


Tree=287
num_leaves=19
num_cat=0
split_feature=1 0 2 0 1 3 0 1 2 0 7 4 1 7 6 6 0 2
split_gain=90768.7 92248.9 14728.6 35109.8 18157.6 7913.09 6390.94 1325.03 1350.12 3123.36 1665.77 1921.68 1247.67 2432.75 2261.6 1549.65 1203.93 259.442
threshold=62105.199800608134 87502.499999999985 0.50562705853824974 58162.500000000022 18300.224719541544 3.5000000000000004 53055.999999999993 15719.604082849797 0.35245113372703452 20969.499999999993 0.038704089731232433 2.9765045141594961 5166.7437459527355 0.070310733269566925 11.029932159873381 11.49094878481216 33369.000000000007 0.27447364996027118
decision_type=2 2 2 2 2 2 2 2 2 2 2 2 2 2 2 2 2 2
left_child=1 2 4 5 6 -4 7 8 10 -10 -1 12 14 -14 -12 16 17 -15
right_child=-2 -3 3 -5 -6 -7 -8 -9 9 -11 11 -13 13 15 -16 -17 -18 -19
leaf_value=-0.85238621234893808 6.7297599029541022 -6.7939362716674809 -1.2380903919537856 5.0064496040344242 -2.5687748772757395 1.1060941484239366 1.8176612281799316 -0.81490061521530155 1.449146127700806 -0.31815787434577936 -0.44156835873921713 0.95953071594238293 -1.0677119146500316 0.3647444391250606 0.81164929204516945 0.56203986406326301 -0.68705787923600947 -0.14461046218872067
leaf_weight=5.9999999999999991 4.9999999999999991 4.9999999999999991 6.0000000000000027 4.9999999999999991 6.9999999999999991 8.9999999999999982 4.9999999999999991 4.9999999999999991 4.9999999999999982 5 5.9999999999999991 4.9999999999999991 6.9999999999999991 5.0000000000000053 8.9999999999999982 7.9999999999999991 8.9999999999999982 5
leaf_count=6 5 5 6 5 7 9 5 5 5 5 6 5 7 5 9 8 9 5
internal_value=0.138489 -0.155764 0.154431 1.37793 -0.126832 0.16842 0.0868375 -0.0285508 0.0276171 0.565494 -0.0620291 0.0257884 -0.0694915 -0.237074 0.310362 -0.0217234 -0.267518 0.110067
internal_weight=117 112 107 20 87 15 80 75 70 10 60 54 49 34 15 27 19 10
internal_count=117 112 107 20 87 15 80 75 70 10 60 54 49 34 15 27 19 10
is_linear=0
shrinkage=0.05


Tree=288
num_leaves=19
num_cat=0
split_feature=4 4 1 4 1 4 3 2 0 1 0 2 6 6 6 1 0 4
split_gain=86057.6 328977 212738 56129 25311.5 59488.5 4652.12 4100.39 8891.26 5795.19 1750.98 1283.88 1195.92 1427.11 702.186 750.082 712.224 423.949
threshold=3.0121539584389425 2.934351799697287 24205.677865591173 2.7837997876371747 22348.395371591363 2.3193823819540831 1.5000000000000002 0.23674119032890859 45841.500000000007 16516.706392829426 29848.500000000004 0.2079265850607315 11.029932159873381 13.043294761977926 8.3629238554085266 12221.392818450666 20969.499999999993 2.3696226992571545
decision_type=2 2 2 2 2 2 2 2 2 2 2 2 2 2 2 2 2 2
left_child=1 3 6 4 7 -6 -2 8 10 12 11 -1 14 -14 15 17 -16 -9
right_child=2 -3 -4 -5 5 -7 -8 9 -10 -11 -12 -13 13 -15 16 -17 -18 -19
leaf_value=0.029272556304931602 -0.6991817156473793 12.057309182484945 -11.813435478210451 -4.6997362693150846 -1.6876905759175618 4.7397100395626497 1.1981472969055174 0.61705995082855192 -2.5112897157669067 1.7761643791198729 0.49379474776131771 -1.1038118600845335 0.86775437423161095 -0.10982114858925343 -0.86427706877390542 -0.45853811264038086 -0.1609990527232488 -0.03405394554138183
leaf_weight=5.0000000000000053 6.0000000000000018 5.9999999999999991 4.9999999999999991 5.9999999999999991 5.9999999999999991 8.9999999999999982 7 5.0000000000000018 4.9999999999999991 4.9999999999999991 6.9999999999999991 5 6.9999999999999991 7.9999999999999991 5.9999999999999991 4.9999999999999991 8.9999999999999982 5
leaf_count=5 6 6 5 6 6 9 7 5 5 5 7 5 7 8 6 5 9 5
internal_value=0.131565 0.709781 -3.04862 -0.0223176 0.300263 2.16875 0.322457 -0.089005 -0.657845 0.161284 -0.112714 -0.53727 -0.0181467 0.346381 -0.20041 0.0414893 -0.44231 0.291503
internal_weight=117 99 18 93 87 15 13 72 22 50 17 10 45 15 30 15 15 10
internal_count=117 99 18 93 87 15 13 72 22 50 17 10 45 15 30 15 15 10
is_linear=0
shrinkage=0.05


Tree=289
num_leaves=19
num_cat=0
split_feature=4 5 7 5 0 7 2 6 0 4 3 6 2 0 3 7 3 2
split_gain=77666.9 296902 147365 50656.4 16863.6 62985.3 6969.26 5537.39 5338.32 2683.66 4285.04 3310.63 2980.01 1224.57 695.245 975.587 748.131 264.415
threshold=3.0121539584389425 0.34079229426713314 0.062533099679081688 0.35922375171208942 50610.999999999993 0.2385095961990355 0.2994101109548431 9.4306243500006861 45841.500000000007 2.4246638699485072 3.5000000000000004 11.49094878481216 0.22605089977735515 33369.000000000007 5.5000000000000009 0.14029013502643015 4.5000000000000009 0.28965910529666361
decision_type=2 2 2 2 2 2 2 2 2 2 2 2 2 2 2 2 2 2
left_child=1 -1 6 -3 8 7 -2 -6 9 13 12 -12 -11 14 16 -16 -5 -18
right_child=2 3 -4 4 5 -7 -8 -9 -10 10 11 -13 -14 -15 15 -17 17 -19
leaf_value=11.454443105061848 -0.43610186576843246 -4.4647497336069746 -8.5674400806427009 0.14273447096347808 0.64103797503880067 6.4126992797851559 2.0914434051513671 -1.5375700187683103 -1.4838625192642212 0.64310135444005323 0.37048544032233099 1.9710467755794523 -0.87543850966862269 -0.84742158502340326 0.7688134181499483 -0.17685464223225911 -0.7153727531433105 -0.26303764581680295
leaf_weight=5.9999999999999991 6.0000000000000018 5.9999999999999991 6.9999999999999991 8 7.0000000000000018 4.9999999999999991 5 5 5.9999999999999991 6 7 6 7 5.9999999999999991 4.9999999999999982 6 6 7
leaf_count=6 6 6 7 8 7 5 5 5 6 6 7 6 7 6 5 6 6 7
internal_value=0.124987 0.674292 -2.89619 -0.0212017 0.28525 1.69782 0.712782 -0.266715 -0.0578025 0.0758907 0.467316 1.10921 -0.174574 -0.191927 -0.0690214 0.252994 -0.237696 -0.471808
internal_weight=117 99 18 93 87 17 11 12 70 64 26 13 13 38 32 11 21 13
internal_count=117 99 18 93 87 17 11 12 70 64 26 13 13 38 32 11 21 13
is_linear=0
shrinkage=0.05


Tree=290
num_leaves=16
num_cat=0
split_feature=2 0 1 2 0 2 4 2 1 2 5 2 6 2 5
split_gain=114321 193574 176901 6798.74 8569.92 1438.77 2140.04 1829.05 977.164 1973.3 1410.11 1411.67 1241.97 1122.64 637.487
threshold=0.75904576824017289 77954.999999999985 62105.199800608134 0.52592071588983369 54773.500000000007 0.2079265850607315 2.5450332819636068 0.22605089977735515 5166.7437459527355 0.2994101109548431 0.37358923902760793 0.27702064154860279 8.8564046125742681 0.43149840856083482 0.41243257855243948
decision_type=2 2 2 2 2 2 2 2 2 2 2 2 2 2 2
left_child=1 3 -2 4 5 6 -1 -7 9 -9 -10 12 -12 14 -13
right_child=2 -3 -4 -5 -6 7 -8 8 10 -11 11 13 -14 -15 -16
leaf_value=0.11712180773417152 1.0147902568181359 8.6155430385044642 -11.719373016357421 -1.3099473847283258 1.5941478623284233 0.91024227937062596 -0.97324986457824714 -0.32688225984573371 -0.83221215009689331 1.0180570960044859 -0.11554670810699466 -0.11225184202194205 0.95144571463267003 0.31534695026597809 -0.72568036715189621
leaf_weight=9.0000000000000018 5.9999999999999982 6.9999999999999991 5 8.9999999999999982 8.9999999999999982 5.9999999999999991 8.9999999999999982 4.9999999999999982 5.9999999999999991 6 4.9999999999999982 8.0000000000000053 6 6.9999999999999991 8.9999999999999982
leaf_count=9 6 7 5 9 9 6 9 5 6 6 5 8 6 7 9
internal_value=0.067006 0.594186 -4.77347 -0.00314899 0.135218 -0.0375501 -0.428064 0.0836439 -0.0117329 0.406721 -0.124001 -0.00259339 0.466449 -0.217571 -0.437008
internal_weight=112 101 11 94 85 76 18 58 52 11 41 35 11 24 17
internal_count=112 101 11 94 85 76 18 58 52 11 41 35 11 24 17
is_linear=0
shrinkage=0.05


Tree=291
num_leaves=18
num_cat=0
split_feature=6 4 0 0 5 0 6 4 4 6 0 4 4 4 0 6 3
split_gain=78009.9 641148 345151 22798.8 6976.09 24953.9 2642.89 6781.88 7414.78 6619.44 2040.15 1508.56 4464.96 2819.88 2360.78 637.351 603.383
threshold=10.191971975417099 2.7535771856059377 70868.500000000015 62016 0.40949729383885825 50610.999999999993 12.204789657770361 2.6272356579924998 2.4420260066434127 13.274265526549931 37401.000000000015 2.934351799697287 3.2626666860657543 2.7451911326668745 18132.499999999996 7.1676944068471782 5.5000000000000009
decision_type=2 2 2 2 2 2 2 2 2 2 2 2 2 2 2 2 2
left_child=1 3 6 4 -1 10 7 8 -2 -8 15 13 -13 14 -11 -6 -17
right_child=2 -3 -4 -5 5 -7 9 -9 -10 11 -12 12 -14 -15 -16 16 -18
leaf_value=-1.5461203734079998 -0.20400262607468492 -18.413606452941895 12.611061096191406 3.1316352026803154 0.27306311130523642 3.5402433395385744 1.4572086334228516 0.84441317149571005 -2.6054704689979555 0.38501047747475731 -1.2412260580062868 -1.4887022574742639 0.44023513793945307 1.2055979216098787 -1.0374977827072143 -0.62692408902304519 0.09223217844963072
leaf_weight=5.9999999999999991 9.0000000000000018 4.9999999999999991 5.9999999999999991 6.9999999999999991 7.0000000000000098 4.9999999999999991 8.9999999999999982 6.9999999999999991 4.9999999999999991 7.0000000000000053 4.9999999999999991 5.9999999999999982 6 4.9999999999999991 5 6.9999999999999982 5
leaf_count=6 9 5 6 7 7 5 9 7 5 7 5 6 6 5 5 7 5
internal_value=0.0636558 -1.48817 1.18575 0.526761 0.00578566 0.32687 0.0238503 -0.426309 -1.06167 0.272622 -0.342583 -0.0950079 -0.524234 0.207975 -0.207701 -0.106098 -0.327276
internal_weight=112 47 65 42 35 29 59 21 14 38 24 29 12 17 12 19 12
internal_count=112 47 65 42 35 29 59 21 14 38 24 29 12 17 12 19 12
is_linear=0
shrinkage=0.05


Tree=292
num_leaves=15
num_cat=0
split_feature=2 0 1 2 0 2 4 3 2 7 2 7 0 2
split_gain=105683 182433 161526 5427.8 5663.2 1327.04 1795.1 1702.44 1950.79 1489.18 1104.55 558.392 1559.35 268.916
threshold=0.75904576824017289 77954.999999999985 62105.199800608134 0.52592071588983369 54773.500000000007 0.2079265850607315 2.5450332819636068 2.5000000000000004 0.23674119032890859 0.11014458600331878 0.30882258029930471 0.12281249521708473 27800.999999999996 0.27702064154860279
decision_type=2 2 2 2 2 2 2 2 2 2 2 2 2 2
left_child=1 3 -2 4 5 6 -1 -7 -9 10 -10 -11 -13 -14
right_child=2 -3 -4 -5 -6 7 -8 8 9 11 -12 12 13 -15
leaf_value=0.094918317264980706 0.93745751778284725 8.3544480187552317 -11.230766334533691 -1.1801757044262355 1.2970671653747559 0.71911195649041071 -0.90372022522820361 -0.74326554238796239 0.90837452914565819 -0.54163417319456708 0.048343288898468013 0.54905188083648659 -0.072088055610656759 -0.55219125790255397
leaf_weight=9.0000000000000018 5.9999999999999982 6.9999999999999991 5 8.9999999999999982 8.9999999999999982 8.9999999999999982 8.9999999999999982 7.9999999999999991 7.9999999999999982 6.0000000000000027 7 8.0000000000000018 4.9999999999999982 7
leaf_count=9 6 7 5 9 9 9 9 8 8 6 7 8 5 7
internal_value=0.0604729 0.567347 -4.59355 -0.0125434 0.111088 -0.0293566 -0.404401 0.0870364 -0.0290591 0.110298 0.507027 -0.118583 0.0083318 -0.352148
internal_weight=112 101 11 94 85 76 18 58 49 41 15 26 20 12
internal_count=112 101 11 94 85 76 18 58 49 41 15 26 20 12
is_linear=0
shrinkage=0.05


Tree=293
num_leaves=18
num_cat=0
split_feature=6 5 0 0 5 0 0 1 0 6 1 1 1 0 0 6 3
split_gain=71940 586399 312520 19757.7 6250.3 22246 2330.84 10732.3 4109.41 2155.23 4507.06 3234.34 3203.42 3137.84 1745.11 589.541 547.705
threshold=10.191971975417099 0.36427410282794453 70868.500000000015 62016 0.40949729383885825 50610.999999999993 8615.0000000000073 22348.395371591363 4944.0000000000009 11.642466352918628 9442.0625753316071 7387.5125544820748 9833.536278827658 19519.500000000011 37401.000000000015 7.1676944068471782 5.5000000000000009
decision_type=2 2 2 2 2 2 2 2 2 2 2 2 2 2 2 2 2
left_child=1 -1 6 4 -3 14 8 9 -2 12 11 13 -8 -11 15 -6 -17
right_child=2 3 -4 -5 5 -7 7 -9 -10 10 -12 -13 -14 -15 -16 16 -18
leaf_value=-17.619450569152832 0.33270998795827239 -1.4597437381744385 12.006828308105469 2.9191280909946986 0.26443304674965956 3.3471497130393986 -0.12970752848519221 2.378000888824463 -1.5178332885106403 0.33447123393416361 -1.5404802123705545 0.99551790157953901 1.4487568718194961 -1.0659386754035951 -1.1500763607025146 -0.59843862056732189 0.086734160631895055
leaf_weight=4.9999999999999991 5.9999999999999982 5.9999999999999991 5.9999999999999991 6.9999999999999991 7.0000000000000098 4.9999999999999991 8.9999999999999982 4.9999999999999991 6 8.0000000000000089 5.9999999999999991 5.9999999999999991 4.9999999999999991 7.9999999999999991 4.9999999999999991 6.9999999999999982 5
leaf_count=5 6 6 6 7 7 5 9 5 6 8 6 6 5 8 5 7 5
internal_value=0.0574493 -1.43278 1.135 0.494201 0.00921532 0.313138 0.0293927 0.18819 -0.592562 -0.0725023 -0.325768 0.00551672 0.43403 -0.365734 -0.318948 -0.10023 -0.31295
internal_weight=112 47 65 42 35 29 59 47 12 42 28 22 14 16 24 19 12
internal_count=112 47 65 42 35 29 59 47 12 42 28 22 14 16 24 19 12
is_linear=0
shrinkage=0.05


Tree=294
num_leaves=19
num_cat=0
split_feature=2 0 1 2 2 0 2 2 3 2 2 2 1 2 2 0 6 6
split_gain=99507.8 171703 146674 4268.06 4570.15 17460.1 6647.49 2405.47 2625.05 2148.96 1379.68 1812.04 1867.27 577.347 923.729 507.656 837.162 222.477
threshold=0.75904576824017289 77954.999999999985 62105.199800608134 0.52592071588983369 0.23674119032890859 54773.500000000007 0.22605089977735515 0.2079265850607315 3.5000000000000004 0.16155975403500911 0.2566042183329999 0.27447364996027118 5166.7437459527355 0.43149840856083482 0.35245113372703452 24627.000000000004 9.8202207392153866 12.204789657770361
decision_type=2 2 2 2 2 2 2 2 2 2 2 2 2 2 2 2 2 2
left_child=1 3 -2 4 6 10 7 8 9 -1 -6 -12 -13 14 15 -14 -17 -10
right_child=2 -3 -4 -5 5 -7 -8 -9 17 -11 11 12 13 -15 -16 16 -18 -19
leaf_value=-0.13545321464538559 0.80917736689249686 8.1010566711425778 -10.786141262054443 -1.0515650378333199 0.76225173473358154 2.9183224360148117 -1.8785141944885255 0.84588256279627483 0.51307266712188726 -1.6013855075836181 -0.94145896911621108 0.80729169760431574 -0.41845066562294903 0.29293139028762066 -0.70268813031060362 -0.25889081478118903 0.65607480525970452 0.041398024559020995
leaf_weight=5.0000000000000053 5.9999999999999982 6.9999999999999991 5 8.9999999999999982 5.9999999999999991 5.9999999999999991 5.9999999999999991 5.9999999999999991 4.9999999999999982 5 4.9999999999999991 6.9999999999999991 5.0000000000000062 6.9999999999999991 6.9999999999999991 4.9999999999999982 5 5
leaf_count=5 6 7 5 9 6 6 6 6 5 5 5 7 5 7 7 5 5 5
internal_value=0.0545768 0.546418 -4.46142 -0.0161612 0.0934698 0.37835 -0.378363 -0.0321748 -0.295592 -0.868419 0.0540984 -0.0495337 0.0743448 -0.102573 -0.228416 -0.00708889 0.198592 0.277235
internal_weight=112 101 11 94 85 53 32 26 20 10 47 41 36 29 22 15 10 10
internal_count=112 101 11 94 85 53 32 26 20 10 47 41 36 29 22 15 10 10
is_linear=0
shrinkage=0.05


Tree=295
num_leaves=18
num_cat=0
split_feature=4 5 1 5 0 1 3 1 3 1 6 0 4 6 3 1 0
split_gain=84675.9 473382 204175 50811.5 9255.96 8558.18 14767.5 5190.94 2930.04 1163.58 577.29 1463.89 1430.79 1449.26 998.084 1052.42 774.044
threshold=3.0121539584389425 0.34079229426713314 24205.677865591173 0.35922375171208942 77954.999999999985 18300.224719541544 4.5000000000000009 16516.706392829426 1.5000000000000002 13301.812676166339 8.3629238554085266 33369.000000000007 2.6272356579924998 13.8610787059551 5.5000000000000009 6093.7564319131534 21486.000000000011
decision_type=2 2 2 2 2 2 2 2 2 2 2 2 2 2 2 2 2
left_child=1 -1 8 -3 5 7 -7 9 -2 10 16 12 13 14 15 -12 -5
right_child=2 3 -4 4 -6 6 -8 -9 -10 -11 11 -13 -14 -15 -16 -17 -18
leaf_value=15.441110401153566 -0.61167208353678371 -5.257714920043945 -11.856340332031252 0.77133788108825696 2.0140552139282231 0.395766210768904 -2.7489086449146272 1.5896216487884522 0.95092063943545024 -0.69228756257465918 -1.0221434831619252 0.56208934783935549 -0.86935876693044389 0.5529108596699579 0.20965562973703658 -0.14613646715879441 -0.021701192110776903
leaf_weight=4.9999999999999991 6.0000000000000018 4.9999999999999991 4.9999999999999991 4.9999999999999991 4.9999999999999991 6.9999999999999991 7.9999999999999991 4.9999999999999991 6 6.9999999999999991 6.0000000000000062 6.9999999999999991 6.9999999999999991 6.9999999999999991 6.9999999999999991 7.9999999999999991 7.9999999999999991
leaf_count=5 6 5 5 5 5 7 8 5 6 7 6 7 7 7 7 8 8
internal_value=-0.112365 0.45811 -3.36742 -0.356184 -0.0744865 -0.201837 -1.28139 0.0398553 0.169624 -0.0851259 -0.00785079 -0.0979732 -0.229986 -0.0701424 -0.277827 -0.521568 0.283314
internal_weight=114 97 17 92 87 82 15 67 12 62 55 42 35 28 21 14 13
internal_count=114 97 17 92 87 82 15 67 12 62 55 42 35 28 21 14 13
is_linear=0
shrinkage=0.05


Tree=296
num_leaves=18
num_cat=0
split_feature=2 0 1 0 3 0 1 5 1 4 0 0 2 5 4 2 6
split_gain=77975 196564 128485 6863.2 11080.7 8669.8 1399.94 1365.71 2055.28 1236.22 1586.25 2134.21 1203.32 1015.93 1374.5 661.759 415.247
threshold=0.75904576824017289 87502.499999999985 62105.199800608134 53055.999999999993 3.5000000000000004 48227.499999999993 9442.0625753316071 0.30656309121883385 1926.3337192909112 2.1543446061517115 33369.000000000007 27800.999999999996 0.27702064154860279 0.5184683316555917 2.6272356579924998 0.27447364996027118 10.485838715812053
decision_type=2 2 2 2 2 2 2 2 2 2 2 2 2 2 2 2 2
left_child=1 3 -2 5 -5 6 7 -1 -9 15 11 12 -11 14 -8 -10 -14
right_child=2 -3 -4 4 -6 -7 13 8 9 10 -12 -13 16 -15 -16 -17 -18
leaf_value=0.75913063049316409 0.45341036702905391 9.1215316454569511 -10.04085576057434 -0.079781066046820753 -2.8537568092346195 1.9917301368713378 0.07974618011050752 -0.84266301691532142 0.13336388270060226 0.57687334418296743 0.69099407196044926 -1.0299454484667097 0.095889892578125011 -1.134025584459305 -0.89724467794100438 0.91221692085266093 -0.47241418028457299
leaf_weight=4.9999999999999991 6.9999999999999982 5.9999999999999991 5 8.9999999999999982 5.9999999999999991 4.9999999999999991 9.0000000000000018 7.9999999999999991 5.9999999999999982 6.0000000000000062 4.9999999999999991 6.9999999999999991 4.9999999999999991 4.9999999999999991 5.9999999999999991 5 8.9999999999999982
leaf_count=5 7 6 5 9 6 5 9 8 6 6 5 7 5 5 6 5 9
internal_value=-0.106746 0.341778 -3.9192 -0.206957 -1.18937 -0.0250284 -0.15771 -0.0294655 -0.106779 0.0301298 -0.127053 -0.278543 -0.0155519 -0.516794 -0.31105 0.487388 -0.269448
internal_weight=114 102 12 96 15 81 76 56 51 43 32 27 20 20 15 11 14
internal_count=114 102 12 96 15 81 76 56 51 43 32 27 20 20 15 11 14
is_linear=0
shrinkage=0.05


Tree=297
num_leaves=18
num_cat=0
split_feature=1 0 0 0 1 4 1 1 7 4 0 1 1 6 6 1 4
split_gain=77879.3 58078.2 4405.54 12752.1 19460 4366.46 3936.47 942.263 1733.65 812.222 1806.88 1726.85 1361.91 3181.8 2499.5 937.065 730.532
threshold=62105.199800608134 87502.499999999985 70868.500000000015 62016 24205.677865591173 2.4709768464156912 16516.706392829426 1580.3453037190059 0.041624110544038653 1.9905416946811754 24627.000000000004 5166.7437459527355 7387.5125544820748 12.204789657770361 10.883215456439848 11399.273390776547 2.2516050081241255
decision_type=2 2 2 2 2 2 2 2 2 2 2 2 2 2 2 2 2
left_child=1 2 3 4 6 -6 7 -1 -9 10 -10 -11 14 15 -13 16 -14
right_child=-2 -3 -4 -5 5 -7 -8 8 9 11 -12 12 13 -15 -16 -17 -18
leaf_value=0.43911236524581909 5.4431226367751755 -5.6720146942138676 -1.6016744232177738 2.3797157669067381 -1.2512732231616976 -3.3408820343017576 1.0930039584636688 -0.94597595880428953 -1.149874396324158 0.66080587175157346 0.094613938672201969 0.30809057752291363 0.018852853775024388 1.0247723375047957 -1.0093927015860877 0.35018658280372622 -0.75157392323017125
leaf_weight=7.9999999999999991 5.9999999999999991 4.9999999999999991 4.9999999999999991 4.9999999999999991 4.9999999999999982 5 7.9999999999999991 5.9999999999999991 4.9999999999999982 8.9999999999999982 7 5.9999999999999991 5.0000000000000062 6.9999999999999991 8.9999999999999982 4.9999999999999991 7.9999999999999991
leaf_count=8 6 5 5 5 5 5 8 6 5 9 7 6 5 7 9 5 8
internal_value=-0.101409 -0.409439 -0.153974 -0.0801115 -0.21236 -2.29608 0.0386901 -0.0737701 -0.13501 -0.0552426 -0.423923 0.0350464 -0.105749 0.12024 -0.482399 -0.231522 -0.455256
internal_weight=114 108 103 98 93 10 83 75 67 61 12 49 40 25 15 18 13
internal_count=114 108 103 98 93 10 83 75 67 61 12 49 40 25 15 18 13
is_linear=0
shrinkage=0.05


Tree=298
num_leaves=20
num_cat=0
split_feature=4 5 1 5 2 1 1 5 1 2 1 7 7 0 1 7 6 6 6
split_gain=75972.7 423126 181785 45959.8 8575.7 16357.8 5258.97 16702 4500.19 1423.08 953.155 559.662 1357.37 1498.51 1876.77 1192.9 889.653 367.048 213.557
threshold=3.0121539584389425 0.34079229426713314 24205.677865591173 0.35922375171208942 0.90942970609434792 33902.646891508019 18300.224719541544 0.41781195714099434 16516.706392829426 0.2994101109548431 13301.812676166339 0.05467668294401349 0.070310733269566925 14717.500000000004 5166.7437459527355 0.090753606681850285 10.631232603955729 9.8202207392153866 7.6506066014448839
decision_type=2 2 2 2 2 2 2 2 2 2 2 2 2 2 2 2 2 2 2
left_child=1 -1 9 -3 5 6 8 -8 10 -2 11 -5 -13 -14 -15 -16 17 18 -17
right_child=2 3 -4 4 -6 -7 7 -9 -10 -11 -12 12 13 14 15 16 -18 -19 -20
leaf_value=14.609385318756104 0.61808387892586825 -4.9874853897094731 -11.189537582397461 0.41557272842952186 -2.0682507753372192 2.8359771529585127 -3.2282774734497077 0.85852771759033186 1.4873166179656983 -0.48635474860668176 -0.62155329840523865 -0.76646978557109835 -0.77493850708007816 1.0481642246246339 0.71592997074127196 0.11884317227772286 -0.66179223656654362 0.40250547170639045 -0.24938502046797009
leaf_weight=4.9999999999999991 7.0000000000000018 4.9999999999999991 4.9999999999999991 6.9999999999999991 4.9999999999999991 4.9999999999999991 4.9999999999999982 5 4.9999999999999991 5 6.9999999999999991 5.9999999999999991 4.9999999999999991 4.9999999999999991 4.9999999999999991 7.0000000000000098 5.9999999999999991 4.9999999999999991 8.9999999999999982
leaf_count=5 7 5 5 7 5 5 5 5 5 5 7 6 5 5 5 7 6 5 9
internal_value=-0.0963386 0.444023 -3.17958 -0.325833 -0.0579222 0.0646589 -0.115297 -1.18487 0.0443416 0.157901 -0.0720273 -0.00208764 -0.0629964 0.0374997 0.147289 0.0065269 -0.124844 0.0285697 -0.0882852
internal_weight=114 97 17 92 87 82 77 10 67 12 62 55 48 42 37 32 27 21 16
internal_count=114 97 17 92 87 82 77 10 67 12 62 55 48 42 37 32 27 21 16
is_linear=0
shrinkage=0.05


Tree=299
num_leaves=18
num_cat=0
split_feature=1 0 1 0 1 1 1 7 0 7 0 6 4 6 5 7 4
split_gain=71895.2 49561.3 3475.38 19204.5 19529.9 7536.57 937.508 1967.63 555.065 1718.39 863.086 1633.42 1095.45 1031.89 1264.01 678.279 276.256
threshold=62105.199800608134 87502.499999999985 31062.671928726599 54773.500000000007 22348.395371591363 22348.395371591363 1580.3453037190059 0.041624110544038653 19519.500000000011 0.11342507648198333 29848.500000000004 12.796655641163168 2.535545779047951 12.377843983455618 0.45698816419450822 0.21467669911528109 2.2221563262003503
decision_type=2 2 2 2 2 2 2 2 2 2 2 2 2 2 2 2 2
left_child=1 2 3 5 -5 6 -1 -8 9 -9 13 12 15 14 -10 16 -12
right_child=-2 -3 -4 4 -6 -7 7 8 10 -11 11 -13 -14 -15 -16 -17 -18
leaf_value=0.4038550928235054 5.2357366700967161 -5.2488977432250978 0.84936154037714007 -0.098756942749023469 -4.5180209922790517 1.8913137912750244 -1.0335966613143683 0.74551532960363809 0.35259965317589859 -0.36237549781799316 0.045386727650960218 0.84453815937042231 -0.80730427026748652 -0.84679811075329781 -0.54324866202142508 -0.355475389957428 0.54861069679260244
leaf_weight=7.9999999999999991 5.9999999999999991 4.9999999999999991 7.9999999999999991 4.9999999999999982 5 4.9999999999999991 5.9999999999999991 6.9999999999999982 7.0000000000000062 7 6.0000000000000089 4.9999999999999991 4.9999999999999991 7.9999999999999991 8.9999999999999982 6.9999999999999991 5
leaf_count=8 6 5 8 5 5 5 6 7 7 7 6 5 5 8 9 7 5
internal_value=-0.0915216 -0.38748 -0.151489 -0.235771 -2.30839 0.00806587 -0.109637 -0.166692 -0.0878823 0.19157 -0.163119 0.025472 -0.152586 -0.383143 -0.151315 0.0292803 0.274125
internal_weight=114 108 103 95 10 85 80 72 66 14 52 28 23 24 16 18 11
internal_count=114 108 103 95 10 85 80 72 66 14 52 28 23 24 16 18 11
is_linear=0
shrinkage=0.05


Tree=300
num_leaves=16
num_cat=0
split_feature=2 1 0 1 4 0 0 4 1 0 6 0 1 4 2
split_gain=82927.5 118401 91574.6 5924.58 13570.8 8368.03 1801.03 1562.24 4324.91 1276.53 991.985 870.529 441.007 319.698 168.942
threshold=0.75904576824017289 62105.199800608134 87502.499999999985 29628.349800647582 3.1962238028246612 54773.500000000007 12372.000000000005 2.5967981128142408 7387.5125544820748 20369.499999999996 10.883215456439848 24627.000000000004 7607.5887173799301 2.3934212238621493 0.26451798600539184
decision_type=2 2 2 2 2 2 2 2 2 2 2 2 2 2 2
left_child=2 -2 3 4 5 6 -1 9 -9 -8 11 -11 -13 -14 -12
right_child=1 -3 -4 -5 -6 -7 7 8 -10 10 14 12 13 -15 -16
leaf_value=-0.6940803289413453 0.5690357049306235 -9.8489382362365703 6.3981950759887702 1.41256069455828 -2.0591845870018006 2.0837905502319338 0.47382586747407918 -0.37569194212555868 1.2220879753430687 -0.56760623653729725 -0.83407829284667978 0.52689125061035125 -0.22168290801346308 0.28797802090644836 -0.44055167436599724
leaf_weight=8.9999999999999982 5.9999999999999982 5 5.9999999999999991 6.9999999999999991 7.9999999999999991 4.9999999999999991 7.9999999999999991 8.0000000000000018 8.9999999999999982 6.0000000000000027 4.9999999999999982 5.0000000000000027 7.9999999999999982 5 6
leaf_count=9 6 5 6 7 8 5 8 8 9 6 5 5 8 5 6
internal_value=-0.0565021 -4.16641 0.419382 0.0163156 -0.102876 0.108617 -0.0345118 0.0644235 0.470192 -0.0959965 -0.226242 -0.0460314 0.127827 -0.0256595 -0.619427
internal_weight=106 11 95 89 82 74 69 60 17 43 35 24 18 13 11
internal_count=106 11 95 89 82 74 69 60 17 43 35 24 18 13 11
is_linear=0
shrinkage=0.05


Tree=301
num_leaves=19
num_cat=0
split_feature=5 5 1 2 0 1 6 6 5 1 3 0 2 2 6 3 2 3
split_gain=78768.3 197742 154058 52104.6 45032.7 16906.5 36527.9 4440.48 2772.64 7378.86 1588.28 847.427 837.489 1308.95 2215.5 1150.33 872.485 752.98
threshold=0.33198916330476513 0.34079229426713314 24205.677865591173 0.63546820154915784 48227.499999999993 16516.706392829426 7.1676944068471782 15.896966433889316 0.38509189123784332 7387.5125544820748 3.5000000000000004 19519.500000000011 0.28437702154139949 0.1816627865598146 8.3629238554085266 5.5000000000000009 0.33522895219823584 4.5000000000000009
decision_type=2 2 2 2 2 2 2 2 2 2 2 2 2 2 2 2 2 2
left_child=2 -2 7 5 -5 8 -7 -1 9 11 -10 -3 13 -12 -15 -16 -14 -18
right_child=1 3 -4 4 -6 6 -8 -9 10 -11 12 -13 16 14 15 -17 17 -19
leaf_value=1.2258531069755556 9.2723925158381473 0.21982210993766788 -10.57687261581421 -0.15446467161178593 -6.8651055908203125 5.2995226287841817 -0.48700406551361075 -0.88139219284057602 -0.92971181670824687 1.9774797439575196 0.37194175322850526 -0.70073563575744613 0.75256769120693157 0.19516990865979866 -1.5008930540084844 -0.4283576774597167 0.4065400302410126 -0.33443786911666396
leaf_weight=4.9999999999999982 5.9999999999999991 4.9999999999999982 4.9999999999999991 4.9999999999999982 5 4.9999999999999982 6 5 5.9999999999999991 5.9999999999999991 6.0000000000000027 5 5.0000000000000027 7.0000000000000027 4.9999999999999982 5 5.9999999999999991 7.9999999999999991
leaf_count=5 6 5 5 5 5 5 6 5 6 6 6 5 5 7 5 5 6 8
internal_value=-0.053677 0.499696 -3.4108 -0.119554 -3.50979 0.332477 2.14324 0.17223 0.0212532 0.591269 -0.168752 -0.240457 -0.0600438 -0.262975 -0.487063 -0.964625 0.185609 -0.0168759
internal_weight=106 91 15 85 10 75 11 10 64 16 48 10 42 23 17 10 19 14
internal_count=106 91 15 85 10 75 11 10 64 16 48 10 42 23 17 10 19 14
is_linear=0
shrinkage=0.05


Tree=302
num_leaves=18
num_cat=0
split_feature=1 4 1 1 3 5 2 4 1 3 2 2 6 3 2 2 3
split_gain=78807.9 85995 148286 11347.2 27752.4 46844.6 10331.4 2502.31 6659.42 1433.42 755.834 1181.33 1999.49 1038.17 787.418 709.474 679.565
threshold=62105.199800608134 2.934351799697287 27797.939671950877 16516.706392829426 3.5000000000000004 0.44412785151983714 0.30882258029930471 2.5967981128142408 7387.5125544820748 3.5000000000000004 0.28437702154139949 0.1816627865598146 8.3629238554085266 5.5000000000000009 0.33522895219823584 0.24878814255985207 4.5000000000000009
decision_type=2 2 2 2 2 2 2 2 2 2 2 2 2 2 2 2 2
left_child=1 3 6 7 -5 -6 -3 9 15 -1 11 -11 -13 -14 -12 -9 -16
right_child=-2 2 -4 4 5 -7 -8 8 -10 10 14 12 13 -15 16 -17 -18
leaf_value=-0.88322624961535134 5.514790139595668 0.23979314168294263 -10.803677444458009 -1.2619269371032709 5.9440702438354505 -0.60885605812072752 -2.5949069738388064 -0.64958546638488779 1.8786058108011883 0.35334468285242698 0.71493927836418103 0.18541142599923263 -1.4258484172821049 -0.40693979263305657 0.38621302545070652 0.19271762132644651 -0.31771596921607853
leaf_weight=5.9999999999999991 5.9999999999999991 9.0000000000000018 4.9999999999999991 6.0000000000000027 5.9999999999999982 5 4.9999999999999991 4.9999999999999982 5.9999999999999991 6.0000000000000027 5.0000000000000027 7.0000000000000027 4.9999999999999982 5 5.9999999999999991 5 7.9999999999999991
leaf_count=6 6 9 5 6 6 5 5 5 6 6 5 7 5 5 6 5 8
internal_value=-0.0509931 -0.38494 -3.41236 0.325195 1.47345 2.96547 -0.7726 0.0201905 0.561706 -0.160315 -0.0570416 -0.249826 -0.462709 -0.916394 0.176329 -0.228434 -0.0160321
internal_weight=106 100 19 81 17 11 14 64 16 48 42 23 17 10 19 10 14
internal_count=106 100 19 81 17 11 14 64 16 48 42 23 17 10 19 10 14
is_linear=0
shrinkage=0.05


Tree=303
num_leaves=16
num_cat=0
split_feature=1 0 0 1 1 7 1 3 2 2 7 2 7 1 0
split_gain=71124.1 133022 7964.2 20662.8 7676.6 3566.01 2098.6 1865.01 1077.69 4187.16 987.006 1399.69 795.068 750.054 579.184
threshold=62105.199800608134 87502.499999999985 54773.500000000007 29628.349800647582 24205.677865591173 0.038704089731232433 15719.604082849797 2.5000000000000004 0.1816627865598146 0.23674119032890859 0.11014458600331878 0.30882258029930471 0.18776678944947769 10621.309512456515 23817.000000000018
decision_type=2 2 2 2 2 2 2 2 2 2 2 2 2 2 2
left_child=1 2 4 -4 5 -1 7 -7 -9 -10 11 -11 14 -14 -12
right_child=-2 -3 3 -5 -6 6 -8 8 9 10 12 -13 13 -15 -16
leaf_value=-1.0507672037397113 5.2390495419502265 -8.3146241378784183 -0.49684322902134498 3.7116003417968741 -1.7058315890175955 0.87875454028447475 0.95427017382213064 0.45245068470637007 -1.1145093573464286 0.99582158600290627 -0.82002398490905726 -0.014427900686860085 0.50661186831338068 -0.25522737503051757 -0.091382526978850354
leaf_weight=6.9999999999999991 5.9999999999999991 4.9999999999999991 6.9999999999999982 5 6.9999999999999991 5.9999999999999991 6.9999999999999991 8.9999999999999982 8.9999999999999982 5.9999999999999991 5.0000000000000018 7.9999999999999991 6.9999999999999982 6 6
leaf_count=7 6 5 7 5 7 6 7 9 9 6 5 8 7 6 6
internal_value=-0.0484435 -0.365693 0.0526717 1.25667 -0.121401 0.0245333 0.133622 0.0409679 -0.048795 -0.144778 0.084895 0.418536 -0.109729 0.154994 -0.422583
internal_weight=106 100 95 12 83 76 69 62 56 47 38 14 24 13 11
internal_count=106 100 95 12 83 76 69 62 56 47 38 14 24 13 11
is_linear=0
shrinkage=0.05


Tree=304
num_leaves=17
num_cat=0
split_feature=2 1 0 1 1 0 7 3 2 6 6 2 0 5 7 0
split_gain=75718.8 115302 91307.1 5176.75 10842.6 5320.95 2682.66 1056.56 695.705 909.761 969.173 1256.6 4045.79 1203.97 836.395 523.505
threshold=0.75904576824017289 62105.199800608134 87502.499999999985 29628.349800647582 18300.224719541544 50610.999999999993 0.038704089731232433 2.5000000000000004 0.50562705853824974 8.3629238554085266 14.53419826291236 0.24878814255985207 29848.500000000004 0.46418096374551515 0.10044078237494418 27800.999999999996
decision_type=2 2 2 2 2 2 2 2 2 2 2 2 2 2 2 2
left_child=2 -2 3 4 5 6 -1 -8 9 15 11 12 -11 14 -13 -9
right_child=1 -3 -4 -5 -6 -7 7 8 -10 10 -12 13 -14 -15 -16 -17
leaf_value=-0.99822886160441815 0.6998344500859579 -9.5809166336059555 6.3787841161092125 1.3113849094935828 -2.3614505386352542 1.6185772895812989 0.61221505573817669 0.77959120273590088 -0.50549677142075133 -1.7031570053100578 0.42593746355601719 0.11969148686953951 0.22262698014577229 0.60465073138475423 -0.68480232556660958 0.14149222241507636
leaf_weight=6.9999999999999991 5.9999999999999982 5 5.9999999999999991 6.9999999999999991 4.9999999999999991 4.9999999999999991 6.9999999999999991 4.9999999999999991 6.9999999999999991 5.0000000000000018 6.9999999999999991 7.0000000000000018 6 5.9999999999999991 6 8.9999999999999982
leaf_count=7 6 5 6 7 5 5 7 5 7 5 7 7 6 6 6 9
internal_value=-0.0460213 -3.97323 0.408709 0.00623157 -0.105184 0.0413269 -0.0682044 0.0319521 -0.0380797 0.0260756 -0.103825 -0.227436 -0.652729 0.0187858 -0.251613 0.369385
internal_weight=106 11 95 89 82 77 72 65 58 51 37 30 11 19 13 14
internal_count=106 11 95 89 82 77 72 65 58 51 37 30 11 19 13 14
is_linear=0
shrinkage=0.05


Tree=305
num_leaves=17
num_cat=0
split_feature=2 2 1 6 7 1 6 1 1 7 1 4 2 4 1 5
split_gain=97320.7 97448.3 35013.3 10275 45017.1 19739.5 8927.75 21264.8 10624.2 6997.59 1817.89 4410.4 3282.12 1639.18 1039.99 665.074
threshold=0.75904576824017289 0.56505205340798936 52757.674236056024 7.6506066014448839 0.31484733852736624 27797.939671950877 10.631232603955729 17549.64770584663 10621.309512456515 0.40238887327403 1580.3453037190059 2.934351799697287 0.22605089977735515 2.6767405536233917 7607.5887173799301 0.47093532015918654
decision_type=2 2 2 2 2 2 2 2 2 2 2 2 2 2 2 2
left_child=1 3 -2 4 -1 6 8 10 15 -6 -8 12 -12 14 -14 -5
right_child=2 -3 -4 5 9 -7 7 -9 -10 -11 11 -13 13 -15 -16 -17
leaf_value=-4.7442640701929726 -2.0214336395263675 6.9973683166503911 -7.9386383056640613 0.26516711711883534 2.056649780273438 3.1098738098144532 0.50768385065926447 -3.2967693646748866 2.3127749758107323 -0.58864677906036367 0.75956202612982837 -1.5242969972391924 -0.61219206452369657 -1.0801417015492916 0.23763981097274356 -0.40218757220676971
leaf_weight=5.9999999999999991 4.9999999999999982 4.9999999999999991 5 8.0000000000000018 4.9999999999999982 4.9999999999999991 8.9999999999999982 5.9999999999999991 6.9999999999999991 5 9.0000000000000018 5.9999999999999991 6.0000000000000027 5.9999999999999991 8.9999999999999982 6.9999999999999991
leaf_count=6 5 5 5 8 5 5 9 6 7 5 9 6 6 6 9 7
internal_value=-0.279181 0.195653 -4.98004 -0.16614 -1.32035 0.0706204 -0.137548 -0.500714 0.704339 0.734002 -0.127907 -0.286805 -0.0393062 -0.381678 -0.102293 -0.0462651
internal_weight=109 99 10 94 16 78 73 51 22 10 45 36 30 21 15 15
internal_count=109 99 10 94 16 78 73 51 22 10 45 36 30 21 15 15
is_linear=0
shrinkage=0.05


Tree=306
num_leaves=17
num_cat=0
split_feature=1 0 0 1 5 0 2 4 1 5 3 1 1 2 2 2
split_gain=99837.9 87935.3 8380.13 19586.5 14523.5 1472.79 2876.17 3466.74 2152.2 3448.21 1313.74 1999.1 1880.99 828.683 642.804 418.54
threshold=62105.199800608134 87502.499999999985 66429.000000000015 18300.224719541544 0.40949729383885825 29848.500000000004 0.28965910529666361 2.6272356579924998 1580.3453037190059 0.35922375171208942 4.5000000000000009 6411.94674379548 6411.94674379548 0.26451798600539184 0.35245113372703452 0.18761642588800242
decision_type=2 2 2 2 2 2 2 2 2 2 2 2 2 2 2 2
left_child=1 2 3 5 -5 8 7 15 -1 -10 11 13 -12 -11 -8 -7
right_child=-2 -3 -4 4 -6 6 14 -9 9 10 12 -13 -14 -15 -16 -17
leaf_value=0.48229966693454324 6.6361608123779297 -6.4728920300801596 1.573237164815267 -3.4750043004751214 -0.039846644401550287 -0.22274467468261691 -0.043908596890313289 1.6209787289301556 -1.602140383720398 0.94452868938445977 -1.1592258802482061 -0.5649955630302429 -0.066394585702154382 0.12397724017500877 -0.78618562459945673 0.4242022895812988
leaf_weight=8.9999999999999982 4.9999999999999991 5.9999999999999991 5.9999999999999991 7.9999999999999982 5 5.0000000000000053 6.9999999999999982 5.9999999999999991 4.9999999999999991 5.0000000000000027 6.9999999999999991 7.9999999999999991 8.9999999999999982 7.9999999999999991 5 5
leaf_count=9 5 6 6 8 5 5 7 6 5 5 7 8 9 8 5 5
internal_value=-0.265222 -0.597019 -0.237272 -0.355348 -2.15379 -0.0594021 0.23196 0.670823 -0.219365 -0.369722 -0.203179 0.0568808 -0.544508 0.439574 -0.353191 0.100729
internal_weight=109 104 98 92 13 79 28 16 51 42 37 21 16 13 12 10
internal_count=109 104 98 92 13 79 28 16 51 42 37 21 16 13 12 10
is_linear=0
shrinkage=0.05


Tree=307
num_leaves=19
num_cat=0
split_feature=2 0 0 0 0 2 0 0 2 6 3 5 4 2 2 2 6 5
split_gain=91857.5 90698.1 36094.1 9144.34 42792.3 27404.9 3952.83 1245.02 1798.24 2491.27 4206.89 2345.01 1916.13 1522.69 571.297 511.732 912.952 355.264
threshold=0.75904576824017289 87502.499999999985 66429.000000000015 53055.999999999993 58162.500000000022 0.40053970387469134 48227.499999999993 29848.500000000004 0.27447364996027118 14.205942578101139 4.5000000000000009 0.36316424738755676 2.5967981128142408 0.28965910529666361 0.2079265850607315 0.50562705853824974 10.485838715812053 0.39439240646744306
decision_type=2 2 2 2 2 2 2 2 2 2 2 2 2 2 2 2 2 2
left_child=1 3 -2 6 -5 -6 7 8 9 10 -1 -11 15 14 -9 16 -10 -15
right_child=2 -3 -4 4 5 -7 -8 13 12 11 -12 -13 -14 17 -16 -17 -18 -19
leaf_value=0.86599811315536468 -1.8150495147705084 5.6958669117518834 -7.8228851318359363 -5.1142938327789311 -2.0666046142578129 3.1683680725097654 1.371356258392334 0.20248640537261953 0.32224572598934131 -1.7571892420450848 -1.0977527523040771 -0.29103946208953851 0.76179855082716263 -0.52273482918739334 0.9022600752966744 -0.6349461579322816 -0.433131667226553 0.07330528400838375
leaf_weight=6.0000000000000018 4.9999999999999982 6.9999999999999991 5 4.9999999999999991 4.9999999999999982 5 4.9999999999999991 5.0000000000000018 8.0000000000000089 5.9999999999999982 5 5 6.9999999999999991 4.9999999999999982 7 4.9999999999999991 7.9999999999999991 5
leaf_count=6 5 7 5 5 5 5 5 5 8 6 5 5 7 5 7 5 8 5
internal_value=-0.251961 0.209353 -4.81897 -0.208099 -1.33751 0.550882 0.0119162 -0.0824893 -0.220407 -0.558687 -0.0266159 -1.09076 0.0453847 0.230959 0.610688 -0.19342 -0.055443 -0.224715
internal_weight=109 99 10 92 15 10 77 72 50 22 11 11 28 22 12 21 16 10
internal_count=109 99 10 92 15 10 77 72 50 22 11 11 28 22 12 21 16 10
is_linear=0
shrinkage=0.05


Tree=308
num_leaves=19
num_cat=0
split_feature=2 2 0 6 7 2 6 0 0 7 2 6 2 5 7 4 0 7
split_gain=82901.4 86619 32574.9 9015.48 38624.6 8189.13 8883.52 24248.1 15202.5 6130.64 1714.98 4558.8 2560.51 3071.37 1731.44 1414.11 792.81 111.131
threshold=0.75904576824017289 0.56505205340798936 66429.000000000015 7.6506066014448839 0.31484733852736624 0.52592071588983369 10.631232603955729 62016 45841.500000000007 0.40238887327403 0.35245113372703452 16.260692376199078 0.22605089977735515 0.38926142689652604 0.10044078237494418 2.6767405536233917 20969.499999999993 0.15165859421828662
decision_type=2 2 2 2 2 2 2 2 2 2 2 2 2 2 2 2 2 2
left_child=1 3 -2 4 -1 6 8 10 16 -6 11 12 13 -8 15 -14 -5 -18
right_child=2 -3 -4 5 9 -7 7 -9 -10 -11 -12 -13 14 -15 -16 -17 17 -19
leaf_value=-4.3948787768681852 -1.7242969107627872 6.6115416717529305 -7.4317410278320297 -0.46728569666544539 1.9175455856323247 2.0371358978748324 1.1915826857089999 -3.731888008117676 2.9225040912628177 -0.5584680604934692 0.65759628180946628 -1.4588054418563843 0.36502576209604726 -0.30492585500081382 -1.1420892280340194 -0.70687093608081342 0.42131508350372321 0.10214482930799325
leaf_weight=5.9999999999999991 4.9999999999999982 4.9999999999999991 5 6.0000000000000062 4.9999999999999982 4.9999999999999991 7.9999999999999982 4.9999999999999991 5.9999999999999991 5 6.9999999999999991 5.9999999999999991 8.0000000000000018 6 4.9999999999999991 4.9999999999999991 4.9999999999999982 6
leaf_count=6 5 5 5 6 5 5 8 5 6 5 7 6 8 6 5 5 5 6
internal_value=-0.239363 0.198886 -4.57802 -0.142213 -1.22337 0.0795621 -0.0545183 -0.428612 0.758728 0.679539 -0.061581 -0.194061 0.0430785 0.550222 -0.351366 -0.0472422 -0.00495705 0.247222
internal_weight=109 99 10 94 16 78 73 50 23 10 45 38 32 14 18 13 17 11
internal_count=109 99 10 94 16 78 73 50 23 10 45 38 32 14 18 13 17 11
is_linear=0
shrinkage=0.05


Tree=309
num_leaves=19
num_cat=0
split_feature=2 0 0 0 0 2 0 0 2 6 3 0 4 2 2 6 2 5
split_gain=74818.5 79302.7 29398.9 7941.13 38524.5 23625.8 2963.68 1133.8 1505.01 2238.38 3767.62 2252.44 1809.5 1321.48 691.677 828.123 510.148 401.913
threshold=0.75904576824017289 87502.499999999985 66429.000000000015 53055.999999999993 58162.500000000022 0.40053970387469134 48227.499999999993 29848.500000000004 0.27447364996027118 14.205942578101139 4.5000000000000009 6414.0000000000009 2.5967981128142408 0.28965910529666361 0.50562705853824974 10.485838715812053 0.2079265850607315 0.39439240646744306
decision_type=2 2 2 2 2 2 2 2 2 2 2 2 2 2 2 2 2 2
left_child=1 3 -2 6 -5 -6 7 8 9 10 -1 -11 14 16 15 -10 -9 -15
right_child=2 -3 -4 4 5 -7 -8 13 12 11 -12 -13 -14 17 -16 -17 -18 -19
leaf_value=0.82986375888188657 -1.6380821442604068 5.3192250932965965 -7.0601535797119128 -4.8373979949951176 -1.8924585723876957 2.9681748199462885 1.1807454204559327 0.18901286602020254 0.32148447632789567 -0.23977475762367254 -1.0285357058048248 -1.6766940792401632 0.72961791328021464 -0.52048545956611647 -0.71196010351181038 -0.39794365921989083 0.85027680397033678 0.11348033368587492
leaf_weight=6.0000000000000018 4.9999999999999982 6.9999999999999991 5 4.9999999999999991 4.9999999999999982 5 4.9999999999999991 5.0000000000000018 8.0000000000000089 4.9999999999999982 5 6 6.9999999999999991 4.9999999999999982 4.9999999999999991 7.9999999999999991 7 5
leaf_count=6 5 7 5 5 5 5 5 5 8 5 5 6 7 5 5 8 7 5
internal_value=-0.227394 0.188941 -4.34912 -0.201406 -1.25389 0.537858 0.00362364 -0.0781209 -0.209734 -0.519206 -0.0148633 -1.02355 0.0334233 0.220999 -0.198642 -0.0382296 0.57475 -0.203503
internal_weight=109 99 10 92 15 10 77 72 50 22 11 11 28 22 21 16 12 10
internal_count=109 99 10 92 15 10 77 72 50 22 11 11 28 22 21 16 12 10
is_linear=0
shrinkage=0.05


Tree=310
num_leaves=18
num_cat=0
split_feature=1 0 1 0 0 0 4 1 0 1 1 1 6 1 5 7 5
split_gain=84104.5 109866 33146.4 21945.5 2920.43 1490.49 5702.19 3918.44 2550.35 4940.78 2281.43 848.994 1113.76 898.895 833.541 528.823 386.95
threshold=62105.199800608134 87502.499999999985 27797.939671950877 62016 50610.999999999993 12372.000000000005 3.2626666860657543 1580.3453037190059 27800.999999999996 9024.029416178264 7387.5125544820748 15719.604082849797 11.49094878481216 9833.536278827658 0.46418096374551515 0.12281249521708473 0.41781195714099434
decision_type=2 2 2 2 2 2 2 2 2 2 2 2 2 2 2 2 2
left_child=1 2 3 4 5 6 7 -1 9 14 -10 12 13 -12 15 16 -7
right_child=-2 -3 -4 -5 -6 8 -8 -9 10 -11 11 -13 -14 -15 -16 -17 -18
leaf_value=-0.066366155942281055 5.903885753949484 -6.7520630836486824 3.1095422973235447 -3.2926640319824219 1.1799917777379354 0.088821005448698864 1.0398567581176759 -1.8733996232350667 -1.0222588221232096 1.932194836139679 -0.58392063856124798 -0.42475210513387412 0.72603683301380706 0.25222560448779002 0.75846999406814586 0.40165632565816245 -0.50674959480762471
leaf_weight=6.0000000000000018 5.9999999999999991 5.9999999999999991 8.9999999999999982 4.9999999999999991 5.9999999999999991 6.0000000000000089 4.9999999999999991 6 5.9999999999999991 4.9999999999999991 5.0000000000000062 6.9999999999999991 6.9999999999999991 8.9999999999999982 4.9999999999999991 5.9999999999999991 5
leaf_count=6 6 6 9 5 6 6 5 6 6 5 5 7 7 9 5 6 5
internal_value=0.14784 -0.184239 0.217873 -0.0745435 0.117011 0.0352435 -0.378783 -0.969883 0.150628 0.513424 -0.137474 0.0521222 0.21108 -0.0463981 0.190976 0.0240656 -0.181893
internal_weight=110 104 98 89 84 78 17 12 61 27 34 28 21 14 22 17 11
internal_count=110 104 98 89 84 78 17 12 61 27 34 28 21 14 22 17 11
is_linear=0
shrinkage=0.05


Tree=311
num_leaves=17
num_cat=0
split_feature=1 0 1 0 2 2 6 6 6 1 2 4 0 2 4 4
split_gain=75904.3 99153.6 29914.6 19805.8 2720.75 5984.45 3170.02 6429.76 2487.29 6723.67 5400.08 2356.52 1591.99 652.181 955.897 1295.2
threshold=62105.199800608134 87502.499999999985 27797.939671950877 62016 0.18761642588800242 0.22093611501468283 7.1676944068471782 5.0852088199700551 12.204789657770361 15719.604082849797 0.32534461537208209 2.6767405536233917 11010.999999999998 0.24878814255985207 2.1543446061517115 2.4246638699485072
decision_type=2 2 2 2 2 2 2 2 2 2 2 2 2 2 2 2
left_child=1 2 3 4 12 -6 7 -7 9 13 11 -10 -1 -8 -15 -16
right_child=-2 -3 -4 -5 5 6 8 -9 10 -11 -12 -13 -14 14 15 -17
leaf_value=0.13171725670496623 5.6086912497878076 -6.4144598960876467 2.9540652010175918 -3.1280308532714844 1.9097900414466857 -0.43812127113342297 -0.42965272494724793 1.9896245578924814 0.4518785417079923 -2.0022096349671483 1.3016581720776028 -1.0178636461496351 -0.91973425679736676 0.66100749174753792 -0.58241723946162638 0.34888393804430962
leaf_weight=5.9999999999999991 5.9999999999999991 5.9999999999999991 8.9999999999999982 4.9999999999999991 4.9999999999999991 4.9999999999999982 7.0000000000000027 6 5.0000000000000018 4.9999999999999991 8.9999999999999982 6 8.9999999999999982 6.0000000000000027 6.9999999999999991 7.9999999999999991
leaf_count=6 6 6 9 5 5 5 7 6 5 5 9 6 9 6 7 8
internal_value=0.140448 -0.175027 0.206979 -0.0708163 0.111161 0.243838 0.113685 0.886104 -0.0466281 -0.313285 0.393357 -0.349799 -0.499154 -0.0116919 0.127628 -0.0857233
internal_weight=110 104 98 89 84 69 64 11 53 33 20 11 15 28 21 15
internal_count=110 104 98 89 84 69 64 11 53 33 20 11 15 28 21 15
is_linear=0
shrinkage=0.05


Tree=312
num_leaves=18
num_cat=0
split_feature=1 0 1 0 0 2 6 0 0 2 4 2 1 4 4 1 4
split_gain=68503.6 89486.2 26997.9 17874.7 2681.07 1426.68 2999.6 7078.64 3421.41 6765.26 2158.51 1344.93 1053.7 689.084 1127.8 1009.1 181.925
threshold=62105.199800608134 87502.499999999985 27797.939671950877 62016 50610.999999999993 0.2079265850607315 12.204789657770361 14717.500000000004 27800.999999999996 0.32534461537208209 2.7451911326668745 0.27702064154860279 5657.3230438461069 2.4246638699485072 2.1543446061517115 10621.309512456515 1.929028480034092
decision_type=2 2 2 2 2 2 2 2 2 2 2 2 2 2 2 2 2
left_child=1 2 3 4 5 10 7 -7 9 11 -1 -8 -9 14 16 -15 -14
right_child=-2 -3 -4 -5 -6 6 8 12 -10 -11 -12 -13 13 15 -16 -17 -18
leaf_value=0.1077193304896355 5.3282568097114567 -6.0937366485595703 2.8063617865244552 -2.9716291046142582 1.1240914980570476 -1.8862487888336184 0.85519630432128868 0.79316861867904676 -0.3125306538173131 2.5278823041915892 -1.1468385537465413 -0.30451598227024079 0.35819639066855102 -0.14629010235269865 -0.58214103910658099 0.77072446346282952 -0.050172070264816272
leaf_weight=7.9999999999999982 5.9999999999999991 5.9999999999999991 8.9999999999999982 4.9999999999999991 5.9999999999999991 4.9999999999999991 5.0000000000000018 4.9999999999999991 6.9999999999999991 4.9999999999999991 6 5 6.0000000000000018 5.9999999999999982 8.9999999999999982 6 5
leaf_count=8 6 6 9 5 6 5 5 5 7 5 6 5 6 6 9 6 5
internal_value=0.133426 -0.166276 0.19663 -0.0672755 0.105603 0.0272574 0.127271 -0.12047 0.600232 1.02619 -0.429948 0.27534 0.118149 0.0126767 -0.167048 0.312217 0.172574
internal_weight=110 104 98 89 84 78 64 42 22 15 14 10 37 32 20 12 11
internal_count=110 104 98 89 84 78 64 42 22 15 14 10 37 32 20 12 11
is_linear=0
shrinkage=0.05


Tree=313
num_leaves=18
num_cat=0
split_feature=1 0 1 0 0 3 2 3 6 0 0 1 1 0 5 6 6
split_gain=61824.5 80761.3 24365.6 16132 2419.67 1365.07 5460.59 4794.73 2697.2 2260.24 1129.92 921.42 740.726 1085.24 854.855 694.666 457.968
threshold=62105.199800608134 87502.499999999985 27797.939671950877 62016 50610.999999999993 3.5000000000000004 0.50562705853824974 2.5000000000000004 12.796655641163168 11010.999999999998 39777.5 7387.5125544820748 4405.9086795478224 18132.499999999996 0.42201395357088417 10.883215456439848 9.8202207392153866
decision_type=2 2 2 2 2 2 2 2 2 2 2 2 2 2 2 2 2
left_child=1 2 3 4 5 7 10 11 -9 -10 12 -1 -7 -14 -15 16 -16
right_child=-2 -3 -4 -5 -6 6 -8 8 9 -11 -12 -13 13 14 15 -17 -18
leaf_value=0.13472215334574375 5.0618439912796021 -5.7890496571858732 2.6660437901814777 -2.8230478286743166 1.0678870002428691 -0.38471944431463878 1.7551926851272583 -1.7928637683391573 0.39283732891082773 -1.0465669552485146 -0.57184217316763741 0.98128008842468262 0.89630138158798156 0.60965823084115955 -0.10741101834509104 -0.58083162307739256 0.48941136598587037
leaf_weight=9.0000000000000018 5.9999999999999991 5.9999999999999991 8.9999999999999982 4.9999999999999991 5.9999999999999991 5.9999999999999991 4.9999999999999991 4.9999999999999991 4.9999999999999982 6 6.9999999999999991 4.9999999999999991 5.0000000000000027 6.0000000000000027 9.0000000000000018 4.9999999999999991 4.9999999999999991
leaf_count=9 6 6 9 5 6 6 5 5 5 6 7 5 5 6 9 5 5
internal_value=0.126755 -0.157962 0.186798 -0.0639117 0.100323 0.0258945 0.191258 -0.238688 -0.829971 -0.392292 0.00940567 0.437064 0.122426 0.223855 0.089366 -0.0749369 0.10574
internal_weight=110 104 98 89 84 78 48 30 16 11 43 14 36 30 25 19 14
internal_count=110 104 98 89 84 78 48 30 16 11 43 14 36 30 25 19 14
is_linear=0
shrinkage=0.05


Tree=314
num_leaves=17
num_cat=0
split_feature=2 1 2 0 1 2 0 2 2 4 1 2 1 1 2 7
split_gain=60795.7 122563 112824 97220.5 11103.6 4130.75 16065.4 7217.8 2912.72 1570.04 945.375 528.695 1750.77 758.02 587.662 375.297
threshold=0.75904576824017289 62105.199800608134 0.51592895015361084 62016 24205.677865591173 0.23674119032890859 54773.500000000007 0.22605089977735515 0.18761642588800242 2.5450332819636068 13301.812676166339 0.35245113372703452 4405.9086795478224 5166.7437459527355 0.27702064154860279 0.18776678944947769
decision_type=2 2 2 2 2 2 2 2 2 2 2 2 2 2 2 2
left_child=2 -2 4 -4 5 7 10 8 9 -1 11 12 -7 -14 15 -15
right_child=1 -3 3 -5 -6 6 -8 -9 -10 -11 -12 -13 13 14 -16 -17
leaf_value=0.16232643922169987 1.4119660298029586 -9.187515726089476 0.99537502502401676 10.435648279190062 -1.9950609752110073 -0.79279520034789985 3.0417256546020508 -2.1257539558410645 0.67359997961256246 -0.88184898959265823 -0.43454549685120586 0.49824610087606641 0.78276833102107002 0.65954856872558565 -0.20517173257345955 0.07301481763521829
leaf_weight=6.0000000000000062 5.9999999999999982 5 5.9999999999999982 5 6.9999999999999991 5.0000000000000027 4.9999999999999991 4.9999999999999991 8.9999999999999982 8.9999999999999982 7.9999999999999991 8.9999999999999982 5.0000000000000027 5.0000000000000018 8.9999999999999982 6
leaf_count=6 6 5 6 5 7 5 5 5 9 9 8 9 5 5 9 6
internal_value=0.120417 -3.40598 0.512239 5.28641 -0.0845324 0.080575 0.347224 -0.397554 -0.0375118 -0.464179 0.0605745 0.162138 0.0613051 0.232125 0.0944643 0.339621
internal_weight=110 11 99 11 88 81 52 29 24 15 47 39 30 25 20 11
internal_count=110 11 99 11 88 81 52 29 24 15 47 39 30 25 20 11
is_linear=0
shrinkage=0.05


Tree=315
num_leaves=19
num_cat=0
split_feature=2 0 0 3 6 2 2 0 0 2 2 4 4 4 0 4 2 2
split_gain=64151.3 169514 52633.1 6177.78 3989.09 13288.7 12261.7 7899.22 10547.5 2687.41 3764.48 992.429 1201.8 1297.32 1145.63 1128.66 1202.39 246.423
threshold=0.75904576824017289 87502.499999999985 66429.000000000015 6.5000000000000009 13.491940612647864 0.35245113372703452 0.52592071588983369 62016 50610.999999999993 0.22605089977735515 0.15663603931434891 2.1234392662738975 2.2516050081241255 2.4246638699485072 29586.000000000004 2.7451911326668745 0.28965910529666361 0.28437702154139949
decision_type=2 2 2 2 2 2 2 2 2 2 2 2 2 2 2 2 2 2
left_child=1 3 -2 4 6 9 7 8 11 10 -6 14 -13 -14 -1 16 -15 -11
right_child=2 -3 -4 -5 5 -7 -8 -9 -10 17 -12 12 13 15 -16 -17 -18 -19
leaf_value=-0.94501933097839386 -0.39922463893890386 8.6126965840657554 -7.3452326202392575 -1.6147647202014923 -0.46424568176269476 2.8778595733642582 -2.1466830219541277 -1.8070335388183594 2.4542486572265627 -0.83173086941242236 1.393379775683085 0.87284542083740235 -0.46120816866556791 0.8997117519378659 0.12532025694847104 -0.36439961910247809 -0.088690692335367208 -0.33532081991434093
leaf_weight=4.9999999999999982 5.9999999999999982 5.9999999999999991 5 5.9999999999999991 5.0000000000000053 4.9999999999999991 6.9999999999999991 4.9999999999999991 4.9999999999999991 4.9999999999999982 6 4.9999999999999991 9.0000000000000018 8.0000000000000018 5 4.9999999999999991 4.9999999999999991 5
leaf_count=5 6 6 5 6 5 5 7 5 5 5 6 5 9 8 5 5 5 5
internal_value=0.0621812 0.472547 -3.5565 -0.064166 0.0452881 0.561273 -0.182095 0.0823688 0.283369 0.00970437 0.549005 0.024931 0.1608 0.0289396 -0.40985 0.274013 0.519557 -0.583526
internal_weight=108 97 11 91 85 26 59 52 47 21 11 42 32 27 10 18 13 10
internal_count=108 97 11 91 85 26 59 52 47 21 11 42 32 27 10 18 13 10
is_linear=0
shrinkage=0.05


Tree=316
num_leaves=18
num_cat=0
split_feature=1 2 2 1 2 0 0 5 5 1 7 0 6 0 6 2 2
split_gain=69294.1 69800.5 123748 15836.7 9046.02 31075.5 29560.5 2090.1 916.346 1485.32 3623.25 2137.66 1078.29 1158.33 735.972 357.993 870.424
threshold=62105.199800608134 0.56505205340798936 0.75904576824017289 31062.671928726599 0.30882258029930471 54773.500000000007 54773.500000000007 0.38509189123784332 0.50249433107651253 5166.7437459527355 0.058358282577577782 8615.0000000000073 11.029932159873381 33369.000000000007 8.8564046125742681 0.35245113372703452 0.43149840856083482
decision_type=2 2 2 2 2 2 2 2 2 2 2 2 2 2 2 2 2
left_child=1 3 -3 4 6 7 8 -6 9 10 11 -1 14 -14 -11 -9 -17
right_child=-2 2 -4 -5 5 -7 -8 15 -10 12 -12 -13 13 -15 -16 16 -18
leaf_value=-0.56504058326993645 5.2809966484705608 -9.8195595932006867 0.8310428539911906 2.9422124719619753 0.98100904941558709 -4.2513605499267575 3.7391465504964199 0.12634934378521775 -0.55465378562609358 -0.11873907248179112 1.6009863948822023 0.78857557296752923 -0.81389690488576893 0.036957575380802153 0.70262630939483639 -0.8346747779846192 0.0062884315848350525
leaf_weight=7.0000000000000018 5.9999999999999991 4.9999999999999982 6 4.9999999999999991 5.0000000000000062 4.9999999999999991 5.9999999999999991 7.0000000000000027 5.9999999999999991 6.0000000000000018 4.9999999999999991 5 7.9999999999999991 7.9999999999999991 5 4.9999999999999991 7.9999999999999991
leaf_count=7 6 5 6 5 5 5 6 7 6 6 5 5 8 8 5 5 8
internal_value=0.0590721 -0.2481 -4.01014 0.206652 0.047608 -0.653013 0.42294 0.066657 0.0249957 0.104039 0.470149 -0.00103385 -0.126475 -0.38847 0.254609 -0.161931 -0.317159
internal_weight=108 102 11 91 86 30 56 25 50 44 17 12 27 16 11 20 13
internal_count=108 102 11 91 86 30 56 25 50 44 17 12 27 16 11 20 13
is_linear=0
shrinkage=0.05


Tree=317
num_leaves=18
num_cat=0
split_feature=2 0 0 6 2 2 0 2 4 6 2 2 5 2 0 2 2
split_gain=62698.8 149586 49551.8 4798.01 11937.9 11591 30185.4 11205.1 4945.54 5041.15 2253.69 3165.06 2174.48 3843.84 1043.82 832.44 222.965
threshold=0.75904576824017289 87502.499999999985 66429.000000000015 13.491940612647864 0.35245113372703452 0.30882258029930471 53055.999999999993 0.26451798600539184 2.6272356579924998 10.737411773725453 0.22605089977735515 0.15663603931434891 0.50249433107651253 0.43149840856083482 29848.500000000004 0.35245113372703452 0.28437702154139949
decision_type=2 2 2 2 2 2 2 2 2 2 2 2 2 2 2 2 2
left_child=1 3 -2 5 10 7 12 8 9 14 11 -5 13 15 -1 -7 -12
right_child=2 -3 -4 4 -6 6 -8 -9 -10 -11 16 -13 -14 -15 -16 -17 -18
leaf_value=-0.5699204373359672 -0.45789851148923244 8.1085271517435711 -7.1975208282470691 -0.42631754159927315 2.7273749828338625 0.01936324859658874 -3.6167281180620194 2.0019317090511324 0.99817058018275684 -1.7553176641464234 -0.77045131146907819 1.2770053029060362 -0.97349910140037543 1.1210987159184047 0.35100699216127396 -0.85417565345764146 -0.2982595038414001
leaf_weight=5.0000000000000062 5.9999999999999982 5.9999999999999991 5 5.0000000000000053 4.9999999999999991 6.0000000000000089 7.9999999999999991 7.9999999999999991 6.9999999999999991 5.9999999999999991 4.9999999999999982 6 4.9999999999999991 6.9999999999999991 7.9999999999999991 5 5
leaf_count=5 6 6 5 5 5 6 8 8 7 6 5 6 5 7 8 5 5
internal_value=0.0561185 0.461812 -3.52136 -0.0423667 0.531683 -0.271987 -0.971236 0.365565 -0.137933 -0.556497 0.00889953 0.502768 -0.0510654 0.205166 -0.00319587 -0.3777 -0.534355
internal_weight=108 97 11 91 26 65 31 34 26 19 21 11 23 18 13 11 10
internal_count=108 97 11 91 26 65 31 34 26 19 21 11 23 18 13 11 10
is_linear=0
shrinkage=0.05


Tree=318
num_leaves=19
num_cat=0
split_feature=1 2 2 1 2 2 0 0 0 4 1 6 0 6 6 0 6 6
split_gain=67131.5 61599.9 114251 13224.8 7628.22 3705.2 24421.7 7369.05 1836.32 822.854 1324.16 3043.57 1777.34 817.074 1087.11 1918.91 687.819 304.726
threshold=62105.199800608134 0.56505205340798936 0.75904576824017289 31062.671928726599 0.51592895015361084 0.30882258029930471 54773.500000000007 48227.499999999993 14717.500000000004 1.9905416946811754 5166.7437459527355 14.53419826291236 8615.0000000000073 11.029932159873381 12.204789657770361 33369.000000000007 8.8564046125742681 9.4306243500006861
decision_type=2 2 2 2 2 2 2 2 2 2 2 2 2 2 2 2 2 2
left_child=1 3 -3 4 5 6 9 8 -7 -1 11 -11 -13 16 -15 -16 -12 -10
right_child=-2 2 -4 -5 -6 7 -8 -9 17 10 13 12 -14 14 15 -17 -18 -19
leaf_value=-0.53520599404970814 5.1931088765462246 -9.365240249633791 0.86854923367500292 2.6779922056198124 -1.8625148010253907 0.94862697124481066 3.389991092681885 -1.883880106608073 0.10170882840951284 1.4710951614379875 -0.15786789059638973 -0.51147118977137984 0.72280430629849424 -0.96803778648376471 -0.68171684940656041 0.644556713104248 0.63617303371429434 -0.36966782808303833
leaf_weight=5.9999999999999991 5.9999999999999991 4.9999999999999982 6 4.9999999999999991 4.9999999999999991 5.0000000000000062 5.9999999999999991 5.9999999999999991 5.9999999999999991 5.0000000000000027 6.0000000000000018 6.9999999999999982 5 4.9999999999999991 5.9999999999999982 5 5 7.9999999999999991
leaf_count=6 6 5 6 5 5 5 6 6 6 5 6 7 5 5 6 5 5 8
internal_value=0.0533126 -0.249028 -3.78317 0.178176 0.0328378 0.149835 0.375783 -0.356289 0.126108 0.0140783 0.0889807 0.434659 0.00281027 -0.128668 -0.356732 -0.0788652 0.20306 -0.167649
internal_weight=108 102 11 91 86 81 56 25 19 50 44 17 12 27 16 11 11 14
internal_count=108 102 11 91 86 81 56 25 19 50 44 17 12 27 16 11 11 14
is_linear=0
shrinkage=0.05


Tree=319
num_leaves=18
num_cat=0
split_feature=1 0 0 1 0 3 1 4 1 1 1 1 1 0 6 6 1
split_gain=60586.2 56453.9 7100.97 13531.3 5650.22 3173.16 6067.2 1290.67 1123.7 1477.95 1397.3 939.24 515.121 506.746 954.138 433.636 1000.71
threshold=62105.199800608134 87502.499999999985 66429.000000000015 24205.677865591173 53055.999999999993 6.5000000000000009 16516.706392829426 1.9905416946811754 5166.7437459527355 10621.309512456515 12221.392818450666 1117.7490461145278 2608.015573342022 39777.5 13.274265526549931 9.8202207392153866 7387.5125544820748
decision_type=2 2 2 2 2 2 2 2 2 2 2 2 2 2 2 2 2
left_child=1 2 3 5 -5 6 7 -1 11 13 -11 -9 -13 14 15 -10 -17
right_child=-2 -3 -4 4 -6 -7 -8 8 9 10 -12 12 -14 -15 -16 16 -18
leaf_value=-0.55930041575006084 4.9334532976150518 -5.4176251220703122 1.6965370814005536 -0.68914633591969821 -2.9649685096740721 -1.0728759121894835 1.6296766519546511 -0.090236469109853057 -0.22883034433637311 1.0964466285705567 0.0020572211061205179 0.96501016616821289 0.39311768776840639 -0.66321534633636481 -0.71274031400680549 -0.2158996963500977 0.78445305705070489
leaf_weight=6.9999999999999991 5.9999999999999991 4.9999999999999991 5.9999999999999991 5.9999999999999982 5 4.9999999999999991 6.9999999999999991 6.0000000000000027 7.0000000000000098 4.9999999999999982 7 6.9999999999999991 8.9999999999999982 4.9999999999999991 4.9999999999999991 4.9999999999999982 5
leaf_count=7 6 5 6 6 5 5 7 6 7 5 7 7 9 5 5 5 5
internal_value=0.050647 -0.236577 0.0304874 -0.079362 -1.72361 0.146722 0.228029 0.0837414 0.157533 -0.0036459 0.458053 0.44326 0.643321 -0.208845 -0.105579 0.0729973 0.284277
internal_weight=108 102 97 91 11 80 75 68 61 39 12 22 16 27 22 17 10
internal_count=108 102 97 91 11 80 75 68 61 39 12 22 16 27 22 17 10
is_linear=0
shrinkage=0.05


Tree=320
num_leaves=17
num_cat=0
split_feature=6 4 6 0 0 2 2 7 0 6 6 3 2 2 4 2
split_gain=67353.3 491522 236128 28251.3 14581.1 3724.15 5233.45 4336.1 3070.37 4299.27 3898.83 2319.33 1165.51 1373.01 627.583 528.692
threshold=10.191971975417099 2.7535771856059377 10.737411773725453 70868.500000000015 66429.000000000015 0.35245113372703452 0.55662553940215431 0.2165094734714553 48227.499999999993 12.204789657770361 12.796655641163168 4.5000000000000009 0.2079265850607315 0.2566042183329999 2.2221563262003503 0.30882258029930471
decision_type=2 2 2 2 2 2 2 2 2 2 2 2 2 2 2 2
left_child=1 4 -2 8 5 7 -7 14 9 11 -11 -4 -12 -14 -1 -15
right_child=2 -3 3 -5 -6 6 -8 -9 -10 10 12 -13 13 15 -16 -17
leaf_value=-0.50837243965693868 8.469877612425222 -16.34914348602295 -1.7171194815635684 -3.8346999359130862 2.7861473464965822 -1.4596513403786553 0.44674359162648519 1.3505040517875129 1.1640713572502137 1.5118926477432251 -0.47204660044776053 -0.19418478488922117 0.84840821822484291 -0.36440850794315338 0.16115998540605816 0.21496829191843669
leaf_weight=7.0000000000000018 8.9999999999999982 4.9999999999999991 4.9999999999999982 4.9999999999999991 4.9999999999999991 8.9999999999999982 5.9999999999999991 6.9999999999999991 5.9999999999999991 4.9999999999999991 9.0000000000000018 5 6.0000000000000027 6.9999999999999991 7 8.9999999999999982
leaf_count=7 9 5 5 5 5 9 6 7 6 5 9 5 6 7 7 9
internal_value=-0.0801758 -1.54888 0.943464 -0.244917 0.256034 -0.0953711 -0.697093 0.334431 0.100255 -0.0385038 0.21626 -0.955652 0.00728661 0.203377 -0.173606 -0.0385091
internal_weight=112 46 66 57 41 36 15 21 52 46 36 10 31 22 14 16
internal_count=112 46 66 57 41 36 15 21 52 46 36 10 31 22 14 16
is_linear=0
shrinkage=0.05


Tree=321
num_leaves=18
num_cat=0
split_feature=6 5 1 0 1 1 1 1 0 5 5 0 2 2 6 0 0
split_gain=60786.3 443599 225619 13301.3 6808.65 8347.79 6364.18 3214.28 1593.81 1905.86 1189.21 2644.75 1164 888.413 544.544 541.563 347.017
threshold=10.191971975417099 0.36427410282794453 39566.250451175925 62016 17549.64770584663 13956.18840917876 24205.677865591173 17549.64770584663 33369.000000000007 0.30656309121883385 0.35922375171208942 17132.500000000004 0.26451798600539184 0.27702064154860279 13.274265526549931 29848.500000000004 8615.0000000000073
decision_type=2 2 2 2 2 2 2 2 2 2 2 2 2 2 2 2 2
left_child=1 -1 6 4 5 13 7 8 9 -2 -11 16 -13 15 -14 -3 -12
right_child=2 3 -4 -5 -6 -7 -8 -9 -10 10 11 12 14 -15 -16 -17 -18
leaf_value=-15.531685791015626 0.7981304550170899 -0.3814114511013027 10.140842533111574 2.2280296564102176 -1.6938997268676759 2.0137687873840333 -1.5730159560839336 1.3510999965667727 0.62143324613571171 -0.88619993925094609 0.25074957966804495 -1.1141496276855463 -0.45783704883522458 -0.66591196060180669 0.19295777618885041 0.23184676037894356 0.8398313188552855
leaf_weight=4.9999999999999991 4.9999999999999991 6.0000000000000062 5.9999999999999991 6.9999999999999991 5.9999999999999991 4.9999999999999991 5.9999999999999991 4.9999999999999991 8.9999999999999982 5.9999999999999991 5.0000000000000018 5.0000000000000027 8.9999999999999982 7.9999999999999991 4.9999999999999991 8.9999999999999982 5
leaf_count=5 5 6 6 7 6 5 6 5 9 6 5 5 9 8 5 9 5
internal_value=-0.0761669 -1.47143 0.896291 0.243232 -0.165403 0.162132 -0.0281639 0.143486 0.0202605 -0.115003 -0.245451 -0.112882 -0.459289 -0.240398 -0.22541 -0.0134565 0.54529
internal_weight=112 46 66 41 34 28 60 54 49 40 35 29 19 23 14 15 10
internal_count=112 46 66 41 34 28 60 54 49 40 35 29 19 23 14 15 10
is_linear=0
shrinkage=0.05


Tree=322
num_leaves=17
num_cat=0
split_feature=2 1 0 3 2 0 0 7 1 6 2 1 7 2 3 4
split_gain=58349.5 108341 80251 6060.14 7440.2 4386.12 12041.4 1157.2 1161.71 870.53 590.557 1495.14 1398.54 717.506 623.04 308.63
threshold=0.75904576824017289 62105.199800608134 87502.499999999985 1.5000000000000002 0.52592071588983369 66429.000000000015 53055.999999999993 0.041624110544038653 5166.7437459527355 11.029932159873381 0.27702064154860279 7387.5125544820748 0.10044078237494418 0.43149840856083482 4.5000000000000009 2.4246638699485072
decision_type=2 2 2 2 2 2 2 2 2 2 2 2 2 2 2 2
left_child=2 -2 3 -1 5 6 7 -5 9 -9 11 14 -13 15 -10 -12
right_child=1 -3 -4 4 -6 -7 -8 8 10 -11 13 12 -14 -15 -16 -17
leaf_value=1.3490993022918703 0.64839829206466693 -8.9882050323486311 5.4858088629586357 -0.7708755885561307 -1.6329338133335114 -1.4644792175292969 2.434481010437012 -0.17188940048217774 -0.84679130554199178 0.65095883210500083 -0.70081661674711393 1.0188278126716614 -0.024124854140811499 0.13758192881941797 -0.057462229728698723 -0.28673782348632815
leaf_weight=6.9999999999999991 6.9999999999999982 5 6.9999999999999991 5.9999999999999991 7.9999999999999991 4.9999999999999991 4.9999999999999991 4.9999999999999991 5.0000000000000018 8.9999999999999982 9.0000000000000053 4.9999999999999991 8.9999999999999982 5.9999999999999991 5 8.9999999999999982
leaf_count=7 7 5 7 6 8 5 5 5 5 9 9 5 9 6 5 9
internal_value=-0.0723586 -3.36685 0.322981 -0.0656192 -0.180771 -0.0318309 0.0662957 -0.107836 -0.0436705 0.357084 -0.160557 0.0148228 0.348358 -0.335937 -0.452127 -0.493777
internal_weight=112 12 100 93 86 78 73 68 62 14 48 24 14 24 10 18
internal_count=112 12 100 93 86 78 73 68 62 14 48 24 14 24 10 18
is_linear=0
shrinkage=0.05


Tree=323
num_leaves=17
num_cat=0
split_feature=1 0 3 1 0 1 7 7 2 4 2 1 4 0 2 3
split_gain=59959.5 76548.6 4687.8 6939.05 21716.4 5778.37 1167.17 1047.58 1312.23 1497.25 1128.88 787.047 863.335 526.878 564.449 399.121
threshold=62105.199800608134 87502.499999999985 1.5000000000000002 24205.677865591173 62016 16516.706392829426 0.041624110544038653 0.11677816766031567 0.22605089977735515 2.6767405536233917 0.1816627865598146 13301.812676166339 2.4246638699485072 21486.000000000011 0.2566042183329999 4.5000000000000009
decision_type=2 2 2 2 2 2 2 2 2 2 2 2 2 2 2 2
left_child=1 2 -1 5 -5 6 -4 8 10 15 -8 12 13 -9 -15 -10
right_child=-2 -3 3 4 -6 -7 7 11 9 -11 -12 -13 -14 14 -16 -17
leaf_value=1.1460666567087174 4.7938447952270513 -5.8294019381205242 -0.70549243981284759 -2.8018530189991004 1.3986886596679686 1.2529230369461908 0.19871190264821045 -0.65134115666150971 0.5762150812149045 -0.73561598161856345 1.1564239501953126 -0.7373188098271688 0.42472401460011799 0.15347893238067628 -0.4726027458906174 -0.028649028142293295
leaf_weight=7.9999999999999991 5.9999999999999991 5.9999999999999991 6.9999999999999991 7.9999999999999982 5 8.9999999999999982 8.0000000000000018 6.0000000000000062 5.0000000000000018 5.9999999999999991 4.9999999999999991 5.9999999999999991 5.9999999999999991 8.9999999999999982 5.9999999999999991 6
leaf_count=8 6 6 7 8 5 9 8 6 5 6 5 6 6 9 6 6
internal_value=-0.0687406 -0.343981 -0.0148561 -0.115806 -1.18626 0.0603448 -0.0929867 -0.0249305 0.18891 -0.100266 0.567063 -0.219331 -0.104223 -0.25535 -0.0969537 0.246289
internal_weight=112 106 100 92 13 79 70 63 30 17 13 33 27 21 15 11
internal_count=112 106 100 92 13 79 70 63 30 17 13 33 27 21 15 11
is_linear=0
shrinkage=0.05


Tree=324
num_leaves=17
num_cat=0
split_feature=2 0 0 3 2 0 0 6 0 4 7 0 0 0 2 2
split_gain=55709.3 78497.7 51277.6 5020.67 6153.52 4213.72 10645.5 937.545 897.159 646.458 641.277 757.943 593.345 1620.98 758.788 351.051
threshold=0.75904576824017289 87502.499999999985 66429.000000000015 1.5000000000000002 0.52592071588983369 66429.000000000015 53055.999999999993 15.896966433889316 46235.500000000007 2.4246638699485072 0.11014458600331878 21486.000000000011 33369.000000000007 27800.999999999996 0.28437702154139949 0.2566042183329999
decision_type=2 2 2 2 2 2 2 2 2 2 2 2 2 2 2 2
left_child=1 3 -2 -1 5 6 7 8 9 10 -5 -12 13 14 -11 -13
right_child=2 -3 -4 4 -6 -7 -8 -9 -10 12 11 15 -14 -15 -16 -17
leaf_value=1.2243409429277694 -0.52204932996204934 5.427107947213309 -7.1516986846923816 0.23744339048862451 -1.4887957990169527 -1.436914291381836 2.2901660156250001 -0.69705722133318593 -0.68468456149101264 0.70664552790777968 -0.71491970941424343 0.14143680036067965 0.55254915654659276 -0.64056138594945278 -0.05961658060550689 -0.3434123839650835
leaf_weight=6.9999999999999991 6.9999999999999982 6.9999999999999991 5 8.0000000000000018 7.9999999999999991 4.9999999999999991 4.9999999999999991 5.9999999999999991 4.9999999999999991 7.0000000000000053 7.0000000000000027 7.9999999999999982 7.9999999999999991 5.9999999999999991 6 7
leaf_count=7 7 7 5 8 8 5 5 6 5 7 7 8 8 6 6 7
internal_value=-0.0653037 0.320988 -3.2844 -0.0633433 -0.168155 -0.0327044 0.0634743 -0.100253 -0.0424978 0.0138344 -0.145909 -0.28531 0.191328 0.0392343 0.352986 -0.0848262
internal_weight=112 100 12 93 86 78 73 68 62 57 30 22 27 19 13 15
internal_count=112 100 12 93 86 78 73 68 62 57 30 22 27 19 13 15
is_linear=0
shrinkage=0.05


Tree=325
num_leaves=18
num_cat=0
split_feature=1 0 1 0 1 1 2 2 4 2 2 7 7 5 2 5 0
split_gain=58032.4 77126.5 5119.66 6166.82 4002.61 8449.93 1126.52 3973 1634.07 1363.45 534.101 608.667 743.191 447 1199.68 327.506 272.549
threshold=62105.199800608134 87502.499999999985 31062.671928726599 62016 24205.677865591173 16516.706392829426 0.18761642588800242 0.22093611501468283 2.5450332819636068 0.16155975403500911 0.23674119032890859 0.11014458600331878 0.18776678944947769 0.36316424738755676 0.30882258029930471 0.41781195714099434 20969.499999999993
decision_type=2 2 2 2 2 2 2 2 2 2 2 2 2 2 2 2 2
left_child=1 2 3 4 5 6 8 -8 -1 -10 -9 13 16 -12 -15 -14 -13
right_child=-2 -3 -4 -5 -6 -7 7 10 9 -11 11 12 15 14 -16 -17 -18
leaf_value=0.1978913290160042 4.75166703859965 -5.8092873255411783 1.4420300920804343 -1.6154541651407879 -1.3336969852447511 1.7857060653822765 1.4224976348876954 -0.42726973295211795 -0.21432588577270512 -1.3819925117492673 -0.098390703541891875 -0.6358466645081835 0.46216892242431656 0.91599961916605643 -0.047496085507529123 -0.067660731077194211 -0.20079473919338653
leaf_weight=7.0000000000000027 5.9999999999999991 5.9999999999999991 5.9999999999999991 5.9999999999999991 4.9999999999999991 6.9999999999999991 4.9999999999999991 7.9999999999999991 4.9999999999999982 5 7.0000000000000027 6.0000000000000027 4.9999999999999982 5.9999999999999982 7 7 8.9999999999999982
leaf_count=7 6 6 6 6 5 7 5 8 5 5 7 6 5 6 7 7 9
internal_value=-0.0333368 -0.301655 0.0255314 -0.0639317 0.0406653 0.122473 -0.0287305 0.0730685 -0.388021 -0.798159 -0.0496069 0.0146761 -0.140186 0.22374 0.397194 0.153102 -0.374816
internal_weight=113 107 101 95 89 84 77 60 17 10 55 47 27 20 13 12 15
internal_count=113 107 101 95 89 84 77 60 17 10 55 47 27 20 13 12 15
is_linear=0
shrinkage=0.05


Tree=326
num_leaves=19
num_cat=0
split_feature=2 1 2 4 0 6 2 6 1 5 2 2 2 4 6 6 0 1
split_gain=55311.9 103105 98131.1 8781.59 28885.1 23193.4 8025.45 7467.45 20375.8 7050.14 1445.83 6124.29 1027.41 962.406 637.639 528.157 594.559 356.25
threshold=0.75904576824017289 62105.199800608134 0.56505205340798936 2.3481496299525113 35195 7.1676944068471782 0.35245113372703452 10.631232603955729 17549.64770584663 0.39439240646744306 0.18761642588800242 0.22605089977735515 0.16155975403500911 2.6767405536233917 14.53419826291236 11.029932159873381 23817.000000000018 7607.5887173799301
decision_type=2 2 2 2 2 2 2 2 2 2 2 2 2 2 2 2 2 2
left_child=2 -2 3 4 15 -5 7 9 10 -7 12 -12 -9 -13 -15 16 -1 -18
right_child=1 -3 -4 5 -6 6 -8 8 -10 -11 11 13 -14 14 -16 -17 17 -19
leaf_value=-0.44765206947922648 0.67604155668190558 -8.7247818183898911 7.1787300872802735 -3.2980311473210655 4.1668012094497682 2.2546756744384768 1.3393848220507305 -0.14759284655253097 -3.5872576236724854 -0.28749470313390096 1.6102890586853016 0.069268439497266465 -1.0728908578554788 -1.0943998050689698 -0.29587705969810479 0.38838114568165372 0.37860502401987722 -0.19285142898559568
leaf_weight=8.0000000000000089 6.9999999999999982 5 4.9999999999999991 5.9999999999999991 4.9999999999999991 4.9999999999999982 8.9999999999999982 5.9999999999999982 4.9999999999999991 6 5.0000000000000027 7.0000000000000027 6 4.9999999999999982 5 6.9999999999999991 5.9999999999999982 5
leaf_count=8 7 5 5 6 5 5 9 6 5 6 5 7 6 5 5 7 6 5
internal_value=-0.0316699 -3.24097 0.349633 -0.0060493 0.686414 -0.336301 -0.0351081 -0.282517 -0.607032 0.868037 -0.168764 0.0720427 -0.610242 -0.380383 -0.695138 0.0171086 -0.119676 0.118852
internal_weight=113 12 101 96 31 65 59 50 39 11 34 22 12 17 10 26 19 11
internal_count=113 12 101 96 31 65 59 50 39 11 34 22 12 17 10 26 19 11
is_linear=0
shrinkage=0.05


Tree=327
num_leaves=18
num_cat=0
split_feature=2 2 0 4 0 6 2 6 0 5 4 7 7 2 4 4 0
split_gain=49919 88563.3 43879.4 7925.38 26068.8 20932 7242.97 6739.37 13706.9 6362.75 1255.73 1529.7 1276.33 1089.78 528.026 395.117 147.199
threshold=0.75904576824017289 0.56505205340798936 66429.000000000015 2.3481496299525113 35195 7.1676944068471782 0.35245113372703452 10.631232603955729 58162.500000000022 0.39439240646744306 2.7837997876371747 0.046060019652292908 0.077356522101407768 0.22605089977735515 2.1543446061517115 1.9905416946811754 28397.000000000015
decision_type=2 2 2 2 2 2 2 2 2 2 2 2 2 2 2 2 2
left_child=1 3 -2 4 14 -5 7 9 10 -7 12 -12 13 -9 15 -1 -16
right_child=2 -3 -4 5 -6 6 -8 8 -10 -11 11 -13 -14 -15 16 -17 -18
leaf_value=-0.024740455547968519 -0.5235983901790211 6.8197933959960935 -6.6563700103759764 -3.1331295231978102 3.9584612131118777 2.1419418525695804 1.2724155611462065 0.78689580361048339 -3.0210223388671875 -0.27311996618906653 -1.3025079441070559 -0.1183510144551595 -0.51709884703159337 -0.08304054604636299 -0.4605968618392946 0.47612668275833131 -0.076930999755859375
leaf_weight=9.0000000000000089 6.9999999999999982 4.9999999999999991 5 5.9999999999999991 4.9999999999999991 4.9999999999999982 8.9999999999999982 6.0000000000000027 4.9999999999999991 6 4.9999999999999982 6 7.9999999999999991 8.9999999999999982 4.9999999999999982 6.9999999999999991 5
leaf_count=9 7 5 5 6 5 5 9 6 5 6 5 6 8 9 5 7 5
internal_value=-0.0300864 0.332151 -3.07892 -0.00574684 0.652093 -0.319486 -0.0333527 -0.268391 -0.57668 0.824635 -0.217218 -0.656604 -0.00707743 0.264934 0.0162532 0.194389 -0.268764
internal_weight=113 101 12 96 31 65 59 50 39 11 34 11 23 15 26 16 10
internal_count=113 101 12 96 31 65 59 50 39 11 34 11 23 15 26 16 10
is_linear=0
shrinkage=0.05


Tree=328
num_leaves=19
num_cat=0
split_feature=1 0 1 0 1 1 2 2 5 2 5 1 5 1 2 5 5 0
split_gain=63765.2 73840.6 4460.02 4668.91 4092.22 7563.91 827.789 3616.63 1290.84 1113.12 604.422 854.589 875.222 653.46 610.104 572.984 244.145 151.548
threshold=62105.199800608134 87502.499999999985 31062.671928726599 62016 24205.677865591173 16516.706392829426 0.18761642588800242 0.22093611501468283 0.40121061746896597 0.16155975403500911 0.50249433107651253 5657.3230438461069 0.37358923902760793 9442.0625753316071 0.2994101109548431 0.52913203615314297 0.41781195714099434 43685.500000000007
decision_type=2 2 2 2 2 2 2 2 2 2 2 2 2 2 2 2 2 2
left_child=1 2 3 4 5 6 8 -8 9 -1 11 14 -13 16 -9 -12 -14 -15
right_child=-2 -3 -4 -5 -6 -7 7 10 -10 -11 15 12 13 17 -16 -17 -18 -19
leaf_value=-0.18752328872680657 4.9872038046518963 -5.6988745689392095 1.3323975642522177 -1.4232062339782716 -1.3718525934219361 1.6741476497346803 1.3322224497795105 -9.5299312046596008e-06 0.17023620094571795 -1.242566738128662 -0.8024005651474001 -0.63253297060728042 0.062512335777282671 0.50622563838958745 0.66013314723968497 -0.045443632602691644 -0.37325156794654002 0.11693434879183767
leaf_weight=5.0000000000000018 5.9999999999999991 5.9999999999999991 5.9999999999999991 5.9999999999999991 4.9999999999999991 6.9999999999999991 4.9999999999999991 6.9999999999999982 6.9999999999999991 5 4.9999999999999982 7.0000000000000027 5.0000000000000027 4.9999999999999982 7 5 8.9999999999999982 5
leaf_count=5 6 6 6 6 5 7 5 7 7 5 5 7 5 5 7 5 9 5
internal_value=-0.0285821 -0.309841 0.0102995 -0.0732015 0.0178101 0.100528 -0.0425282 0.0447354 -0.350517 -0.715045 -0.0723089 0.00582738 -0.140601 0.00287906 0.330062 -0.423922 -0.217622 0.31158
internal_weight=113 107 101 95 89 84 77 60 17 10 55 45 31 24 14 10 14 10
internal_count=113 107 101 95 89 84 77 60 17 10 55 45 31 24 14 10 14 10
is_linear=0
shrinkage=0.05


Tree=329
num_leaves=19
num_cat=0
split_feature=1 0 0 2 0 1 2 1 1 4 7 7 7 2 0 1 0 1
split_gain=57548.1 66641.2 4475.84 17054.7 8914.53 8731.68 1227.62 2868.32 1125.24 1295.09 832.295 463.54 942.168 769.451 692.612 367.685 252.567 171.292
threshold=62105.199800608134 87502.499999999985 50610.999999999993 0.26451798600539184 66429.000000000015 24205.677865591173 0.45754712422382926 13956.18840917876 1580.3453037190059 2.7837997876371747 0.05467668294401349 0.070310733269566925 0.11014458600331878 0.27702064154860279 24627.000000000004 7387.5125544820748 35195 7607.5887173799301
decision_type=2 2 2 2 2 2 2 2 2 2 2 2 2 2 2 2 2 2
left_child=1 2 5 -4 -5 6 8 -8 -1 10 -10 -12 15 14 -14 -13 -15 -16
right_child=-2 -3 3 4 -6 -7 7 -9 9 -11 11 12 13 16 17 -17 -18 -19
leaf_value=0.46071266978979114 4.7378439903259277 -5.4139311472574869 -1.4520344376564018 0.66104056494576602 3.4252809143066401 -2.1707662105560304 -0.41028827667236334 1.2112210601568221 0.54017475843429563 -0.72335527208116324 -0.54894767999649052 0.038448510169982922 -0.38625200135367221 -0.33386251585824156 0.4691559505462648 0.64481873393058775 -0.79914325475692738 0.055281566330231714
leaf_weight=7.9999999999999991 5.9999999999999991 5.9999999999999991 6.0000000000000027 6.9999999999999982 5 4.9999999999999991 4.9999999999999982 6 4.9999999999999991 8.9999999999999982 5.9999999999999991 4.9999999999999982 7.0000000000000062 6.9999999999999982 4.9999999999999982 5 5 5
leaf_count=8 6 6 6 7 5 5 5 6 5 9 6 5 7 7 5 5 5 5
internal_value=-0.027153 -0.294349 0.00978449 0.724527 1.81281 -0.14522 -0.0153771 0.474171 -0.0957508 -0.171203 -0.0718161 -0.139815 -0.0768716 -0.221184 -0.00479861 0.341634 -0.527729 0.262219
internal_weight=113 107 101 18 12 83 78 11 67 59 50 45 39 29 17 10 12 10
internal_count=113 107 101 18 12 83 78 11 67 59 50 45 39 29 17 10 12 10
is_linear=0
shrinkage=0.05


Tree=330
num_leaves=19
num_cat=0
split_feature=1 0 3 6 1 0 2 1 0 4 1 1 1 4 4 4 2 0
split_gain=87899.4 95103.6 4864.38 3208.08 6044.51 43679.4 4327.7 11378.1 3455.91 2442.91 1057.85 900.008 1285.99 995.802 545.772 477.984 327.093 310.925
threshold=62105.199800608134 87502.499999999985 6.5000000000000009 6.8722645661915465 24205.677865591173 58162.500000000022 0.26451798600539184 16516.706392829426 50610.999999999993 2.3696226992571545 5166.7437459527355 7387.5125544820748 1580.3453037190059 2.6767405536233917 2.6272356579924998 2.2221563262003503 0.35245113372703452 27800.999999999996
decision_type=2 2 2 2 2 2 2 2 2 2 2 2 2 2 2 2 2 2
left_child=1 2 3 9 6 -6 8 10 11 -1 -8 12 -5 15 16 -14 17 -12
right_child=-2 -3 -4 4 5 -7 7 -9 -10 -11 14 -13 13 -15 -16 -17 -18 -19
leaf_value=0.099924740791320826 6.3909267234802245 -7.1242642211914067 -1.3314199145351138 0.49951509952545098 -4.6100459861755381 1.7176307171583174 0.58762344121932963 2.2982534136090957 -1.3794326702753703 1.6629065651446577 0.47928347706794683 0.43039409603391382 -0.39389034907023096 -0.82616122961044314 -0.57727893888950355 0.26804009914398191 -0.24515662533896312 -0.078323158025741579
leaf_weight=4.9999999999999982 4.9999999999999991 4.9999999999999991 6.9999999999999991 5.0000000000000062 4.9999999999999982 6 7.0000000000000027 6.9999999999999991 5.9999999999999991 5 5.0000000000000053 6.9999999999999991 6.0000000000000018 7.9999999999999991 4.9999999999999991 5 6.9999999999999991 5
leaf_count=5 5 5 7 5 5 6 7 7 6 5 5 7 6 8 5 5 7 5
internal_value=-0.0874969 -0.393083 -0.0598562 0.0348347 -0.0659487 -1.15859 0.0986953 0.488985 -0.281046 0.881416 0.0522646 -0.0684548 -0.213952 -0.401707 -0.118077 -0.0930129 0.0169827 0.20048
internal_weight=111 106 101 94 84 11 73 36 37 10 29 31 24 19 22 11 17 10
internal_count=111 106 101 94 84 11 73 36 37 10 29 31 24 19 22 11 17 10
is_linear=0
shrinkage=0.05


Tree=331
num_leaves=19
num_cat=0
split_feature=1 0 3 6 1 0 2 1 0 5 1 3 5 5 5 0 2 0
split_gain=79329.2 85831 4390.11 2895.29 5455.17 39420.7 3905.75 10268.7 3118.96 2204.73 954.708 831.42 1143.65 731.873 492.56 395.873 295.201 280.61
threshold=62105.199800608134 87502.499999999985 6.5000000000000009 6.8722645661915465 24205.677865591173 58162.500000000022 0.26451798600539184 16516.706392829426 50610.999999999993 0.42586730557949953 5166.7437459527355 2.5000000000000004 0.37358923902760793 0.40949729383885825 0.38063547960389132 29848.500000000004 0.35245113372703452 27800.999999999996
decision_type=2 2 2 2 2 2 2 2 2 2 2 2 2 2 2 2 2 2
left_child=1 2 3 9 6 -6 8 10 11 -1 -8 -5 -13 -14 -12 -15 17 -16
right_child=-2 -3 -4 4 5 -7 7 -9 -10 -11 14 12 13 15 16 -17 -18 -19
leaf_value=1.5797612738609317 6.0713809585571292 -6.7680508804321295 -1.2648489126137326 0.41443208285740418 -4.3795436668396004 1.6317491953571637 0.55824226311274916 2.1833408423832483 -1.3104610999425255 0.094928545951843246 -0.54841501474380461 -0.69299501180648782 0.47575244059165317 -0.53734917163848894 0.45531930685043315 0.091834907531738272 -0.23289880241666522 -0.074407016038894644
leaf_weight=4.9999999999999982 4.9999999999999991 4.9999999999999991 6.9999999999999991 7.0000000000000027 4.9999999999999982 6 7.0000000000000027 6.9999999999999991 5.9999999999999991 5 5.0000000000000027 8.0000000000000018 5.9999999999999991 4.9999999999999982 5.0000000000000018 5 6.9999999999999991 5
leaf_count=5 5 5 7 7 5 6 7 7 6 5 5 8 6 5 5 5 7 5
internal_value=-0.0831221 -0.373429 -0.0568634 0.033093 -0.0626513 -1.10066 0.0937605 0.464535 -0.266993 0.837345 0.0496514 -0.065032 -0.204876 0.039184 -0.112173 -0.222757 0.0161335 0.190456
internal_weight=111 106 101 94 84 11 73 36 37 10 29 31 24 16 22 10 17 10
internal_count=111 106 101 94 84 11 73 36 37 10 29 31 24 16 22 10 17 10
is_linear=0
shrinkage=0.05


Tree=332
num_leaves=19
num_cat=0
split_feature=1 0 6 1 0 2 6 0 5 1 5 1 2 2 1 7 2 1
split_gain=71594.6 77462.5 3289.6 8485.61 12544 7722.04 2736.42 5573.21 3633.4 2048.24 885.783 949.811 481.677 278.884 382.549 299.391 1501.19 853.637
threshold=62105.199800608134 87502.499999999985 13.491940612647864 24205.677865591173 58162.500000000022 0.35245113372703452 7.1676944068471782 53055.999999999993 0.46418096374551515 15719.604082849797 0.38063547960389132 1580.3453037190059 0.22605089977735515 0.30882258029930471 9833.536278827658 0.17020059730283604 0.24878814255985207 5657.3230438461069
decision_type=2 2 2 2 2 2 2 2 2 2 2 2 2 2 2 2 2 2
left_child=1 2 3 6 -5 10 8 9 -1 13 11 -4 -13 15 -15 16 17 -8
right_child=-2 -3 5 4 -6 -7 7 -9 -10 -11 -12 12 -14 14 -16 -17 -18 -19
leaf_value=1.7070161628723151 5.7678116226196288 -6.4296481704711912 0.35021100997924731 -3.0519153277079272 0.33904981851577753 1.9967112064361574 -0.52605384758540508 -1.3697365880012513 -0.11798043052355447 1.0188339030742646 0.49118743638197587 -0.11847061157226564 -0.78295346150795608 -0.53936472535133373 0.025250905752182001 -0.27542436520258584 0.87757692337036142 0.23000969365239143
leaf_weight=4.9999999999999982 4.9999999999999991 4.9999999999999991 5.0000000000000098 5.9999999999999982 5 5.9999999999999991 7.0000000000000062 7.9999999999999991 6 4.9999999999999991 5.9999999999999991 4.9999999999999982 6 5.9999999999999982 6 5.9999999999999991 4.9999999999999991 7.9999999999999991
leaf_count=5 5 5 5 6 5 6 7 8 6 5 6 5 6 6 6 6 5 8
internal_value=-0.078966 -0.354757 -0.0540202 -0.230745 -1.51057 0.406728 -0.00368014 -0.157948 0.711563 0.0675006 -0.0269043 -0.221189 -0.480916 -0.0576748 -0.257057 0.0343477 0.127279 -0.12282
internal_weight=111 106 101 73 11 28 62 51 11 43 22 16 11 38 12 26 20 15
internal_count=111 106 101 73 11 28 62 51 11 43 22 16 11 38 12 26 20 15
is_linear=0
shrinkage=0.05


Tree=333
num_leaves=18
num_cat=0
split_feature=1 0 3 6 1 0 6 2 1 5 1 1 3 6 1 2 4
split_gain=64614.1 69909.9 3776.31 2485.39 4733.69 33772.9 3526.2 2615.79 3994.03 1956.81 1385.23 1617.05 1243.09 772.007 1320.29 1077.09 765.982
threshold=62105.199800608134 87502.499999999985 6.5000000000000009 6.8722645661915465 24205.677865591173 58162.500000000022 8.3629238554085266 0.51592895015361084 13301.812676166339 0.42586730557949953 1580.3453037190059 10621.309512456515 5.5000000000000009 12.204789657770361 7387.5125544820748 0.23674119032890859 2.6272356579924998
decision_type=2 2 2 2 2 2 2 2 2 2 2 2 2 2 2 2 2
left_child=1 2 3 9 6 -6 -5 8 10 -1 -8 12 13 15 16 -12 -15
right_child=-2 -3 -4 4 5 -7 7 -9 -10 -11 11 -13 -14 14 -16 -17 -18
leaf_value=1.4766913795471195 5.4794208145141603 -6.1081661701202394 -1.1716805645397732 1.2503511051336924 -4.058456964492799 1.5055815676848092 0.70705498302621506 1.0852453577518464 -1.1462407052516939 0.077831120491027819 -1.0435702164967855 0.80313168048858652 0.59190201759338379 0.08644664213061326 0.65474866271018994 -0.1787141071425544 -0.58596874541706512
leaf_weight=4.9999999999999982 4.9999999999999991 4.9999999999999991 6.9999999999999991 5.9999999999999991 4.9999999999999982 6 6.9999999999999991 4.9999999999999991 7.9999999999999991 5 5.9999999999999991 4.9999999999999991 4.9999999999999991 8.0000000000000053 4.9999999999999991 8.9999999999999982 8.9999999999999982
leaf_count=5 5 5 7 6 5 6 7 5 8 5 6 5 5 8 5 9 9
internal_value=-0.0750177 -0.33702 -0.0513192 0.032112 -0.0565962 -1.02353 0.0891056 -0.0148865 -0.103607 0.777261 0.0508575 -0.0468741 -0.148065 -0.248061 -0.0594728 -0.524657 -0.269538
internal_weight=111 106 101 94 84 11 73 67 62 10 54 47 42 37 22 15 17
internal_count=111 106 101 94 84 11 73 67 62 10 54 47 42 37 22 15 17
is_linear=0
shrinkage=0.05


Tree=334
num_leaves=18
num_cat=0
split_feature=1 0 3 2 4 0 7 2 0 1 7 7 4 2 3 3 7
split_gain=58314.3 63093.7 3408.12 2588.96 2805.91 12072.9 8248.5 4275.52 11348.4 1392.93 870.412 1089.56 1470.5 934.905 711.422 475.353 540.203
threshold=62105.199800608134 87502.499999999985 6.5000000000000009 0.75904576824017289 2.3934212238621493 31244.499999999993 0.2385095961990355 0.35245113372703452 62016 10621.309512456515 0.08708707792479202 0.04970776372884636 2.934351799697287 0.22605089977735515 5.5000000000000009 4.5000000000000009 0.10044078237494418
decision_type=2 2 2 2 2 2 2 2 2 2 2 2 2 2 2 2 2
left_child=1 2 3 4 5 14 7 8 9 10 11 12 -6 -13 15 -1 -17
right_child=-2 -3 -4 -5 6 -7 -8 -9 -10 -11 -12 13 -14 -15 -16 16 -18
leaf_value=0.046634236723184536 5.2054504394531254 -5.8027578806877145 -1.1130965130669732 1.0354323863983155 0.29280849933624231 2.5949086856842043 -2.1859346389770509 1.0035573683679104 -2.4956658554077151 0.62269763946533208 -0.60789621216910228 0.67087632827460775 -0.86820635000864665 -0.20067989110946655 0.34302461658205308 -0.14004440605640409 -0.84373932838439925
leaf_weight=8.0000000000000071 4.9999999999999991 4.9999999999999991 6.9999999999999991 5.9999999999999991 5.0000000000000053 4.9999999999999991 4.9999999999999991 7.9999999999999991 4.9999999999999991 7.9999999999999991 6.9999999999999991 7.9999999999999982 6 5 6.9999999999999991 6 5
leaf_count=8 5 5 7 6 5 5 5 8 5 8 7 8 6 5 7 6 5
internal_value=-0.0712668 -0.320169 -0.0487532 0.0305064 -0.0380113 0.344833 -0.246225 -0.0597144 -0.253037 0.0344801 -0.117318 0.0257673 -0.340472 0.335662 -0.0878737 -0.246626 -0.459906
internal_weight=111 106 101 94 88 31 57 52 44 39 31 24 11 13 26 19 11
internal_count=111 106 101 94 88 31 57 52 44 39 31 24 11 13 26 19 11
is_linear=0
shrinkage=0.05


Tree=335
num_leaves=18
num_cat=0
split_feature=2 0 1 3 1 3 0 6 2 7 3 6 1 5 2 5 5
split_gain=96288.7 122730 104322 5859.49 11022.1 10634.7 2990.28 1754.76 1175.07 464.821 590.83 746.586 352.97 316.472 252.632 646.464 530.754
threshold=0.75904576824017289 87502.499999999985 62105.199800608134 1.5000000000000002 17549.64770584663 3.5000000000000004 50610.999999999993 15.896966433889316 0.50562705853824974 0.05467668294401349 2.5000000000000004 8.3629238554085266 7607.5887173799301 0.40469831891852054 0.28437702154139949 0.4500170190692121 0.4500170190692121
decision_type=2 2 2 2 2 2 2 2 2 2 2 2 2 2 2 2 2
left_child=1 3 -2 -1 6 -6 7 8 9 -5 -11 12 -12 -13 15 -15 -16
right_child=2 -3 -4 4 5 -7 -8 -9 -10 10 11 13 -14 14 16 -17 -18
leaf_value=1.3472903887430827 -0.17009462515513107 6.6981348846639905 -9.9490538024902335 0.4134994685649872 -0.17606391906738283 -2.9321866716657361 1.15650785446167 -0.92683110609650621 -0.76742882013320923 0.44506179889043174 0.56593515396118166 -0.48530072867870333 0.030409479141235353 0.17460288040339936 -0.32627922773361218 -0.55014008283615112 0.37123403052488957
leaf_weight=5.9999999999999991 5.9999999999999982 6.9999999999999991 5 6.9999999999999991 6.9999999999999982 7 4.9999999999999991 5.9999999999999991 4.9999999999999991 5.9999999999999991 4.9999999999999991 7.9999999999999991 7.9999999999999991 5.0000000000000027 4.9999999999999982 7.9999999999999991 6
leaf_count=6 6 7 5 7 7 7 5 6 5 6 5 8 8 5 5 8 6
internal_value=-0.172725 0.311096 -4.61508 -0.164535 -0.267614 -1.55413 -0.02422 -0.10978 -0.0319655 0.0314365 -0.0210036 -0.0831456 0.236381 -0.212953 -0.122171 -0.271393 0.0541825
internal_weight=112 101 11 94 88 14 74 69 63 58 51 45 13 32 24 13 11
internal_count=112 101 11 94 88 14 74 69 63 58 51 45 13 32 24 13 11
is_linear=0
shrinkage=0.05


Tree=336
num_leaves=18
num_cat=0
split_feature=2 0 0 3 2 2 2 0 2 0 0 3 5 6 6 7 6
split_gain=86900.5 110764 37430.3 5288.19 6228.4 2254.27 5860.85 7133.99 4252.36 6824.92 3254.09 1789.13 895.015 673.519 1139.09 186.473 103.116
threshold=0.75904576824017289 87502.499999999985 66429.000000000015 1.5000000000000002 0.52592071588983369 0.30882258029930471 0.40053970387469134 43685.500000000007 0.24472592425180703 37401.000000000015 50610.999999999993 4.5000000000000009 0.46418096374551515 14.205942578101139 13.043294761977926 0.062533099679081688 9.8202207392153866
decision_type=2 2 2 2 2 2 2 2 2 2 2 2 2 2 2 2 2
left_child=1 3 -2 -1 5 8 7 -7 10 12 13 -8 15 14 16 -10 -5
right_child=2 -3 -4 4 -6 6 11 -9 9 -11 -12 -13 -14 -15 -16 -17 -18
leaf_value=1.2799258867899577 -1.7217901845773065 6.3632283381053378 -7.5793610382080061 -0.026894674301147409 -1.5844335466623307 -0.28634801847594116 0.6116738690270318 -2.75917028427124 0.057642660140991148 2.0209456364313763 -1.4996005630493165 -0.50297823150952659 0.57235018809636429 -0.47204266190528871 0.715590243190527 -0.34215012277875623 -0.33434018492698669
leaf_weight=5.9999999999999991 5.9999999999999982 6.9999999999999991 5 5.0000000000000089 7.9999999999999991 7.0000000000000018 8.9999999999999982 5 5.0000000000000053 5.9999999999999991 4.9999999999999991 5.9999999999999991 5.9999999999999991 7.9999999999999991 4.9999999999999991 7 6
leaf_count=6 6 7 5 5 8 7 9 5 5 6 5 6 6 8 5 7 6
internal_value=-0.164089 0.295541 -4.38432 -0.156308 -0.254233 -0.121213 -0.493077 -1.31669 0.068227 0.560539 -0.339204 0.165813 0.0737369 -0.0974544 0.0898398 -0.17557 -0.194592
internal_weight=112 101 11 94 88 80 27 12 53 24 29 15 18 24 16 12 11
internal_count=112 101 11 94 88 80 27 12 53 24 29 15 18 24 16 12 11
is_linear=0
shrinkage=0.05


Tree=337
num_leaves=18
num_cat=0
split_feature=2 0 0 3 2 0 2 0 0 0 2 0 2 4 0 0 0
split_gain=78427.7 99964.3 33780.9 4772.59 5621.13 2115.97 2237.81 4334.19 3778.61 656.677 1553.07 953.1 597.208 562.639 1209.93 555.605 897.774
threshold=0.75904576824017289 87502.499999999985 66429.000000000015 1.5000000000000002 0.52592071588983369 66429.000000000015 0.35245113372703452 37401.000000000015 46235.500000000007 14717.500000000004 0.16155975403500911 20369.499999999996 0.43149840856083482 2.4246638699485072 33369.000000000007 33369.000000000007 29848.500000000004
decision_type=2 2 2 2 2 2 2 2 2 2 2 2 2 2 2 2 2
left_child=1 3 -2 -1 5 6 8 12 9 10 -5 -11 -8 15 -15 16 -13
right_child=2 -3 -4 4 -6 -7 7 -9 -10 11 -12 13 -14 14 -16 -17 -18
leaf_value=1.2159295717875163 -1.6357006549835209 6.0450661250523163 -7.2003928375244133 0.36201128602027893 -1.5052119776606561 -1.1110740280151368 -0.40351004123687723 -1.6320193449656171 1.4175723743438722 0.72562790870666505 -0.76131919324398045 -0.36169346645474421 0.31195692334856306 -0.18144008318583171 0.69503703968865538 -0.65340480804443368 0.49237978339195254
leaf_weight=5.9999999999999991 5.9999999999999982 6.9999999999999991 5 4.9999999999999991 7.9999999999999991 4.9999999999999991 5.0000000000000018 5.9999999999999991 4.9999999999999991 4.9999999999999991 7.9999999999999991 8.0000000000000018 7 8.9999999999999982 6.9999999999999991 4.9999999999999991 4.9999999999999991
leaf_count=6 6 7 5 5 8 5 5 6 5 5 8 8 7 9 7 5 5
internal_value=-0.155884 0.280764 -4.16511 -0.148493 -0.241522 -0.115153 -0.0487578 -0.534776 0.104722 -0.0215141 -0.329269 0.0810709 0.0138457 -0.0137169 0.202019 -0.205482 -0.0332038
internal_weight=112 101 11 94 88 80 75 18 57 52 13 39 12 34 16 18 13
internal_count=112 101 11 94 88 80 75 18 57 52 13 39 12 34 16 18 13
is_linear=0
shrinkage=0.05


Tree=338
num_leaves=19
num_cat=0
split_feature=4 5 1 1 4 1 5 1 0 0 4 1 1 6 4 0 0 7
split_gain=45675.4 189860 128323 23555.2 9378.84 6379 16619.7 2970.72 1861.71 643.745 479.861 584.951 770.508 1367.97 1131.97 436.158 245.293 117.734
threshold=3.0121539584389425 0.34079229426713314 24205.677865591173 39566.250451175925 2.7535771856059377 17549.64770584663 0.40949729383885825 15719.604082849797 45841.500000000007 11010.999999999998 1.9905416946811754 5166.7437459527355 7387.5125544820748 10.883215456439848 2.4709768464156912 29586.000000000004 12372.000000000005 0.14029013502643015
decision_type=2 2 2 2 2 2 2 2 2 2 2 2 2 2 2 2 2 2
left_child=1 -1 9 4 5 7 -7 8 10 -2 15 16 13 -13 17 -3 -12 -14
right_child=2 3 -4 -5 -6 6 -8 -9 -10 -11 11 12 14 -15 -16 -17 -18 -19
leaf_value=8.8637962182362866 0.1531596946716309 -0.66971552848815941 -9.255991249084472 -2.9101521611213688 1.8347479194402696 -3.4785124588012701 0.29580246039799279 1.1488257622718812 -0.95524350702762606 0.95549684524536116 0.12464432546070646 0.1868228981892267 0.0008731961250305171 -0.84203318527766635 0.63503552504948213 -0.0092931365966796853 0.56031624476114905 -0.32764311631520587
leaf_weight=5.9999999999999991 4.9999999999999982 4.9999999999999982 4.9999999999999991 7.9999999999999991 5.9999999999999991 4.9999999999999982 7 4.9999999999999991 5.9999999999999991 5 6.9999999999999982 6.0000000000000018 5.0000000000000018 7 6.9999999999999991 5 6 6
leaf_count=6 5 5 5 8 6 5 7 5 6 5 7 6 5 7 7 5 6 6
internal_value=-0.14809 0.248975 -2.71578 -0.319035 -0.0692887 -0.217655 -1.27683 -0.0221155 -0.119694 0.554328 -0.0268551 0.0442016 -0.0738561 -0.367177 0.137986 -0.339504 0.325724 -0.178318
internal_weight=112 97 15 91 83 77 12 65 60 10 54 44 31 13 18 10 13 11
internal_count=112 97 15 91 83 77 12 65 60 10 54 44 31 13 18 10 13 11
is_linear=0
shrinkage=0.05


Tree=339
num_leaves=19
num_cat=0
split_feature=1 1 4 7 1 5 1 0 4 0 4 1 1 6 4 0 0 7
split_gain=42049.9 44799.5 3158.68 19267.9 6285.13 15969.1 2681.08 2264.97 3952.76 1680.2 433.075 527.918 695.383 1234.59 1021.61 393.632 221.377 106.255
threshold=62105.199800608134 33902.646891508019 2.7535771856059377 0.090753606681850285 17549.64770584663 0.41781195714099434 15719.604082849797 37401.000000000015 3.2626666860657543 45841.500000000007 1.9905416946811754 5166.7437459527355 7387.5125544820748 10.883215456439848 2.4709768464156912 29586.000000000004 12372.000000000005 0.14029013502643015
decision_type=2 2 2 2 2 2 2 2 2 2 2 2 2 2 2 2 2 2
left_child=1 2 4 7 6 -6 9 8 -4 10 15 16 13 -13 17 -1 -12 -14
right_child=-2 -3 3 -5 5 -7 -8 -9 -10 -11 11 12 14 -15 -16 -17 -18 -19
leaf_value=-0.63622977733612074 3.931436920166016 -3.745753071043227 -0.82608804727593987 3.1939875125885013 -3.0524572928746547 0.77355194091796864 1.0913845741748811 -1.2443081665039064 1.077426013946533 -0.90748134851455697 0.11841211829866682 0.17748175362745913 0.00082954525947570752 -0.7999315312930515 0.60328372887202675 -0.0088284945487976055 0.53230041662851968 -0.31126095851262409
leaf_weight=4.9999999999999982 5.9999999999999991 8.9999999999999982 6.0000000000000053 4.9999999999999991 5.9999999999999982 5 4.9999999999999991 4.9999999999999991 5 5.9999999999999991 6.9999999999999982 6.0000000000000018 5.0000000000000018 7 6.9999999999999991 5 6 6
leaf_count=5 6 9 6 5 6 5 5 5 5 6 7 6 5 7 7 5 6 6
internal_value=-0.140685 -0.371183 -0.0580785 0.484714 -0.208061 -1.31336 -0.0210097 -0.361934 0.0391456 -0.113709 -0.0255123 0.0419915 -0.0701633 -0.348818 0.131087 -0.322529 0.309437 -0.169402
internal_weight=112 106 97 21 76 11 65 16 11 60 54 44 31 13 18 10 13 11
internal_count=112 106 97 21 76 11 65 16 11 60 54 44 31 13 18 10 13 11
is_linear=0
shrinkage=0.05


Tree=340
num_leaves=18
num_cat=0
split_feature=4 5 6 2 0 2 2 0 0 7 6 0 2 4 4 2 6
split_gain=63754.3 195109 173015 32565.4 12553.1 4980.34 3100.8 10298.9 4549.94 3666.24 1284.64 636.44 591.008 554.248 343.397 327.138 244.038
threshold=3.0121539584389425 0.34079229426713314 13.8610787059551 0.63546820154915784 66429.000000000015 0.2994101109548431 0.33522895219823584 54773.500000000007 50610.999999999993 0.25299665001172827 12.796655641163168 39777.5 0.27702064154860279 2.2516050081241255 2.1543446061517115 0.2566042183329999 8.0258522432096608
decision_type=2 2 2 2 2 2 2 2 2 2 2 2 2 2 2 2 2
left_child=1 -1 -2 4 6 -4 8 9 10 13 11 14 -12 -8 16 -16 -3
right_child=2 3 5 -5 -6 -7 7 -9 -10 -11 12 -13 -14 -15 15 -17 -18
leaf_value=10.056652584075929 -10.680482419729234 -0.06466881990432731 -0.43431944052378341 -3.1359874725341799 2.2310750893184119 1.7023395729064938 0.015728659431139613 -2.4636583912372592 1.5411222418149313 1.1058982928593954 0.70095746657914582 -0.58517818848292036 0.060315668086210888 -0.60466973781585698 0.047147146860758472 -0.50046276092529296 0.40830240249633781
leaf_weight=4.9999999999999991 4.9999999999999991 5.0000000000000053 5.9999999999999982 7.9999999999999991 6.9999999999999991 5 6.0000000000000062 4.9999999999999991 5.9999999999999991 5.9999999999999991 8.9999999999999982 5.9999999999999991 5.9999999999999991 8.9999999999999982 5.9999999999999982 5 6
leaf_count=5 5 5 6 8 7 5 6 5 6 6 9 6 6 9 6 5 6
internal_value=-0.0486584 0.443111 -2.96854 -0.0909746 0.2061 0.536889 0.0171021 -0.424252 0.25129 0.0613207 0.0713135 -0.128715 0.444701 -0.35651 -0.00422548 -0.201766 0.193315
internal_weight=111 95 16 90 82 11 75 26 49 21 43 28 15 15 22 11 11
internal_count=111 95 16 90 82 11 75 26 49 21 43 28 15 15 22 11 11
is_linear=0
shrinkage=0.05


Tree=341
num_leaves=17
num_cat=0
split_feature=1 4 3 0 2 1 1 7 2 4 7 0 2 2 0 0
split_gain=62233.8 63301.2 142258 23755.4 11809.2 4787.27 3186.47 882.974 524.222 459.314 342.395 482.9 300.188 457.142 260.337 174.146
threshold=62105.199800608134 2.934351799697287 2.5000000000000004 66429.000000000015 0.35245113372703452 24205.677865591173 16516.706392829426 0.08708707792479202 0.27702064154860279 2.5967981128142408 0.18776678944947769 21486.000000000011 0.22093611501468283 0.2994101109548431 30461.999999999993 24627.000000000004
decision_type=2 2 2 2 2 2 2 2 2 2 2 2 2 2 2 2
left_child=1 3 4 5 -3 6 7 8 9 -1 12 -12 -9 15 -13 -14
right_child=-2 2 -4 -5 -6 -7 -8 10 -10 -11 11 14 13 -15 -16 -17
leaf_value=0.20736985976497324 5.4049440765380865 -1.1700954318046566 -9.286318882306416 2.8639818847179415 1.9274858474731447 -1.1548071205615997 1.2378769318262737 0.10752793947855627 0.011901622679498462 0.82604702313741041 0.49491659402847255 -0.36549394845962535 -0.72089199542999227 -0.024116051859325832 0.10688926151820591 -0.334540057182312
leaf_weight=6.0000000000000018 4.9999999999999991 8.0000000000000018 5.9999999999999991 7.9999999999999991 4.9999999999999991 7.9999999999999991 5.9999999999999991 6.0000000000000027 8.9999999999999982 6 5.0000000000000027 4.9999999999999982 5.0000000000000018 8.9999999999999982 7 7
leaf_count=6 5 8 6 8 5 8 6 6 9 6 5 5 5 9 7 7
internal_value=-0.0462255 -0.303356 -2.91796 0.267649 0.021282 0.00472964 0.135382 0.0336129 0.300363 0.516708 -0.0936995 0.0820787 -0.204375 -0.29349 -0.0899371 -0.49552
internal_weight=111 106 19 87 13 79 71 65 21 12 44 17 27 21 12 12
internal_count=111 106 19 87 13 79 71 65 21 12 44 17 27 21 12 12
is_linear=0
shrinkage=0.05


Tree=342
num_leaves=17
num_cat=0
split_feature=1 5 7 0 2 1 1 6 2 5 6 1 3 1 2 1
split_gain=56166 57129.4 129746 21439.3 7723.9 4320.51 2875.79 796.884 473.11 414.531 309.012 460.337 276.693 1105.67 984.49 121.192
threshold=62105.199800608134 0.34079229426713314 0.08708707792479202 66429.000000000015 0.3433574889033712 24205.677865591173 16516.706392829426 12.204789657770361 0.27702064154860279 0.39292474761446045 8.3629238554085266 7607.5887173799301 5.5000000000000009 9833.536278827658 0.24878814255985207 12221.392818450666
decision_type=2 2 2 2 2 2 2 2 2 2 2 2 2 2 2 2
left_child=1 2 4 5 -1 6 7 10 9 -9 11 -3 13 14 -12 -13
right_child=-2 3 -4 -5 -6 -7 -8 8 -10 -11 12 15 -14 -15 -16 -17
leaf_value=-1.1781940559546149 5.1346971130371095 0.48105298519134493 -9.6859092330932626 2.7207829475402834 1.2728215789794923 -1.0970668196678162 1.1759830156962077 0.78474469979604056 0.011306540502442255 0.19700136135021842 -1.0101121981938674 0.044318233217511868 0.052515614032745343 0.3402237617969513 -0.16284771859645844 -0.2779842948913574
leaf_weight=9.0000000000000018 4.9999999999999991 5.0000000000000027 4.9999999999999991 7.9999999999999991 4.9999999999999991 7.9999999999999991 5.9999999999999991 6.0000000000000018 8.9999999999999982 6 6.0000000000000027 6.9999999999999982 8.0000000000000018 4.9999999999999991 7.9999999999999991 5
leaf_count=9 5 5 5 8 5 8 6 6 9 6 6 7 8 5 8 5
internal_value=-0.0439142 -0.288188 -2.77206 0.254267 -0.302831 0.00449315 0.128613 0.0319322 0.285345 0.490873 -0.0890145 0.0779748 -0.194156 -0.298018 -0.525961 -0.0899745
internal_weight=111 106 19 87 14 79 71 65 21 12 44 17 27 19 14 12
internal_count=111 106 19 87 14 79 71 65 21 12 44 17 27 19 14 12
is_linear=0
shrinkage=0.05


Tree=343
num_leaves=18
num_cat=0
split_feature=4 4 6 2 0 1 0 2 2 6 6 2 4 6 2 2 0
split_gain=52474.2 194790 149104 32787.1 9602.83 4221.33 4344.6 3303.77 1057.3 776.405 695.403 608.357 491.489 318.444 221.71 649.036 209.832
threshold=3.0121539584389425 2.934351799697287 13.8610787059551 0.63546820154915784 62016 17549.64770584663 50610.999999999993 0.2994101109548431 0.50562705853824974 12.796655641163168 8.3629238554085266 0.27702064154860279 2.6272356579924998 5.0852088199700551 0.28437702154139949 0.22093611501468283 31244.499999999993
decision_type=2 2 2 2 2 2 2 2 2 2 2 2 2 2 2 2 2
left_child=1 3 -2 4 5 6 8 -4 9 10 13 -11 14 -1 15 -12 -15
right_child=2 -3 7 -5 -6 -7 -8 -9 -10 11 12 -13 -14 16 -16 -17 -18
leaf_value=-0.12850088119506836 -9.8499545288085955 10.010098457336426 -0.22755381142099701 -3.1845751762390138 1.7098661210801867 -1.2916799704233806 1.5104720544815065 1.5126931953430174 -0.65247783064842224 0.61217935085296638 0.1476652765274046 -0.0093176771487508501 -0.67671716690063477 0.5892412185668946 0.061566496888796486 -0.62366463343302403 0.13116721153259275
leaf_weight=4.9999999999999991 4.9999999999999991 4.9999999999999991 5.9999999999999982 7.9999999999999991 8.9999999999999982 5.9999999999999991 4.9999999999999991 5 5.9999999999999991 8.9999999999999982 5.0000000000000053 6.9999999999999991 4.9999999999999991 4.9999999999999982 8.9999999999999982 6 5
leaf_count=5 5 5 6 8 9 6 5 5 6 9 5 7 5 5 9 6 5
internal_value=-0.0417185 0.40443 -2.69073 -0.129218 0.168866 -0.0211206 0.0926608 0.563468 -0.0216788 0.0459068 -0.0718403 0.340274 -0.233326 0.197303 -0.122478 -0.27306 0.360204
internal_weight=111 95 16 90 82 73 67 11 62 56 40 16 25 15 20 11 10
internal_count=111 95 16 90 82 73 67 11 62 56 40 16 25 15 20 11 10
is_linear=0
shrinkage=0.05


Tree=344
num_leaves=18
num_cat=0
split_feature=1 4 3 0 2 3 1 1 7 2 4 3 7 0 7 0 1
split_gain=52600.3 52249.8 122610 18433.6 8732.46 3965.35 3076.85 10508.7 656.354 358.565 353.986 280.537 1086.82 575.957 379.196 670.702 354.944
threshold=62105.199800608134 2.934351799697287 2.5000000000000004 66429.000000000015 0.35245113372703452 6.5000000000000009 24205.677865591173 16516.706392829426 0.08708707792479202 0.27702064154860279 2.5967981128142408 5.5000000000000009 0.11014458600331878 43685.500000000007 0.14610001537467651 20969.499999999993 8017.8764203639594
decision_type=2 2 2 2 2 2 2 2 2 2 2 2 2 2 2 2 2
left_child=1 3 4 5 -3 6 7 8 9 10 -1 12 -10 14 -14 -16 -17
right_child=-2 2 -4 -5 -6 -7 -8 -9 11 -11 -12 -13 13 -15 15 16 -18
leaf_value=0.16428423225879663 4.9718983840942386 -0.94721862673759427 -8.5636932402849197 2.5298407793045046 1.7164491081237792 -1.3516447639465332 -0.8942374672208514 2.4124799537658692 -0.70422199113028394 0.018353320823775398 0.7074127197265625 0.17881423085927964 -0.50831923007965019 0.42732205788294481 0.46729947566986091 0.055942091941833506 -0.53982990741729731
leaf_weight=6.0000000000000018 4.9999999999999991 8.0000000000000018 5.9999999999999991 7.9999999999999991 4.9999999999999991 4.9999999999999991 6.9999999999999991 4.9999999999999991 6.9999999999999991 8.9999999999999982 6 7.9999999999999991 5.0000000000000062 5.9999999999999991 4.9999999999999991 4.9999999999999982 5
leaf_count=6 5 8 6 8 5 5 7 5 7 9 6 8 5 6 5 5 5
internal_value=-0.0396326 -0.276026 -2.65146 0.242747 0.077269 0.0111421 0.103222 0.207435 0.0296083 0.256922 0.435848 -0.0868206 -0.151217 -0.00233098 -0.131227 -0.00552945 -0.241944
internal_weight=111 106 19 87 13 79 74 67 62 21 12 41 33 26 20 15 10
internal_count=111 106 19 87 13 79 74 67 62 21 12 41 33 26 20 15 10
is_linear=0
shrinkage=0.05


Tree=345
num_leaves=19
num_cat=0
split_feature=6 5 0 6 0 2 4 1 2 0 6 2 1 2 2 2 2 2
split_gain=48858.7 246462 172346 11567 5597.34 2074.11 1915.62 4369.84 3254.75 936.598 2539.31 1434.84 1321.08 862.055 819.229 479.306 639.315 83.3962
threshold=9.8202207392153866 0.37358923902760793 70868.500000000015 9.1127472625752919 54773.500000000007 0.43149840856083482 2.5278384386296175 22348.395371591363 0.43149840856083482 27800.999999999996 11.642466352918628 0.30882258029930471 9442.0625753316071 0.2566042183329999 0.27702064154860279 0.33522895219823584 0.27447364996027118 0.24472592425180703
decision_type=2 2 2 2 2 2 2 2 2 2 2 2 2 2 2 2 2 2
left_child=1 -1 6 4 5 14 8 9 15 11 -11 13 -12 -8 17 16 -2 -3
right_child=2 3 -4 -5 -6 -7 7 -9 -10 10 12 -13 -14 -15 -16 -17 -18 -19
leaf_value=-11.671661214828491 -0.075205604897605 -0.12396236896514877 8.349228981563023 1.7923969849944115 -1.3901759929127164 0.72931774258613591 0.38510002195835097 1.6757540798187258 -1.4071898603439332 0.74858595848083498 -0.11016790568828586 1.059882423877716 -1.2106194114685058 -0.45181077569723133 -0.71859154701232919 -0.39366517305374149 0.62995056867599486 0.16482166290283201
leaf_weight=4.9999999999999991 9.0000000000000053 5.0000000000000053 6.9999999999999991 7.9999999999999991 8.9999999999999982 7.9999999999999991 8.0000000000000018 4.9999999999999991 4.9999999999999991 4.9999999999999991 5.9999999999999982 4.9999999999999991 5 4.9999999999999991 5.9999999999999991 4.9999999999999991 4.9999999999999991 5
leaf_count=5 9 5 7 8 9 8 8 5 5 5 6 5 5 5 6 5 5 5
internal_value=0.0744703 -1.19138 0.906314 0.0867044 -0.326797 0.0719704 0.0793235 0.295609 -0.272141 0.0926466 -0.185698 0.340064 -0.610373 0.0632113 -0.256703 0.0265567 0.176636 0.0204296
internal_weight=116 46 70 41 33 24 63 39 24 34 16 18 11 13 16 19 14 10
internal_count=116 46 70 41 33 24 63 39 24 34 16 18 11 13 16 19 14 10
is_linear=0
shrinkage=0.05


Tree=346
num_leaves=20
num_cat=0
split_feature=2 1 1 2 1 1 6 4 4 1 1 3 2 2 7 2 6 2 6
split_gain=47738.9 133451 72211.7 5609.38 25243.1 3588.03 7227.23 4625.62 1042.98 757.198 831.477 386.059 445.522 797.445 1716.23 349.883 229.057 102.785 64.9267
threshold=0.75904576824017289 62105.199800608134 33902.646891508019 0.30882258029930471 13301.812676166339 16516.706392829426 6.8722645661915465 2.8480664780767246 2.5689872596560668 10621.309512456515 8587.5259268539885 5.5000000000000009 0.22093611501468283 0.15663603931434891 0.077356522101407768 0.23674119032890859 9.4306243500006861 0.27447364996027118 11.49094878481216
decision_type=2 2 2 2 2 2 2 2 2 2 2 2 2 2 2 2 2 2 2
left_child=2 -2 3 4 9 8 -7 -8 16 10 11 12 13 -1 -15 -14 -5 -17 -18
right_child=1 -3 -4 5 -6 6 7 -9 -10 -11 -12 -13 15 14 -16 17 18 -19 -20
leaf_value=-0.27066851456960028 1.5409697975431174 -9.1541864395141594 6.277888340950013 0.074685863009653922 3.5029142697652187 0.60287757873535153 -2.8006648063659672 -0.64993926048278805 0.67482774734497075 0.56559079715183802 -0.60133046388626099 0.41977148737226222 -0.52038776636123618 1.0160513103008273 -0.23822629213333127 -0.16889206767082218 -0.36900686877114436 0.1237749288479487 -0.13310125946998594
leaf_weight=6.0000000000000027 6.9999999999999982 5 4.9999999999999991 8.0000000000000053 5.9999999999999991 4.9999999999999991 4.9999999999999982 5 4.9999999999999991 6.9999999999999991 4.9999999999999991 6.9999999999999991 5.0000000000000027 5.9999999999999982 5 5.9999999999999982 6.9999999999999982 6 5
leaf_count=6 7 5 5 8 6 5 5 5 5 7 5 7 5 6 5 6 7 6 5
internal_value=0.0707468 -2.91535 0.415296 0.119205 0.4291 -0.337889 -0.949242 -1.7253 0.0289229 0.0811209 0.00739721 0.0816323 0.0120154 0.19301 0.445925 -0.168979 -0.132553 -0.0225586 -0.270713
internal_weight=116 12 104 99 59 40 15 10 25 53 46 41 34 17 11 17 20 12 12
internal_count=116 12 104 99 59 40 15 10 25 53 46 41 34 17 11 17 20 12 12
is_linear=0
shrinkage=0.05


Tree=347
num_leaves=19
num_cat=0
split_feature=6 5 0 6 0 2 5 1 2 2 0 6 2 1 2 3 5 2
split_gain=45632.2 224359 156891 10308 4956.92 1875.85 1521.52 3781.63 2508.75 827.087 788.863 2278.41 1266.27 1198.79 756.832 470.482 318.663 70.9756
threshold=9.8202207392153866 0.37358923902760793 70868.500000000015 9.1127472625752919 54773.500000000007 0.43149840856083482 0.39559492442219535 22348.395371591363 0.43149840856083482 0.27702064154860279 27800.999999999996 11.642466352918628 0.30882258029930471 9442.0625753316071 0.2566042183329999 5.5000000000000009 0.41781195714099434 0.24472592425180703
decision_type=2 2 2 2 2 2 2 2 2 2 2 2 2 2 2 2 2 2
left_child=1 -1 6 4 5 9 7 10 15 17 12 -12 14 -13 -2 16 -8 -3
right_child=2 3 -4 -5 -6 -7 8 -9 -10 -11 11 13 -14 -15 -16 -17 -18 -19
leaf_value=-11.155434703826906 0.35461634844541534 -0.1191076588630675 7.9724842207772397 1.6734904587734492 -1.3277501718865503 0.67335090935230257 0.20243899822235081 1.5587361335754395 -1.2276704597473147 -0.72845851580301924 0.71556155681610112 -0.095201611518859877 0.9893054890632631 -1.1434805345535277 -0.42955562174320222 0.44742333412170415 -0.2954049759440952 0.14730479717254638
leaf_weight=4.9999999999999991 8.0000000000000018 5.0000000000000053 6.9999999999999991 7.9999999999999991 8.9999999999999982 7.9999999999999991 5.0000000000000062 4.9999999999999991 4.9999999999999991 5.9999999999999991 4.9999999999999991 5.9999999999999982 4.9999999999999991 5 4.9999999999999991 4.9999999999999991 8.9999999999999982 5
leaf_count=5 8 5 7 8 9 8 5 5 5 6 5 6 5 5 5 5 9 5
internal_value=0.0672095 -1.15613 0.871118 0.0632979 -0.327052 0.0482101 0.0820773 0.274835 -0.231154 -0.26436 0.0860258 -0.169425 0.313093 -0.571692 0.0530117 0.0310877 -0.117604 0.0140986
internal_weight=116 46 70 41 33 24 63 39 24 16 34 16 18 11 13 19 14 10
internal_count=116 46 70 41 33 24 63 39 24 16 34 16 18 11 13 19 14 10
is_linear=0
shrinkage=0.05


Tree=348
num_leaves=18
num_cat=0
split_feature=2 0 0 3 0 2 0 0 2 2 4 6 2 2 6 2 0
split_gain=43833.7 119095 53550.4 2948.62 2371.6 2539.71 3938.07 1178.81 767.42 632.741 606.725 392.948 443.469 1619.06 505.061 402.734 199.493
threshold=0.75904576824017289 87502.499999999985 66429.000000000015 6.5000000000000009 66429.000000000015 0.52592071588983369 54773.500000000007 46235.500000000007 0.43149840856083482 0.40053970387469134 2.9765045141594961 14.53419826291236 0.24878814255985207 0.22605089977735515 12.204789657770361 0.30882258029930471 20969.499999999993
decision_type=2 2 2 2 2 2 2 2 2 2 2 2 2 2 2 2 2
left_child=1 3 -2 4 5 6 7 8 9 10 11 12 13 14 -1 16 -14
right_child=2 -3 -4 -5 -6 -7 -8 -9 -10 -11 -12 -13 15 -15 -16 -17 -18
leaf_value=-0.21641544444220401 0.02540584291730609 7.9229162597656257 -6.7495732879638668 -1.0605488886435828 1.1423346328735353 -0.82653490081429482 1.4664879417419434 -0.60058265413556788 0.5766925403050015 -0.51497885704040536 0.44815963109334311 0.31925357989966874 0.49771627187728851 -1.0131704664230348 0.44154285430908202 -0.20022343248128893 0.10381094747119479
leaf_weight=7.0000000000000018 6.9999999999999982 4.9999999999999991 5 5.9999999999999991 4.9999999999999991 7.9999999999999991 4.9999999999999991 6.9999999999999991 6.9999999999999991 4.9999999999999991 8.9999999999999982 7.9999999999999991 5.0000000000000027 4.9999999999999991 5 7.9999999999999991 8.9999999999999982
leaf_count=7 7 5 5 6 5 8 5 7 7 5 9 8 5 5 5 8 9
internal_value=0.063849 0.394005 -2.7975 0.0137568 0.0830669 0.0228812 0.107823 0.0172452 0.0808451 0.0239445 0.0720627 4.41467e-05 -0.0654347 -0.257238 0.0577338 0.0827769 0.244491
internal_weight=116 104 12 99 93 88 80 75 68 61 56 47 39 17 12 22 14
internal_count=116 104 12 99 93 88 80 75 68 61 56 47 39 17 12 22 14
is_linear=0
shrinkage=0.05


Tree=349
num_leaves=18
num_cat=0
split_feature=6 5 0 6 0 2 4 2 2 3 4 2 2 0 3 3 5
split_gain=40696.6 206398 140191 9171.42 4434.37 1616.78 1311.02 3426.86 2228.72 1612.54 1230.35 733.565 526.097 901.06 414.914 264.767 65.792
threshold=9.8202207392153866 0.37358923902760793 70868.500000000015 9.1127472625752919 54773.500000000007 0.43149840856083482 2.5278384386296175 0.35245113372703452 0.43149840856083482 1.5000000000000002 2.8480664780767246 0.27702064154860279 0.22605089977735515 27800.999999999996 5.5000000000000009 4.5000000000000009 0.46418096374551515
decision_type=2 2 2 2 2 2 2 2 2 2 2 2 2 2 2 2 2
left_child=1 -1 6 4 5 11 8 9 14 -8 12 16 -11 -14 15 -2 -3
right_child=2 3 -4 -5 -6 -7 7 -9 -10 10 -12 -13 13 -15 -16 -17 -18
leaf_value=-10.68533718109131 0.10820122786930619 -0.094492754936218157 7.5326194490705225 1.5937941294163467 -1.2397182623545329 0.6420673847198487 -0.82349193572997992 1.1086168819003637 -1.1560312604904175 0.33422465664999795 0.86166329622268689 -0.66555939515431728 0.12566813779994848 -0.72996703624725334 0.42137367248535162 -0.32667721680232453 0.16200668096542359
leaf_weight=4.9999999999999991 7.0000000000000053 5.0000000000000053 6.9999999999999991 7.9999999999999991 8.9999999999999982 7.9999999999999991 5.0000000000000027 8.9999999999999982 4.9999999999999991 7.0000000000000062 4.9999999999999991 5.9999999999999991 7.9999999999999982 5 4.9999999999999991 7 5
leaf_count=5 7 5 7 8 9 8 5 9 5 7 5 6 8 5 5 7 5
internal_value=0.0606566 -1.09463 0.819846 0.0749669 -0.293234 0.061698 0.0739821 0.25291 -0.216776 -0.00380202 0.160136 -0.228487 -0.0152459 -0.203422 0.0303967 -0.109238 0.033757
internal_weight=116 46 70 41 33 24 63 39 24 30 25 16 20 13 19 14 10
internal_count=116 46 70 41 33 24 63 39 24 30 25 16 20 13 19 14 10
is_linear=0
shrinkage=0.05


Tree=350
num_leaves=17
num_cat=0
split_feature=1 0 2 2 2 4 3 6 0 6 2 4 6 4 1 0
split_gain=44000.5 40570.6 7241.74 3809.16 6629.89 4767.49 6609.72 5664.31 4394.07 3377.05 6618.22 3253.54 1730.33 2420.83 1178.77 635.559
threshold=62105.199800608134 87502.499999999985 0.81097315501112854 0.23674119032890859 0.22605089977735515 2.2723896376949191 4.5000000000000009 7.1676944068471782 35195 10.485838715812053 0.35245113372703452 2.6969315988360472 15.008018257059971 2.6767405536233917 5451.4444842065941 24627.000000000004
decision_type=2 2 2 2 2 2 2 2 2 2 2 2 2 2 2 2
left_child=1 2 3 4 12 8 7 -7 15 -9 11 -11 13 14 -1 -5
right_child=-2 -3 -4 5 -6 6 -8 9 -10 10 -12 -13 -14 -15 -16 -17
leaf_value=0.13421834707260105 4.5332809448242193 -4.259490966796875 1.8311887264251709 -0.43351939916610682 -2.2586339902877808 -1.0084734648466112 2.1062641906738282 1.5507235984007508 -1.8165094470977785 0.28815640257671465 1.3801297843456268 -1.1878891561712537 -0.97975097298622138 0.81577050884564728 -0.9052711208661397 0.19673774540424349
leaf_weight=5.0000000000000089 4.9999999999999991 5.9999999999999991 4.9999999999999991 8.0000000000000053 4.9999999999999991 7.9999999999999991 4.9999999999999991 6.0000000000000027 4.9999999999999991 8.0000000000000018 7.9999999999999991 6.9999999999999991 5.9999999999999991 5.9999999999999991 6 7.9999999999999991
leaf_count=5 5 6 5 8 5 8 5 6 5 8 8 7 6 6 6 8
internal_value=-0.0462621 -0.27075 -0.0214532 -0.123247 -0.608485 0.0924149 0.399975 0.169395 -0.522705 0.494324 0.218742 -0.400665 -0.249757 0.00788753 -0.432776 -0.118391
internal_weight=107 102 96 91 28 63 42 37 21 29 23 15 23 17 11 16
internal_count=107 102 96 91 28 63 42 37 21 29 23 15 23 17 11 16
is_linear=0
shrinkage=0.05


Tree=351
num_leaves=17
num_cat=0
split_feature=5 5 1 5 0 0 1 1 5 2 5 5 5 5 2 0
split_gain=43330.7 157322 113211 24290 9378.85 3951.04 19096.8 2265.34 670.716 678.178 305.929 612.202 480.597 261.108 347.66 102.028
threshold=0.33198916330476513 0.34079229426713314 24205.677865591173 0.35922375171208942 77954.999999999985 54773.500000000007 31062.671928726599 22348.395371591363 0.38509189123784332 0.23674119032890859 0.39439240646744306 0.40949729383885825 0.42586730557949953 0.4500170190692121 0.27702064154860279 29586.000000000004
decision_type=2 2 2 2 2 2 2 2 2 2 2 2 2 2 2 2
left_child=2 -2 -1 -3 5 7 -7 8 9 -5 -10 -12 -13 -14 -15 -16
right_child=1 3 -4 4 -6 6 -8 -9 10 -11 11 12 13 14 15 -17
leaf_value=0.71405291027492945 8.1772697885831196 -3.2632838855187098 -8.6696046161651612 -0.1800781011581421 2.1313730621337892 -2.8823799133300785 1.3015627527236937 1.0665897369384767 -0.49877577126026157 0.56222872138023383 0.34180903434753418 -0.51079315394163138 0.17006313949823373 0.054994573858049157 -0.53306829929351818 -0.21365048289299007
leaf_weight=8.9999999999999982 5.9999999999999991 5.9999999999999991 4.9999999999999991 4.9999999999999991 4.9999999999999991 5.9999999999999982 5 4.9999999999999991 4.9999999999999991 7.9999999999999991 6.9999999999999991 7.9999999999999991 8.0000000000000018 9.0000000000000018 4.9999999999999982 5
leaf_count=9 6 6 5 5 5 6 5 5 5 8 7 8 8 9 5 5
internal_value=-0.043949 0.346441 -2.63725 -0.193616 0.0337665 -0.104234 -0.980588 0.0440721 -0.0411377 0.276726 -0.129057 -0.0850433 -0.170414 -0.0695607 -0.170455 -0.373359
internal_weight=107 93 14 87 81 76 11 65 60 13 47 42 35 27 19 10
internal_count=107 93 14 87 81 76 11 65 60 13 47 42 35 27 19 10
is_linear=0
shrinkage=0.05


Tree=352
num_leaves=18
num_cat=0
split_feature=1 4 1 0 2 1 2 2 2 1 0 0 1 1 7 2 4
split_gain=39729.3 38299.9 85218.3 13145.4 18535.2 5578.5 3912.59 3133.74 2332.78 5397.29 1739.47 882.773 590.294 1126.44 868.849 405.329 193.585
threshold=62105.199800608134 2.934351799697287 27797.939671950877 62016 0.40053970387469134 24205.677865591173 0.26451798600539184 0.51592895015361084 0.33522895219823584 11399.273390776547 35195 39777.5 7387.5125544820748 5166.7437459527355 0.11928437684421113 0.43149840856083482 2.6969315988360472
decision_type=2 2 2 2 2 2 2 2 2 2 2 2 2 2 2 2 2
left_child=1 3 6 5 -5 7 -3 8 9 11 15 12 13 16 -15 -10 -1
right_child=-2 2 -4 4 -6 -7 -8 -9 10 -11 -12 -13 -14 14 -16 -17 -18
leaf_value=0.11739143809037544 4.3098432922363283 -1.017553466558456 -7.8954451942443855 -0.2576807022094727 4.0475715720653529 -1.3795732166085926 0.72244582474231711 1.3079606485366821 -0.38868667930364592 1.5965139468510947 -1.2653493034839631 -0.63628377318382268 0.48419563429696222 -0.6853463649749757 0.15485566854476929 0.18518627166748047 0.50442845324675234
leaf_weight=7.0000000000000018 4.9999999999999991 7.0000000000000018 4.9999999999999991 4.9999999999999982 5 6.9999999999999991 6 4.9999999999999991 8.0000000000000018 5.9999999999999991 4.9999999999999991 4.9999999999999991 6.9999999999999991 7.9999999999999982 5 4.9999999999999991 6
leaf_count=7 5 7 5 5 5 7 6 5 8 6 5 5 7 8 5 5 6
internal_value=-0.0417516 -0.255065 -2.34808 0.193438 1.89495 -0.0364955 -0.214477 0.103826 0.00671845 0.202883 -0.472795 -0.017164 0.076642 -0.0330839 -0.362192 -0.167966 0.296024
internal_weight=107 102 18 84 10 74 13 67 62 44 18 38 33 26 13 13 13
internal_count=107 102 18 84 10 74 13 67 62 44 18 38 33 26 13 13 13
is_linear=0
shrinkage=0.05


Tree=353
num_leaves=18
num_cat=0
split_feature=2 0 0 2 2 4 3 7 0 2 7 4 7 4 1 0 0
split_gain=38727.9 79515.9 57213.6 3305.23 6063.82 4307.7 6199.16 4958.75 3351.66 2877.09 5902.64 3556.61 1866.83 2292.4 964.11 727.724 231.744
threshold=0.75904576824017289 87502.499999999985 66429.000000000015 0.23674119032890859 0.22605089977735515 2.2723896376949191 4.5000000000000009 0.2385095961990355 35195 0.40053970387469134 0.12281249521708473 2.8480664780767246 0.04970776372884636 2.6767405536233917 5451.4444842065941 24627.000000000004 23817.000000000018
decision_type=2 2 2 2 2 2 2 2 2 2 2 2 2 2 2 2 2
left_child=1 3 -2 4 12 8 7 9 15 10 11 16 -1 14 -14 -5 -7
right_child=2 -3 -4 5 -6 6 -8 -9 -10 -11 -12 -13 13 -15 -16 -17 -18
leaf_value=-0.98614455660184108 0.44198111097017928 5.4133953366960803 -6.7999629974365225 -0.51499996866498654 -2.1491062593460084 0.035482192997421488 2.0283865022659304 -0.94830337464809422 -1.6374959391355515 1.4337229927380881 1.7086721849441528 -1.3660348987579347 0.12367271900176996 0.82587191263834636 -0.81641621192296343 0.18307984322309495 0.4811698675155639
leaf_weight=6.0000000000000062 5.9999999999999982 6.9999999999999991 5 7.0000000000000027 4.9999999999999991 7.0000000000000089 4.9999999999999991 7.9999999999999991 4.9999999999999991 5.9999999999999991 4.9999999999999991 4.9999999999999991 5.0000000000000018 5.9999999999999991 6 7.9999999999999991 5
leaf_count=6 6 7 5 7 5 7 5 8 5 6 5 5 5 6 6 8 5
internal_value=-0.039664 0.282332 -2.84981 -0.121235 -0.570975 0.0852035 0.378665 0.149537 -0.516392 0.463205 0.198519 -0.245644 -0.227903 0.0397116 -0.389103 -0.142691 0.221185
internal_weight=107 96 11 89 28 61 41 36 20 28 22 17 23 17 11 15 12
internal_count=107 96 11 89 28 61 41 36 20 28 22 17 23 17 11 15 12
is_linear=0
shrinkage=0.05


Tree=354
num_leaves=17
num_cat=0
split_feature=1 4 1 1 5 3 1 2 1 1 5 1 1 2 5 4
split_gain=39698.3 34807.8 79915.2 11803.1 4645.74 3746.44 3374.67 4601.58 9292.27 7396.89 1127.63 470.317 411.187 243.135 465.889 362.872
threshold=62105.199800608134 2.934351799697287 27797.939671950877 33902.646891508019 0.36316424738755676 2.5000000000000004 24205.677865591173 0.23674119032890859 16516.706392829426 8017.8764203639594 0.38509189123784332 5166.7437459527355 13956.18840917876 0.27702064154860279 0.45698816419450822 2.3481496299525113
decision_type=2 2 2 2 2 2 2 2 2 2 2 2 2 2 2 2
left_child=1 3 5 4 -1 -3 7 9 10 11 -9 -6 13 -12 15 -15
right_child=-2 2 -4 -5 6 -7 -8 8 -10 -11 12 -13 -14 14 -16 -17
leaf_value=1.2572542262928827 4.3122164916992194 -0.85111579019576278 -7.6182147407531744 2.532553772926331 0.28994864026705408 0.89358557939529426 -1.1351085526602609 0.56447230577468877 1.9680970702852525 -2.2850698190927505 -0.0010528233316209577 -0.29566161036491395 0.28038187265396119 0.18585800170898428 -0.67908035516738896 -0.37184543183871677
leaf_weight=6.9999999999999991 4.9999999999999991 8.0000000000000018 4.9999999999999991 4.9999999999999991 6.0000000000000027 4.9999999999999991 6.9999999999999991 6.9999999999999991 6.9999999999999991 4.9999999999999991 9.0000000000000018 7.9999999999999991 4.9999999999999991 5.0000000000000018 5.9999999999999991 7
leaf_count=7 5 8 5 5 6 5 7 7 7 5 9 8 5 5 6 7
internal_value=-0.0376808 -0.250911 -2.24623 0.176657 0.0275491 -0.180077 -0.0920056 0.0203286 0.290702 -0.634261 -0.0103685 -0.0446858 -0.136115 -0.213244 -0.319339 -0.139469
internal_weight=107 102 18 84 79 13 72 65 46 19 39 14 32 27 18 12
internal_count=107 102 18 84 79 13 72 65 46 19 39 14 32 27 18 12
is_linear=0
shrinkage=0.05


Tree=355
num_leaves=17
num_cat=0
split_feature=2 0 0 4 4 4 2 0 6 0 1 3 0 2 2 4
split_gain=39680.7 70010.4 54615.3 5514.49 4029.89 3556.36 2517.47 5515.59 1833.59 1184.68 1042.83 1290.42 1171.54 614.744 1026.67 451.386
threshold=0.75904576824017289 87502.499999999985 66429.000000000015 3.0121539584389425 3.1962238028246612 2.8480664780767246 0.33522895219823584 54773.500000000007 7.1676944068471782 30461.999999999993 5166.7437459527355 3.5000000000000004 14717.500000000004 0.27702064154860279 0.18761642588800242 2.2516050081241255
decision_type=2 2 2 2 2 2 2 2 2 2 2 2 2 2 2 2
left_child=1 3 -2 5 -5 6 8 9 -1 15 12 -12 -10 14 -13 -8
right_child=2 -3 -4 4 -6 -7 7 -9 10 -11 11 13 -14 -15 -16 -17
leaf_value=0.96328257123629246 0.41781557699044553 5.1877358845302037 -6.6577788543701164 2.0712413072586062 0.2617421090602875 -1.4437561994791031 -0.05323244929313653 -1.956683006286621 0.043692936168776619 0.56292418479919437 -0.68124485015869118 -0.23812426129976894 0.99825819224119194 -0.31758135429450446 0.62709858641028404 -0.58437886536121375
leaf_weight=5.9999999999999991 5.9999999999999982 6.9999999999999991 5 4.9999999999999991 7.9999999999999991 4.9999999999999991 8.0000000000000089 4.9999999999999991 8.9999999999999982 4.9999999999999991 8.0000000000000018 6.0000000000000027 4.9999999999999991 6.9999999999999991 7.9999999999999991 7.9999999999999991
leaf_count=6 6 7 5 5 8 5 8 5 9 5 8 6 5 7 8 8
internal_value=0.0520096 0.365551 -2.79836 0.00259049 0.957703 -0.152615 -0.0665393 -0.464219 0.144474 -0.10887 0.0302219 -0.140862 0.384609 0.0649987 0.256289 -0.318806
internal_weight=111 100 11 93 13 80 75 26 49 21 43 29 14 21 14 16
internal_count=111 100 11 93 13 80 75 26 49 21 43 29 14 21 14 16
is_linear=0
shrinkage=0.05


Tree=356
num_leaves=18
num_cat=0
split_feature=6 5 1 0 1 1 4 4 0 4 0 4 0 2 2 6 4
split_gain=38719.8 265361 177693 13497.7 9579.27 9411.2 3015.06 4439.78 3209.4 2514.75 1261.95 1368.8 1672.46 647.048 632.508 524.365 340.692
threshold=9.8202207392153866 0.36427410282794453 39566.250451175925 66429.000000000015 24205.677865591173 17549.64770584663 2.2723896376949191 2.4246638699485072 37401.000000000015 3.0121539584389425 33369.000000000007 2.3481496299525113 11010.999999999998 0.28965910529666361 0.26451798600539184 12.796655641163168 1.8899163912421544
decision_type=2 2 2 2 2 2 2 2 2 2 2 2 2 2 2 2 2
left_child=1 -1 4 6 5 9 8 -8 16 10 11 13 -13 -2 -14 -16 -3
right_child=2 3 -4 -5 -6 -7 7 -9 -10 -11 -12 12 14 -15 15 -17 -18
leaf_value=-11.941461563110352 -0.18004892979349413 0.17610757847626995 9.8822737503051759 2.7060258102416994 -2.0191735732555389 2.3350980758666995 1.3789285302162171 -0.30003179924355616 -1.584443302154541 0.8204745901955498 0.51232724700655252 0.31980873778462393 -1.1336845874786377 0.49978693893977566 -0.84638711929321309 -0.12225644767284392 -0.32231110185384754
leaf_weight=4.9999999999999991 6.9999999999999982 6.0000000000000027 4.9999999999999991 4.9999999999999991 4.9999999999999991 4.9999999999999991 6.9999999999999991 8.9999999999999982 4.9999999999999991 8.9999999999999982 6.9999999999999991 5.0000000000000027 5.9999999999999991 7 4.9999999999999982 5 7.9999999999999991
leaf_count=5 7 6 5 5 5 5 7 9 5 9 7 5 6 7 5 5 8
internal_value=0.0494091 -1.08153 0.820507 0.275957 0.0777388 0.264963 -0.0711956 0.434513 -0.497056 0.0620088 -0.10052 -0.223089 -0.478394 0.159869 -0.727833 -0.484322 -0.108703
internal_weight=111 45 66 40 61 56 35 16 19 51 42 35 21 14 16 10 14
internal_count=111 45 66 40 61 56 35 16 19 51 42 35 21 14 16 10 14
is_linear=0
shrinkage=0.05


Tree=357
num_leaves=18
num_cat=0
split_feature=2 0 0 4 4 5 2 0 6 4 1 1 6 0 1 6 0
split_gain=38558.8 67456.1 50044.6 4199.33 3778.86 2566.98 2166.63 4761.26 1647.13 1140.06 2445.84 985.097 1188.43 1093.26 1092.42 545.47 162.307
threshold=0.75904576824017289 87502.499999999985 66429.000000000015 3.0121539584389425 3.1962238028246612 0.35114664584695249 0.33522895219823584 54773.500000000007 7.1676944068471782 2.3934212238621493 13956.18840917876 5166.7437459527355 8.8564046125742681 14717.500000000004 7387.5125544820748 10.883215456439848 21486.000000000011
decision_type=2 2 2 2 2 2 2 2 2 2 2 2 2 2 2 2 2
left_child=1 3 -2 5 -5 -1 8 9 -7 10 16 13 -13 -10 15 -14 -8
right_child=2 -3 -4 4 -6 6 7 -9 11 -11 -12 12 14 -15 -16 -17 -18
leaf_value=-1.2326392602920533 0.31580761373043065 5.0894155229840967 -6.4572414398193345 1.9115093374252319 0.15927639603614807 0.90924430092175812 -0.13685832023620584 -1.8181589794158937 0.040006610751152041 -0.76036570310592655 1.0215266382694244 -0.70882190636226072 0.19155356757226388 0.96213027596473699 0.50526147559285162 -0.45979463325606451 -0.52258082389831528
leaf_weight=4.9999999999999991 5.9999999999999982 6.9999999999999991 5 4.9999999999999991 7.9999999999999991 5.9999999999999991 6.0000000000000089 4.9999999999999991 8.9999999999999982 4.9999999999999991 4.9999999999999991 7.0000000000000027 5.0000000000000027 4.9999999999999991 7.9999999999999991 8.9999999999999982 5
leaf_count=5 6 7 5 5 8 6 6 5 9 5 5 7 5 5 8 9 5
internal_value=0.0469387 0.356016 -2.76285 -0.000261843 0.833212 -0.135701 -0.0625722 -0.431502 0.133186 -0.101345 0.104599 0.0248992 -0.141381 0.369336 0.0391685 -0.22717 -0.312187
internal_weight=111 100 11 93 13 80 75 26 49 21 16 43 29 14 22 14 11
internal_count=111 100 11 93 13 80 75 26 49 21 16 43 29 14 22 14 11
is_linear=0
shrinkage=0.05


Tree=358
num_leaves=19
num_cat=0
split_feature=1 0 0 5 1 5 6 4 1 0 6 6 7 5 4 4 4 7
split_gain=38181 46562 8616.93 2736.46 2595.77 7058.64 1438.03 3545.17 3096.13 1584.32 828.723 1481.92 1477.68 668.02 456.324 435.887 370.946 174.655
threshold=62105.199800608134 87502.499999999985 66429.000000000015 0.30656309121883385 24205.677865591173 0.40949729383885825 13.274265526549931 2.5278384386296175 10621.309512456515 11010.999999999998 7.1676944068471782 5.0852088199700551 0.20086655430696435 0.37358923902760793 2.7535771856059377 2.2516050081241255 2.1234392662738975 0.11928437684421113
decision_type=2 2 2 2 2 2 2 2 2 2 2 2 2 2 2 2 2 2
left_child=1 2 3 -1 6 -6 7 10 13 -8 11 -5 15 -9 -11 16 -12 -17
right_child=-2 -3 -4 4 5 -7 9 8 -10 14 12 -13 -14 -15 -16 17 -18 -19
leaf_value=1.1319145774841308 4.3143210601806645 -4.4349742889404302 2.123006057739258 -0.3454499328136445 -1.9456924279530847 0.59800909161567684 0.17730108350515361 0.67881743510564174 1.8237003898620607 -0.39195461496710782 -0.091185039944118862 0.82006561557451885 -1.0020590782165528 -0.10371159553527831 -1.0086152533690134 -0.48442499935626993 0.41635927359263109 -0.084299870580434796
leaf_weight=4.9999999999999991 4.9999999999999991 5.9999999999999991 4.9999999999999991 4.9999999999999982 5.9999999999999982 5 9.0000000000000018 5.9999999999999982 4.9999999999999991 5.9999999999999982 9.0000000000000053 6 4.9999999999999991 5 6 5.9999999999999982 5.9999999999999991 5
leaf_count=5 5 6 5 5 6 5 9 6 5 6 9 6 5 5 6 6 6 5
internal_value=0.0445917 -0.156811 0.0998792 -0.00660113 -0.069852 -0.789464 0.0303472 0.158709 0.792053 -0.324177 -0.0825645 0.290286 -0.214866 0.323122 -0.700285 -0.063483 0.111833 -0.30255
internal_weight=111 106 100 95 90 11 79 58 16 21 42 11 31 11 12 26 15 11
internal_count=111 106 100 95 90 11 79 58 16 21 42 11 31 11 12 26 15 11
is_linear=0
shrinkage=0.05


Tree=359
num_leaves=18
num_cat=0
split_feature=2 0 0 4 4 2 0 3 0 2 4 1 1 1 7 1 0
split_gain=37133.1 65058.8 47868.8 3467.88 2389.84 1830.28 4616.29 2306.13 3238.09 2249.35 1153.09 2202.31 594.886 525.288 353.667 438.728 141.946
threshold=0.75904576824017289 87502.499999999985 66429.000000000015 2.9765045141594961 3.1962238028246612 0.33522895219823584 53055.999999999993 3.5000000000000004 50610.999999999993 0.2079265850607315 2.3934212238621493 13956.18840917876 10621.309512456515 4405.9086795478224 0.084121011742510562 5657.3230438461069 21486.000000000011
decision_type=2 2 2 2 2 2 2 2 2 2 2 2 2 2 2 2 2
left_child=1 3 -2 5 -5 7 10 9 12 -1 11 16 13 -9 -15 -16 -7
right_child=2 -3 -4 4 -6 6 -8 8 -10 -11 -12 -13 -14 14 15 -17 -18
leaf_value=-1.2254522422949474 0.29599795589844391 4.9941977364676342 -6.3281820678710936 1.3667178273200991 0.10167283415794373 -0.13635456562042214 -1.6911127984523775 -0.28971168875694236 1.4434669303894045 0.024366304940647551 -0.71761368910471601 0.9652589482069015 -0.42876572132110602 -0.080909607019275367 0.7358428200085958 0.18387142034868401 -0.49707264184951772
leaf_weight=5.9999999999999991 5.9999999999999982 6.9999999999999991 5 6.9999999999999991 7.9999999999999991 6.0000000000000089 5.9999999999999991 5.0000000000000062 4.9999999999999991 8.9999999999999982 5.9999999999999991 4.9999999999999991 4.9999999999999991 5.0000000000000027 5.9999999999999991 8.9999999999999982 5
leaf_count=6 6 7 5 7 8 6 6 5 5 9 6 5 5 5 6 9 5
internal_value=0.0423621 0.345671 -2.71499 -0.0042179 0.692027 -0.138111 -0.46177 0.0431377 0.265437 -0.475561 -0.126494 0.0951753 0.0690988 0.168672 0.283268 0.40466 -0.300317
internal_weight=111 100 11 93 15 78 28 50 35 15 22 16 30 25 20 15 11
internal_count=111 100 11 93 15 78 28 50 35 15 22 16 30 25 20 15 11
is_linear=0
shrinkage=0.05


Tree=360
num_leaves=19
num_cat=0
split_feature=6 5 6 5 0 0 1 6 1 1 5 1 2 7 3 7 1 6
split_gain=34783.6 266160 118574 236952 27998.8 15220.8 11228 2686.51 4499.55 2482.5 1090.47 692.719 1060.89 1335.59 1030.14 430.008 401.312 427.823
threshold=9.8202207392153866 0.37358923902760793 10.737411773725453 0.42586730557949953 70868.500000000015 62016 17549.64770584663 11.029932159873381 22348.395371591363 13956.18840917876 0.44006687884785706 10621.309512456515 0.2079265850607315 0.04970776372884636 3.5000000000000004 0.058358282577577782 10621.309512456515 8.8564046125742681
decision_type=2 2 2 2 2 2 2 2 2 2 2 2 2 2 2 2 2 2
left_child=1 -1 3 -2 7 6 9 -4 10 16 11 12 13 -9 15 -14 17 -3
right_child=2 5 4 -5 -6 -7 -8 8 -10 -11 -12 -13 14 -15 -16 -17 -18 -19
leaf_value=-12.115125846862794 13.38366865873337 0.24389731809496859 -1.1536122608184816 -0.8677095766578401 -3.9565114974975586 2.2383985860007152 -2.2849849780400593 -1.0055939058462779 1.4848992252349855 1.0031893615921339 0.60000925779342662 -0.733694634437561 0.16130898462401491 -0.018746656924486162 -0.3750229424131768 0.73962575674057007 -0.45914099386760165 -0.31463134934504833
leaf_weight=4.9999999999999991 4.9999999999999982 8.0000000000000053 4.9999999999999991 7 4.9999999999999991 6.9999999999999991 5.9999999999999991 5.9999999999999991 4.9999999999999991 5.9999999999999991 4.9999999999999991 4.9999999999999991 9.0000000000000018 7.9999999999999991 6.9999999999999991 4.9999999999999991 6.9999999999999991 5.9999999999999991
leaf_count=5 5 8 5 7 5 7 6 6 5 6 5 5 9 8 7 5 7 6
internal_value=-0.148352 -1.23885 0.533209 5.07036 -0.374222 0.120685 -0.328526 -0.0485596 0.0619456 0.106242 -0.0961603 -0.183182 -0.104537 -0.441681 0.120226 0.367851 -0.150028 0.00452789
internal_weight=117 45 72 12 60 40 33 55 50 27 45 40 35 14 21 14 21 14
internal_count=117 45 72 12 60 40 33 55 50 27 45 40 35 14 21 14 21 14
is_linear=0
shrinkage=0.05


Tree=361
num_leaves=18
num_cat=0
split_feature=2 1 0 1 5 6 4 1 1 7 2 4 6 7 2 2 1
split_gain=32998.6 109597 52932.1 3501.83 10638 2148.59 2858.59 1892.58 905.633 636.93 1106.88 1128.69 896.111 695.073 812.163 508.404 201.126
threshold=0.75904576824017289 62105.199800608134 87502.499999999985 17549.64770584663 0.38063547960389132 8.3629238554085266 2.2723896376949191 12221.392818450666 9833.536278827658 0.029207731540309843 0.22093611501468283 2.6767405536233917 12.204789657770361 0.11014458600331878 0.30882258029930471 0.15663603931434891 6411.94674379548
decision_type=2 2 2 2 2 2 2 2 2 2 2 2 2 2 2 2 2
left_child=2 -2 3 5 -5 6 -1 8 9 -7 12 13 -11 14 -12 -14 -15
right_child=1 -3 -4 4 -6 7 -8 -9 -10 10 11 -13 15 16 -16 -17 -18
leaf_value=-0.10885921849144826 1.413645375626428 -8.2786382293701148 4.703061580657959 0.54009976387023906 -1.9657718234592014 -0.65127106666564938 1.190125995874405 -0.97496419548988345 0.49102842467171809 -0.31855200767517067 0.53130563667842279 -0.80184413961001821 0.073577963113784797 -0.60500041425228135 -0.3030443361401558 0.71628982797265062 -0.15652945518493652
leaf_weight=9.0000000000000018 6.9999999999999982 5 5.9999999999999991 8.0000000000000018 8.9999999999999982 4.9999999999999991 7.9999999999999991 5.9999999999999991 6.9999999999999991 5.0000000000000027 7.0000000000000053 6.9999999999999991 4.9999999999999991 4.9999999999999982 5 7.9999999999999991 5
leaf_count=9 7 5 6 8 9 5 8 6 7 5 7 7 5 5 5 8 5
internal_value=-0.140934 -2.62481 0.142937 -0.133434 -0.786538 0.00196514 0.502428 -0.128925 -0.0428873 -0.114761 -0.0576849 -0.24885 0.250303 -0.0728969 0.18366 0.469093 -0.380765
internal_weight=117 12 105 99 17 82 17 65 59 52 47 29 18 22 12 13 10
internal_count=117 12 105 99 17 82 17 65 59 52 47 29 18 22 12 13 10
is_linear=0
shrinkage=0.05


Tree=362
num_leaves=18
num_cat=0
split_feature=6 5 1 1 1 2 2 7 2 6 1 2 2 2 2 1 4
split_gain=31566.9 241734 122323 9404.19 3470.62 3788.07 3382.4 4336.62 2698.03 2295.44 5263.77 814.758 2839.01 1139.26 846.567 599.01 441.114
threshold=9.8202207392153866 0.37358923902760793 39566.250451175925 33902.646891508019 24205.677865591173 0.43149840856083482 0.35245113372703452 0.26290725193472908 0.24878814255985207 10.631232603955729 12221.392818450666 0.18761642588800242 0.22605089977735515 0.16155975403500911 0.27447364996027118 5657.3230438461069 2.1234392662738975
decision_type=2 2 2 2 2 2 2 2 2 2 2 2 2 2 2 2 2
left_child=1 -1 4 6 5 9 8 -8 16 -2 11 13 -13 -11 -14 -16 -3
right_child=2 3 -4 -5 -6 -7 7 -9 -10 10 -12 12 14 -15 15 -17 -18
leaf_value=-11.537946166992189 0.73472767898014624 0.051037774085998515 7.350639947255452 2.1512958514690399 -1.2525644977887473 1.3263131046295167 -1.6358646079897881 0.023474972777896459 0.91225322484970095 0.02143875733017922 -1.7699651491641999 1.1791572093963614 -0.55047377049922919 -0.88999249438444772 0.38540261059533809 -0.22646435275673868 -0.61312608480453479
leaf_weight=4.9999999999999991 6.9999999999999991 5.0000000000000018 5.9999999999999991 4.9999999999999991 5.9999999999999991 4.9999999999999991 6.9999999999999991 8.9999999999999982 8.9999999999999982 7.9999999999999982 4.9999999999999991 5.0000000000000027 8.0000000000000018 6 7.9999999999999991 7.9999999999999991 5
leaf_count=5 7 5 6 5 6 5 7 9 9 8 5 5 8 6 8 8 5
internal_value=-0.133888 -1.17274 0.515394 0.122913 -0.105992 0.00866484 -0.166855 -0.702486 0.284202 -0.111121 -0.234474 -0.0559289 0.0952932 -0.369175 -0.130512 0.0794691 -0.281044
internal_weight=117 45 72 40 66 60 35 16 19 55 48 43 29 14 24 16 10
internal_count=117 45 72 40 66 60 35 16 19 55 48 43 29 14 24 16 10
is_linear=0
shrinkage=0.05


Tree=363
num_leaves=18
num_cat=0
split_feature=2 1 1 2 6 1 5 2 2 2 2 2 7 2 2 2 5
split_gain=32443.4 100025 48824.1 5388.8 2593.96 13040.5 6930.62 1827.3 3938.99 2511.99 905.402 2315.14 1133.4 1011.33 420.484 408.898 174.032
threshold=0.75904576824017289 62105.199800608134 33902.646891508019 0.52592071588983369 10.631232603955729 18300.224719541544 0.38509189123784332 0.35245113372703452 0.24878814255985207 0.43149840856083482 0.18761642588800242 0.22605089977735515 0.046060019652292908 0.27447364996027118 0.35245113372703452 0.22605089977735515 0.40469831891852054
decision_type=2 2 2 2 2 2 2 2 2 2 2 2 2 2 2 2 2
left_child=2 -2 3 4 6 10 -1 8 15 -9 12 -12 -6 -13 16 -8 -15
right_child=1 -3 -4 -5 5 -7 7 9 -10 -11 11 13 -14 14 -16 -17 -18
leaf_value=2.0048258972167967 1.2679781505039762 -7.9913588714599602 4.1884725230080742 -1.5857257485389711 -0.95429530024528519 -2.6996609115600587 -0.52381175586155471 -1.3343770956993104 1.0965626193417444 0.094254431128501903 1.1201993656158447 -0.52295010685920695 -0.015393982330958048 -0.12919533848762507 0.5393167048692703 0.038691064715385436 0.21844787001609803
leaf_weight=4.9999999999999991 6.9999999999999982 5 6.9999999999999991 5.9999999999999991 4.9999999999999991 4.9999999999999991 7.0000000000000018 4.9999999999999991 8.9999999999999982 7.9999999999999991 4.9999999999999991 8.0000000000000018 8.9999999999999982 9.0000000000000018 4.9999999999999991 6 5.9999999999999991
leaf_count=5 7 5 7 6 5 5 7 5 9 8 5 8 9 9 5 6 6
internal_value=-0.127193 -2.59008 0.154279 -0.133877 -0.0391914 -0.272047 0.26352 0.0147622 0.292479 -0.455219 -0.0137897 0.129149 -0.350716 -0.0478246 0.142226 -0.264195 0.00986194
internal_weight=117 12 105 98 92 52 40 35 22 13 47 33 14 28 20 13 15
internal_count=117 12 105 98 92 52 40 35 22 13 47 33 14 28 20 13 15
is_linear=0
shrinkage=0.05


Tree=364
num_leaves=19
num_cat=0
split_feature=1 0 1 1 4 0 6 4 0 4 0 0 0 0 1 1 1 3
split_gain=31802.5 76403.2 4273.63 4950.55 1782.51 2861.09 2596.5 2117.28 1188.58 3111.5 3629.89 731.866 804.957 508.057 503.017 468.847 354.205 7.0832
threshold=62105.199800608134 87502.499999999985 31062.671928726599 24205.677865591173 2.9765045141594961 54773.500000000007 14.53419826291236 2.7535771856059377 27800.999999999996 2.5278384386296175 20369.499999999996 29848.500000000004 46235.500000000007 20369.499999999996 4405.9086795478224 9833.536278827658 7387.5125544820748 5.5000000000000009
decision_type=2 2 2 2 2 2 2 2 2 2 2 2 2 2 2 2 2 2
left_child=1 2 3 4 5 7 -6 8 9 13 -11 -10 15 14 -1 16 -13 -15
right_child=-2 -3 -4 -5 6 -7 -8 -9 11 10 -12 12 -14 17 -16 -17 -18 -19
leaf_value=-0.18878954819270535 3.4247974077860515 -6.3524235916137703 1.0835910737514496 -1.3996080500738961 1.4161448860168457 -1.2671596527099611 -0.036320771276950839 -0.93064962029457099 -0.67308974433690283 0.16760887077876505 1.9315067481994626 0.043661502997080444 -0.62560169219970707 -0.3977880811691285 0.4106251972062247 -0.18394432200325861 0.61347543597221366 -0.31362633228301995
leaf_weight=7.0000000000000018 5.9999999999999991 4.9999999999999991 7.9999999999999991 6.9999999999999991 4.9999999999999991 4.9999999999999991 7.9999999999999991 5.9999999999999991 6.0000000000000027 6.9999999999999982 5 6.0000000000000053 4.9999999999999991 4.9999999999999982 7 8.9999999999999982 5 5
leaf_count=7 6 5 8 7 5 5 8 6 6 7 5 6 5 5 7 9 5 5
internal_value=-0.120834 -0.312489 -0.0275867 -0.118295 -0.0197326 -0.110075 0.52232 -0.0308222 0.0497593 0.245183 0.902566 -0.177184 -0.0581664 -0.0835093 0.110918 0.0836924 0.302668 -0.355707
internal_weight=117 111 106 98 91 78 13 73 67 36 12 31 25 24 14 20 11 10
internal_count=117 111 106 98 91 78 13 73 67 36 12 31 25 24 14 20 11 10
is_linear=0
shrinkage=0.05


Tree=365
num_leaves=17
num_cat=0
split_feature=1 2 1 6 0 0 0 7 1 1 6 7 7 1 0 2
split_gain=127182 3311.28 15472.2 7017.11 14692.3 3460.54 1622.57 1604.28 1209.64 1291.54 1214.11 858.57 584.108 734.577 440.118 154.815
threshold=52757.674236056024 0.30882258029930471 16516.706392829426 13.491940612647864 54773.500000000007 18132.499999999996 46235.500000000007 0.038704089731232433 5166.7437459527355 3269.5990641405679 8.8564046125742681 0.11014458600331878 0.077356522101407768 7387.5125544820748 23817.000000000018 0.45754712422382926
decision_type=2 2 2 2 2 2 2 2 2 2 2 2 2 2 2 2
left_child=1 2 7 4 5 -3 14 -1 9 -9 -10 12 13 -12 -7 -16
right_child=-2 3 -4 -5 -6 6 -8 8 10 -11 11 -13 -14 -15 15 -17
leaf_value=-0.86794528166453044 7.3976398150126146 -1.3207538008689872 2.8130601501464847 1.1681402663389842 -2.4366425805621681 0.23747678349415435 0.83726117610931405 -0.026931859552860267 -0.70170398354530339 0.94350458085536948 -0.43001047611236554 0.39562828309006165 -0.66335002422332767 0.42706429719924927 -0.13521539526326318 -0.49949339866638182
leaf_weight=5.9999999999999991 5.9999999999999991 5.0000000000000027 4.9999999999999991 5.9999999999999991 8.9999999999999982 6.0000000000000062 5.9999999999999991 7.9999999999999982 7.9999999999999991 6 5.0000000000000018 8.9999999999999982 4.9999999999999991 5 6.9999999999999982 5
leaf_count=6 6 5 5 6 9 6 6 8 8 6 5 9 5 5 7 5
internal_value=0.325087 -0.0950645 0.156469 -0.420915 -0.671818 -0.124114 0.125186 -0.0989723 0.00132857 0.388969 -0.168264 0.0095489 -0.222099 -0.00147309 -0.112173 -0.286998
internal_weight=107 101 57 44 38 29 24 52 46 14 32 24 15 10 18 12
internal_count=107 101 57 44 38 29 24 52 46 14 32 24 15 10 18 12
is_linear=0
shrinkage=0.05


Tree=366
num_leaves=18
num_cat=0
split_feature=0 0 0 2 0 4 6 4 0 2 6 5 2 4 7 0 5
split_gain=119057 9746.9 6316.56 3061.51 1199.03 4193.41 520.818 1019.57 1002.92 598.49 629.898 626.196 544.158 866.366 778.478 234.106 166.495
threshold=87502.499999999985 70868.500000000015 62016 0.63546820154915784 48227.499999999993 2.4420260066434127 15.896966433889316 2.9765045141594961 6414.0000000000009 0.50562705853824974 8.3629238554085266 0.41243257855243948 0.22093611501468283 2.6272356579924998 0.11014458600331878 24627.000000000004 0.39559492442219535
decision_type=2 2 2 2 2 2 2 2 2 2 2 2 2 2 2 2 2
left_child=1 2 3 4 6 -6 7 9 -8 10 11 -1 16 14 -14 -16 -12
right_child=-2 -3 -4 -5 5 -7 8 -9 -10 -11 12 -13 13 -15 15 -17 -18
leaf_value=0.67855770111084002 6.6126936776297427 -2.0862886746724447 1.7215203475952148 -1.3068536353111266 1.5227364635467533 -0.43786579767862954 0.099273176193237334 0.56904127995173137 -0.85955175384879101 -0.63881143569946297 0.33745506763458261 -0.054067579337528773 0.27150134742259957 -0.72405931651592259 -0.62940764069557209 -0.16616114825010297 -0.040315189106123785
leaf_weight=4.9999999999999982 6.9999999999999991 5.9999999999999991 4.9999999999999991 4.9999999999999991 4.9999999999999982 6 4.9999999999999982 5.9999999999999991 6 4.9999999999999991 4.9999999999999982 7 8.0000000000000053 7.9999999999999991 4.9999999999999982 6 7
leaf_count=5 7 6 5 5 5 6 5 6 6 5 5 7 8 8 5 6 7
internal_value=0.308833 -0.132437 -0.00772359 -0.104872 -0.0333256 0.453317 -0.106655 -0.0504015 -0.423722 -0.11677 -0.0655899 0.251193 -0.163062 -0.287573 -0.103789 -0.376728 0.117089
internal_weight=107 100 94 89 84 11 73 62 11 56 51 12 39 27 19 11 12
internal_count=107 100 94 89 84 11 73 62 11 56 51 12 39 27 19 11 12
is_linear=0
shrinkage=0.05


Tree=367
num_leaves=18
num_cat=0
split_feature=0 0 0 2 0 4 6 5 0 2 6 5 2 4 7 0 5
split_gain=107449 8796.57 5700.69 2763.02 1082.12 3784.55 470.038 920.162 905.137 540.138 568.483 565.142 491.103 781.896 702.576 211.281 150.262
threshold=87502.499999999985 70868.500000000015 62016 0.63546820154915784 48227.499999999993 2.4420260066434127 15.896966433889316 0.34079229426713314 6414.0000000000009 0.50562705853824974 8.3629238554085266 0.41243257855243948 0.22093611501468283 2.6272356579924998 0.11014458600331878 24627.000000000004 0.39559492442219535
decision_type=2 2 2 2 2 2 2 2 2 2 2 2 2 2 2 2 2
left_child=1 2 3 4 6 -6 7 -1 -8 10 11 -9 16 14 -14 -16 -12
right_child=-2 -3 -4 -5 5 -7 8 9 -10 -11 12 -13 13 -15 15 -17 -18
leaf_value=0.540589193503062 6.2820592607770651 -1.9819742520650228 1.6354442596435548 -1.2415109372138977 1.446599502563477 -0.41597249905268346 0.094309506416320826 0.6446298074722292 -0.8165741448601086 -0.60687087535858153 0.32058231115341196 -0.051364202158791672 0.25792626403272129 -0.68785634636878967 -0.59793727040290845 -0.15785309771696726 -0.038299440911837984
leaf_weight=5.9999999999999991 6.9999999999999991 5.9999999999999991 4.9999999999999991 4.9999999999999991 4.9999999999999982 6 4.9999999999999982 4.9999999999999982 6 4.9999999999999991 4.9999999999999982 7 8.0000000000000053 7.9999999999999991 4.9999999999999982 6 7
leaf_count=6 7 6 5 5 5 6 5 5 6 5 5 7 8 8 5 6 7
internal_value=0.293391 -0.125816 -0.00733742 -0.0996285 -0.0316593 0.430651 -0.101323 -0.0478814 -0.402536 -0.110932 -0.0623104 0.238633 -0.154908 -0.273194 -0.0985997 -0.357891 0.111235
internal_weight=107 100 94 89 84 11 73 62 11 56 51 12 39 27 19 11 12
internal_count=107 100 94 89 84 11 73 62 11 56 51 12 39 27 19 11 12
is_linear=0
shrinkage=0.05


Tree=368
num_leaves=17
num_cat=0
split_feature=1 2 1 6 1 2 7 1 1 6 7 7 1 6 6 1
split_gain=104294 3070.32 11858.2 6727.27 7043.9 15474.6 1345.83 997.865 1180.38 1027.11 758.355 530.211 661.223 257.068 525.719 259.728
threshold=52757.674236056024 0.30882258029930471 16516.706392829426 13.491940612647864 18300.224719541544 0.45754712422382926 0.038704089731232433 5166.7437459527355 3269.5990641405679 8.8564046125742681 0.11014458600331878 0.077356522101407768 7387.5125544820748 12.377843983455618 11.029932159873381 13956.18840917876
decision_type=2 2 2 2 2 2 2 2 2 2 2 2 2 2 2 2
left_child=1 2 6 4 13 -6 -1 8 -8 -9 11 12 -11 14 15 -3
right_child=-2 3 -4 -5 5 -7 7 9 -10 10 -12 -13 -14 -15 -16 -17
leaf_value=-0.78748439947764082 6.6833421071370438 -0.37501311964458861 2.4661840820312499 1.140369775146246 -3.7827343368530273 -0.31347031924459667 -0.036825761198997504 -0.63597671240568165 0.890908654530843 -0.39587606668472275 0.3810588136315346 -0.61989957809448248 0.41728010952472677 -0.46025261744856838 0.38278264284133912 0.074443241953849798
leaf_weight=5.9999999999999991 5.9999999999999991 9.0000000000000053 4.9999999999999991 5.9999999999999991 4.9999999999999991 8.9999999999999982 7.9999999999999982 7.9999999999999991 6 5.0000000000000018 8.9999999999999982 4.9999999999999991 5 4.9999999999999991 4.9999999999999991 4.9999999999999991
leaf_count=6 6 9 5 6 5 9 8 8 6 5 9 5 5 5 5 5
internal_value=0.278722 -0.101751 0.140458 -0.415521 -0.661188 -1.55249 -0.0831697 0.00869747 0.360775 -0.145336 0.0182105 -0.199499 0.010702 -0.14126 -0.0573152 -0.214493
internal_weight=107 101 57 44 38 14 52 46 14 32 24 15 10 24 19 14
internal_count=107 101 57 44 38 14 52 46 14 32 24 15 10 24 19 14
is_linear=0
shrinkage=0.05


Tree=369
num_leaves=17
num_cat=0
split_feature=1 2 1 6 0 0 0 7 1 1 5 0 0 1 6 2
split_gain=94125.6 2770.96 10702 6071.36 14392.2 2914.71 1601.64 1214.61 900.573 1065.29 976.034 1047.1 372.816 177.763 423.17 112.209
threshold=52757.674236056024 0.30882258029930471 16516.706392829426 13.491940612647864 54773.500000000007 18132.499999999996 46235.500000000007 0.038704089731232433 5166.7437459527355 3269.5990641405679 0.35922375171208942 45841.500000000007 23817.000000000018 7387.5125544820748 10.883215456439848 0.45754712422382926
decision_type=2 2 2 2 2 2 2 2 2 2 2 2 2 2 2 2
left_child=1 2 7 4 5 -3 12 -1 9 -9 -10 13 -7 14 -12 -14
right_child=-2 3 -4 -5 -6 6 -8 8 10 -11 11 -13 15 -15 -16 -17
leaf_value=-0.74811023076375327 6.3491748809814457 -1.1842676830291741 2.3428747558593748 1.0833513289690018 -2.3748331659369999 0.22873152246077832 0.85021761258443207 -0.034984485059976582 0.50361904144287117 0.84636324892441428 0.12408997118473038 -0.83942788913846023 -0.12475992356027876 0.11526464053562709 -0.43139300495386124 -0.43488734722137451
leaf_weight=5.9999999999999991 5.9999999999999991 5.0000000000000027 4.9999999999999991 5.9999999999999991 8.9999999999999982 6.0000000000000062 5.9999999999999991 7.9999999999999982 4.9999999999999991 6 6.0000000000000062 5.9999999999999991 6.9999999999999982 6.9999999999999991 7.9999999999999991 5
leaf_count=6 6 5 5 6 9 6 6 8 5 6 6 6 7 7 8 5
internal_value=0.264786 -0.0966633 0.133435 -0.394745 -0.628129 -0.0860483 0.142747 -0.0790112 0.0082626 0.342736 -0.138069 -0.256901 -0.0930759 -0.0904644 -0.193329 -0.25398
internal_weight=107 101 57 44 38 29 24 52 46 14 32 27 18 21 14 12
internal_count=107 101 57 44 38 29 24 52 46 14 32 27 18 21 14 12
is_linear=0
shrinkage=0.05


Tree=370
num_leaves=18
num_cat=0
split_feature=2 1 0 0 2 0 2 1 2 4 7 2 3 1 2 7 7
split_gain=67584.1 93734.9 34993.1 2220.43 4190.95 6384.79 927.936 882.495 673.835 1021.03 868.489 1623.78 916.309 754.627 742.432 352.585 315.083
threshold=0.75904576824017289 62105.199800608134 87502.499999999985 70868.500000000015 0.52592071588983369 54773.500000000007 0.43149840856083482 13301.812676166339 0.2079265850607315 2.934351799697287 0.10044078237494418 0.2566042183329999 5.5000000000000009 10621.309512456515 0.30882258029930471 0.067318377819845662 0.15165859421828662
decision_type=2 2 2 2 2 2 2 2 2 2 2 2 2 2 2 2 2
left_child=2 -2 3 4 5 6 7 8 9 15 11 -10 13 16 -13 -1 -12
right_child=1 -3 -4 -5 -6 -7 -8 -9 10 -11 12 14 -14 -15 -16 -17 -18
leaf_value=0.27189513325691206 0.25966643989086158 -9.0098368835449207 3.8774887720743814 -1.0861912918090819 -1.1776576859610421 1.6671624501546223 0.44964249995019706 -0.66968286236127217 1.0097697575887039 -0.89823291301727304 -0.73476754086358143 -0.33002100075994223 0.36808519193104339 0.21592483520507813 0.46770745158195492 -0.26333892717957497 -0.24099204267064731
leaf_weight=5.0000000000000027 5.9999999999999982 5 5.9999999999999991 4.9999999999999991 6.9999999999999991 5.9999999999999991 8.9999999999999982 5.9999999999999991 6.0000000000000027 4.9999999999999991 7.0000000000000053 6.9999999999999982 6.9999999999999991 4.9999999999999991 5 7.9999999999999991 6
leaf_count=5 6 5 6 5 7 6 9 6 6 5 7 7 7 5 5 8 6
internal_value=-0.233817 -3.95374 0.175375 -0.0609297 -0.00333078 0.0969166 -0.0270501 -0.0910835 -0.0341721 -0.291022 0.0733466 0.338167 -0.117324 -0.306094 0.00236585 -0.0574797 -0.506871
internal_weight=111 11 100 94 89 82 76 67 61 18 43 18 25 18 12 13 13
internal_count=111 11 100 94 89 82 76 67 61 18 43 18 25 18 12 13 13
is_linear=0
shrinkage=0.05


Tree=371
num_leaves=18
num_cat=0
split_feature=2 1 0 0 2 0 2 1 3 6 2 2 4 1 6 2 4
split_gain=60994.7 84595.8 31581.3 2003.94 3782.33 5762.27 837.463 796.451 608.988 550.872 1067.63 1141.96 1098.91 531.365 204.738 573.107 70.6868
threshold=0.75904576824017289 62105.199800608134 87502.499999999985 70868.500000000015 0.52592071588983369 54773.500000000007 0.43149840856083482 13301.812676166339 5.5000000000000009 12.796655641163168 0.2079265850607315 0.2566042183329999 2.934351799697287 10621.309512456515 9.8202207392153866 0.23674119032890859 2.7535771856059377
decision_type=2 2 2 2 2 2 2 2 2 2 2 2 2 2 2 2 2
left_child=2 -2 3 4 5 6 7 8 9 13 12 -12 -11 14 -1 -16 -13
right_child=1 -3 -4 -5 -6 -7 -8 -9 -10 10 11 16 -14 -15 15 -17 -18
leaf_value=-0.16938969325274214 0.24668305466572449 -8.5593452453613263 3.6836146354675297 -1.0318817520141603 -1.1187748023441859 1.5838042894999187 0.42716037895944386 -0.63619869550069175 0.37416937947273254 0.11720605897051944 0.96252986431121834 0.17000946572050457 -0.85332128524780271 0.20512858867645264 -0.91080497741699229 -0.22841962873935701 -0.095860484018921832
leaf_weight=8.0000000000000053 5.9999999999999982 5 5.9999999999999991 4.9999999999999991 6.9999999999999991 5.9999999999999991 8.9999999999999982 5.9999999999999991 7.9999999999999991 7.0000000000000018 4.9999999999999991 4.9999999999999982 5 4.9999999999999991 4.9999999999999991 7.9999999999999991 5
leaf_count=8 6 5 6 5 7 6 9 6 8 7 5 5 5 5 5 8 5
internal_value=-0.222126 -3.75606 0.166607 -0.0578833 -0.00316425 0.0920708 -0.0256976 -0.0865293 -0.0324635 -0.093842 0.0643419 0.34556 -0.28718 -0.25811 -0.368405 -0.490876 0.0370745
internal_weight=111 11 100 94 89 82 76 67 61 53 27 15 12 26 21 13 10
internal_count=111 11 100 94 89 82 76 67 61 53 27 15 12 26 21 13 10
is_linear=0
shrinkage=0.05


Tree=372
num_leaves=19
num_cat=0
split_feature=2 1 6 2 2 0 2 0 2 2 5 2 5 5 6 0 0 2
split_gain=55047.7 76347.7 31629.9 258563 111636 4306.35 2986.71 8452.8 3290.15 1005.25 783.338 641.761 977.636 750.367 351.904 323.254 282.784 488.922
threshold=0.75904576824017289 62105.199800608134 9.8202207392153866 0.52592071588983369 0.52592071588983369 62016 0.35245113372703452 50610.999999999993 0.45754712422382926 0.18761642588800242 0.34079229426713314 0.2566042183329999 0.44412785151983714 0.37358923902760793 14.205942578101139 33369.000000000007 28397.000000000015 0.32534461537208209
decision_type=2 2 2 2 2 2 2 2 2 2 2 2 2 2 2 2 2 2
left_child=2 -2 4 5 6 9 7 15 -8 10 -4 13 16 -11 -12 -1 17 -13
right_child=1 -3 3 -5 -6 -7 8 -9 -10 11 14 12 -14 -15 -16 -17 -18 -19
leaf_value=0.1123968142483915 0.23434896369775138 -8.1313780212402342 -0.81065516948699967 11.749434885978699 -7.9500800085067755 -1.3690821965535482 -1.3679775655269626 2.2381174755096436 0.287859026590983 0.82030305181230823 -0.34077492475509652 -0.24576231141108998 0.59771513094504669 0.018322994709014891 0.25244007438421245 -0.35286085903644565 -0.41832809050877889 0.38451443195343016
leaf_weight=7.0000000000000027 5.9999999999999982 5 4.9999999999999991 4.9999999999999991 4.9999999999999991 5.9999999999999991 5.9999999999999982 4.9999999999999991 6 6.9999999999999982 4.9999999999999982 8.0000000000000053 5.9999999999999991 5 5 7.9999999999999991 5.9999999999999991 4.9999999999999991
leaf_count=7 6 5 5 5 5 6 6 5 6 7 5 8 6 5 5 8 6 5
internal_value=-0.21102 -3.56825 0.158276 0.83975 -1.00207 -0.10074 0.0835552 0.457724 -0.540059 0.0456073 -0.299663 0.185582 0.0413118 0.486145 -0.0441674 -0.135741 -0.134394 -0.00334818
internal_weight=111 11 100 63 37 58 32 20 12 52 15 37 25 12 10 15 19 13
internal_count=111 11 100 63 37 58 32 20 12 52 15 37 25 12 10 15 19 13
is_linear=0
shrinkage=0.05


Tree=373
num_leaves=18
num_cat=0
split_feature=2 1 6 2 2 0 2 0 2 2 7 2 5 7 5 6 0
split_gain=49680.5 68903.8 28545.9 233353 100751 3886.48 2695.51 7628.66 2969.36 907.234 802.744 598.723 685.708 508.947 366.077 354.495 291.737
threshold=0.75904576824017289 62105.199800608134 9.8202207392153866 0.52592071588983369 0.52592071588983369 62016 0.35245113372703452 50610.999999999993 0.45754712422382926 0.18761642588800242 0.046060019652292908 0.22605089977735515 0.44412785151983714 0.10044078237494418 0.36316424738755676 13.8610787059551 33369.000000000007
decision_type=2 2 2 2 2 2 2 2 2 2 2 2 2 2 2 2 2
left_child=2 -2 4 5 6 9 7 16 -8 10 -4 -11 13 14 -13 -12 -1
right_child=1 -3 3 -5 -6 -7 8 -9 -10 11 15 12 -14 -15 -16 -17 -18
leaf_value=0.10677697339228216 0.22263141026099525 -7.7248091125488276 -0.80196278810501098 11.161962343454363 -7.5525760769844057 -1.3006281375885012 -1.2995786647001903 2.1262116861343383 0.27346606254577632 0.63348297278086352 -0.32373617529869086 -0.11218749715222241 0.56782938068111732 -0.38914934396743778 0.33878494855016472 0.27165843822062014 -0.33521781265735628
leaf_weight=7.0000000000000027 5.9999999999999982 5 4.9999999999999991 4.9999999999999991 4.9999999999999991 5.9999999999999991 5.9999999999999982 4.9999999999999991 6 5.9999999999999991 4.9999999999999982 9.0000000000000089 5.9999999999999991 6.9999999999999991 8.9999999999999982 5 7.9999999999999991
leaf_count=7 6 5 5 5 5 6 6 5 6 6 5 9 6 7 9 5 8
internal_value=-0.200469 -3.38984 0.150362 0.797763 -0.951968 -0.0957029 0.0793775 0.434838 -0.513056 0.043327 -0.28468 0.176303 0.0878164 -0.0273867 0.113299 -0.0260389 -0.128954
internal_weight=111 11 100 63 37 58 32 20 12 52 15 37 31 25 18 10 15
internal_count=111 11 100 63 37 58 32 20 12 52 15 37 31 25 18 10 15
is_linear=0
shrinkage=0.05


Tree=374
num_leaves=19
num_cat=0
split_feature=2 1 4 0 0 2 2 0 1 1 0 6 2 4 0 4 1 6
split_gain=44836.7 62185.7 27792.2 218517 52210.2 2926.08 3153.27 5741.5 4529.35 949.377 775.858 686.758 419.742 501.062 584.892 281.258 238.681 73.3918
threshold=0.75904576824017289 62105.199800608134 3.0121539584389425 87502.499999999985 62016 0.52592071588983369 0.23674119032890859 53055.999999999993 9442.0625753316071 1926.3337192909112 43685.500000000007 15.896966433889316 0.2566042183329999 2.3481496299525113 24627.000000000004 2.5450332819636068 5657.3230438461069 9.8202207392153866
decision_type=2 2 2 2 2 2 2 2 2 2 2 2 2 2 2 2 2 2
left_child=2 -2 3 5 11 6 8 10 9 -1 12 -4 -8 14 -14 -15 -11 -16
right_child=1 -3 4 -5 -6 -7 7 -9 -10 16 -12 -13 13 15 17 -17 -18 -19
leaf_value=-0.70696611732244397 0.21149993427097802 -7.3385685348510741 0.59136549472808853 10.643449211120606 -6.0034768104553224 -1.1108615568705968 0.53083822488784793 1.8029448890686035 -1.691368039449056 -0.083123827632516634 -0.46993282011577064 -0.20206240415573118 0.6174351831277205 -0.44121254533529286 -0.14246151685714725 0.011649627611041069 0.33405482570330297 0.12844764500856398
leaf_weight=5.0000000000000062 5.9999999999999982 5 4.9999999999999982 4.9999999999999991 4.9999999999999991 6.9999999999999991 4.9999999999999991 4.9999999999999991 5.9999999999999991 7.9999999999999982 6.9999999999999991 6 6.0000000000000062 5.9999999999999991 4.9999999999999982 7.9999999999999991 6 5
leaf_count=5 6 5 5 5 5 7 5 5 6 8 7 6 6 6 5 8 6 5
internal_value=-0.190445 -3.22035 0.142844 0.506635 -1.76706 -0.134935 -0.0400535 0.201273 -0.493748 -0.115552 0.0105982 0.158587 0.106704 0.0360154 0.227159 -0.182434 0.095667 -0.00700694
internal_weight=111 11 100 84 16 79 72 47 25 19 42 11 35 30 16 14 14 10
internal_count=111 11 100 84 16 79 72 47 25 19 42 11 35 30 16 14 14 10
is_linear=0
shrinkage=0.05


Tree=375
num_leaves=18
num_cat=0
split_feature=4 5 2 1 1 5 1 5 5 4 6 6 2 1 4 7 6
split_gain=32329.2 125868 88508.1 20210.7 8472.98 3147.48 2423.28 12548.1 1168.73 742.956 722.484 362.023 518.016 313.208 413.034 288.238 180.979
threshold=3.0121539584389425 0.34079229426713314 0.41711654529755943 39566.250451175925 22348.395371591363 0.40469831891852054 13301.812676166339 0.40121061746896597 0.30656309121883385 2.5967981128142408 11.642466352918628 7.6506066014448839 0.1816627865598146 4405.9086795478224 2.1543446061517115 0.05467668294401349 10.631232603955729
decision_type=2 2 2 2 2 2 2 2 2 2 2 2 2 2 2 2 2
left_child=1 -1 8 4 6 -6 9 -8 -2 11 -11 -3 -13 -14 -15 -12 -16
right_child=2 3 -4 -5 5 -7 7 -9 -10 10 15 12 13 14 16 -17 -18
leaf_value=7.2992156922817237 -0.24240112304687492 0.17665633724795449 -7.6668650245666505 -2.5803225064300932 2.3036693954467782 0.52955627679824824 -2.719859619140625 0.47315749526023865 0.74448568423589068 0.79409846305847176 0.32642405763268478 0.24163619764149191 -0.62897540807723962 0.12799672761133735 -0.14181429090510522 -0.21045432090759275 -0.48079446885320876
leaf_weight=5.9999999999999991 6.0000000000000018 8.9999999999999982 4.9999999999999991 7.9999999999999991 4.9999999999999982 5 4.9999999999999991 7.9999999999999991 6 4.9999999999999991 4.9999999999999982 5.9999999999999991 5.0000000000000027 7.0000000000000027 6.9999999999999991 5 8.9999999999999982
leaf_count=6 6 9 5 8 5 5 5 8 6 5 5 6 5 7 7 5 9
internal_value=-0.0696045 0.289749 -2.07775 -0.1828 0.0539927 1.41661 -0.137926 -0.754926 0.251042 0.0003675 0.303356 -0.105326 -0.179969 -0.270313 -0.192342 0.0579849 -0.332491
internal_weight=112 95 17 89 81 10 71 13 12 58 15 43 34 28 23 10 16
internal_count=112 95 17 89 81 10 71 13 12 58 15 43 34 28 23 10 16
is_linear=0
shrinkage=0.05


Tree=376
num_leaves=16
num_cat=0
split_feature=1 1 1 2 2 3 4 3 1 2 3 2 2 7 6
split_gain=30146.3 48621.6 8551.72 1686.86 3569.17 2558.87 2977.88 5403.95 6847.45 725.414 1419.44 1494.56 278.328 367.745 387.858
threshold=62105.199800608134 33902.646891508019 27797.939671950877 0.23674119032890859 0.22605089977735515 2.5000000000000004 2.6969315988360472 3.5000000000000004 16516.706392829426 0.2079265850607315 3.5000000000000004 0.16155975403500911 0.43149840856083482 0.11014458600331878 8.3629238554085266
decision_type=2 2 2 2 2 2 2 2 2 2 2 2 2 2 2
left_child=1 2 3 4 9 -5 7 -7 12 10 11 -1 13 -9 -15
right_child=-2 -3 -4 5 -6 6 -8 8 -10 -11 -12 -13 -14 14 -16
leaf_value=-0.080461490154266208 3.3817833582560222 -4.009291760623455 1.6112772181630135 -0.76907221972942352 -1.4883472204208374 -1.3733610490957897 1.0180954911642606 0.15588277382776128 1.9644513702392581 0.34890470951795582 0.17380966782155965 -1.3029848045110701 0.22450614869594576 0.047498957316080732 -0.47148638620144789
leaf_weight=5.0000000000000089 5.9999999999999991 7.9999999999999991 7.9999999999999991 7.9999999999999991 5.9999999999999991 5.9999999999999991 8.9999999999999982 8.0000000000000053 4.9999999999999991 5.9999999999999991 8.9999999999999982 5 7.9999999999999991 5.9999999999999991 8.9999999999999982
leaf_count=5 6 8 8 8 6 6 9 8 5 6 9 5 8 6 9
internal_value=-0.0661242 -0.261289 0.0446706 -0.0945833 -0.393213 0.0623237 0.192739 0.0158766 0.247416 -0.130381 -0.281734 -0.691723 -0.0295249 -0.117884 -0.263892
internal_weight=112 106 98 90 31 59 51 42 36 25 19 10 31 23 15
internal_count=112 106 98 90 31 59 51 42 36 25 19 10 31 23 15
is_linear=0
shrinkage=0.05


Tree=377
num_leaves=19
num_cat=0
split_feature=4 5 0 0 0 5 0 0 4 0 0 1 0 0 1 0 0 0
split_gain=29003.6 115859 89573.7 39268.5 9243.37 3912.68 2299.91 1477.12 1665.41 2090.75 3561.84 931.087 913.936 344.972 410.415 232.059 126.919 65.1445
threshold=3.0121539584389425 0.34079229426713314 62016 70868.500000000015 50610.999999999993 0.40469831891852054 46235.500000000007 6414.0000000000009 2.5278384386296175 27800.999999999996 19519.500000000011 13956.18840917876 11010.999999999998 20369.499999999996 4405.9086795478224 29848.500000000004 33369.000000000007 23817.000000000018
decision_type=2 2 2 2 2 2 2 2 2 2 2 2 2 2 2 2 2 2
left_child=1 -1 12 4 6 -6 7 -3 11 10 -10 13 -2 14 -9 17 -17 -15
right_child=2 3 -4 -5 5 -7 -8 8 9 -11 -12 -13 -14 15 -16 16 -18 -19
leaf_value=7.0025655965010332 -0.058457773923873885 -0.87557479098439228 -7.5875345611572271 -4.0820738474527998 2.3994110107421878 0.65493551625145807 -1.1638921260833741 -0.18652763858437543 -0.041242592446506 -0.18205896019935608 1.8460409569740293 -0.73200093110402431 0.81424671014149974 -0.46115089714527113 0.40658668449946811 0.18068121969699863 -0.16040835976600645 -0.22484996965421097
leaf_weight=5.9999999999999991 6.0000000000000018 4.9999999999999991 4.9999999999999991 5.9999999999999991 4.9999999999999991 8.9999999999999982 4.9999999999999991 4.9999999999999982 5.0000000000000018 7.9999999999999991 5 5.9999999999999991 6 5.0000000000000018 7 4.9999999999999982 6 7
leaf_count=6 6 5 5 6 5 9 5 5 5 8 5 6 6 5 7 5 6 7
internal_value=-0.062818 0.277551 -1.96488 -0.175821 0.106559 1.27796 -0.131117 -0.0504319 0.0194955 0.420418 0.902399 -0.156519 0.377894 -0.0578651 0.159456 -0.17125 -0.00536764 -0.323309
internal_weight=112 95 17 89 83 14 69 64 59 18 10 41 12 35 12 23 11 12
internal_count=112 95 17 89 83 14 69 64 59 18 10 41 12 35 12 23 11 12
is_linear=0
shrinkage=0.05


Tree=378
num_leaves=16
num_cat=0
split_feature=1 1 1 2 2 3 4 3 1 2 3 2 2 7 6
split_gain=28389.3 44615.2 7551.32 1759.88 3316.19 2186.33 2893.78 4859.01 6053.66 707.164 1296.42 1467.53 247.312 314.638 330.749
threshold=62105.199800608134 33902.646891508019 27797.939671950877 0.23674119032890859 0.22605089977735515 2.5000000000000004 2.6969315988360472 3.5000000000000004 16516.706392829426 0.2079265850607315 3.5000000000000004 0.16155975403500911 0.43149840856083482 0.11014458600331878 8.3629238554085266
decision_type=2 2 2 2 2 2 2 2 2 2 2 2 2 2 2
left_child=1 2 3 4 9 -5 7 -7 12 10 11 -1 13 -9 -15
right_child=-2 -3 -4 5 -6 6 -8 8 -10 -11 -12 -13 -14 14 -16
leaf_value=-0.07407140016555773 3.2862462361653648 -3.8393326640129093 1.5161389708518982 -0.6950711816549302 -1.4474761843681336 -1.2977032889922462 1.0075935221380659 0.14872597630601364 1.853628616333008 0.3346973372002443 0.1473987764782376 -1.2854870760440826 0.21824649274349214 0.047996608416239428 -0.43126003427637949
leaf_weight=5.0000000000000089 5.9999999999999991 7.9999999999999991 7.9999999999999991 7.9999999999999991 5.9999999999999991 5.9999999999999991 8.9999999999999982 8.0000000000000053 4.9999999999999991 5.9999999999999991 8.9999999999999982 5 7.9999999999999991 5.9999999999999991 8.9999999999999982
leaf_count=5 6 8 8 8 6 6 9 8 5 6 9 5 8 6 9
internal_value=-0.0596771 -0.249069 0.0440138 -0.0868418 -0.391867 0.0734257 0.193974 0.0196272 0.239182 -0.138521 -0.287958 -0.679779 -0.0212123 -0.104502 -0.239557
internal_weight=112 106 98 90 31 59 51 42 36 25 19 10 31 23 15
internal_count=112 106 98 90 31 59 51 42 36 25 19 10 31 23 15
is_linear=0
shrinkage=0.05


Tree=379
num_leaves=18
num_cat=0
split_feature=4 5 2 5 6 1 5 4 4 5 1 2 5 7 1 2 5
split_gain=26040.7 106636 80259.4 19838 7573.27 10427.8 10090.5 3844.84 14960.9 1185.86 965.631 767.822 1233.38 651.657 462.385 299.896 99.9771
threshold=3.0121539584389425 0.34079229426713314 0.41711654529755943 0.35922375171208942 9.4306243500006861 18300.224719541544 0.39439240646744306 2.3934212238621493 2.2723896376949191 0.30656309121883385 13956.18840917876 0.33522895219823584 0.44412785151983714 0.11014458600331878 5166.7437459527355 0.24878814255985207 0.38926142689652604
decision_type=2 2 2 2 2 2 2 2 2 2 2 2 2 2 2 2 2
left_child=1 -1 9 -3 6 11 -5 8 10 -2 -8 13 -13 14 16 -16 -6
right_child=2 3 -4 4 5 -7 7 -9 -10 -11 -12 12 -14 -15 15 -17 -18
leaf_value=6.7176077807943031 -0.13840595881144199 -3.2288301706314089 -7.1812821578979502 2.4411861002445221 0.23323971807956667 -2.3409086863199873 -0.010964059576185205 -0.66965678201781387 2.6637001037597656 0.85568622152010598 -0.87759356975555436 -0.88378937585013273 0.14440480768680572 -0.4522725582122803 -0.25672444105148323 0.19140856430998868 0.54943123698234553
leaf_weight=5.9999999999999991 6.0000000000000018 4.9999999999999991 4.9999999999999991 5.9999999999999991 5.0000000000000053 5.9999999999999991 9.0000000000000053 8.9999999999999982 5.9999999999999991 6 4.9999999999999991 6.9999999999999982 5 5.9999999999999991 7.9999999999999982 7 5
leaf_count=6 6 5 5 6 5 6 9 9 6 6 5 7 5 6 8 7 5
internal_value=-0.0566932 0.265822 -1.85898 -0.16913 0.0129951 -0.388248 0.574736 0.188574 0.574778 0.35864 -0.320475 -0.115784 -0.455375 0.0156704 0.127977 -0.0475957 0.391335
internal_weight=112 95 17 89 84 49 35 29 20 12 14 43 12 31 25 15 10
internal_count=112 95 17 89 84 49 35 29 20 12 14 43 12 31 25 15 10
is_linear=0
shrinkage=0.05


Tree=380
num_leaves=18
num_cat=0
split_feature=2 1 2 4 1 4 4 0 1 0 3 4 2 7 7 4 2
split_gain=38919.7 56358.6 49746.5 3287.88 5553.28 3069.97 2077.66 2901.86 2749.82 886.775 452.254 536.231 253.639 282.596 339.103 179.294 97.2184
threshold=0.75904576824017289 62105.199800608134 0.56505205340798936 3.0121539584389425 29628.349800647582 3.3769844207411572 2.6969315988360472 48227.499999999993 16516.706392829426 27800.999999999996 3.5000000000000004 2.5689872596560668 0.43149840856083482 0.11677816766031567 0.14610001537467651 2.2723896376949191 0.27447364996027118
decision_type=2 2 2 2 2 2 2 2 2 2 2 2 2 2 2 2 2
left_child=2 -2 3 4 6 -5 8 9 10 -8 11 -1 13 15 -15 -12 -16
right_child=1 -3 -4 5 -6 -7 7 -9 -10 -11 12 -13 -14 14 16 -17 -18
leaf_value=-0.71789450854063053 0.38045150836308805 -6.8071773529052724 4.6607100049654644 1.2257684999042089 -1.5019952774047853 -0.31946820259094239 0.43167096357792628 1.4745906257629395 -1.1812652746836345 -0.46992592811584466 0.38658846050500878 -0.016791884104410803 0.27816071808338166 -0.43040146103927052 0.094024476460698586 -0.0054325914409543777 -0.18095614910125735
leaf_weight=4.9999999999999982 5.9999999999999982 5 5.9999999999999991 8.9999999999999982 6.9999999999999991 4.9999999999999991 5.9999999999999982 4.9999999999999991 5.9999999999999991 5 4.9999999999999982 6 7.9999999999999991 7.0000000000000027 8.9999999999999982 7 4.9999999999999991
leaf_count=5 6 5 6 9 7 5 6 5 6 5 5 6 8 7 9 7 5
internal_value=-0.0623567 -2.88665 0.24524 -0.0336319 -0.155921 0.673898 -0.0285897 0.475834 -0.167741 0.0218542 -0.0507961 -0.335475 0.0255812 -0.0356502 -0.146256 0.15791 -0.00418289
internal_weight=112 11 101 95 81 14 74 16 58 11 52 11 41 33 21 12 14
internal_count=112 11 101 95 81 14 74 16 58 11 52 11 41 33 21 12 14
is_linear=0
shrinkage=0.05


Tree=381
num_leaves=18
num_cat=0
split_feature=2 1 2 4 1 4 4 7 1 3 4 2 7 7 4 2 0
split_gain=35125 50863.6 44896.2 2967.32 5011.83 2770.65 1875.09 2631.21 2481.71 408.159 483.948 228.909 255.043 306.04 161.813 87.7396 29.8346
threshold=0.75904576824017289 62105.199800608134 0.56505205340798936 3.0121539584389425 29628.349800647582 3.3769844207411572 2.6969315988360472 0.10044078237494418 16516.706392829426 3.5000000000000004 2.5689872596560668 0.43149840856083482 0.11677816766031567 0.14610001537467651 2.2723896376949191 0.27447364996027118 35195
decision_type=2 2 2 2 2 2 2 2 2 2 2 2 2 2 2 2 2
left_child=2 -2 3 4 6 -5 8 16 9 10 -1 12 14 -14 -11 -15 -8
right_child=1 -3 -4 5 -6 -7 7 -9 -10 11 -12 -13 13 15 -16 -17 -18
leaf_value=-0.68199976354837433 0.36142887671788543 -6.466818351745605 4.4276740550994873 1.1644800795449151 -1.4268955094473703 -0.30349478721618656 -0.055418659001588835 1.4030840396881104 -1.1222019831339518 0.36725902945385325 -0.01595229903856913 0.26425269097089771 -0.40888140542166557 0.089323245899544823 -0.0051609476363020275 -0.17190834522247314 0.10995469093322752
leaf_weight=4.9999999999999982 5.9999999999999982 5 5.9999999999999991 8.9999999999999982 6.9999999999999991 4.9999999999999991 5.9999999999999982 4.9999999999999991 5.9999999999999991 4.9999999999999982 6 7.9999999999999991 7.0000000000000027 8.9999999999999982 7 4.9999999999999991 5
leaf_count=5 6 5 6 9 7 5 6 5 6 5 6 8 7 9 7 5 5
internal_value=-0.0592388 -2.74232 0.232978 -0.0319503 -0.148125 0.640203 -0.0271602 0.452043 -0.159354 -0.0482562 -0.318701 0.0243021 -0.0338677 -0.138943 0.150014 -0.00397375 0.019751
internal_weight=112 11 101 95 81 14 74 16 58 52 11 41 33 21 12 14 11
internal_count=112 11 101 95 81 14 74 16 58 52 11 41 33 21 12 14 11
is_linear=0
shrinkage=0.05


Tree=382
num_leaves=18
num_cat=0
split_feature=1 0 5 2 5 6 1 1 1 1 1 5 2 5 2 0 1
split_gain=35331.3 65273.2 3262.64 4319.28 2035.04 1569.89 6215.93 15009.4 2776.98 1323.12 787.908 629.351 498.968 271.768 537.348 205.737 160.24
threshold=62105.199800608134 87502.499999999985 0.33198916330476513 0.35245113372703452 0.30656309121883385 12.204789657770361 17549.64770584663 29628.349800647582 13956.18840917876 13956.18840917876 12221.392818450666 0.38509189123784332 0.22605089977735515 0.42586730557949953 0.2994101109548431 21486.000000000011 5657.3230438461069
decision_type=2 2 2 2 2 2 2 2 2 2 2 2 2 2 2 2 2
left_child=1 2 3 4 -1 6 9 -8 12 10 11 -4 -7 -13 16 -14 -15
right_child=-2 -3 5 -5 -6 8 7 -9 -10 -11 -12 13 15 14 -16 -17 -18
leaf_value=-0.59700359344482434 3.6763794581095377 -5.3329032580057785 0.51297433376312263 1.9161196422576905 0.8295429706573485 0.27576988510942685 -3.3443213844299318 0.072394447856479222 1.2949806928634644 0.75176971356074018 -0.57299163341522219 -0.29761001169681539 -0.051289839670062079 -0.33949961923062788 0.39509604849985669 -0.46014385700225824 0.04375781059265136
leaf_weight=4.9999999999999982 5.9999999999999991 5.9999999999999991 5.9999999999999991 4.9999999999999991 5 9.0000000000000053 4.9999999999999991 8.9999999999999982 4.9999999999999991 5.9999999999999991 5.9999999999999991 8.0000000000000018 7.9999999999999982 6.0000000000000018 6.9999999999999991 5 5
leaf_count=5 6 6 6 5 5 9 5 9 5 6 6 8 8 6 7 5 5
internal_value=-0.0562769 -0.267559 0.0363613 0.71622 0.11627 -0.0836137 -0.230223 -1.14786 0.231326 0.0617522 -0.0471979 0.0513884 -0.010414 -0.0551314 0.0526369 -0.208541 -0.165292
internal_weight=112 106 100 15 10 85 58 14 27 44 38 32 22 26 18 13 11
internal_count=112 106 100 15 10 85 58 14 27 44 38 32 22 26 18 13 11
is_linear=0
shrinkage=0.05


Tree=383
num_leaves=19
num_cat=0
split_feature=1 0 4 1 6 1 1 1 1 1 5 0 0 0 3 6 0 4
split_gain=31886.5 58909.1 2944.53 2713.09 1416.82 5609.87 13545.9 2506.22 1194.12 711.087 567.989 422.898 349.669 414.167 258.475 297.125 179.587 89.5055
threshold=62105.199800608134 87502.499999999985 3.0121539584389425 18300.224719541544 12.204789657770361 17549.64770584663 29628.349800647582 13956.18840917876 13956.18840917876 12221.392818450666 0.38509189123784332 11010.999999999998 30461.999999999993 21486.000000000011 5.5000000000000009 7.6506066014448839 20969.499999999993 2.6767405536233917
decision_type=2 2 2 2 2 2 2 2 2 2 2 2 2 2 2 2 2 2
left_child=1 2 4 11 5 8 -7 12 9 10 -1 -4 13 17 15 -12 -17 -6
right_child=-2 -3 3 -5 7 6 -8 -9 -10 -11 14 -13 -14 -15 -16 16 -18 -19
leaf_value=0.48732563257217409 3.4925606091817225 -5.0662582079569498 -0.12023458480834964 1.6313891029357912 -0.074103587972266224 -3.1771052742004393 0.068774692217508954 1.2302316284179688 0.71418122251828509 -0.54434206088383996 0.13667775445750768 0.53007151603698721 0.35766550779342654 -0.50032957553863522 0.27071062803268431 -0.50254749298095713 -0.12881172200043997 0.20287838160991667
leaf_weight=5.9999999999999991 5.9999999999999991 5.9999999999999991 4.9999999999999982 4.9999999999999991 7.0000000000000089 4.9999999999999991 8.9999999999999982 4.9999999999999991 5.9999999999999991 5.9999999999999991 7.0000000000000062 5 4.9999999999999991 4.9999999999999991 4.9999999999999991 4.9999999999999991 8.9999999999999982 5
leaf_count=6 6 6 5 5 7 5 9 5 6 6 7 5 5 5 5 5 9 5
internal_value=-0.0534631 -0.254181 0.0345432 0.680409 -0.079433 -0.218712 -1.09047 0.219759 0.0586646 -0.044838 0.048819 0.204918 -0.00989334 -0.117999 -0.0523748 -0.1293 -0.262289 0.0413056
internal_weight=112 106 100 15 85 58 14 27 44 38 32 10 22 17 26 21 14 12
internal_count=112 106 100 15 85 58 14 27 44 38 32 10 22 17 26 21 14 12
is_linear=0
shrinkage=0.05


Tree=384
num_leaves=18
num_cat=0
split_feature=2 1 2 2 1 2 0 0 1 4 1 2 5 4 7 2 2
split_gain=36184.7 50956.1 40686.3 2185.1 8535.04 6019.48 15486 15077.4 4077.28 532.869 407.925 281.696 997.619 780.583 1353.61 165.953 414.191
threshold=0.75904576824017289 62105.199800608134 0.56505205340798936 0.30882258029930471 16516.706392829426 0.40053970387469134 54773.500000000007 62016 15719.604082849797 2.5450332819636068 8587.5259268539885 0.2566042183329999 0.38063547960389132 2.535545779047951 0.058358282577577782 0.22605089977735515 0.18761642588800242
decision_type=2 2 2 2 2 2 2 2 2 2 2 2 2 2 2 2 2
left_child=2 -2 3 4 11 6 9 8 10 -5 -7 13 -13 15 -15 16 -1
right_child=1 -3 -4 5 -6 7 -8 -9 -10 -11 -12 12 -14 14 -16 -17 -18
leaf_value=0.024327430576086051 0.3325275977452597 -6.5019247055053704 4.2389907519022625 -0.30892599182469493 2.1703847503662113 -0.27127708435058556 -3.3393176460266112 2.6712651252746582 -1.4927368919054667 0.36690284594893452 0.30443002134561542 -0.61465801000595099 0.20268448144197465 -0.12634125815497499 0.74084241390228278 0.035157716274261473 -0.61924949582666144
leaf_weight=4.9999999999999982 5.9999999999999982 5 5.9999999999999991 7.0000000000000018 4.9999999999999991 5.0000000000000062 4.9999999999999991 4.9999999999999991 5.9999999999999991 5 7.9999999999999991 6.9999999999999991 7.9999999999999991 9.0000000000000018 8.9999999999999982 5.9999999999999991 5
leaf_count=5 6 5 6 7 5 5 5 5 6 5 8 7 8 9 9 6 5
internal_value=-0.0507899 -2.77404 0.245802 -0.00639955 0.202549 -0.2816 -1.00144 0.22829 -0.414598 -0.0273306 0.0830042 0.00174931 -0.178742 0.0813778 0.307251 -0.172729 -0.297461
internal_weight=112 11 101 95 54 41 17 24 19 12 13 49 15 34 18 16 10
internal_count=112 11 101 95 54 41 17 24 19 12 13 49 15 34 18 16 10
is_linear=0
shrinkage=0.05


Tree=385
num_leaves=18
num_cat=0
split_feature=1 1 1 1 7 2 2 6 2 4 2 1 2 4 1 5 5
split_gain=62150.8 30378.9 3659.08 5200.44 811.173 822.168 1311.15 933.072 405.393 1081.98 1031.1 577.593 439.477 724.437 405.378 400.282 140.978
threshold=62105.199800608134 33902.646891508019 29628.349800647582 18300.224719541544 0.029207731540309843 0.33522895219823584 0.28965910529666361 12.377843983455618 0.2566042183329999 2.6969315988360472 0.18761642588800242 6093.7564319131534 0.1816627865598146 2.4924571051868147 5657.3230438461069 0.41243257855243948 0.47093532015918654
decision_type=2 2 2 2 2 2 2 2 2 2 2 2 2 2 2 2 2
left_child=1 2 3 4 -1 6 8 15 9 12 -11 -10 -6 14 -14 -7 -17
right_child=-2 -3 -4 -5 5 7 -8 -9 11 10 -12 -13 13 -15 -16 16 -18
leaf_value=-0.68095385551452647 5.4500940704345702 -3.2170578598976136 -1.3286630439758302 1.2018104049894545 0.22241920019899086 0.27300989151000937 0.67269652336835861 -0.87927661895751952 -0.67879539728164673 0.00030508488416671761 1.01573429107666 0.0062550365924835209 -0.32823023994763678 -0.75396081984043128 0.25298802256584163 -0.46168354988098148 -0.12323925457894802
leaf_weight=4.9999999999999991 4.9999999999999991 7.9999999999999991 4.9999999999999991 8.9999999999999982 7.0000000000000027 5.0000000000000062 7.9999999999999991 4.9999999999999991 4.9999999999999991 4.9999999999999982 5 7.9999999999999991 6.0000000000000018 4.9999999999999991 6 4.9999999999999991 7.9999999999999991
leaf_count=5 5 8 5 9 7 5 8 5 5 5 5 8 6 5 6 5 8
internal_value=0.00372782 -0.255623 -0.0113809 0.0602105 -0.0635774 -0.024002 0.0809729 -0.275029 -0.019746 0.0710551 0.50802 -0.257226 -0.111013 -0.248309 -0.0376211 -0.107182 -0.25341
internal_weight=110 105 97 92 83 78 55 23 47 34 10 13 24 17 12 18 13
internal_count=110 105 97 92 83 78 55 23 47 34 10 13 24 17 12 18 13
is_linear=0
shrinkage=0.05


Tree=386
num_leaves=18
num_cat=0
split_feature=1 0 2 0 1 0 1 7 5 7 2 4 2 7 0 5 0
split_gain=56091.2 86022.4 12268.9 4528.65 6593.83 2684.8 644.371 771.87 391.564 297.859 339.101 298.232 381.149 301.114 221.107 215.684 187.188
threshold=62105.199800608134 87502.499999999985 0.75904576824017289 62016 22348.395371591363 50610.999999999993 13301.812676166339 0.029207731540309843 0.35114664584695249 0.18776678944947769 0.16744804518791417 2.6767405536233917 0.33522895219823584 0.11014458600331878 27800.999999999996 0.40121061746896597 28397.000000000015
decision_type=2 2 2 2 2 2 2 2 2 2 2 2 2 2 2 2 2
left_child=1 2 3 4 5 6 7 -1 -9 10 -10 12 13 16 -11 -8 -12
right_child=-2 -3 -4 -5 -6 -7 15 8 9 14 11 -13 -14 -15 -16 -17 -18
leaf_value=-0.64690615653991701 5.1775898361206059 -6.6430787658691406 2.4912377119064333 1.0885466158390045 -1.7539290348688763 1.0861911582946779 -0.70637685298919695 0.35116459407976697 0.240621355175972 0.43045620262622841 0.39654108211398087 -0.43461819961667064 -0.35649673657284842 -0.19490060210227966 -0.019745304187138876 -0.26173020005226133 -0.017691799551248548
leaf_weight=4.9999999999999991 4.9999999999999991 4.9999999999999991 4.9999999999999991 7.9999999999999991 5.9999999999999991 4.9999999999999991 4.9999999999999982 6.9999999999999991 5.9999999999999991 4.9999999999999982 6.0000000000000053 7.9999999999999991 8.9999999999999982 7.9999999999999991 6 6 5
leaf_count=5 5 5 5 8 6 5 5 7 6 5 6 8 9 8 6 6 5
internal_value=0.00354144 -0.242842 0.07717 -0.0498862 -0.15457 -0.0360986 -0.109933 -0.0500412 -0.000302401 -0.0467226 -0.107383 -0.165384 -0.0884603 0.0385044 0.184892 -0.463842 0.208253
internal_weight=110 105 100 95 87 81 76 65 60 53 42 36 28 19 11 11 11
internal_count=110 105 100 95 87 81 76 65 60 53 42 36 28 19 11 11 11
is_linear=0
shrinkage=0.05


Tree=387
num_leaves=19
num_cat=0
split_feature=1 0 0 1 5 3 1 2 0 0 5 0 0 3 7 7 0 1
split_gain=50622.3 77635.2 11346.7 1621.43 829.183 1359.62 2222.42 706.39 1098.07 1216.05 372.361 322.181 273.391 239.04 248.444 87.8305 218.646 83.53
threshold=62105.199800608134 87502.499999999985 66429.000000000015 29628.349800647582 0.29614888529253236 3.5000000000000004 16516.706392829426 0.18761642588800242 27800.999999999996 8615.0000000000073 0.37358923902760793 45841.500000000007 35195 5.5000000000000009 0.14029013502643015 0.090753606681850285 18132.499999999996 7607.5887173799301
decision_type=2 2 2 2 2 2 2 2 2 2 2 2 2 2 2 2 2 2
left_child=1 2 3 4 -1 7 10 -6 9 -9 -7 12 13 15 -15 -12 -17 -18
right_child=-2 -3 -4 -5 5 6 -8 8 -10 -11 11 -13 -14 14 -16 16 17 -19
leaf_value=0.62276697158813477 4.91871021270752 -6.3109249496459965 2.1814189592997235 -0.79334185464041573 -0.80950331601003767 0.39984947264194493 1.0104788859685263 -0.47677816450595834 -0.61183031466272153 0.54416879926409034 0.012236712376276646 -0.43336217939853672 0.30341477394104005 0.3898094940185548 -0.10863217592239378 -0.48807001054286925 0.06155654430389406 -0.20601980377520832
leaf_weight=4.9999999999999991 4.9999999999999991 4.9999999999999991 5.9999999999999991 6.9999999999999991 6.0000000000000027 4.9999999999999991 5.9999999999999991 5.0000000000000018 8.9999999999999982 7 6.0000000000000027 4.9999999999999991 5.9999999999999991 4.9999999999999982 5 5.0000000000000027 4.9999999999999982 7
leaf_count=5 5 5 6 7 6 5 6 5 9 7 6 5 6 5 5 5 5 7
internal_value=0.00336436 -0.2307 0.0733115 -0.0612485 -0.00234446 -0.040461 0.102189 -0.331045 -0.194342 0.118774 -0.00903008 -0.0554937 -0.00704899 -0.0634969 0.140589 -0.15223 -0.210277 -0.0945297
internal_weight=110 105 100 94 87 82 55 27 21 12 49 44 39 33 10 23 17 12
internal_count=110 105 100 94 87 82 55 27 21 12 49 44 39 33 10 23 17 12
is_linear=0
shrinkage=0.05


Tree=388
num_leaves=17
num_cat=0
split_feature=1 1 2 1 1 6 2 4 1 4 2 4 3 2 4 1
split_gain=45686.6 24148.2 2516.3 2582.14 1745.28 653.664 958.278 626.915 397.697 329.072 619.679 115.852 298.207 172.602 67.1889 64.1917
threshold=62105.199800608134 33902.646891508019 0.56505205340798936 24205.677865591173 16516.706392829426 15.896966433889316 0.27702064154860279 2.6969315988360472 5052.4392740799294 2.5278384386296175 0.24878814255985207 2.1543446061517115 4.5000000000000009 0.2994101109548431 2.4246638699485072 6411.94674379548
decision_type=2 2 2 2 2 2 2 2 2 2 2 2 2 2 2 2
left_child=1 2 3 4 5 7 -7 9 -9 11 -11 13 14 15 -13 -1
right_child=-2 -3 -4 -5 -6 6 -8 8 -10 10 -12 12 -14 -15 -16 -17
leaf_value=-0.14811476469039911 4.6727745056152346 -2.8594954729080202 1.0909753322601319 -0.98382587432861335 0.67362569702996156 -0.93039876937866228 0.0068424469480911883 0.0094507376352945989 0.56419579812458576 -0.73455886840820317 -0.024989338219165803 -0.063511340958731496 -0.35366825376238142 0.27974874547549655 0.15555956065654752 0.094459822177886954
leaf_weight=6.0000000000000018 4.9999999999999991 7.9999999999999991 4.9999999999999991 6.9999999999999991 8.9999999999999982 4.9999999999999982 6 5.9999999999999982 7 4.9999999999999991 7.9999999999999991 7.0000000000000018 6.9999999999999991 6.9999999999999991 7 5
leaf_count=6 5 8 5 7 9 5 6 6 7 5 8 7 7 7 7 5
internal_value=0.00319613 -0.219165 -0.00140551 -0.060774 0.015242 -0.0627245 -0.419176 -0.00240189 0.30816 -0.0800423 -0.297901 -0.00742278 -0.0872067 0.0856584 0.0460241 -0.0378536
internal_weight=110 105 97 92 85 76 11 65 13 52 13 39 21 18 14 11
internal_count=110 105 97 92 85 76 11 65 13 52 13 39 21 18 14 11
is_linear=0
shrinkage=0.05


Tree=389
num_leaves=18
num_cat=0
split_feature=1 0 2 0 1 0 1 7 5 6 2 5 2 7 0 5 0
split_gain=41232.1 68188 10887.5 4023.29 5553.19 2297.27 654.466 633.535 369.803 260.621 334.434 271.668 319.259 270.545 185.391 175.682 144.471
threshold=62105.199800608134 87502.499999999985 0.75904576824017289 62016 22348.395371591363 50610.999999999993 13301.812676166339 0.029207731540309843 0.35114664584695249 8.3629238554085266 0.16744804518791417 0.37358923902760793 0.33522895219823584 0.11014458600331878 27800.999999999996 0.40121061746896597 28397.000000000015
decision_type=2 2 2 2 2 2 2 2 2 2 2 2 2 2 2 2 2
left_child=1 2 3 4 5 6 7 -1 -9 14 -11 -12 13 16 -10 -8 -13
right_child=-2 -3 -4 -5 -6 -7 15 8 9 10 11 12 -14 -15 -16 -17 -18
leaf_value=-0.58161045074462892 4.4391357803344729 -5.9064919281005857 2.3508185291290284 1.0300517678260803 -1.6093901713689167 1.0052070283889771 -0.67679077148437516 0.34575326990868366 0.40059125304222115 0.24793993582328164 -0.41222649253904819 0.36067271927992467 -0.32715594607094922 -0.18688466846942903 -0.011648495992024738 -0.27549037933349607 -0.003239540457725525
leaf_weight=4.9999999999999991 4.9999999999999991 4.9999999999999991 4.9999999999999991 7.9999999999999991 5.9999999999999991 4.9999999999999991 4.9999999999999982 6.9999999999999991 4.9999999999999982 5.9999999999999991 7.9999999999999991 6.0000000000000053 8.9999999999999982 7.9999999999999991 6 6 5
leaf_count=5 5 5 5 8 6 5 5 7 5 6 8 6 9 8 6 6 5
internal_value=0.00303632 -0.208207 0.0767078 -0.0429823 -0.141652 -0.0329307 -0.101229 -0.0408697 0.00419206 -0.0409198 -0.0976623 -0.155263 -0.0818444 0.0343559 0.175733 -0.4579 0.195258
internal_weight=110 105 100 95 87 81 76 65 60 53 42 36 28 19 11 11 11
internal_count=110 105 100 95 87 81 76 65 60 53 42 36 28 19 11 11 11
is_linear=0
shrinkage=0.05


Tree=390
num_leaves=19
num_cat=0
split_feature=1 0 1 0 0 3 2 6 2 2 2 7 5 2 2 0 1 6
split_gain=30235.7 55618.1 17503.8 4608.6 3509.5 1505.05 4475.04 1933.7 1133.66 1542.04 790.937 775.467 697.996 604.538 514.856 322.474 370.096 151.381
threshold=62105.199800608134 87502.499999999985 27797.939671950877 62016 62016 3.5000000000000004 0.41711654529755943 12.204789657770361 0.33522895219823584 0.28965910529666361 0.16744804518791417 0.2165094734714553 0.38926142689652604 0.22605089977735515 0.27447364996027118 21486.000000000011 7607.5887173799301 10.485838715812053
decision_type=2 2 2 2 2 2 2 2 2 2 2 2 2 2 2 2 2 2
left_child=1 2 4 -4 5 6 10 8 9 12 -1 17 -7 -12 -15 -14 -17 -10
right_child=-2 -3 3 -5 -6 7 -8 -9 11 -11 13 -13 15 14 -16 16 -18 -19
leaf_value=-0.577181126798192 3.8199214553833012 -5.3067960357666024 1.0439881920814515 3.0993586921691891 -1.421154317855835 0.52913135528564381 -1.7070321941375732 0.81711513567715888 0.12706456899642937 0.96262410402297971 0.49726902097463582 -0.75363702092851914 -0.47910585880279505 -0.45272207657496139 0.15998999103903772 0.25006448711667745 -0.2477631762623787 -0.26201285421848292
leaf_weight=6.0000000000000062 4.9999999999999991 4.9999999999999991 5.9999999999999982 5 4.9999999999999991 5.0000000000000062 4.9999999999999991 7.9999999999999991 5.0000000000000018 4.9999999999999991 6.0000000000000027 6.9999999999999991 5.0000000000000027 5.9999999999999991 7.9999999999999991 6.9999999999999991 7.9999999999999991 5
leaf_count=6 5 5 6 5 5 5 5 8 5 5 6 7 5 6 8 7 8 5
internal_value=0.0195343 -0.158054 0.0943355 1.97825 -0.13339 -0.0585201 -0.337131 0.0985148 -0.0238001 0.161053 -0.0736879 -0.350012 0.000738939 0.0773601 -0.102601 -0.131359 -0.0154436 -0.0674741
internal_weight=112 107 102 11 91 86 31 55 47 30 26 17 25 20 14 20 15 10
internal_count=112 107 102 11 91 86 31 55 47 30 26 17 25 20 14 20 15 10
is_linear=0
shrinkage=0.05


Tree=391
num_leaves=18
num_cat=0
split_feature=2 6 0 2 0 7 2 4 5 3 0 2 2 4 6 2 7
split_gain=24139.3 161179 48410.1 2389.61 1660.23 597.483 669.368 1059.88 848.052 594.773 2216.23 323.292 373.872 372.327 275.057 184.943 151.746
threshold=0.63546820154915784 9.1127472625752919 87502.499999999985 0.52592071588983369 66429.000000000015 0.029207731540309843 0.22093611501468283 2.7837997876371747 0.35922375171208942 6.5000000000000009 50610.999999999993 0.24878814255985207 0.27702064154860279 2.1543446061517115 12.204789657770361 0.41711654529755943 0.10044078237494418
decision_type=2 2 2 2 2 2 2 2 2 2 2 2 2 2 2 2 2
left_child=2 -2 3 4 5 -1 7 14 -8 10 11 -10 -13 -14 -7 16 -15
right_child=1 -3 -4 -5 -6 6 8 -9 9 -11 -12 12 13 15 -16 -17 -18
leaf_value=-0.53965889930725097 -3.9692451596260079 7.1986363002232139 -5.0414559745788576 0.89631229128156387 -0.94848552703857425 -0.197133042414983 -0.57605945042201456 0.90683422088623056 -0.36349817258971084 -0.50707396507263192 1.0609450912475586 0.28597887357076013 0.21958007855074735 -0.09348558098077768 0.25070907925255598 0.048256859779357911 -0.44461721777915958
leaf_weight=4.9999999999999991 5.9999999999999982 7 4.9999999999999991 6.9999999999999991 4.9999999999999991 6.0000000000000027 6.9999999999999991 4.9999999999999991 6.9999999999999991 4.9999999999999991 4.9999999999999991 8.9999999999999982 7.0000000000000027 5.0000000000000027 7.9999999999999991 4.9999999999999991 7.9999999999999991
leaf_count=5 6 7 5 7 5 6 7 5 7 5 5 9 7 5 8 5 8
internal_value=0.0185576 2.04423 -0.24744 0.00756118 -0.0639475 -0.0100123 0.0243803 0.28195 -0.0599958 0.0108364 0.067131 -0.0540658 0.00964085 -0.0898408 0.0587767 -0.210171 -0.309567
internal_weight=112 13 99 94 87 82 77 19 58 51 46 41 34 25 14 18 13
internal_count=112 13 99 94 87 82 77 19 58 51 46 41 34 25 14 18 13
is_linear=0
shrinkage=0.05


Tree=392
num_leaves=18
num_cat=0
split_feature=2 0 1 1 1 2 7 7 1 5 7 1 1 0 2 0 2
split_gain=26312.2 44019.6 33122.6 8081.87 4317.83 1046.62 763.145 1431.09 700.564 953.374 736.127 379.676 259.709 392.934 321.943 174.889 159.794
threshold=0.75904576824017289 87502.499999999985 52757.674236056024 27797.939671950877 18300.224719541544 0.50562705853824974 0.18776678944947769 0.25299665001172827 1580.3453037190059 0.34079229426713314 0.16161402610131517 11399.273390776547 9442.0625753316071 29848.500000000004 0.27447364996027118 20369.499999999996 0.30882258029930471
decision_type=2 2 2 2 2 2 2 2 2 2 2 2 2 2 2 2 2
left_child=1 3 -2 4 5 6 8 -8 -1 -10 11 12 13 14 15 -11 -16
right_child=2 -3 -4 -5 -6 -7 7 -9 9 10 -12 -13 -14 -15 16 -17 -18
leaf_value=0.39282108971050811 0.44764511108398453 4.4124183019002281 -5.3075814819335925 1.5194654256105424 -1.4351800521214804 -0.6814239700635274 0.84752705097198489 -0.10569412774509855 -0.73291062513987226 -0.10150595575571049 -0.63712439537048349 0.41360256671905521 -0.351713119695584 0.3095038508297876 0.22904727160930638 -0.51970271587371819 -0.122592161099116
leaf_weight=6.9999999999999991 4.9999999999999982 5.9999999999999991 5 7.9999999999999991 5.9999999999999991 5.9999999999999991 6.9999999999999991 8.9999999999999982 5.9999999999999991 5.0000000000000053 4.9999999999999991 4.9999999999999991 5.9999999999999991 7.9999999999999991 6.9999999999999982 5 6
leaf_count=7 5 6 5 8 6 6 7 9 6 5 5 5 6 8 7 5 6
internal_value=0.0176297 0.25759 -2.42997 -0.00208643 -0.140409 -0.04567 0.0045211 0.31134 -0.0772973 -0.139388 -0.0636196 0.00465475 -0.0506085 0.00766985 -0.0973159 -0.310604 0.0667521
internal_weight=112 102 10 96 88 82 76 16 60 53 47 42 37 31 23 10 13
internal_count=112 102 10 96 88 82 76 16 60 53 47 42 37 31 23 10 13
is_linear=0
shrinkage=0.05


Tree=393
num_leaves=20
num_cat=0
split_feature=1 0 1 0 0 3 1 6 3 4 3 0 0 4 0 6 3 0 6
split_gain=27795.1 49483.1 14773 3892.88 2644.95 1408.28 3664.63 1507.31 718.906 983.766 586.334 1598.69 349.606 374.589 231.482 177.672 163.988 163.325 152.04
threshold=62105.199800608134 87502.499999999985 27797.939671950877 62016 62016 3.5000000000000004 15719.604082849797 12.204789657770361 2.5000000000000004 2.7535771856059377 6.5000000000000009 50610.999999999993 39777.5 2.4246638699485072 11010.999999999998 14.53419826291236 5.5000000000000009 18132.499999999996 9.4306243500006861
decision_type=2 2 2 2 2 2 2 2 2 2 2 2 2 2 2 2 2 2 2
left_child=1 2 4 -4 5 6 8 10 14 15 11 12 13 16 -1 -10 17 -7 -19
right_child=-2 -3 3 -5 -6 7 -8 -9 9 -11 -12 -13 -14 -15 -16 -17 -18 18 -20
leaf_value=-0.035014591217040987 3.6605298614501955 -5.010004234313965 0.95661119620005308 2.8456507110595699 -1.2426180791854859 -0.41257887840270907 -1.5688444995880129 0.72667663805186755 -0.24035896033048637 -0.88857020497322048 -0.47740549047787983 0.88957381248474121 -0.41297041575113935 0.35848406155904139 0.42562805612881977 0.18115240365266796 0.10161985382437706 -0.2376233537991842 0.13569984316825864
leaf_weight=5.0000000000000036 4.9999999999999991 4.9999999999999991 5.9999999999999982 5 4.9999999999999991 5.0000000000000098 4.9999999999999991 7.9999999999999991 4.9999999999999982 5.0000000000000009 5.9999999999999991 4.9999999999999991 5.9999999999999991 5.9999999999999991 6 5 7.9999999999999991 5.9999999999999982 5
leaf_count=5 5 5 6 5 5 5 5 8 5 5 6 5 6 6 6 5 8 6 5
internal_value=0.0167482 -0.153522 0.0845409 1.81527 -0.124668 -0.0596704 -0.329175 0.0922319 -0.0907765 -0.315926 -0.0157587 0.0517994 -0.0645582 0.00512426 0.216245 -0.0296033 -0.0832157 -0.175633 -0.067931
internal_weight=112 107 102 11 91 86 31 55 26 15 47 41 36 30 11 10 24 16 11
internal_count=112 107 102 11 91 86 31 55 26 15 47 41 36 30 11 10 24 16 11
is_linear=0
shrinkage=0.05


Tree=394
num_leaves=18
num_cat=0
split_feature=2 0 1 1 1 2 6 7 1 5 6 1 1 0 2 0 4
split_gain=25611.5 43229.9 31769.1 6391.6 3569.62 918.961 715.566 1276.41 646.711 794.389 619.735 356.329 228.874 351.859 290.674 159.797 146.536
threshold=0.75904576824017289 87502.499999999985 52757.674236056024 27797.939671950877 18300.224719541544 0.50562705853824974 8.3629238554085266 0.25299665001172827 1580.3453037190059 0.34079229426713314 9.1127472625752919 11399.273390776547 9442.0625753316071 29848.500000000004 0.27447364996027118 20369.499999999996 2.2516050081241255
decision_type=2 2 2 2 2 2 2 2 2 2 2 2 2 2 2 2 2
left_child=1 3 -2 4 5 6 7 -1 -8 -10 -11 12 13 14 15 -12 -16
right_child=2 -3 -4 -5 -6 -7 8 -9 9 10 11 -13 -14 -15 16 -17 -18
leaf_value=0.80895971570696157 0.41932634353637699 4.370042848587036 -5.2170799636840819 1.348435640335083 -1.3049483299255371 -0.63727276325225835 0.37793947987790621 -0.091272290547688817 -0.67518390814463303 -0.59045774459838873 -0.10256441846489894 0.39457728028297429 -0.33779998222986857 0.28519740942865612 0.26846438407897949 -0.50231093406677241 -0.07658712044358254
leaf_weight=6.9999999999999991 4.9999999999999982 5.9999999999999991 5 7.9999999999999991 5.9999999999999991 5.9999999999999991 6.9999999999999991 8.9999999999999982 5.9999999999999991 4.9999999999999991 5.0000000000000053 4.9999999999999991 5.9999999999999991 7.9999999999999991 4.9999999999999991 5 7.9999999999999991
leaf_count=7 5 6 5 8 6 6 7 9 6 5 5 5 6 8 5 5 8
internal_value=0.0159108 0.252655 -2.39888 -0.00468204 -0.127693 -0.0415521 0.00547849 0.302579 -0.0737484 -0.133405 -0.064242 -0.00159729 -0.0551344 -0.00042492 -0.0997718 -0.302438 0.056125
internal_weight=112 102 10 96 88 82 76 16 60 53 47 42 37 31 23 10 13
internal_count=112 102 10 96 88 82 76 16 60 53 47 42 37 31 23 10 13
is_linear=0
shrinkage=0.05


Tree=395
num_leaves=18
num_cat=0
split_feature=1 4 5 2 4 4 1 2 1 1 3 4 4 2 2 6 1
split_gain=125891 4851.78 9962.06 4496.96 2988.81 1981.59 7352.4 3575.35 4124.92 2517.79 957.725 1559.11 253.426 351.425 387.508 159.102 113.382
threshold=52757.674236056024 3.0121539584389425 0.34079229426713314 0.26451798600539184 2.7535771856059377 2.4420260066434127 24205.677865591173 0.23674119032890859 6411.94674379548 22348.395371591363 3.5000000000000004 2.535545779047951 2.3481496299525113 0.50562705853824974 0.2994101109548431 10.883215456439848 5657.3230438461069
decision_type=2 2 2 2 2 2 2 2 2 2 2 2 2 2 2 2 2
left_child=1 2 -1 -3 5 9 7 8 -7 12 -9 -12 13 14 15 16 -4
right_child=-2 3 4 -5 -6 6 -8 10 -10 -11 11 -13 -14 -15 -16 -17 -18
leaf_value=-2.2983543109893798 -6.9206124441964292 -0.02498989275523595 -0.11661862611770608 1.7672467095511299 0.91782146096229555 0.10560398747523621 -2.1573870849609373 -0.12953780591487882 -1.8389215087890625 0.99024330547877737 1.3078578686714171 0.1123732546965281 -0.29172130972146987 -0.3576542544364929 0.38849388882517816 -0.27047202467918396 0.19512560026986259
leaf_weight=4.9999999999999991 6.9999999999999991 6.9999999999999982 5.0000000000000089 7 7.9999999999999991 6.0000000000000018 4.9999999999999991 6.0000000000000009 5 6.9999999999999991 5 6 7.9999999999999991 4.9999999999999991 7.9999999999999991 4.9999999999999991 7
leaf_count=5 7 7 5 7 8 6 5 6 5 7 5 6 8 5 8 5 7
internal_value=-0.428226 0.00460018 -0.128712 0.871128 -0.00256985 -0.096969 -0.391261 -0.0758815 -0.778271 0.118845 0.378606 0.655775 -0.0416754 0.0250035 0.101535 -0.0335044 0.0652322
internal_weight=112 105 91 14 86 78 33 28 11 45 17 11 38 30 25 17 12
internal_count=112 105 91 14 86 78 33 28 11 45 17 11 38 30 25 17 12
is_linear=0
shrinkage=0.05


Tree=396
num_leaves=18
num_cat=0
split_feature=0 5 5 1 3 0 1 2 1 6 0 0 7 0 1 1 2
split_gain=136761 4728.72 8670.2 4226.16 2261.91 7656.96 5815.57 1910.81 509.024 518.178 388.775 508.887 316.1 220.063 129.325 108.942 43.3673
threshold=91530 0.33198916330476513 0.34079229426713314 9833.536278827658 4.5000000000000009 58162.500000000022 18300.224719541544 0.52592071588983369 6411.94674379548 10.737411773725453 20369.499999999996 24627.000000000004 0.10044078237494418 11010.999999999998 7607.5887173799301 10621.309512456515 0.27447364996027118
decision_type=2 2 2 2 2 2 2 2 2 2 2 2 2 2 2 2 2
left_child=1 3 -3 -1 5 7 10 8 9 -4 -6 -12 16 -11 -13 -14 -10
right_child=-2 2 4 -5 6 -7 -8 -9 12 13 11 14 15 -15 -16 -17 -18
leaf_value=0.075239572301507018 -8.4893681335449216 -2.183436574935913 0.6475568962097169 1.8306819081306456 0.35325007090965888 1.4894630803002251 -1.5413552403450013 -1.0296823215484618 -0.027995615005493153 0.27865417584776886 -0.54249078750610313 0.19691776888711113 -0.43141360964093894 -0.17048320559163888 -0.097363294661045083 -0.15245872735977173 0.18025265693664549
leaf_weight=7.9999999999999982 4.9999999999999991 4.9999999999999991 4.9999999999999991 6 6.0000000000000027 8.9999999999999982 7.9999999999999991 4.9999999999999991 5.0000000000000018 4.9999999999999982 5.0000000000000027 6.9999999999999991 6.9999999999999982 6 7.9999999999999991 7 5
leaf_count=8 5 5 5 6 6 9 8 5 5 5 5 7 7 6 8 7 5
internal_value=-0.406814 -0.0291249 -0.15809 0.827572 -0.0430135 0.158131 -0.362479 -0.108135 0.00705837 0.22551 0.000252481 -0.105647 -0.138576 0.0336701 0.0399679 -0.291936 0.0761285
internal_weight=112 107 93 14 88 54 34 45 40 16 26 20 24 11 15 14 10
internal_count=112 107 93 14 88 54 34 45 40 16 26 20 24 11 15 14 10
is_linear=0
shrinkage=0.05


Tree=397
num_leaves=18
num_cat=0
split_feature=0 4 4 2 3 0 1 2 1 6 0 0 6 0 1 1 4
split_gain=123427 4267.67 7824.85 3822.92 2041.37 6910.41 5248.55 1724.51 459.394 467.656 350.869 459.271 285.281 198.607 116.716 98.3203 41.5698
threshold=91530 3.0121539584389425 2.934351799697287 0.26451798600539184 4.5000000000000009 58162.500000000022 18300.224719541544 0.52592071588983369 6411.94674379548 10.737411773725453 20369.499999999996 24627.000000000004 11.49094878481216 11010.999999999998 7607.5887173799301 10621.309512456515 2.6767405536233917
decision_type=2 2 2 2 2 2 2 2 2 2 2 2 2 2 2 2 2
left_child=1 2 4 -3 5 7 10 8 9 -1 -6 -12 15 -11 -13 -10 -14
right_child=-2 3 -4 -5 6 -7 -8 -9 12 13 11 14 16 -15 -16 -17 -18
leaf_value=0.61517905712127696 -8.0649004364013681 -0.040041268510477894 -2.0742648172378542 1.6124280316489081 0.33558756907780946 1.4149899509218005 -1.4642874658107758 -0.97819824218750007 -0.40984293222427354 0.2647214630246163 -0.51536626458167989 0.18707186494554795 0.1742654085159302 -0.16195904935399691 -0.092495129257440578 -0.14483580078397476 -0.029621229171752923
leaf_weight=4.9999999999999991 4.9999999999999991 6.9999999999999982 4.9999999999999991 7 6.0000000000000027 8.9999999999999982 7.9999999999999991 4.9999999999999991 7.0000000000000018 4.9999999999999982 5.0000000000000027 6.9999999999999991 4.9999999999999982 6 7.9999999999999991 7 5
leaf_count=5 5 7 5 7 6 9 8 5 7 5 5 7 5 6 8 7 5
internal_value=-0.386474 -0.0276686 -0.150185 0.786193 -0.0408628 0.150225 -0.344355 -0.102728 0.00670545 0.214234 0.00023985 -0.100364 -0.131647 0.0319866 0.0379695 -0.277339 0.0723221
internal_weight=112 107 93 14 88 54 34 45 40 16 26 20 24 11 15 14 10
internal_count=112 107 93 14 88 54 34 45 40 16 26 20 24 11 15 14 10
is_linear=0
shrinkage=0.05


Tree=398
num_leaves=19
num_cat=0
split_feature=0 4 0 0 1 1 5 7 0 1 2 2 7 1 1 7 1 0
split_gain=111392 3851.57 7572.85 5320.36 3596.84 2420.22 6535.49 967.014 1207.68 1635.14 1471.31 342.195 237.044 273.453 328.541 293.685 121.069 175.166
threshold=91530 3.0121539584389425 70868.500000000015 62016 9833.536278827658 24205.677865591173 0.41781195714099434 0.041624110544038653 27800.999999999996 16516.706392829426 0.43149840856083482 0.33522895219823584 0.070310733269566925 7607.5887173799301 11399.273390776547 0.17020059730283604 5166.7437459527355 14717.500000000004
decision_type=2 2 2 2 2 2 2 2 2 2 2 2 2 2 2 2 2 2
left_child=1 2 3 5 -3 7 -7 -1 10 12 11 16 -10 -14 -15 -16 17 -9
right_child=-2 4 -4 -5 -6 6 -8 8 9 -11 -12 -13 13 14 15 -17 -18 -19
leaf_value=-0.7017303401231767 -7.6616548919677747 0.052823778800666348 -2.0355186080932621 1.5488648509979248 1.6722970167795816 -2.1382716989517219 0.41818940162658685 0.10314567089080794 -0.35794588565826418 -1.0111087083816528 0.95618864893913269 -0.28724007368087773 0.28644153050013937 -0.30277506775326191 0.38953320980072031 -0.11219394547598703 0.029650999605655672 0.50385592460632311
leaf_weight=4.9999999999999991 4.9999999999999991 7.9999999999999982 4.9999999999999991 4.9999999999999991 6 4.9999999999999982 5 6.0000000000000089 4.9999999999999991 4.9999999999999991 5.9999999999999991 4.9999999999999991 7.0000000000000027 9.0000000000000018 4.9999999999999982 7 7.9999999999999991 5
leaf_count=5 5 8 5 5 6 5 5 6 5 5 6 5 7 9 5 7 8 5
internal_value=-0.36715 -0.0262852 -0.142676 -0.0351284 0.746884 -0.13055 -0.860041 -0.0306193 0.0187271 -0.168496 0.255876 0.0807984 -0.0408275 0.0158008 -0.0744127 0.096859 0.177651 0.285287
internal_weight=112 107 93 88 14 83 10 73 68 38 30 24 33 28 21 12 19 11
internal_count=112 107 93 88 14 83 10 73 68 38 30 24 33 28 21 12 19 11
is_linear=0
shrinkage=0.05


Tree=399
num_leaves=18
num_cat=0
split_feature=0 5 0 0 2 1 5 7 0 1 5 0 5 7 1 1 7
split_gain=100532 3476.04 6834.49 4801.63 3249.79 2184.25 5898.28 872.73 1089.93 1475.72 1345.58 296.756 310.403 213.932 246.792 296.508 265.051
threshold=91530 0.33198916330476513 70868.500000000015 62016 0.26451798600539184 24205.677865591173 0.41781195714099434 0.041624110544038653 27800.999999999996 16516.706392829426 0.40121061746896597 20369.499999999996 0.4500170190692121 0.070310733269566925 7607.5887173799301 11399.273390776547 0.17020059730283604
decision_type=2 2 2 2 2 2 2 2 2 2 2 2 2 2 2 2 2
left_child=1 4 3 5 -1 7 -7 -3 10 13 -9 12 -12 -10 -15 -16 -17
right_child=-2 2 -4 -5 -6 6 -8 8 9 -11 11 -13 -14 14 15 16 -18
leaf_value=-0.052248050485338496 -7.2785725402832036 -0.66664383843541142 -1.9337426376342775 1.4714217090606692 1.4713271072932652 -2.0313581252098087 0.39727999210357662 0.75459120273590063 -0.34004860877990728 -0.96055327415466307 -0.028279889481408246 -0.19317009846369426 0.48752956211566922 0.27211947100503092 -0.28763631979624421 0.37005654454231274 -0.10658424752099172
leaf_weight=6.9999999999999982 4.9999999999999991 4.9999999999999991 4.9999999999999991 4.9999999999999991 7 4.9999999999999982 5 9.0000000000000018 4.9999999999999991 4.9999999999999991 7.0000000000000018 8.9999999999999982 5 7.0000000000000027 9.0000000000000018 4.9999999999999982 7
leaf_count=7 5 5 5 5 7 5 5 9 5 5 7 9 5 7 9 5 7
internal_value=-0.348792 -0.0249709 -0.135542 -0.0333719 0.70954 -0.124022 -0.817039 -0.0290883 0.0177908 -0.160071 0.243083 0.0238647 0.186641 -0.0387861 0.0150108 -0.0706921 0.0920161
internal_weight=112 107 93 88 14 83 10 73 68 38 30 21 12 33 28 21 12
internal_count=112 107 93 88 14 83 10 73 68 38 30 21 12 33 28 21 12
is_linear=0
shrinkage=0.05


end of trees

feature_importances:
population=1575
jobs=1397
job_balance=1200
mean_dist_to_5_neighbors_km=761
dist_to_center_km=649
density_proxy=542
centrality=462
n_neighbors_3km=247

parameters:
[boosting: gbdt]
[objective: regression]
[metric: l1]
[tree_learner: serial]
[device_type: cpu]
[data_sample_strategy: bagging]
[data: ]
[valid: ]
[num_iterations: 400]
[learning_rate: 0.05]
[num_leaves: 31]
[num_threads: 0]
[seed: 0]
[deterministic: 0]
[force_col_wise: 0]
[force_row_wise: 0]
[histogram_pool_size: -1]
[max_depth: -1]
[min_data_in_leaf: 5]
[min_sum_hessian_in_leaf: 0.001]
[bagging_fraction: 0.9]
[pos_bagging_fraction: 1]
[neg_bagging_fraction: 1]
[bagging_freq: 5]
[bagging_seed: 3]
[bagging_by_query: 0]
[feature_fraction: 0.9]
[feature_fraction_bynode: 1]
[feature_fraction_seed: 2]
[extra_trees: 0]
[extra_seed: 6]
[early_stopping_round: 0]
[early_stopping_min_delta: 0]
[first_metric_only: 0]
[max_delta_step: 0]
[lambda_l1: 0]
[lambda_l2: 0]
[linear_lambda: 0]
[min_gain_to_split: 0]
[drop_rate: 0.1]
[max_drop: 50]
[skip_drop: 0.5]
[xgboost_dart_mode: 0]
[uniform_drop: 0]
[drop_seed: 4]
[top_rate: 0.2]
[other_rate: 0.1]
[min_data_per_group: 100]
[max_cat_threshold: 32]
[cat_l2: 10]
[cat_smooth: 10]
[max_cat_to_onehot: 4]
[top_k: 20]
[monotone_constraints: ]
[monotone_constraints_method: basic]
[monotone_penalty: 0]
[feature_contri: ]
[forcedsplits_filename: ]
[refit_decay_rate: 0.9]
[cegb_tradeoff: 1]
[cegb_penalty_split: 0]
[cegb_penalty_feature_lazy: ]
[cegb_penalty_feature_coupled: ]
[path_smooth: 0]
[interaction_constraints: ]
[verbosity: -1]
[saved_feature_importance_type: 0]
[use_quantized_grad: 0]
[num_grad_quant_bins: 4]
[quant_train_renew_leaf: 0]
[stochastic_rounding: 1]
[linear_tree: 0]
[max_bin: 255]
[max_bin_by_feature: ]
[min_data_in_bin: 3]
[bin_construct_sample_cnt: 200000]
[data_random_seed: 1]
[is_enable_sparse: 1]
[enable_bundle: 1]
[use_missing: 1]
[zero_as_missing: 0]
[feature_pre_filter: 1]
[pre_partition: 0]
[two_round: 0]
[header: 0]
[label_column: ]
[weight_column: ]
[group_column: ]
[ignore_column: ]
[categorical_feature: ]
[forcedbins_filename: ]
[precise_float_parser: 0]
[parser_config_file: ]
[objective_seed: 5]
[num_class: 1]
[is_unbalance: 0]
[scale_pos_weight: 1]
[sigmoid: 1]
[boost_from_average: 1]
[reg_sqrt: 0]
[alpha: 0.9]
[fair_c: 1]
[poisson_max_delta_step: 0.7]
[tweedie_variance_power: 1.5]
[lambdarank_truncation_level: 30]
[lambdarank_norm: 1]
[label_gain: ]
[lambdarank_position_bias_regularization: 0]
[eval_at: ]
[multi_error_top_k: 1]
[auc_mu_weights: ]
[num_machines: 1]
[local_listen_port: 12400]
[time_out: 120]
[machine_list_filename: ]
[machines: ]
[gpu_platform_id: -1]
[gpu_device_id: -1]
[gpu_use_dp: 0]
[num_gpu: 1]

end of parameters

pandas_categorical:null
